1.219999999999999973e+00,7.500000000000000000e-01,8.900000000000000133e-01,6.409968581633250784e-01,7.675435022360270754e-01,0.000000000000000000e+00,0.000000000000000000e+00
1.218938938938938898e+00,7.500000000000000000e-01,8.900000000000000133e-01,6.409968581633250784e-01,7.675435022360270754e-01,0.000000000000000000e+00,0.000000000000000000e+00
1.217877877877877824e+00,7.500000000000000000e-01,8.900000000000000133e-01,6.409968581633250784e-01,7.675435022360270754e-01,0.000000000000000000e+00,0.000000000000000000e+00
1.216816816816816749e+00,7.500000000000000000e-01,8.900000000000000133e-01,6.409968581633250784e-01,7.675435022360270754e-01,0.000000000000000000e+00,0.000000000000000000e+00
1.215755755755755674e+00,7.500000000000000000e-01,8.900000000000000133e-01,6.409968581633250784e-01,7.675435022360270754e-01,0.000000000000000000e+00,0.000000000000000000e+00
1.214694694694694599e+00,7.500000000000000000e-01,8.900000000000000133e-01,6.409968581633250784e-01,7.675435022360270754e-01,0.000000000000000000e+00,0.000000000000000000e+00
1.213633633633633524e+00,7.500000000000000000e-01,8.900000000000000133e-01,6.409968581633250784e-01,7.675435022360270754e-01,0.000000000000000000e+00,0.000000000000000000e+00
1.212572572572572449e+00,7.500000000000000000e-01,8.900000000000000133e-01,6.409968581633250784e-01,7.675435022360270754e-01,0.000000000000000000e+00,0.000000000000000000e+00
1.211511511511511596e+00,7.500000000000000000e-01,8.900000000000000133e-01,6.409968581633250784e-01,7.675435022360270754e-01,0.000000000000000000e+00,0.000000000000000000e+00
1.210450450450450521e+00,7.500000000000000000e-01,8.900000000000000133e-01,6.409968581633250784e-01,7.675435022360270754e-01,0.000000000000000000e+00,0.000000000000000000e+00
1.209389389389389446e+00,7.500000000000000000e-01,8.900000000000000133e-01,6.409968581633250784e-01,7.675435022360270754e-01,0.000000000000000000e+00,0.000000000000000000e+00
1.208328328328328372e+00,7.500000000000000000e-01,8.900000000000000133e-01,6.409968581633250784e-01,7.675435022360270754e-01,0.000000000000000000e+00,0.000000000000000000e+00
1.207267267267267297e+00,7.500000000000000000e-01,8.900000000000000133e-01,6.409968581633250784e-01,7.675435022360270754e-01,0.000000000000000000e+00,0.000000000000000000e+00
1.206206206206206222e+00,7.500000000000000000e-01,8.900000000000000133e-01,6.409968581633250784e-01,7.675435022360270754e-01,0.000000000000000000e+00,0.000000000000000000e+00
1.205145145145145147e+00,7.500000000000000000e-01,8.900000000000000133e-01,6.409968581633250784e-01,7.675435022360270754e-01,0.000000000000000000e+00,0.000000000000000000e+00
1.204084084084084072e+00,7.500000000000000000e-01,8.900000000000000133e-01,6.409968581633250784e-01,7.675435022360270754e-01,0.000000000000000000e+00,0.000000000000000000e+00
1.203023023023022997e+00,7.500000000000000000e-01,8.900000000000000133e-01,6.409968581633250784e-01,7.675435022360270754e-01,0.000000000000000000e+00,0.000000000000000000e+00
1.201961961961961922e+00,7.500000000000000000e-01,8.900000000000000133e-01,6.409968581633250784e-01,7.675435022360270754e-01,0.000000000000000000e+00,0.000000000000000000e+00
1.200900900900900847e+00,7.500000000000000000e-01,8.900000000000000133e-01,6.409968581633250784e-01,7.675435022360270754e-01,0.000000000000000000e+00,0.000000000000000000e+00
1.199839839839839772e+00,7.500000000000000000e-01,8.900000000000000133e-01,6.409968581633250784e-01,7.675435022360270754e-01,0.000000000000000000e+00,0.000000000000000000e+00
1.198778778778778698e+00,7.500000000000000000e-01,8.900000000000000133e-01,6.409968581633250784e-01,7.675435022360270754e-01,0.000000000000000000e+00,0.000000000000000000e+00
1.197717717717717623e+00,7.500000000000000000e-01,8.900000000000000133e-01,6.409968581633250784e-01,7.675435022360270754e-01,0.000000000000000000e+00,0.000000000000000000e+00
1.196656656656656548e+00,7.500000000000000000e-01,8.900000000000000133e-01,6.409968581633250784e-01,7.675435022360270754e-01,0.000000000000000000e+00,0.000000000000000000e+00
1.195595595595595473e+00,7.500000000000000000e-01,8.900000000000000133e-01,6.409968581633250784e-01,7.675435022360270754e-01,0.000000000000000000e+00,0.000000000000000000e+00
1.194534534534534398e+00,7.500000000000000000e-01,8.900000000000000133e-01,6.409968581633250784e-01,7.675435022360270754e-01,0.000000000000000000e+00,0.000000000000000000e+00
1.193473473473473545e+00,7.500000000000000000e-01,8.900000000000000133e-01,6.409968581633250784e-01,7.675435022360270754e-01,0.000000000000000000e+00,0.000000000000000000e+00
1.192412412412412470e+00,7.500000000000000000e-01,8.900000000000000133e-01,6.409968581633250784e-01,7.675435022360270754e-01,0.000000000000000000e+00,0.000000000000000000e+00
1.191351351351351395e+00,7.500000000000000000e-01,8.900000000000000133e-01,6.409968581633250784e-01,7.675435022360270754e-01,0.000000000000000000e+00,0.000000000000000000e+00
1.190290290290290320e+00,7.500000000000000000e-01,8.900000000000000133e-01,6.409968581633250784e-01,7.675435022360270754e-01,0.000000000000000000e+00,0.000000000000000000e+00
1.189229229229229245e+00,7.500000000000000000e-01,8.900000000000000133e-01,6.409968581633250784e-01,7.675435022360270754e-01,0.000000000000000000e+00,0.000000000000000000e+00
1.188168168168168171e+00,7.500000000000000000e-01,8.900000000000000133e-01,6.409968581633250784e-01,7.675435022360270754e-01,0.000000000000000000e+00,0.000000000000000000e+00
1.187107107107107096e+00,7.500000000000000000e-01,8.900000000000000133e-01,6.409968581633250784e-01,7.675435022360270754e-01,0.000000000000000000e+00,0.000000000000000000e+00
1.186046046046046021e+00,7.500000000000000000e-01,8.900000000000000133e-01,6.409968581633250784e-01,7.675435022360270754e-01,0.000000000000000000e+00,0.000000000000000000e+00
1.184984984984984946e+00,7.500000000000000000e-01,8.900000000000000133e-01,6.409968581633250784e-01,7.675435022360270754e-01,0.000000000000000000e+00,0.000000000000000000e+00
1.183923923923923871e+00,7.500000000000000000e-01,8.900000000000000133e-01,6.409968581633250784e-01,7.675435022360270754e-01,0.000000000000000000e+00,0.000000000000000000e+00
1.182862862862862796e+00,7.500000000000000000e-01,8.900000000000000133e-01,6.409968581633250784e-01,7.675435022360270754e-01,0.000000000000000000e+00,0.000000000000000000e+00
1.181801801801801721e+00,7.500000000000000000e-01,8.900000000000000133e-01,6.409968581633250784e-01,7.675435022360270754e-01,0.000000000000000000e+00,0.000000000000000000e+00
1.180740740740740646e+00,7.500000000000000000e-01,8.900000000000000133e-01,6.409968581633250784e-01,7.675435022360270754e-01,0.000000000000000000e+00,0.000000000000000000e+00
1.179679679679679571e+00,7.500000000000000000e-01,8.900000000000000133e-01,6.409968581633250784e-01,7.675435022360270754e-01,0.000000000000000000e+00,0.000000000000000000e+00
1.178618618618618497e+00,7.500000000000000000e-01,8.900000000000000133e-01,6.409968581633250784e-01,7.675435022360270754e-01,0.000000000000000000e+00,0.000000000000000000e+00
1.177557557557557644e+00,7.500000000000000000e-01,8.900000000000000133e-01,6.409968581633250784e-01,7.675435022360270754e-01,0.000000000000000000e+00,0.000000000000000000e+00
1.176496496496496569e+00,7.500000000000000000e-01,8.900000000000000133e-01,6.409968581633250784e-01,7.675435022360270754e-01,0.000000000000000000e+00,0.000000000000000000e+00
1.175435435435435494e+00,7.500000000000000000e-01,8.900000000000000133e-01,6.409968581633250784e-01,7.675435022360270754e-01,0.000000000000000000e+00,0.000000000000000000e+00
1.174374374374374419e+00,7.500000000000000000e-01,8.900000000000000133e-01,6.409968581633250784e-01,7.675435022360270754e-01,0.000000000000000000e+00,0.000000000000000000e+00
1.173313313313313344e+00,7.500000000000000000e-01,8.900000000000000133e-01,6.409968581633250784e-01,7.675435022360270754e-01,0.000000000000000000e+00,0.000000000000000000e+00
1.172252252252252269e+00,7.500000000000000000e-01,8.900000000000000133e-01,6.409968581633250784e-01,7.675435022360270754e-01,0.000000000000000000e+00,0.000000000000000000e+00
1.171191191191191194e+00,7.500000000000000000e-01,8.900000000000000133e-01,6.409968581633250784e-01,7.675435022360270754e-01,0.000000000000000000e+00,0.000000000000000000e+00
1.170130130130130119e+00,7.500000000000000000e-01,8.900000000000000133e-01,6.409968581633250784e-01,7.675435022360270754e-01,0.000000000000000000e+00,0.000000000000000000e+00
1.169069069069069045e+00,7.500000000000000000e-01,8.900000000000000133e-01,6.409968581633250784e-01,7.675435022360270754e-01,0.000000000000000000e+00,0.000000000000000000e+00
1.168008008008007970e+00,7.500000000000000000e-01,8.900000000000000133e-01,6.409968581633250784e-01,7.675435022360270754e-01,0.000000000000000000e+00,0.000000000000000000e+00
1.166946946946946895e+00,7.500000000000000000e-01,8.900000000000000133e-01,6.409968581633250784e-01,7.675435022360270754e-01,0.000000000000000000e+00,0.000000000000000000e+00
1.165885885885885820e+00,7.500000000000000000e-01,8.900000000000000133e-01,6.409968581633250784e-01,7.675435022360270754e-01,0.000000000000000000e+00,0.000000000000000000e+00
1.164824824824824745e+00,7.500000000000000000e-01,8.900000000000000133e-01,6.409968581633250784e-01,7.675435022360270754e-01,0.000000000000000000e+00,0.000000000000000000e+00
1.163763763763763670e+00,7.500000000000000000e-01,8.900000000000000133e-01,6.409968581633250784e-01,7.675435022360270754e-01,0.000000000000000000e+00,0.000000000000000000e+00
1.162702702702702595e+00,7.500000000000000000e-01,8.900000000000000133e-01,6.409968581633250784e-01,7.675435022360270754e-01,0.000000000000000000e+00,0.000000000000000000e+00
1.161641641641641520e+00,7.500000000000000000e-01,8.900000000000000133e-01,6.409968581633250784e-01,7.675435022360270754e-01,0.000000000000000000e+00,0.000000000000000000e+00
1.160580580580580445e+00,7.500000000000000000e-01,8.900000000000000133e-01,6.409968581633250784e-01,7.675435022360270754e-01,0.000000000000000000e+00,0.000000000000000000e+00
1.159519519519519593e+00,7.500000000000000000e-01,8.900000000000000133e-01,6.409968581633250784e-01,7.675435022360270754e-01,0.000000000000000000e+00,0.000000000000000000e+00
1.158458458458458518e+00,7.500000000000000000e-01,8.900000000000000133e-01,6.409968581633250784e-01,7.675435022360270754e-01,0.000000000000000000e+00,0.000000000000000000e+00
1.157397397397397443e+00,7.500000000000000000e-01,8.900000000000000133e-01,6.409968581633250784e-01,7.675435022360270754e-01,0.000000000000000000e+00,0.000000000000000000e+00
1.156336336336336368e+00,7.500000000000000000e-01,8.900000000000000133e-01,6.409968581633250784e-01,7.675435022360270754e-01,0.000000000000000000e+00,0.000000000000000000e+00
1.155275275275275293e+00,7.500000000000000000e-01,8.900000000000000133e-01,6.409968581633250784e-01,7.675435022360270754e-01,0.000000000000000000e+00,0.000000000000000000e+00
1.154214214214214218e+00,7.500000000000000000e-01,8.900000000000000133e-01,6.409968581633250784e-01,7.675435022360270754e-01,0.000000000000000000e+00,0.000000000000000000e+00
1.153153153153153143e+00,7.500000000000000000e-01,8.900000000000000133e-01,6.409968581633250784e-01,7.675435022360270754e-01,0.000000000000000000e+00,0.000000000000000000e+00
1.152092092092092068e+00,7.500000000000000000e-01,8.900000000000000133e-01,6.409968581633250784e-01,7.675435022360270754e-01,0.000000000000000000e+00,0.000000000000000000e+00
1.151031031031030993e+00,7.500000000000000000e-01,8.900000000000000133e-01,6.409968581633250784e-01,7.675435022360270754e-01,0.000000000000000000e+00,0.000000000000000000e+00
1.149969969969969918e+00,7.500000000000000000e-01,8.900000000000000133e-01,6.409968581633250784e-01,7.675435022360270754e-01,0.000000000000000000e+00,0.000000000000000000e+00
1.148908908908908844e+00,7.500000000000000000e-01,8.900000000000000133e-01,6.409968581633250784e-01,7.675435022360270754e-01,0.000000000000000000e+00,0.000000000000000000e+00
1.147847847847847769e+00,7.500000000000000000e-01,8.900000000000000133e-01,6.409968581633250784e-01,7.675435022360270754e-01,0.000000000000000000e+00,0.000000000000000000e+00
1.146786786786786694e+00,7.500000000000000000e-01,8.900000000000000133e-01,6.409968581633250784e-01,7.675435022360270754e-01,0.000000000000000000e+00,0.000000000000000000e+00
1.145725725725725619e+00,7.500000000000000000e-01,8.900000000000000133e-01,6.409968581633250784e-01,7.675435022360270754e-01,0.000000000000000000e+00,0.000000000000000000e+00
1.144664664664664544e+00,7.500000000000000000e-01,8.900000000000000133e-01,6.409968581633250784e-01,7.675435022360270754e-01,0.000000000000000000e+00,0.000000000000000000e+00
1.143603603603603691e+00,7.500000000000000000e-01,8.900000000000000133e-01,6.409968581633250784e-01,7.675435022360270754e-01,0.000000000000000000e+00,0.000000000000000000e+00
1.142542542542542616e+00,7.500000000000000000e-01,8.900000000000000133e-01,6.409968581633250784e-01,7.675435022360270754e-01,0.000000000000000000e+00,0.000000000000000000e+00
1.141481481481481541e+00,7.500000000000000000e-01,8.900000000000000133e-01,6.409968581633250784e-01,7.675435022360270754e-01,0.000000000000000000e+00,0.000000000000000000e+00
1.140420420420420466e+00,7.500000000000000000e-01,8.900000000000000133e-01,6.409968581633250784e-01,7.675435022360270754e-01,0.000000000000000000e+00,0.000000000000000000e+00
1.139359359359359392e+00,7.500000000000000000e-01,8.900000000000000133e-01,6.409968581633250784e-01,7.675435022360270754e-01,0.000000000000000000e+00,0.000000000000000000e+00
1.138298298298298317e+00,7.500000000000000000e-01,8.900000000000000133e-01,6.409968581633250784e-01,7.675435022360270754e-01,0.000000000000000000e+00,0.000000000000000000e+00
1.137237237237237242e+00,7.500000000000000000e-01,8.900000000000000133e-01,6.409968581633250784e-01,7.675435022360270754e-01,0.000000000000000000e+00,0.000000000000000000e+00
1.136176176176176167e+00,7.500000000000000000e-01,8.900000000000000133e-01,6.409968581633250784e-01,7.675435022360270754e-01,0.000000000000000000e+00,0.000000000000000000e+00
1.135115115115115092e+00,7.500000000000000000e-01,8.900000000000000133e-01,6.409968581633250784e-01,7.675435022360270754e-01,0.000000000000000000e+00,0.000000000000000000e+00
1.134054054054054017e+00,7.500000000000000000e-01,8.900000000000000133e-01,6.409968581633250784e-01,7.675435022360270754e-01,0.000000000000000000e+00,0.000000000000000000e+00
1.132992992992992942e+00,7.500000000000000000e-01,8.900000000000000133e-01,6.409968581633250784e-01,7.675435022360270754e-01,0.000000000000000000e+00,0.000000000000000000e+00
1.131931931931931867e+00,7.500000000000000000e-01,8.900000000000000133e-01,6.409968581633250784e-01,7.675435022360270754e-01,0.000000000000000000e+00,0.000000000000000000e+00
1.130870870870870792e+00,7.500000000000000000e-01,8.900000000000000133e-01,6.409968581633250784e-01,7.675435022360270754e-01,0.000000000000000000e+00,0.000000000000000000e+00
1.129809809809809718e+00,7.500000000000000000e-01,8.900000000000000133e-01,6.409968581633250784e-01,7.675435022360270754e-01,0.000000000000000000e+00,0.000000000000000000e+00
1.128748748748748643e+00,7.500000000000000000e-01,8.900000000000000133e-01,6.409968581633250784e-01,7.675435022360270754e-01,0.000000000000000000e+00,0.000000000000000000e+00
1.127687687687687568e+00,7.500000000000000000e-01,8.900000000000000133e-01,6.409968581633250784e-01,7.675435022360270754e-01,0.000000000000000000e+00,0.000000000000000000e+00
1.126626626626626493e+00,7.500000000000000000e-01,8.900000000000000133e-01,6.409968581633250784e-01,7.675435022360270754e-01,0.000000000000000000e+00,0.000000000000000000e+00
1.125565565565565640e+00,7.500000000000000000e-01,8.900000000000000133e-01,6.409968581633250784e-01,7.675435022360270754e-01,0.000000000000000000e+00,0.000000000000000000e+00
1.124504504504504565e+00,7.500000000000000000e-01,8.900000000000000133e-01,6.409968581633250784e-01,7.675435022360270754e-01,0.000000000000000000e+00,0.000000000000000000e+00
1.123443443443443490e+00,7.500000000000000000e-01,8.900000000000000133e-01,6.409968581633250784e-01,7.675435022360270754e-01,0.000000000000000000e+00,0.000000000000000000e+00
1.122382382382382415e+00,7.500000000000000000e-01,8.900000000000000133e-01,6.409968581633250784e-01,7.675435022360270754e-01,0.000000000000000000e+00,0.000000000000000000e+00
1.121321321321321340e+00,7.500000000000000000e-01,8.900000000000000133e-01,6.409968581633250784e-01,7.675435022360270754e-01,0.000000000000000000e+00,0.000000000000000000e+00
1.120260260260260265e+00,7.500000000000000000e-01,8.900000000000000133e-01,6.409968581633250784e-01,7.675435022360270754e-01,0.000000000000000000e+00,0.000000000000000000e+00
1.119199199199199191e+00,7.500000000000000000e-01,8.900000000000000133e-01,6.409968581633250784e-01,7.675435022360270754e-01,0.000000000000000000e+00,0.000000000000000000e+00
1.118138138138138116e+00,7.500000000000000000e-01,8.900000000000000133e-01,6.409968581633250784e-01,7.675435022360270754e-01,0.000000000000000000e+00,0.000000000000000000e+00
1.117077077077077041e+00,7.500000000000000000e-01,8.900000000000000133e-01,6.409968581633250784e-01,7.675435022360270754e-01,0.000000000000000000e+00,0.000000000000000000e+00
1.116016016016015966e+00,7.500000000000000000e-01,8.900000000000000133e-01,6.409968581633250784e-01,7.675435022360270754e-01,0.000000000000000000e+00,0.000000000000000000e+00
1.114954954954954891e+00,7.500000000000000000e-01,8.900000000000000133e-01,6.409968581633250784e-01,7.675435022360270754e-01,0.000000000000000000e+00,0.000000000000000000e+00
1.113893893893893816e+00,7.500000000000000000e-01,8.900000000000000133e-01,6.409968581633250784e-01,7.675435022360270754e-01,0.000000000000000000e+00,0.000000000000000000e+00
1.112832832832832741e+00,7.500000000000000000e-01,8.900000000000000133e-01,6.409968581633250784e-01,7.675435022360270754e-01,0.000000000000000000e+00,0.000000000000000000e+00
1.111771771771771666e+00,7.500000000000000000e-01,8.900000000000000133e-01,6.409968581633250784e-01,7.675435022360270754e-01,0.000000000000000000e+00,0.000000000000000000e+00
1.110710710710710591e+00,7.500000000000000000e-01,8.900000000000000133e-01,6.409968581633250784e-01,7.675435022360270754e-01,0.000000000000000000e+00,0.000000000000000000e+00
1.109649649649649739e+00,7.500000000000000000e-01,8.900000000000000133e-01,6.409968581633250784e-01,7.675435022360270754e-01,0.000000000000000000e+00,0.000000000000000000e+00
1.108588588588588664e+00,7.500000000000000000e-01,8.900000000000000133e-01,6.409968581633250784e-01,7.675435022360270754e-01,0.000000000000000000e+00,0.000000000000000000e+00
1.107527527527527589e+00,7.500000000000000000e-01,8.900000000000000133e-01,6.409968581633250784e-01,7.675435022360270754e-01,0.000000000000000000e+00,0.000000000000000000e+00
1.106466466466466514e+00,7.500000000000000000e-01,8.900000000000000133e-01,6.409968581633250784e-01,7.675435022360270754e-01,0.000000000000000000e+00,0.000000000000000000e+00
1.105405405405405439e+00,7.500000000000000000e-01,8.900000000000000133e-01,6.409968581633250784e-01,7.675435022360270754e-01,0.000000000000000000e+00,0.000000000000000000e+00
1.104344344344344364e+00,7.500000000000000000e-01,8.900000000000000133e-01,6.409968581633250784e-01,7.675435022360270754e-01,0.000000000000000000e+00,0.000000000000000000e+00
1.103283283283283289e+00,7.500000000000000000e-01,8.900000000000000133e-01,6.409968581633250784e-01,7.675435022360270754e-01,0.000000000000000000e+00,0.000000000000000000e+00
1.102222222222222214e+00,7.500000000000000000e-01,8.900000000000000133e-01,6.409968581633250784e-01,7.675435022360270754e-01,0.000000000000000000e+00,0.000000000000000000e+00
1.101161161161161139e+00,7.500000000000000000e-01,8.900000000000000133e-01,6.409968581633250784e-01,7.675435022360270754e-01,0.000000000000000000e+00,0.000000000000000000e+00
1.100100100100100065e+00,7.500000000000000000e-01,8.900000000000000133e-01,6.409968581633250784e-01,7.675435022360270754e-01,0.000000000000000000e+00,0.000000000000000000e+00
1.099039039039038990e+00,7.500000000000000000e-01,8.900000000000000133e-01,6.409968581633250784e-01,7.675435022360270754e-01,0.000000000000000000e+00,0.000000000000000000e+00
1.097977977977977915e+00,7.500000000000000000e-01,8.900000000000000133e-01,6.409968581633250784e-01,7.675435022360270754e-01,0.000000000000000000e+00,0.000000000000000000e+00
1.096916916916916840e+00,7.500000000000000000e-01,8.900000000000000133e-01,6.409968581633250784e-01,7.675435022360270754e-01,0.000000000000000000e+00,0.000000000000000000e+00
1.095855855855855765e+00,7.500000000000000000e-01,8.900000000000000133e-01,6.409968581633250784e-01,7.675435022360270754e-01,0.000000000000000000e+00,0.000000000000000000e+00
1.094794794794794690e+00,7.500000000000000000e-01,8.900000000000000133e-01,6.409968581633250784e-01,7.675435022360270754e-01,0.000000000000000000e+00,0.000000000000000000e+00
1.093733733733733615e+00,7.500000000000000000e-01,8.900000000000000133e-01,6.409968581633250784e-01,7.675435022360270754e-01,0.000000000000000000e+00,0.000000000000000000e+00
1.092672672672672540e+00,7.500000000000000000e-01,8.900000000000000133e-01,6.409968581633250784e-01,7.675435022360270754e-01,0.000000000000000000e+00,0.000000000000000000e+00
1.091611611611611465e+00,7.500000000000000000e-01,8.900000000000000133e-01,6.409968581633250784e-01,7.675435022360270754e-01,0.000000000000000000e+00,0.000000000000000000e+00
1.090550550550550613e+00,7.500000000000000000e-01,8.900000000000000133e-01,6.409968581633250784e-01,7.675435022360270754e-01,0.000000000000000000e+00,0.000000000000000000e+00
1.089489489489489538e+00,7.500000000000000000e-01,8.900000000000000133e-01,6.409968581633250784e-01,7.675435022360270754e-01,0.000000000000000000e+00,0.000000000000000000e+00
1.088428428428428463e+00,7.500000000000000000e-01,8.900000000000000133e-01,6.409968581633250784e-01,7.675435022360270754e-01,0.000000000000000000e+00,0.000000000000000000e+00
1.087367367367367388e+00,7.500000000000000000e-01,8.900000000000000133e-01,6.409968581633250784e-01,7.675435022360270754e-01,0.000000000000000000e+00,0.000000000000000000e+00
1.086306306306306313e+00,7.500000000000000000e-01,8.900000000000000133e-01,6.409968581633250784e-01,7.675435022360270754e-01,0.000000000000000000e+00,0.000000000000000000e+00
1.085245245245245238e+00,7.500000000000000000e-01,8.900000000000000133e-01,6.409968581633250784e-01,7.675435022360270754e-01,0.000000000000000000e+00,0.000000000000000000e+00
1.084184184184184163e+00,7.500000000000000000e-01,8.900000000000000133e-01,6.409968581633250784e-01,7.675435022360270754e-01,0.000000000000000000e+00,0.000000000000000000e+00
1.083123123123123088e+00,7.500000000000000000e-01,8.900000000000000133e-01,6.409968581633250784e-01,7.675435022360270754e-01,0.000000000000000000e+00,0.000000000000000000e+00
1.082062062062062013e+00,7.500000000000000000e-01,8.900000000000000133e-01,6.409968581633250784e-01,7.675435022360270754e-01,0.000000000000000000e+00,0.000000000000000000e+00
1.081001001001000938e+00,7.500000000000000000e-01,8.900000000000000133e-01,6.409968581633250784e-01,7.675435022360270754e-01,0.000000000000000000e+00,0.000000000000000000e+00
1.079939939939939864e+00,7.500000000000000000e-01,8.900000000000000133e-01,6.409968581633250784e-01,7.675435022360270754e-01,0.000000000000000000e+00,0.000000000000000000e+00
1.078878878878878789e+00,7.500000000000000000e-01,8.900000000000000133e-01,6.409968581633250784e-01,7.675435022360270754e-01,0.000000000000000000e+00,0.000000000000000000e+00
1.077817817817817714e+00,7.500000000000000000e-01,8.900000000000000133e-01,6.409968581633250784e-01,7.675435022360270754e-01,0.000000000000000000e+00,0.000000000000000000e+00
1.076756756756756861e+00,7.500000000000000000e-01,8.900000000000000133e-01,6.409968581633250784e-01,7.675435022360270754e-01,0.000000000000000000e+00,0.000000000000000000e+00
1.075695695695695786e+00,7.500000000000000000e-01,8.900000000000000133e-01,6.409968581633250784e-01,7.675435022360270754e-01,0.000000000000000000e+00,0.000000000000000000e+00
1.074634634634634711e+00,7.500000000000000000e-01,8.900000000000000133e-01,6.409968581633250784e-01,7.675435022360270754e-01,0.000000000000000000e+00,0.000000000000000000e+00
1.073573573573573636e+00,7.500000000000000000e-01,8.900000000000000133e-01,6.409968581633250784e-01,7.675435022360270754e-01,0.000000000000000000e+00,0.000000000000000000e+00
1.072512512512512561e+00,7.500000000000000000e-01,8.900000000000000133e-01,6.409968581633250784e-01,7.675435022360270754e-01,0.000000000000000000e+00,0.000000000000000000e+00
1.071451451451451486e+00,7.500000000000000000e-01,8.900000000000000133e-01,6.409968581633250784e-01,7.675435022360270754e-01,0.000000000000000000e+00,0.000000000000000000e+00
1.070390390390390412e+00,7.500000000000000000e-01,8.900000000000000133e-01,6.409968581633250784e-01,7.675435022360270754e-01,0.000000000000000000e+00,0.000000000000000000e+00
1.069329329329329337e+00,7.500000000000000000e-01,8.900000000000000133e-01,6.409968581633250784e-01,7.675435022360270754e-01,0.000000000000000000e+00,0.000000000000000000e+00
1.068268268268268262e+00,7.500000000000000000e-01,8.900000000000000133e-01,6.409968581633250784e-01,7.675435022360270754e-01,0.000000000000000000e+00,0.000000000000000000e+00
1.067207207207207187e+00,7.500000000000000000e-01,8.900000000000000133e-01,6.409968581633250784e-01,7.675435022360270754e-01,0.000000000000000000e+00,0.000000000000000000e+00
1.066146146146146112e+00,7.500000000000000000e-01,8.900000000000000133e-01,6.409968581633250784e-01,7.675435022360270754e-01,0.000000000000000000e+00,0.000000000000000000e+00
1.065085085085085037e+00,7.500000000000000000e-01,8.900000000000000133e-01,6.409968581633250784e-01,7.675435022360270754e-01,0.000000000000000000e+00,0.000000000000000000e+00
1.064024024024023962e+00,7.500000000000000000e-01,8.900000000000000133e-01,6.409968581633250784e-01,7.675435022360270754e-01,0.000000000000000000e+00,0.000000000000000000e+00
1.062962962962962887e+00,7.500000000000000000e-01,8.900000000000000133e-01,6.409968581633250784e-01,7.675435022360270754e-01,0.000000000000000000e+00,0.000000000000000000e+00
1.061901901901901812e+00,7.500000000000000000e-01,8.900000000000000133e-01,6.409968581633250784e-01,7.675435022360270754e-01,0.000000000000000000e+00,0.000000000000000000e+00
1.060840840840840738e+00,7.500000000000000000e-01,8.900000000000000133e-01,6.409968581633250784e-01,7.675435022360270754e-01,0.000000000000000000e+00,0.000000000000000000e+00
1.059779779779779663e+00,7.500000000000000000e-01,8.900000000000000133e-01,6.409968581633250784e-01,7.675435022360270754e-01,0.000000000000000000e+00,0.000000000000000000e+00
1.058718718718718588e+00,7.500000000000000000e-01,8.900000000000000133e-01,6.409968581633250784e-01,7.675435022360270754e-01,0.000000000000000000e+00,0.000000000000000000e+00
1.057657657657657513e+00,7.500000000000000000e-01,8.900000000000000133e-01,6.409968581633250784e-01,7.675435022360270754e-01,0.000000000000000000e+00,0.000000000000000000e+00
1.056596596596596660e+00,7.500000000000000000e-01,8.900000000000000133e-01,6.409968581633250784e-01,7.675435022360270754e-01,0.000000000000000000e+00,0.000000000000000000e+00
1.055535535535535585e+00,7.500000000000000000e-01,8.900000000000000133e-01,6.409968581633250784e-01,7.675435022360270754e-01,0.000000000000000000e+00,0.000000000000000000e+00
1.054474474474474510e+00,7.500000000000000000e-01,8.900000000000000133e-01,6.409968581633250784e-01,7.675435022360270754e-01,0.000000000000000000e+00,0.000000000000000000e+00
1.053413413413413435e+00,7.500000000000000000e-01,8.900000000000000133e-01,6.409968581633250784e-01,7.675435022360270754e-01,0.000000000000000000e+00,0.000000000000000000e+00
1.052352352352352360e+00,7.500000000000000000e-01,8.900000000000000133e-01,6.409968581633250784e-01,7.675435022360270754e-01,0.000000000000000000e+00,0.000000000000000000e+00
1.051291291291291286e+00,7.500000000000000000e-01,8.900000000000000133e-01,6.409968581633250784e-01,7.675435022360270754e-01,0.000000000000000000e+00,0.000000000000000000e+00
1.050230230230230211e+00,7.500000000000000000e-01,8.900000000000000133e-01,6.409968581633250784e-01,7.675435022360270754e-01,0.000000000000000000e+00,0.000000000000000000e+00
1.049169169169169136e+00,7.500000000000000000e-01,8.900000000000000133e-01,6.409968581633250784e-01,7.675435022360270754e-01,0.000000000000000000e+00,0.000000000000000000e+00
1.048108108108108061e+00,7.500000000000000000e-01,8.900000000000000133e-01,6.409968581633250784e-01,7.675435022360270754e-01,0.000000000000000000e+00,0.000000000000000000e+00
1.047047047047046986e+00,7.500000000000000000e-01,8.900000000000000133e-01,6.409968581633250784e-01,7.675435022360270754e-01,0.000000000000000000e+00,0.000000000000000000e+00
1.045985985985985911e+00,7.500000000000000000e-01,8.900000000000000133e-01,6.409968581633250784e-01,7.675435022360270754e-01,0.000000000000000000e+00,0.000000000000000000e+00
1.044924924924924836e+00,7.500000000000000000e-01,8.900000000000000133e-01,6.409968581633250784e-01,7.675435022360270754e-01,0.000000000000000000e+00,0.000000000000000000e+00
1.043863863863863761e+00,7.500000000000000000e-01,8.900000000000000133e-01,6.409968581633250784e-01,7.675435022360270754e-01,0.000000000000000000e+00,0.000000000000000000e+00
1.042802802802802908e+00,7.500000000000000000e-01,8.900000000000000133e-01,6.409968581633250784e-01,7.675435022360270754e-01,0.000000000000000000e+00,0.000000000000000000e+00
1.041741741741741833e+00,7.500000000000000000e-01,8.900000000000000133e-01,6.409968581633250784e-01,7.675435022360270754e-01,0.000000000000000000e+00,0.000000000000000000e+00
1.040680680680680759e+00,7.500000000000000000e-01,8.900000000000000133e-01,6.409968581633250784e-01,7.675435022360270754e-01,0.000000000000000000e+00,0.000000000000000000e+00
1.039619619619619684e+00,7.500000000000000000e-01,8.900000000000000133e-01,6.409968581633250784e-01,7.675435022360270754e-01,0.000000000000000000e+00,0.000000000000000000e+00
1.038558558558558609e+00,7.500000000000000000e-01,8.900000000000000133e-01,6.409968581633250784e-01,7.675435022360270754e-01,0.000000000000000000e+00,0.000000000000000000e+00
1.037497497497497534e+00,7.500000000000000000e-01,8.900000000000000133e-01,6.409968581633250784e-01,7.675435022360270754e-01,0.000000000000000000e+00,0.000000000000000000e+00
1.036436436436436459e+00,7.500000000000000000e-01,8.900000000000000133e-01,6.409968581633250784e-01,7.675435022360270754e-01,0.000000000000000000e+00,0.000000000000000000e+00
1.035375375375375384e+00,7.500000000000000000e-01,8.900000000000000133e-01,6.409968581633250784e-01,7.675435022360270754e-01,0.000000000000000000e+00,0.000000000000000000e+00
1.034314314314314309e+00,7.500000000000000000e-01,8.900000000000000133e-01,6.409968581633250784e-01,7.675435022360270754e-01,0.000000000000000000e+00,0.000000000000000000e+00
1.033253253253253234e+00,7.500000000000000000e-01,8.900000000000000133e-01,6.409968581633250784e-01,7.675435022360270754e-01,0.000000000000000000e+00,0.000000000000000000e+00
1.032192192192192159e+00,7.500000000000000000e-01,8.900000000000000133e-01,6.409968581633250784e-01,7.675435022360270754e-01,0.000000000000000000e+00,0.000000000000000000e+00
1.031131131131131085e+00,7.500000000000000000e-01,8.900000000000000133e-01,6.409968581633250784e-01,7.675435022360270754e-01,0.000000000000000000e+00,0.000000000000000000e+00
1.030070070070070010e+00,7.500000000000000000e-01,8.900000000000000133e-01,6.409968581633250784e-01,7.675435022360270754e-01,0.000000000000000000e+00,0.000000000000000000e+00
1.029009009009008935e+00,7.500000000000000000e-01,8.900000000000000133e-01,6.409968581633250784e-01,7.675435022360270754e-01,0.000000000000000000e+00,0.000000000000000000e+00
1.027947947947947860e+00,7.500000000000000000e-01,8.900000000000000133e-01,6.409968581633250784e-01,7.675435022360270754e-01,0.000000000000000000e+00,0.000000000000000000e+00
1.026886886886886785e+00,7.500000000000000000e-01,8.900000000000000133e-01,6.409968581633250784e-01,7.675435022360270754e-01,0.000000000000000000e+00,0.000000000000000000e+00
1.025825825825825710e+00,7.500000000000000000e-01,8.900000000000000133e-01,6.409968581633250784e-01,7.675435022360270754e-01,0.000000000000000000e+00,0.000000000000000000e+00
1.024764764764764635e+00,7.500000000000000000e-01,8.900000000000000133e-01,6.409968581633250784e-01,7.675435022360270754e-01,0.000000000000000000e+00,0.000000000000000000e+00
1.023703703703703560e+00,7.500000000000000000e-01,8.900000000000000133e-01,6.409968581633250784e-01,7.675435022360270754e-01,0.000000000000000000e+00,0.000000000000000000e+00
1.022642642642642707e+00,7.500000000000000000e-01,8.900000000000000133e-01,6.409968581633250784e-01,7.675435022360270754e-01,0.000000000000000000e+00,0.000000000000000000e+00
1.021581581581581633e+00,7.500000000000000000e-01,8.900000000000000133e-01,6.409968581633250784e-01,7.675435022360270754e-01,0.000000000000000000e+00,0.000000000000000000e+00
1.020520520520520558e+00,7.500000000000000000e-01,8.900000000000000133e-01,6.409968581633250784e-01,7.675435022360270754e-01,0.000000000000000000e+00,0.000000000000000000e+00
1.019459459459459483e+00,7.500000000000000000e-01,8.900000000000000133e-01,6.409968581633250784e-01,7.675435022360270754e-01,0.000000000000000000e+00,0.000000000000000000e+00
1.018398398398398408e+00,7.500000000000000000e-01,8.900000000000000133e-01,6.409968581633250784e-01,7.675435022360270754e-01,0.000000000000000000e+00,0.000000000000000000e+00
1.017337337337337333e+00,7.500000000000000000e-01,8.900000000000000133e-01,6.409968581633250784e-01,7.675435022360270754e-01,0.000000000000000000e+00,0.000000000000000000e+00
1.016276276276276258e+00,7.500000000000000000e-01,8.900000000000000133e-01,6.409968581633250784e-01,7.675435022360270754e-01,0.000000000000000000e+00,0.000000000000000000e+00
1.015215215215215183e+00,7.500000000000000000e-01,8.900000000000000133e-01,6.409968581633250784e-01,7.675435022360270754e-01,0.000000000000000000e+00,0.000000000000000000e+00
1.014154154154154108e+00,7.500000000000000000e-01,8.900000000000000133e-01,6.409968581633250784e-01,7.675435022360270754e-01,0.000000000000000000e+00,0.000000000000000000e+00
1.013093093093093033e+00,7.500000000000000000e-01,8.900000000000000133e-01,6.409968581633250784e-01,7.675435022360270754e-01,0.000000000000000000e+00,0.000000000000000000e+00
1.012032032032031958e+00,7.500000000000000000e-01,8.900000000000000133e-01,6.409968581633250784e-01,7.675435022360270754e-01,0.000000000000000000e+00,0.000000000000000000e+00
1.010970970970970884e+00,7.500000000000000000e-01,8.900000000000000133e-01,6.409968581633250784e-01,7.675435022360270754e-01,0.000000000000000000e+00,0.000000000000000000e+00
1.009909909909909809e+00,7.500000000000000000e-01,8.900000000000000133e-01,6.409968581633250784e-01,7.675435022360270754e-01,0.000000000000000000e+00,0.000000000000000000e+00
1.008848848848848956e+00,7.500000000000000000e-01,8.900000000000000133e-01,6.409968581633250784e-01,7.675435022360270754e-01,0.000000000000000000e+00,0.000000000000000000e+00
1.007787787787787881e+00,7.500000000000000000e-01,8.900000000000000133e-01,6.409968581633250784e-01,7.675435022360270754e-01,0.000000000000000000e+00,0.000000000000000000e+00
1.006726726726726806e+00,7.500000000000000000e-01,8.900000000000000133e-01,6.409968581633250784e-01,7.675435022360270754e-01,0.000000000000000000e+00,0.000000000000000000e+00
1.005665665665665731e+00,7.500000000000000000e-01,8.900000000000000133e-01,6.409968581633250784e-01,7.675435022360270754e-01,0.000000000000000000e+00,0.000000000000000000e+00
1.004604604604604656e+00,7.500000000000000000e-01,8.900000000000000133e-01,6.409968581633250784e-01,7.675435022360270754e-01,0.000000000000000000e+00,0.000000000000000000e+00
1.003543543543543581e+00,7.500000000000000000e-01,8.900000000000000133e-01,6.409968581633250784e-01,7.675435022360270754e-01,0.000000000000000000e+00,0.000000000000000000e+00
1.002482482482482506e+00,7.500000000000000000e-01,8.900000000000000133e-01,6.409968581633250784e-01,7.675435022360270754e-01,0.000000000000000000e+00,0.000000000000000000e+00
1.001421421421421432e+00,7.500000000000000000e-01,8.900000000000000133e-01,6.409968581633250784e-01,7.675435022360270754e-01,0.000000000000000000e+00,0.000000000000000000e+00
1.000360360360360357e+00,7.500000000000000000e-01,8.900000000000000133e-01,6.409968581633250784e-01,7.675435022360270754e-01,0.000000000000000000e+00,0.000000000000000000e+00
9.992992992992992818e-01,7.500000000000000000e-01,8.900000000000000133e-01,6.409968581633250784e-01,7.675435022360270754e-01,0.000000000000000000e+00,0.000000000000000000e+00
9.982382382382382069e-01,7.500000000000000000e-01,8.900000000000000133e-01,6.409968581633250784e-01,7.675435022360270754e-01,0.000000000000000000e+00,0.000000000000000000e+00
9.971771771771771320e-01,7.500000000000000000e-01,8.900000000000000133e-01,6.409968581633250784e-01,7.675435022360270754e-01,0.000000000000000000e+00,0.000000000000000000e+00
9.961161161161160571e-01,7.500000000000000000e-01,8.900000000000000133e-01,6.409968581633250784e-01,7.675435022360270754e-01,0.000000000000000000e+00,0.000000000000000000e+00
9.950550550550549822e-01,7.500000000000000000e-01,8.900000000000000133e-01,6.409968581633250784e-01,7.675435022360270754e-01,0.000000000000000000e+00,0.000000000000000000e+00
9.939939939939939073e-01,7.500000000000000000e-01,8.900000000000000133e-01,6.409968581633250784e-01,7.675435022360270754e-01,0.000000000000000000e+00,0.000000000000000000e+00
9.929329329329328324e-01,7.500000000000000000e-01,8.900000000000000133e-01,6.409968581633250784e-01,7.675435022360270754e-01,0.000000000000000000e+00,0.000000000000000000e+00
9.918718718718717575e-01,7.500000000000000000e-01,8.900000000000000133e-01,6.409968581633250784e-01,7.675435022360270754e-01,0.000000000000000000e+00,0.000000000000000000e+00
9.908108108108106826e-01,7.500000000000000000e-01,8.900000000000000133e-01,6.409968581633250784e-01,7.675435022360270754e-01,0.000000000000000000e+00,0.000000000000000000e+00
9.897497497497496077e-01,7.500000000000000000e-01,8.900000000000000133e-01,6.409968581633250784e-01,7.675435022360270754e-01,0.000000000000000000e+00,0.000000000000000000e+00
9.886886886886887549e-01,7.500000000000000000e-01,8.900000000000000133e-01,6.409968581633250784e-01,7.675435022360270754e-01,0.000000000000000000e+00,0.000000000000000000e+00
9.876276276276276800e-01,7.500000000000000000e-01,8.900000000000000133e-01,6.409968581633250784e-01,7.675435022360270754e-01,0.000000000000000000e+00,0.000000000000000000e+00
9.865665665665666051e-01,7.500000000000000000e-01,8.900000000000000133e-01,6.409968581633250784e-01,7.675435022360270754e-01,0.000000000000000000e+00,0.000000000000000000e+00
9.855055055055055302e-01,7.500000000000000000e-01,8.900000000000000133e-01,6.409968581633250784e-01,7.675435022360270754e-01,0.000000000000000000e+00,0.000000000000000000e+00
9.844444444444444553e-01,7.500000000000000000e-01,8.900000000000000133e-01,6.409968581633250784e-01,7.675435022360270754e-01,0.000000000000000000e+00,0.000000000000000000e+00
9.833833833833833804e-01,7.500000000000000000e-01,8.900000000000000133e-01,6.409968581633250784e-01,7.675435022360270754e-01,0.000000000000000000e+00,0.000000000000000000e+00
9.823223223223223055e-01,7.500000000000000000e-01,8.900000000000000133e-01,6.409968581633250784e-01,7.675435022360270754e-01,0.000000000000000000e+00,0.000000000000000000e+00
9.812612612612612306e-01,7.500000000000000000e-01,8.900000000000000133e-01,6.409968581633250784e-01,7.675435022360270754e-01,0.000000000000000000e+00,0.000000000000000000e+00
9.802002002002001557e-01,7.500000000000000000e-01,8.900000000000000133e-01,6.409968581633250784e-01,7.675435022360270754e-01,0.000000000000000000e+00,0.000000000000000000e+00
9.791391391391390808e-01,7.500000000000000000e-01,8.900000000000000133e-01,6.409968581633250784e-01,7.675435022360270754e-01,0.000000000000000000e+00,0.000000000000000000e+00
9.780780780780780059e-01,7.500000000000000000e-01,8.900000000000000133e-01,6.409968581633250784e-01,7.675435022360270754e-01,0.000000000000000000e+00,0.000000000000000000e+00
9.770170170170169310e-01,7.500000000000000000e-01,8.900000000000000133e-01,6.409968581633250784e-01,7.675435022360270754e-01,0.000000000000000000e+00,0.000000000000000000e+00
9.759559559559558561e-01,7.500000000000000000e-01,8.900000000000000133e-01,6.409968581633250784e-01,7.675435022360270754e-01,0.000000000000000000e+00,0.000000000000000000e+00
9.748948948948950033e-01,7.500000000000000000e-01,8.900000000000000133e-01,6.409968581633250784e-01,7.675435022360270754e-01,0.000000000000000000e+00,0.000000000000000000e+00
9.738338338338339284e-01,7.500000000000000000e-01,8.900000000000000133e-01,6.409968581633250784e-01,7.675435022360270754e-01,0.000000000000000000e+00,0.000000000000000000e+00
9.727727727727728535e-01,7.500000000000000000e-01,8.900000000000000133e-01,6.409968581633250784e-01,7.675435022360270754e-01,0.000000000000000000e+00,0.000000000000000000e+00
9.717117117117117786e-01,7.500000000000000000e-01,8.900000000000000133e-01,6.409968581633250784e-01,7.675435022360270754e-01,0.000000000000000000e+00,0.000000000000000000e+00
9.706506506506507037e-01,7.500000000000000000e-01,8.900000000000000133e-01,6.409968581633250784e-01,7.675435022360270754e-01,0.000000000000000000e+00,0.000000000000000000e+00
9.695895895895896288e-01,7.500000000000000000e-01,8.900000000000000133e-01,6.409968581633250784e-01,7.675435022360270754e-01,0.000000000000000000e+00,0.000000000000000000e+00
9.685285285285285539e-01,7.500000000000000000e-01,8.900000000000000133e-01,6.409968581633250784e-01,7.675435022360270754e-01,0.000000000000000000e+00,0.000000000000000000e+00
9.674674674674674790e-01,7.500000000000000000e-01,8.900000000000000133e-01,6.409968581633250784e-01,7.675435022360270754e-01,0.000000000000000000e+00,0.000000000000000000e+00
9.664064064064064041e-01,7.500000000000000000e-01,8.900000000000000133e-01,6.409968581633250784e-01,7.675435022360270754e-01,0.000000000000000000e+00,0.000000000000000000e+00
9.653453453453453292e-01,7.500000000000000000e-01,8.900000000000000133e-01,6.409968581633250784e-01,7.675435022360270754e-01,0.000000000000000000e+00,0.000000000000000000e+00
9.642842842842842543e-01,7.500000000000000000e-01,8.900000000000000133e-01,6.409968581633250784e-01,7.675435022360270754e-01,0.000000000000000000e+00,0.000000000000000000e+00
9.632232232232231794e-01,7.500000000000000000e-01,8.900000000000000133e-01,6.409968581633250784e-01,7.675435022360270754e-01,0.000000000000000000e+00,0.000000000000000000e+00
9.621621621621621046e-01,7.500000000000000000e-01,8.900000000000000133e-01,6.409968581633250784e-01,7.675435022360270754e-01,0.000000000000000000e+00,0.000000000000000000e+00
9.611011011011010297e-01,7.500000000000000000e-01,8.900000000000000133e-01,6.409968581633250784e-01,7.675435022360270754e-01,0.000000000000000000e+00,0.000000000000000000e+00
9.600400400400399548e-01,7.500000000000000000e-01,8.900000000000000133e-01,6.409968581633250784e-01,7.675435022360270754e-01,0.000000000000000000e+00,0.000000000000000000e+00
9.589789789789788799e-01,7.500000000000000000e-01,8.900000000000000133e-01,6.409968581633250784e-01,7.675435022360270754e-01,0.000000000000000000e+00,0.000000000000000000e+00
9.579179179179178050e-01,7.500000000000000000e-01,8.900000000000000133e-01,6.409968581633250784e-01,7.675435022360270754e-01,0.000000000000000000e+00,0.000000000000000000e+00
9.568568568568567301e-01,7.500000000000000000e-01,8.900000000000000133e-01,6.409968581633250784e-01,7.675435022360270754e-01,0.000000000000000000e+00,0.000000000000000000e+00
9.557957957957956552e-01,7.500000000000000000e-01,8.900000000000000133e-01,6.409968581633250784e-01,7.675435022360270754e-01,0.000000000000000000e+00,0.000000000000000000e+00
9.547347347347345803e-01,7.500000000000000000e-01,8.900000000000000133e-01,6.409968581633250784e-01,7.675435022360270754e-01,0.000000000000000000e+00,0.000000000000000000e+00
9.536736736736737274e-01,7.500000000000000000e-01,8.900000000000000133e-01,6.409968581633250784e-01,7.675435022360270754e-01,0.000000000000000000e+00,0.000000000000000000e+00
9.526126126126126525e-01,7.500000000000000000e-01,8.900000000000000133e-01,6.409968581633250784e-01,7.675435022360270754e-01,0.000000000000000000e+00,0.000000000000000000e+00
9.515515515515515776e-01,7.500000000000000000e-01,8.900000000000000133e-01,6.409968581633250784e-01,7.675435022360270754e-01,0.000000000000000000e+00,0.000000000000000000e+00
9.504904904904905028e-01,7.500000000000000000e-01,8.900000000000000133e-01,6.409968581633250784e-01,7.675435022360270754e-01,0.000000000000000000e+00,0.000000000000000000e+00
9.494294294294294279e-01,7.500000000000000000e-01,8.900000000000000133e-01,6.409968581633250784e-01,7.675435022360270754e-01,0.000000000000000000e+00,0.000000000000000000e+00
9.483683683683683530e-01,7.500000000000000000e-01,8.900000000000000133e-01,6.409968581633250784e-01,7.675435022360270754e-01,0.000000000000000000e+00,0.000000000000000000e+00
9.473073073073072781e-01,7.500000000000000000e-01,8.900000000000000133e-01,6.409968581633250784e-01,7.675435022360270754e-01,0.000000000000000000e+00,0.000000000000000000e+00
9.462462462462462032e-01,7.500000000000000000e-01,8.900000000000000133e-01,6.409968581633250784e-01,7.675435022360270754e-01,0.000000000000000000e+00,0.000000000000000000e+00
9.451851851851851283e-01,7.500000000000000000e-01,8.900000000000000133e-01,6.409968581633250784e-01,7.675435022360270754e-01,0.000000000000000000e+00,0.000000000000000000e+00
9.441241241241240534e-01,7.500000000000000000e-01,8.900000000000000133e-01,6.409968581633250784e-01,7.675435022360270754e-01,0.000000000000000000e+00,0.000000000000000000e+00
9.430630630630629785e-01,7.500000000000000000e-01,8.900000000000000133e-01,6.409968581633250784e-01,7.675435022360270754e-01,0.000000000000000000e+00,0.000000000000000000e+00
9.420020020020021256e-01,7.500000000000000000e-01,8.900000000000000133e-01,6.409968581633250784e-01,7.675435022360270754e-01,0.000000000000000000e+00,0.000000000000000000e+00
9.409409409409410507e-01,7.500000000000000000e-01,8.900000000000000133e-01,6.409968581633250784e-01,7.675435022360270754e-01,0.000000000000000000e+00,0.000000000000000000e+00
9.398798798798799758e-01,7.500000000000000000e-01,8.900000000000000133e-01,6.409968581633250784e-01,7.675435022360270754e-01,0.000000000000000000e+00,0.000000000000000000e+00
9.388188188188189010e-01,7.500000000000000000e-01,8.900000000000000133e-01,6.409968581633250784e-01,7.675435022360270754e-01,0.000000000000000000e+00,0.000000000000000000e+00
9.377577577577578261e-01,7.500000000000000000e-01,8.900000000000000133e-01,6.409968581633250784e-01,7.675435022360270754e-01,0.000000000000000000e+00,0.000000000000000000e+00
9.366966966966967512e-01,7.500000000000000000e-01,8.900000000000000133e-01,6.409968581633250784e-01,7.675435022360270754e-01,0.000000000000000000e+00,0.000000000000000000e+00
9.356356356356356763e-01,7.500000000000000000e-01,8.900000000000000133e-01,6.409968581633250784e-01,7.675435022360270754e-01,0.000000000000000000e+00,0.000000000000000000e+00
9.345745745745746014e-01,7.500000000000000000e-01,8.900000000000000133e-01,6.409968581633250784e-01,7.675435022360270754e-01,0.000000000000000000e+00,0.000000000000000000e+00
9.335135135135135265e-01,7.500000000000000000e-01,8.900000000000000133e-01,6.409968581633250784e-01,7.675435022360270754e-01,0.000000000000000000e+00,0.000000000000000000e+00
9.324524524524524516e-01,7.500000000000000000e-01,8.900000000000000133e-01,6.409968581633250784e-01,7.675435022360270754e-01,0.000000000000000000e+00,0.000000000000000000e+00
9.313913913913913767e-01,7.500000000000000000e-01,8.900000000000000133e-01,6.409968581633250784e-01,7.675435022360270754e-01,0.000000000000000000e+00,0.000000000000000000e+00
9.303303303303303018e-01,7.500000000000000000e-01,8.900000000000000133e-01,6.409968581633250784e-01,7.675435022360270754e-01,0.000000000000000000e+00,0.000000000000000000e+00
9.292692692692692269e-01,7.500000000000000000e-01,8.900000000000000133e-01,6.409968581633250784e-01,7.675435022360270754e-01,0.000000000000000000e+00,0.000000000000000000e+00
9.282082082082081520e-01,7.500000000000000000e-01,8.900000000000000133e-01,6.409968581633250784e-01,7.675435022360270754e-01,0.000000000000000000e+00,0.000000000000000000e+00
9.271471471471470771e-01,7.500000000000000000e-01,8.900000000000000133e-01,6.409968581633250784e-01,7.675435022360270754e-01,0.000000000000000000e+00,0.000000000000000000e+00
9.260860860860860022e-01,7.500000000000000000e-01,8.900000000000000133e-01,6.409968581633250784e-01,7.675435022360270754e-01,0.000000000000000000e+00,0.000000000000000000e+00
9.250250250250249273e-01,7.500000000000000000e-01,8.900000000000000133e-01,6.409968581633250784e-01,7.675435022360270754e-01,0.000000000000000000e+00,0.000000000000000000e+00
9.239639639639638524e-01,7.500000000000000000e-01,8.900000000000000133e-01,6.409968581633250784e-01,7.675435022360270754e-01,0.000000000000000000e+00,0.000000000000000000e+00
9.229029029029027775e-01,7.500000000000000000e-01,8.900000000000000133e-01,6.409968581633250784e-01,7.675435022360270754e-01,0.000000000000000000e+00,0.000000000000000000e+00
9.218418418418417026e-01,7.500000000000000000e-01,8.900000000000000133e-01,6.409968581633250784e-01,7.675435022360270754e-01,0.000000000000000000e+00,0.000000000000000000e+00
9.207807807807806277e-01,7.500000000000000000e-01,8.900000000000000133e-01,6.409968581633250784e-01,7.675435022360270754e-01,0.000000000000000000e+00,0.000000000000000000e+00
9.197197197197197749e-01,7.500000000000000000e-01,8.900000000000000133e-01,6.409968581633250784e-01,7.675435022360270754e-01,0.000000000000000000e+00,0.000000000000000000e+00
9.186586586586587000e-01,7.500000000000000000e-01,8.900000000000000133e-01,6.409968581633250784e-01,7.675435022360270754e-01,0.000000000000000000e+00,0.000000000000000000e+00
9.175975975975976251e-01,7.500000000000000000e-01,8.900000000000000133e-01,6.409968581633250784e-01,7.675435022360270754e-01,0.000000000000000000e+00,0.000000000000000000e+00
9.165365365365365502e-01,7.500000000000000000e-01,8.900000000000000133e-01,6.409968581633250784e-01,7.675435022360270754e-01,0.000000000000000000e+00,0.000000000000000000e+00
9.154754754754754753e-01,7.500000000000000000e-01,8.900000000000000133e-01,6.409968581633250784e-01,7.675435022360270754e-01,0.000000000000000000e+00,0.000000000000000000e+00
9.144144144144144004e-01,7.500000000000000000e-01,8.900000000000000133e-01,6.409968581633250784e-01,7.675435022360270754e-01,0.000000000000000000e+00,0.000000000000000000e+00
9.133533533533533255e-01,7.500000000000000000e-01,8.900000000000000133e-01,6.409968581633250784e-01,7.675435022360270754e-01,0.000000000000000000e+00,0.000000000000000000e+00
9.122922922922922506e-01,7.500000000000000000e-01,8.900000000000000133e-01,6.409968581633250784e-01,7.675435022360270754e-01,0.000000000000000000e+00,0.000000000000000000e+00
9.112312312312311757e-01,7.500000000000000000e-01,8.900000000000000133e-01,6.409968581633250784e-01,7.675435022360270754e-01,0.000000000000000000e+00,0.000000000000000000e+00
9.101701701701701008e-01,7.500000000000000000e-01,8.900000000000000133e-01,6.409968581633250784e-01,7.675435022360270754e-01,0.000000000000000000e+00,0.000000000000000000e+00
9.091091091091090259e-01,7.500000000000000000e-01,8.900000000000000133e-01,6.409968581633250784e-01,7.675435022360270754e-01,0.000000000000000000e+00,0.000000000000000000e+00
9.080480480480481731e-01,7.500000000000000000e-01,8.900000000000000133e-01,6.409968581633250784e-01,7.675435022360270754e-01,0.000000000000000000e+00,0.000000000000000000e+00
9.069869869869870982e-01,7.500000000000000000e-01,8.900000000000000133e-01,6.409968581633250784e-01,7.675435022360270754e-01,0.000000000000000000e+00,0.000000000000000000e+00
9.059259259259260233e-01,7.500000000000000000e-01,8.900000000000000133e-01,6.409968581633250784e-01,7.675435022360270754e-01,0.000000000000000000e+00,0.000000000000000000e+00
9.048648648648649484e-01,7.500000000000000000e-01,8.900000000000000133e-01,6.409968581633250784e-01,7.675435022360270754e-01,0.000000000000000000e+00,0.000000000000000000e+00
9.038038038038038735e-01,7.500000000000000000e-01,8.900000000000000133e-01,6.409968581633250784e-01,7.675435022360270754e-01,0.000000000000000000e+00,0.000000000000000000e+00
9.027427427427427986e-01,7.500000000000000000e-01,8.900000000000000133e-01,6.409968581633250784e-01,7.675435022360270754e-01,0.000000000000000000e+00,0.000000000000000000e+00
9.016816816816817237e-01,7.500000000000000000e-01,8.900000000000000133e-01,6.409968581633250784e-01,7.675435022360270754e-01,0.000000000000000000e+00,0.000000000000000000e+00
9.006206206206206488e-01,7.500000000000000000e-01,8.900000000000000133e-01,6.409968581633250784e-01,7.675435022360270754e-01,0.000000000000000000e+00,0.000000000000000000e+00
8.995595595595595739e-01,7.500000000000000000e-01,8.900000000000000133e-01,6.409968581633250784e-01,7.675435022360270754e-01,0.000000000000000000e+00,0.000000000000000000e+00
8.984984984984984990e-01,7.500000000000000000e-01,8.900000000000000133e-01,6.409968581633250784e-01,7.675435022360270754e-01,0.000000000000000000e+00,0.000000000000000000e+00
8.974374374374374241e-01,7.500000000000000000e-01,8.900000000000000133e-01,6.409968581633250784e-01,7.675435022360270754e-01,0.000000000000000000e+00,0.000000000000000000e+00
8.963763763763763492e-01,7.500000000000000000e-01,8.900000000000000133e-01,6.409968581633250784e-01,7.675435022360270754e-01,0.000000000000000000e+00,0.000000000000000000e+00
8.953153153153152743e-01,7.500000000000000000e-01,8.900000000000000133e-01,6.409968581633250784e-01,7.675435022360270754e-01,0.000000000000000000e+00,0.000000000000000000e+00
8.942542542542541995e-01,7.500000000000000000e-01,8.900000000000000133e-01,6.409968581633250784e-01,7.675435022360270754e-01,0.000000000000000000e+00,0.000000000000000000e+00
8.931931931931931246e-01,7.500000000000000000e-01,8.900000000000000133e-01,6.409968581633250784e-01,7.675435022360270754e-01,0.000000000000000000e+00,0.000000000000000000e+00
8.921321321321320497e-01,7.500000000000000000e-01,8.900000000000000133e-01,6.409968581633250784e-01,7.675435022360270754e-01,0.000000000000000000e+00,0.000000000000000000e+00
8.910710710710709748e-01,7.500000000000000000e-01,8.900000000000000133e-01,6.409968581633250784e-01,7.675435022360270754e-01,0.000000000000000000e+00,0.000000000000000000e+00
8.900100100100098999e-01,7.500000000000000000e-01,8.900000000000000133e-01,6.409968581633250784e-01,7.675435022360270754e-01,0.000000000000000000e+00,0.000000000000000000e+00
8.889489489489488250e-01,7.500000000000000000e-01,8.900000000000000133e-01,6.409968581633250784e-01,7.675435022360270754e-01,0.000000000000000000e+00,0.000000000000000000e+00
8.878878878878877501e-01,7.500000000000000000e-01,8.900000000000000133e-01,6.409968581633250784e-01,7.675435022360270754e-01,0.000000000000000000e+00,0.000000000000000000e+00
8.868268268268266752e-01,7.500000000000000000e-01,8.900000000000000133e-01,6.409968581633250784e-01,7.675435022360270754e-01,0.000000000000000000e+00,0.000000000000000000e+00
8.857657657657658223e-01,7.500000000000000000e-01,8.900000000000000133e-01,6.409968581633250784e-01,7.675435022360270754e-01,0.000000000000000000e+00,0.000000000000000000e+00
8.847047047047047474e-01,7.500000000000000000e-01,8.900000000000000133e-01,6.409968581633250784e-01,7.675435022360270754e-01,0.000000000000000000e+00,0.000000000000000000e+00
8.836436436436436725e-01,7.500000000000000000e-01,8.900000000000000133e-01,6.409968581633250784e-01,7.675435022360270754e-01,0.000000000000000000e+00,0.000000000000000000e+00
8.825825825825825977e-01,7.500000000000000000e-01,8.900000000000000133e-01,6.409968581633250784e-01,7.675435022360270754e-01,0.000000000000000000e+00,0.000000000000000000e+00
8.815215215215215228e-01,7.500000000000000000e-01,8.900000000000000133e-01,6.409968581633250784e-01,7.675435022360270754e-01,0.000000000000000000e+00,0.000000000000000000e+00
8.804604604604604479e-01,7.500000000000000000e-01,8.900000000000000133e-01,6.409968581633250784e-01,7.675435022360270754e-01,0.000000000000000000e+00,0.000000000000000000e+00
8.793993993993993730e-01,7.500000000000000000e-01,8.900000000000000133e-01,6.409968581633250784e-01,7.675435022360270754e-01,0.000000000000000000e+00,0.000000000000000000e+00
8.783383383383382981e-01,7.500000000000000000e-01,8.900000000000000133e-01,6.409968581633250784e-01,7.675435022360270754e-01,0.000000000000000000e+00,0.000000000000000000e+00
8.772772772772772232e-01,7.500000000000000000e-01,8.900000000000000133e-01,6.409968581633250784e-01,7.675435022360270754e-01,0.000000000000000000e+00,0.000000000000000000e+00
8.762162162162161483e-01,7.500000000000000000e-01,8.900000000000000133e-01,6.409968581633250784e-01,7.675435022360270754e-01,0.000000000000000000e+00,0.000000000000000000e+00
8.751551551551550734e-01,7.500000000000000000e-01,8.900000000000000133e-01,6.409968581633250784e-01,7.675435022360270754e-01,0.000000000000000000e+00,0.000000000000000000e+00
8.740940940940942205e-01,7.500000000000000000e-01,8.900000000000000133e-01,6.409968581633250784e-01,7.675435022360270754e-01,0.000000000000000000e+00,0.000000000000000000e+00
8.730330330330331456e-01,7.500000000000000000e-01,8.900000000000000133e-01,6.409968581633250784e-01,7.675435022360270754e-01,0.000000000000000000e+00,0.000000000000000000e+00
8.719719719719720707e-01,7.500000000000000000e-01,8.900000000000000133e-01,6.409968581633250784e-01,7.675435022360270754e-01,0.000000000000000000e+00,0.000000000000000000e+00
8.709109109109109959e-01,7.500000000000000000e-01,8.900000000000000133e-01,6.409968581633250784e-01,7.675435022360270754e-01,0.000000000000000000e+00,0.000000000000000000e+00
8.698498498498499210e-01,7.500000000000000000e-01,8.900000000000000133e-01,6.409968581633250784e-01,7.675435022360270754e-01,0.000000000000000000e+00,0.000000000000000000e+00
8.687887887887888461e-01,7.500000000000000000e-01,8.900000000000000133e-01,6.409968581633250784e-01,7.675435022360270754e-01,0.000000000000000000e+00,0.000000000000000000e+00
8.677277277277277712e-01,7.500000000000000000e-01,8.900000000000000133e-01,6.409968581633250784e-01,7.675435022360270754e-01,0.000000000000000000e+00,0.000000000000000000e+00
8.666666666666666963e-01,7.500000000000000000e-01,8.900000000000000133e-01,6.409968581633250784e-01,7.675435022360270754e-01,0.000000000000000000e+00,0.000000000000000000e+00
8.656056056056056214e-01,7.500000000000000000e-01,8.900000000000000133e-01,6.409968581633250784e-01,7.675435022360270754e-01,0.000000000000000000e+00,0.000000000000000000e+00
8.645445445445445465e-01,7.500000000000000000e-01,8.900000000000000133e-01,6.409968581633250784e-01,7.675435022360270754e-01,0.000000000000000000e+00,0.000000000000000000e+00
8.634834834834834716e-01,7.500000000000000000e-01,8.900000000000000133e-01,6.409968581633250784e-01,7.675435022360270754e-01,0.000000000000000000e+00,0.000000000000000000e+00
8.624224224224223967e-01,7.500000000000000000e-01,8.900000000000000133e-01,6.409968581633250784e-01,7.675435022360270754e-01,0.000000000000000000e+00,0.000000000000000000e+00
8.613613613613613218e-01,7.500000000000000000e-01,8.900000000000000133e-01,6.409968581633250784e-01,7.675435022360270754e-01,0.000000000000000000e+00,0.000000000000000000e+00
8.603003003003002469e-01,7.500000000000000000e-01,8.900000000000000133e-01,6.409968581633250784e-01,7.675435022360270754e-01,0.000000000000000000e+00,0.000000000000000000e+00
8.592392392392391720e-01,7.500000000000000000e-01,8.900000000000000133e-01,6.409968581633250784e-01,7.675435022360270754e-01,0.000000000000000000e+00,0.000000000000000000e+00
8.581781781781780971e-01,7.500000000000000000e-01,8.900000000000000133e-01,6.409968581633250784e-01,7.675435022360270754e-01,0.000000000000000000e+00,0.000000000000000000e+00
8.571171171171170222e-01,7.500000000000000000e-01,8.900000000000000133e-01,6.409968581633250784e-01,7.675435022360270754e-01,0.000000000000000000e+00,0.000000000000000000e+00
8.560560560560559473e-01,7.500000000000000000e-01,8.900000000000000133e-01,6.409968581633250784e-01,7.675435022360270754e-01,0.000000000000000000e+00,0.000000000000000000e+00
8.549949949949948724e-01,7.500000000000000000e-01,8.900000000000000133e-01,6.409968581633250784e-01,7.675435022360270754e-01,0.000000000000000000e+00,0.000000000000000000e+00
8.539339339339337975e-01,7.500000000000000000e-01,8.900000000000000133e-01,6.409968581633250784e-01,7.675435022360270754e-01,0.000000000000000000e+00,0.000000000000000000e+00
8.528728728728727226e-01,7.500000000000000000e-01,8.900000000000000133e-01,6.409968581633250784e-01,7.675435022360270754e-01,0.000000000000000000e+00,0.000000000000000000e+00
8.518118118118118698e-01,7.500000000000000000e-01,8.900000000000000133e-01,6.409968581633250784e-01,7.675435022360270754e-01,0.000000000000000000e+00,0.000000000000000000e+00
8.507507507507507949e-01,7.500000000000000000e-01,8.900000000000000133e-01,6.409968581633250784e-01,7.675435022360270754e-01,0.000000000000000000e+00,0.000000000000000000e+00
8.496896896896897200e-01,7.500000000000000000e-01,8.900000000000000133e-01,6.409968581633250784e-01,7.675435022360270754e-01,0.000000000000000000e+00,0.000000000000000000e+00
8.486286286286286451e-01,7.500000000000000000e-01,8.900000000000000133e-01,6.409968581633250784e-01,7.675435022360270754e-01,0.000000000000000000e+00,0.000000000000000000e+00
8.475675675675675702e-01,7.500000000000000000e-01,8.900000000000000133e-01,6.409968581633250784e-01,7.675435022360270754e-01,0.000000000000000000e+00,0.000000000000000000e+00
8.465065065065064953e-01,7.500000000000000000e-01,8.900000000000000133e-01,6.409968581633250784e-01,7.675435022360270754e-01,0.000000000000000000e+00,0.000000000000000000e+00
8.454454454454454204e-01,7.500000000000000000e-01,8.900000000000000133e-01,6.409968581633250784e-01,7.675435022360270754e-01,0.000000000000000000e+00,0.000000000000000000e+00
8.443843843843843455e-01,7.500000000000000000e-01,8.900000000000000133e-01,6.409968581633250784e-01,7.675435022360270754e-01,0.000000000000000000e+00,0.000000000000000000e+00
8.433233233233232706e-01,7.500000000000000000e-01,8.900000000000000133e-01,6.409968581633250784e-01,7.675435022360270754e-01,0.000000000000000000e+00,0.000000000000000000e+00
8.422622622622621957e-01,7.500000000000000000e-01,8.900000000000000133e-01,6.409968581633250784e-01,7.675435022360270754e-01,0.000000000000000000e+00,0.000000000000000000e+00
8.412012012012011208e-01,7.500000000000000000e-01,8.900000000000000133e-01,6.409968581633250784e-01,7.675435022360270754e-01,0.000000000000000000e+00,0.000000000000000000e+00
8.401401401401402680e-01,7.500000000000000000e-01,8.900000000000000133e-01,6.409968581633250784e-01,7.675435022360270754e-01,0.000000000000000000e+00,0.000000000000000000e+00
8.390790790790791931e-01,7.500000000000000000e-01,8.900000000000000133e-01,6.409968581633250784e-01,7.675435022360270754e-01,0.000000000000000000e+00,0.000000000000000000e+00
8.380180180180181182e-01,7.500000000000000000e-01,8.900000000000000133e-01,6.409968581633250784e-01,7.675435022360270754e-01,0.000000000000000000e+00,0.000000000000000000e+00
8.369569569569570433e-01,7.500000000000000000e-01,8.900000000000000133e-01,6.409968581633250784e-01,7.675435022360270754e-01,0.000000000000000000e+00,0.000000000000000000e+00
8.358958958958959684e-01,7.500000000000000000e-01,8.900000000000000133e-01,6.409968581633250784e-01,7.675435022360270754e-01,0.000000000000000000e+00,0.000000000000000000e+00
8.348348348348348935e-01,7.500000000000000000e-01,8.900000000000000133e-01,6.409968581633250784e-01,7.675435022360270754e-01,0.000000000000000000e+00,0.000000000000000000e+00
8.337737737737738186e-01,7.500000000000000000e-01,8.900000000000000133e-01,6.409968581633250784e-01,7.675435022360270754e-01,0.000000000000000000e+00,0.000000000000000000e+00
8.327127127127127437e-01,7.500000000000000000e-01,8.900000000000000133e-01,6.409968581633250784e-01,7.675435022360270754e-01,0.000000000000000000e+00,0.000000000000000000e+00
8.316516516516516688e-01,7.500000000000000000e-01,8.900000000000000133e-01,6.409968581633250784e-01,7.675435022360270754e-01,0.000000000000000000e+00,0.000000000000000000e+00
8.305905905905905939e-01,7.500000000000000000e-01,8.900000000000000133e-01,6.409968581633250784e-01,7.675435022360270754e-01,0.000000000000000000e+00,0.000000000000000000e+00
8.295295295295295190e-01,7.500000000000000000e-01,8.900000000000000133e-01,6.409968581633250784e-01,7.675435022360270754e-01,0.000000000000000000e+00,0.000000000000000000e+00
8.284684684684684441e-01,7.500000000000000000e-01,8.900000000000000133e-01,6.409968581633250784e-01,7.675435022360270754e-01,0.000000000000000000e+00,0.000000000000000000e+00
8.274074074074073692e-01,7.500000000000000000e-01,8.900000000000000133e-01,6.409968581633250784e-01,7.675435022360270754e-01,0.000000000000000000e+00,0.000000000000000000e+00
8.263463463463462944e-01,7.500000000000000000e-01,8.900000000000000133e-01,6.409968581633250784e-01,7.675435022360270754e-01,0.000000000000000000e+00,0.000000000000000000e+00
8.252852852852852195e-01,7.500000000000000000e-01,8.900000000000000133e-01,6.409968581633250784e-01,7.675435022360270754e-01,0.000000000000000000e+00,0.000000000000000000e+00
8.242242242242241446e-01,7.500000000000000000e-01,8.900000000000000133e-01,6.409968581633250784e-01,7.675435022360270754e-01,0.000000000000000000e+00,0.000000000000000000e+00
8.231631631631630697e-01,7.500000000000000000e-01,8.900000000000000133e-01,6.409968581633250784e-01,7.675435022360270754e-01,0.000000000000000000e+00,0.000000000000000000e+00
8.221021021021019948e-01,7.500000000000000000e-01,8.900000000000000133e-01,6.409968581633250784e-01,7.675435022360270754e-01,0.000000000000000000e+00,0.000000000000000000e+00
8.210410410410409199e-01,7.500000000000000000e-01,8.900000000000000133e-01,6.409968581633250784e-01,7.675435022360270754e-01,0.000000000000000000e+00,0.000000000000000000e+00
8.199799799799798450e-01,7.500000000000000000e-01,8.900000000000000133e-01,6.409968581633250784e-01,7.675435022360270754e-01,0.000000000000000000e+00,0.000000000000000000e+00
8.189189189189187701e-01,7.500000000000000000e-01,8.900000000000000133e-01,6.409968581633250784e-01,7.675435022360270754e-01,0.000000000000000000e+00,0.000000000000000000e+00
8.178578578578579172e-01,7.500000000000000000e-01,8.900000000000000133e-01,6.409968581633250784e-01,7.675435022360270754e-01,0.000000000000000000e+00,0.000000000000000000e+00
8.167967967967968423e-01,7.500000000000000000e-01,8.900000000000000133e-01,6.409968581633250784e-01,7.675435022360270754e-01,0.000000000000000000e+00,0.000000000000000000e+00
8.157357357357357674e-01,7.500000000000000000e-01,8.900000000000000133e-01,6.409968581633250784e-01,7.675435022360270754e-01,0.000000000000000000e+00,0.000000000000000000e+00
8.146746746746746926e-01,7.500000000000000000e-01,8.900000000000000133e-01,6.409968581633250784e-01,7.675435022360270754e-01,0.000000000000000000e+00,0.000000000000000000e+00
8.136136136136136177e-01,7.500000000000000000e-01,8.900000000000000133e-01,6.409968581633250784e-01,7.675435022360270754e-01,0.000000000000000000e+00,0.000000000000000000e+00
8.125525525525525428e-01,7.500000000000000000e-01,8.900000000000000133e-01,6.409968581633250784e-01,7.675435022360270754e-01,0.000000000000000000e+00,0.000000000000000000e+00
8.114914914914914679e-01,7.500000000000000000e-01,8.900000000000000133e-01,6.409968581633250784e-01,7.675435022360270754e-01,0.000000000000000000e+00,0.000000000000000000e+00
8.104304304304303930e-01,7.500000000000000000e-01,8.900000000000000133e-01,6.409968581633250784e-01,7.675435022360270754e-01,0.000000000000000000e+00,0.000000000000000000e+00
8.093693693693693181e-01,7.500000000000000000e-01,8.900000000000000133e-01,6.409968581633250784e-01,7.675435022360270754e-01,0.000000000000000000e+00,0.000000000000000000e+00
8.083083083083082432e-01,7.500000000000000000e-01,8.900000000000000133e-01,6.409968581633250784e-01,7.675435022360270754e-01,0.000000000000000000e+00,0.000000000000000000e+00
8.072472472472471683e-01,7.500000000000000000e-01,8.900000000000000133e-01,6.409968581633250784e-01,7.675435022360270754e-01,0.000000000000000000e+00,0.000000000000000000e+00
8.061861861861863154e-01,7.500000000000000000e-01,8.900000000000000133e-01,6.409968581633250784e-01,7.675435022360270754e-01,0.000000000000000000e+00,0.000000000000000000e+00
8.051251251251252405e-01,7.500000000000000000e-01,8.900000000000000133e-01,6.409968581633250784e-01,7.675435022360270754e-01,0.000000000000000000e+00,0.000000000000000000e+00
8.040640640640641656e-01,7.500000000000000000e-01,8.900000000000000133e-01,6.409968581633250784e-01,7.675435022360270754e-01,0.000000000000000000e+00,0.000000000000000000e+00
8.030030030030030908e-01,7.500000000000000000e-01,8.900000000000000133e-01,6.409968581633250784e-01,7.675435022360270754e-01,0.000000000000000000e+00,0.000000000000000000e+00
8.019419419419420159e-01,7.500000000000000000e-01,8.900000000000000133e-01,6.409968581633250784e-01,7.675435022360270754e-01,0.000000000000000000e+00,0.000000000000000000e+00
8.008808808808809410e-01,7.500000000000000000e-01,8.900000000000000133e-01,6.409968581633250784e-01,7.675435022360270754e-01,0.000000000000000000e+00,0.000000000000000000e+00
7.998198198198198661e-01,7.500000000000000000e-01,8.900000000000000133e-01,6.409968581633250784e-01,7.675435022360270754e-01,0.000000000000000000e+00,0.000000000000000000e+00
7.987587587587587912e-01,7.500000000000000000e-01,8.900000000000000133e-01,6.409968581633250784e-01,7.675435022360270754e-01,0.000000000000000000e+00,0.000000000000000000e+00
7.976976976976977163e-01,7.500000000000000000e-01,8.900000000000000133e-01,6.409968581633250784e-01,7.675435022360270754e-01,0.000000000000000000e+00,0.000000000000000000e+00
7.966366366366366414e-01,7.500000000000000000e-01,8.900000000000000133e-01,6.409968581633250784e-01,7.675435022360270754e-01,0.000000000000000000e+00,0.000000000000000000e+00
7.955755755755755665e-01,7.500000000000000000e-01,8.900000000000000133e-01,6.409968581633250784e-01,7.675435022360270754e-01,0.000000000000000000e+00,0.000000000000000000e+00
7.945145145145144916e-01,7.500000000000000000e-01,8.900000000000000133e-01,6.409968581633250784e-01,7.675435022360270754e-01,0.000000000000000000e+00,0.000000000000000000e+00
7.934534534534534167e-01,7.500000000000000000e-01,8.900000000000000133e-01,6.409968581633250784e-01,7.675435022360270754e-01,0.000000000000000000e+00,0.000000000000000000e+00
7.923923923923923418e-01,7.500000000000000000e-01,8.900000000000000133e-01,6.409968581633250784e-01,7.675435022360270754e-01,0.000000000000000000e+00,0.000000000000000000e+00
7.913313313313312669e-01,7.500000000000000000e-01,8.900000000000000133e-01,6.409968581633250784e-01,7.675435022360270754e-01,0.000000000000000000e+00,0.000000000000000000e+00
7.902702702702701920e-01,7.500000000000000000e-01,8.900000000000000133e-01,6.409968581633250784e-01,7.675435022360270754e-01,0.000000000000000000e+00,0.000000000000000000e+00
7.892092092092091171e-01,7.500000000000000000e-01,8.900000000000000133e-01,6.409968581633250784e-01,7.675435022360270754e-01,0.000000000000000000e+00,0.000000000000000000e+00
7.881481481481480422e-01,7.500000000000000000e-01,8.900000000000000133e-01,6.409968581633250784e-01,7.675435022360270754e-01,0.000000000000000000e+00,0.000000000000000000e+00
7.870870870870869673e-01,7.500000000000000000e-01,8.900000000000000133e-01,6.409968581633250784e-01,7.675435022360270754e-01,0.000000000000000000e+00,0.000000000000000000e+00
7.860260260260258924e-01,7.500000000000000000e-01,8.900000000000000133e-01,6.409968581633250784e-01,7.675435022360270754e-01,0.000000000000000000e+00,0.000000000000000000e+00
7.849649649649648175e-01,7.500000000000000000e-01,8.900000000000000133e-01,6.409968581633250784e-01,7.675435022360270754e-01,0.000000000000000000e+00,0.000000000000000000e+00
7.839039039039039647e-01,7.500000000000000000e-01,8.900000000000000133e-01,6.409968581633250784e-01,7.675435022360270754e-01,0.000000000000000000e+00,0.000000000000000000e+00
7.828428428428428898e-01,7.500000000000000000e-01,8.900000000000000133e-01,6.409968581633250784e-01,7.675435022360270754e-01,0.000000000000000000e+00,0.000000000000000000e+00
7.817817817817818149e-01,7.500000000000000000e-01,8.900000000000000133e-01,6.409968581633250784e-01,7.675435022360270754e-01,0.000000000000000000e+00,0.000000000000000000e+00
7.807207207207207400e-01,7.500000000000000000e-01,8.900000000000000133e-01,6.409968581633250784e-01,7.675435022360270754e-01,0.000000000000000000e+00,0.000000000000000000e+00
7.796596596596596651e-01,7.500000000000000000e-01,8.900000000000000133e-01,6.409968581633250784e-01,7.675435022360270754e-01,0.000000000000000000e+00,0.000000000000000000e+00
7.785985985985985902e-01,7.500000000000000000e-01,8.900000000000000133e-01,6.409968581633250784e-01,7.675435022360270754e-01,0.000000000000000000e+00,0.000000000000000000e+00
7.775375375375375153e-01,7.500000000000000000e-01,8.900000000000000133e-01,6.409968581633250784e-01,7.675435022360270754e-01,0.000000000000000000e+00,0.000000000000000000e+00
7.764764764764764404e-01,7.500000000000000000e-01,8.900000000000000133e-01,6.409968581633250784e-01,7.675435022360270754e-01,0.000000000000000000e+00,0.000000000000000000e+00
7.754154154154153655e-01,7.500000000000000000e-01,8.900000000000000133e-01,6.409968581633250784e-01,7.675435022360270754e-01,0.000000000000000000e+00,0.000000000000000000e+00
7.743543543543542906e-01,7.500000000000000000e-01,8.900000000000000133e-01,6.409968581633250784e-01,7.675435022360270754e-01,0.000000000000000000e+00,0.000000000000000000e+00
7.732932932932932157e-01,7.500000000000000000e-01,8.900000000000000133e-01,6.409968581633250784e-01,7.675435022360270754e-01,0.000000000000000000e+00,0.000000000000000000e+00
7.722322322322323629e-01,7.500000000000000000e-01,8.900000000000000133e-01,6.409968581633250784e-01,7.675435022360270754e-01,0.000000000000000000e+00,0.000000000000000000e+00
7.711711711711712880e-01,7.500000000000000000e-01,8.900000000000000133e-01,6.409968581633250784e-01,7.675435022360270754e-01,0.000000000000000000e+00,0.000000000000000000e+00
7.701101101101102131e-01,7.500000000000000000e-01,8.900000000000000133e-01,6.409968581633250784e-01,7.675435022360270754e-01,0.000000000000000000e+00,0.000000000000000000e+00
7.690490490490491382e-01,7.500000000000000000e-01,8.900000000000000133e-01,6.409968581633250784e-01,7.675435022360270754e-01,0.000000000000000000e+00,0.000000000000000000e+00
7.679879879879880633e-01,7.500000000000000000e-01,8.900000000000000133e-01,6.409968581633250784e-01,7.675435022360270754e-01,0.000000000000000000e+00,0.000000000000000000e+00
7.669269269269269884e-01,7.500000000000000000e-01,8.900000000000000133e-01,6.409968581633250784e-01,7.675435022360270754e-01,0.000000000000000000e+00,0.000000000000000000e+00
7.658658658658659135e-01,7.500000000000000000e-01,8.900000000000000133e-01,6.409968581633250784e-01,7.675435022360270754e-01,0.000000000000000000e+00,0.000000000000000000e+00
7.648048048048048386e-01,7.500000000000000000e-01,8.900000000000000133e-01,6.409968581633250784e-01,7.675435022360270754e-01,0.000000000000000000e+00,0.000000000000000000e+00
7.637437437437437637e-01,7.500000000000000000e-01,8.900000000000000133e-01,6.409968581633250784e-01,7.675435022360270754e-01,0.000000000000000000e+00,0.000000000000000000e+00
7.626826826826826888e-01,7.500000000000000000e-01,8.900000000000000133e-01,6.409968581633250784e-01,7.675435022360270754e-01,0.000000000000000000e+00,0.000000000000000000e+00
7.616216216216216139e-01,7.500000000000000000e-01,8.900000000000000133e-01,6.409968581633250784e-01,7.675435022360270754e-01,0.000000000000000000e+00,0.000000000000000000e+00
7.605605605605605390e-01,7.500000000000000000e-01,8.900000000000000133e-01,6.409968581633250784e-01,7.675435022360270754e-01,0.000000000000000000e+00,0.000000000000000000e+00
7.594994994994994642e-01,7.500000000000000000e-01,8.900000000000000133e-01,6.409968581633250784e-01,7.675435022360270754e-01,0.000000000000000000e+00,0.000000000000000000e+00
7.584384384384383893e-01,7.500000000000000000e-01,8.900000000000000133e-01,6.409968581633250784e-01,7.675435022360270754e-01,0.000000000000000000e+00,0.000000000000000000e+00
7.573773773773773144e-01,7.500000000000000000e-01,8.900000000000000133e-01,6.409968581633250784e-01,7.675435022360270754e-01,0.000000000000000000e+00,0.000000000000000000e+00
7.563163163163162395e-01,7.500000000000000000e-01,8.900000000000000133e-01,6.409968581633250784e-01,7.675435022360270754e-01,0.000000000000000000e+00,0.000000000000000000e+00
7.552552552552551646e-01,7.500000000000000000e-01,8.900000000000000133e-01,6.409968581633250784e-01,7.675435022360270754e-01,0.000000000000000000e+00,0.000000000000000000e+00
7.541941941941940897e-01,7.500000000000000000e-01,8.900000000000000133e-01,6.409968581633250784e-01,7.675435022360270754e-01,0.000000000000000000e+00,0.000000000000000000e+00
7.531331331331330148e-01,7.500000000000000000e-01,8.900000000000000133e-01,6.409968581633250784e-01,7.675435022360270754e-01,0.000000000000000000e+00,0.000000000000000000e+00
7.520720720720719399e-01,7.500000000000000000e-01,8.900000000000000133e-01,6.409968581633250784e-01,7.675435022360270754e-01,0.000000000000000000e+00,0.000000000000000000e+00
7.510110110110108650e-01,7.500000000000000000e-01,8.900000000000000133e-01,6.409968581633250784e-01,7.675435022360270754e-01,0.000000000000000000e+00,0.000000000000000000e+00
7.499499499499500121e-01,7.500000000000000000e-01,8.900000000000000133e-01,6.409968581633250784e-01,7.675435022360270754e-01,0.000000000000000000e+00,0.000000000000000000e+00
7.488888888888889372e-01,7.500000000000000000e-01,8.900000000000000133e-01,6.409968581633250784e-01,7.675435022360270754e-01,0.000000000000000000e+00,0.000000000000000000e+00
7.478278278278278624e-01,7.500000000000000000e-01,8.900000000000000133e-01,6.409968581633250784e-01,7.675435022360270754e-01,0.000000000000000000e+00,0.000000000000000000e+00
7.467667667667667875e-01,7.500000000000000000e-01,8.900000000000000133e-01,6.409968581633250784e-01,7.675435022360270754e-01,0.000000000000000000e+00,0.000000000000000000e+00
7.457057057057057126e-01,7.500000000000000000e-01,8.900000000000000133e-01,6.409968581633250784e-01,7.675435022360270754e-01,0.000000000000000000e+00,0.000000000000000000e+00
7.446446446446446377e-01,7.500000000000000000e-01,8.900000000000000133e-01,6.409968581633250784e-01,7.675435022360270754e-01,0.000000000000000000e+00,0.000000000000000000e+00
7.435835835835835628e-01,7.500000000000000000e-01,8.900000000000000133e-01,6.409968581633250784e-01,7.675435022360270754e-01,0.000000000000000000e+00,0.000000000000000000e+00
7.425225225225224879e-01,7.500000000000000000e-01,8.900000000000000133e-01,6.409968581633250784e-01,7.675435022360270754e-01,0.000000000000000000e+00,0.000000000000000000e+00
7.414614614614614130e-01,7.500000000000000000e-01,8.900000000000000133e-01,6.409968581633250784e-01,7.675435022360270754e-01,0.000000000000000000e+00,0.000000000000000000e+00
7.404004004004003381e-01,7.500000000000000000e-01,8.900000000000000133e-01,6.409968581633250784e-01,7.675435022360270754e-01,0.000000000000000000e+00,0.000000000000000000e+00
7.393393393393392632e-01,7.500000000000000000e-01,8.900000000000000133e-01,6.409968581633250784e-01,7.675435022360270754e-01,0.000000000000000000e+00,0.000000000000000000e+00
7.382782782782784103e-01,7.500000000000000000e-01,8.900000000000000133e-01,6.409968581633250784e-01,7.675435022360270754e-01,0.000000000000000000e+00,0.000000000000000000e+00
7.372172172172173354e-01,7.500000000000000000e-01,8.900000000000000133e-01,6.409968581633250784e-01,7.675435022360270754e-01,0.000000000000000000e+00,0.000000000000000000e+00
7.361561561561562606e-01,7.500000000000000000e-01,8.900000000000000133e-01,6.409968581633250784e-01,7.675435022360270754e-01,0.000000000000000000e+00,0.000000000000000000e+00
7.350950950950951857e-01,7.500000000000000000e-01,8.900000000000000133e-01,6.409968581633250784e-01,7.675435022360270754e-01,0.000000000000000000e+00,0.000000000000000000e+00
7.340340340340341108e-01,7.500000000000000000e-01,8.900000000000000133e-01,6.409968581633250784e-01,7.675435022360270754e-01,0.000000000000000000e+00,0.000000000000000000e+00
7.329729729729730359e-01,7.500000000000000000e-01,8.900000000000000133e-01,6.409968581633250784e-01,7.675435022360270754e-01,0.000000000000000000e+00,0.000000000000000000e+00
7.319119119119119610e-01,7.500000000000000000e-01,8.900000000000000133e-01,6.409968581633250784e-01,7.675435022360270754e-01,0.000000000000000000e+00,0.000000000000000000e+00
7.308508508508508861e-01,7.500000000000000000e-01,8.900000000000000133e-01,6.409968581633250784e-01,7.675435022360270754e-01,0.000000000000000000e+00,0.000000000000000000e+00
7.297897897897898112e-01,7.500000000000000000e-01,8.900000000000000133e-01,6.409968581633250784e-01,7.675435022360270754e-01,0.000000000000000000e+00,0.000000000000000000e+00
7.287287287287287363e-01,7.500000000000000000e-01,8.900000000000000133e-01,6.409968581633250784e-01,7.675435022360270754e-01,0.000000000000000000e+00,0.000000000000000000e+00
7.276676676676676614e-01,7.500000000000000000e-01,8.900000000000000133e-01,6.409968581633250784e-01,7.675435022360270754e-01,0.000000000000000000e+00,0.000000000000000000e+00
7.266066066066065865e-01,7.500000000000000000e-01,8.900000000000000133e-01,6.409968581633250784e-01,7.675435022360270754e-01,0.000000000000000000e+00,0.000000000000000000e+00
7.255455455455455116e-01,7.500000000000000000e-01,8.900000000000000133e-01,6.409968581633250784e-01,7.675435022360270754e-01,0.000000000000000000e+00,0.000000000000000000e+00
7.244844844844844367e-01,7.500000000000000000e-01,8.900000000000000133e-01,6.409968581633250784e-01,7.675435022360270754e-01,0.000000000000000000e+00,0.000000000000000000e+00
7.234234234234233618e-01,7.500000000000000000e-01,8.900000000000000133e-01,6.409968581633250784e-01,7.675435022360270754e-01,0.000000000000000000e+00,0.000000000000000000e+00
7.223623623623622869e-01,7.500000000000000000e-01,8.900000000000000133e-01,6.409968581633250784e-01,7.675435022360270754e-01,0.000000000000000000e+00,0.000000000000000000e+00
7.213013013013012120e-01,7.500000000000000000e-01,8.900000000000000133e-01,6.409968581633250784e-01,7.675435022360270754e-01,0.000000000000000000e+00,0.000000000000000000e+00
7.202402402402401371e-01,7.500000000000000000e-01,8.900000000000000133e-01,6.409968581633250784e-01,7.675435022360270754e-01,0.000000000000000000e+00,0.000000000000000000e+00
7.191791791791790622e-01,7.500000000000000000e-01,8.900000000000000133e-01,6.409968581633250784e-01,7.675435022360270754e-01,0.000000000000000000e+00,0.000000000000000000e+00
7.181181181181179873e-01,7.500000000000000000e-01,8.900000000000000133e-01,6.409968581633250784e-01,7.675435022360270754e-01,0.000000000000000000e+00,0.000000000000000000e+00
7.170570570570569124e-01,7.500000000000000000e-01,8.900000000000000133e-01,6.409968581633250784e-01,7.675435022360270754e-01,0.000000000000000000e+00,0.000000000000000000e+00
7.159959959959958375e-01,7.500000000000000000e-01,8.900000000000000133e-01,6.409968581633250784e-01,7.675435022360270754e-01,0.000000000000000000e+00,0.000000000000000000e+00
7.149349349349349847e-01,7.500000000000000000e-01,8.900000000000000133e-01,6.409968581633250784e-01,7.675435022360270754e-01,0.000000000000000000e+00,0.000000000000000000e+00
7.138738738738739098e-01,7.500000000000000000e-01,8.900000000000000133e-01,6.409968581633250784e-01,7.675435022360270754e-01,0.000000000000000000e+00,0.000000000000000000e+00
7.128128128128128349e-01,7.500000000000000000e-01,8.900000000000000133e-01,6.409968581633250784e-01,7.675435022360270754e-01,0.000000000000000000e+00,0.000000000000000000e+00
7.117517517517517600e-01,7.500000000000000000e-01,8.900000000000000133e-01,6.409968581633250784e-01,7.675435022360270754e-01,0.000000000000000000e+00,0.000000000000000000e+00
7.106906906906906851e-01,7.500000000000000000e-01,8.900000000000000133e-01,6.409968581633250784e-01,7.675435022360270754e-01,0.000000000000000000e+00,0.000000000000000000e+00
7.096296296296296102e-01,7.500000000000000000e-01,8.900000000000000133e-01,6.409968581633250784e-01,7.675435022360270754e-01,0.000000000000000000e+00,0.000000000000000000e+00
7.085685685685685353e-01,7.500000000000000000e-01,8.900000000000000133e-01,6.409968581633250784e-01,7.675435022360270754e-01,0.000000000000000000e+00,0.000000000000000000e+00
7.075075075075074604e-01,7.500000000000000000e-01,8.900000000000000133e-01,6.409968581633250784e-01,7.675435022360270754e-01,0.000000000000000000e+00,0.000000000000000000e+00
7.064464464464463855e-01,7.500000000000000000e-01,8.900000000000000133e-01,6.409968581633250784e-01,7.675435022360270754e-01,0.000000000000000000e+00,0.000000000000000000e+00
7.053853853853855327e-01,7.500000000000000000e-01,8.900000000000000133e-01,6.409968581633250784e-01,7.675435022360270754e-01,0.000000000000000000e+00,0.000000000000000000e+00
7.043243243243244578e-01,7.500000000000000000e-01,8.900000000000000133e-01,6.409968581633250784e-01,7.675435022360270754e-01,0.000000000000000000e+00,0.000000000000000000e+00
7.032632632632633829e-01,7.500000000000000000e-01,8.900000000000000133e-01,6.409968581633250784e-01,7.675435022360270754e-01,0.000000000000000000e+00,0.000000000000000000e+00
7.022022022022023080e-01,7.500000000000000000e-01,8.900000000000000133e-01,6.409968581633250784e-01,7.675435022360270754e-01,0.000000000000000000e+00,0.000000000000000000e+00
7.011411411411412331e-01,7.500000000000000000e-01,8.900000000000000133e-01,6.409968581633250784e-01,7.675435022360270754e-01,0.000000000000000000e+00,0.000000000000000000e+00
7.000800800800801582e-01,7.500000000000000000e-01,8.900000000000000133e-01,6.409968581633250784e-01,7.675435022360270754e-01,0.000000000000000000e+00,0.000000000000000000e+00
6.990190190190190833e-01,7.500000000000000000e-01,8.900000000000000133e-01,6.409968581633250784e-01,7.675435022360270754e-01,0.000000000000000000e+00,0.000000000000000000e+00
6.979579579579580084e-01,7.500000000000000000e-01,8.900000000000000133e-01,6.409968581633250784e-01,7.675435022360270754e-01,0.000000000000000000e+00,0.000000000000000000e+00
6.968968968968969335e-01,7.500000000000000000e-01,8.900000000000000133e-01,6.409968581633250784e-01,7.675435022360270754e-01,0.000000000000000000e+00,0.000000000000000000e+00
6.958358358358358586e-01,7.500000000000000000e-01,8.900000000000000133e-01,6.409968581633250784e-01,7.675435022360270754e-01,0.000000000000000000e+00,0.000000000000000000e+00
6.947747747747747837e-01,7.500000000000000000e-01,8.900000000000000133e-01,6.409968581633250784e-01,7.675435022360270754e-01,0.000000000000000000e+00,0.000000000000000000e+00
6.937137137137137088e-01,7.500000000000000000e-01,8.900000000000000133e-01,6.409968581633250784e-01,7.675435022360270754e-01,0.000000000000000000e+00,0.000000000000000000e+00
6.926526526526526339e-01,7.500000000000000000e-01,8.900000000000000133e-01,6.409968581633250784e-01,7.675435022360270754e-01,0.000000000000000000e+00,0.000000000000000000e+00
6.915915915915915591e-01,7.500000000000000000e-01,8.900000000000000133e-01,6.409968581633250784e-01,7.675435022360270754e-01,0.000000000000000000e+00,0.000000000000000000e+00
6.905305305305304842e-01,7.500000000000000000e-01,8.900000000000000133e-01,6.409968581633250784e-01,7.675435022360270754e-01,0.000000000000000000e+00,0.000000000000000000e+00
6.894694694694694093e-01,7.500000000000000000e-01,8.900000000000000133e-01,6.409968581633250784e-01,7.675435022360270754e-01,0.000000000000000000e+00,0.000000000000000000e+00
6.884084084084083344e-01,7.500000000000000000e-01,8.900000000000000133e-01,6.409968581633250784e-01,7.675435022360270754e-01,0.000000000000000000e+00,0.000000000000000000e+00
6.873473473473472595e-01,7.500000000000000000e-01,8.900000000000000133e-01,6.409968581633250784e-01,7.675435022360270754e-01,0.000000000000000000e+00,0.000000000000000000e+00
6.862862862862861846e-01,7.500000000000000000e-01,8.900000000000000133e-01,6.409968581633250784e-01,7.675435022360270754e-01,0.000000000000000000e+00,0.000000000000000000e+00
6.852252252252251097e-01,7.500000000000000000e-01,8.900000000000000133e-01,6.409968581633250784e-01,7.675435022360270754e-01,0.000000000000000000e+00,0.000000000000000000e+00
6.841641641641640348e-01,7.500000000000000000e-01,8.900000000000000133e-01,6.409968581633250784e-01,7.675435022360270754e-01,0.000000000000000000e+00,0.000000000000000000e+00
6.831031031031029599e-01,7.500000000000000000e-01,8.900000000000000133e-01,6.409968581633250784e-01,7.675435022360270754e-01,0.000000000000000000e+00,0.000000000000000000e+00
6.820420420420418850e-01,7.500000000000000000e-01,8.900000000000000133e-01,6.409968581633250784e-01,7.675435022360270754e-01,0.000000000000000000e+00,0.000000000000000000e+00
6.809809809809810321e-01,7.500000000000000000e-01,8.900000000000000133e-01,6.409968581633250784e-01,7.675435022360270754e-01,0.000000000000000000e+00,0.000000000000000000e+00
6.799199199199199573e-01,7.500000000000000000e-01,8.900000000000000133e-01,6.409968581633250784e-01,7.675435022360270754e-01,0.000000000000000000e+00,0.000000000000000000e+00
6.788588588588588824e-01,7.500000000000000000e-01,8.900000000000000133e-01,6.409968581633250784e-01,7.675435022360270754e-01,0.000000000000000000e+00,0.000000000000000000e+00
6.777977977977978075e-01,7.500000000000000000e-01,8.900000000000000133e-01,6.409968581633250784e-01,7.675435022360270754e-01,0.000000000000000000e+00,0.000000000000000000e+00
6.767367367367367326e-01,7.500000000000000000e-01,8.900000000000000133e-01,6.409968581633250784e-01,7.675435022360270754e-01,0.000000000000000000e+00,0.000000000000000000e+00
6.756756756756756577e-01,7.500000000000000000e-01,8.900000000000000133e-01,6.409968581633250784e-01,7.675435022360270754e-01,0.000000000000000000e+00,0.000000000000000000e+00
6.746146146146145828e-01,7.500000000000000000e-01,8.900000000000000133e-01,6.409968581633250784e-01,7.675435022360270754e-01,0.000000000000000000e+00,0.000000000000000000e+00
6.735535535535535079e-01,7.500000000000000000e-01,8.900000000000000133e-01,6.409968581633250784e-01,7.675435022360270754e-01,0.000000000000000000e+00,0.000000000000000000e+00
6.724924924924924330e-01,7.500000000000000000e-01,8.900000000000000133e-01,6.409968581633250784e-01,7.675435022360270754e-01,0.000000000000000000e+00,0.000000000000000000e+00
6.714314314314315801e-01,7.500000000000000000e-01,8.900000000000000133e-01,6.409968581633250784e-01,7.675435022360270754e-01,0.000000000000000000e+00,0.000000000000000000e+00
6.703703703703705052e-01,7.500000000000000000e-01,8.900000000000000133e-01,6.409968581633250784e-01,7.675435022360270754e-01,0.000000000000000000e+00,0.000000000000000000e+00
6.693093093093094303e-01,7.500000000000000000e-01,8.900000000000000133e-01,6.409968581633250784e-01,7.675435022360270754e-01,0.000000000000000000e+00,0.000000000000000000e+00
6.682482482482483555e-01,7.500000000000000000e-01,8.900000000000000133e-01,6.409968581633250784e-01,7.675435022360270754e-01,0.000000000000000000e+00,0.000000000000000000e+00
6.671871871871872806e-01,7.500000000000000000e-01,8.900000000000000133e-01,6.409968581633250784e-01,7.675435022360270754e-01,0.000000000000000000e+00,0.000000000000000000e+00
6.661261261261262057e-01,7.500000000000000000e-01,8.900000000000000133e-01,6.409968581633250784e-01,7.675435022360270754e-01,0.000000000000000000e+00,0.000000000000000000e+00
6.650650650650651308e-01,7.500000000000000000e-01,8.900000000000000133e-01,6.409968581633250784e-01,7.675435022360270754e-01,0.000000000000000000e+00,0.000000000000000000e+00
6.640040040040040559e-01,7.500000000000000000e-01,8.900000000000000133e-01,6.409968581633250784e-01,7.675435022360270754e-01,0.000000000000000000e+00,0.000000000000000000e+00
6.629429429429429810e-01,7.500000000000000000e-01,8.900000000000000133e-01,6.409968581633250784e-01,7.675435022360270754e-01,0.000000000000000000e+00,0.000000000000000000e+00
6.618818818818819061e-01,7.500000000000000000e-01,8.900000000000000133e-01,6.409968581633250784e-01,7.675435022360270754e-01,0.000000000000000000e+00,0.000000000000000000e+00
6.608208208208208312e-01,7.500000000000000000e-01,8.900000000000000133e-01,6.409968581633250784e-01,7.675435022360270754e-01,0.000000000000000000e+00,0.000000000000000000e+00
6.597597597597597563e-01,7.500000000000000000e-01,8.900000000000000133e-01,6.409968581633250784e-01,7.675435022360270754e-01,0.000000000000000000e+00,0.000000000000000000e+00
6.586986986986986814e-01,7.500000000000000000e-01,8.900000000000000133e-01,6.409968581633250784e-01,7.675435022360270754e-01,0.000000000000000000e+00,0.000000000000000000e+00
6.576376376376376065e-01,7.500000000000000000e-01,8.900000000000000133e-01,6.409968581633250784e-01,7.675435022360270754e-01,0.000000000000000000e+00,0.000000000000000000e+00
6.565765765765765316e-01,7.500000000000000000e-01,8.900000000000000133e-01,6.409968581633250784e-01,7.675435022360270754e-01,0.000000000000000000e+00,0.000000000000000000e+00
6.555155155155154567e-01,7.500000000000000000e-01,8.900000000000000133e-01,6.409968581633250784e-01,7.675435022360270754e-01,0.000000000000000000e+00,0.000000000000000000e+00
6.544544544544543818e-01,7.500000000000000000e-01,8.900000000000000133e-01,6.409968581633250784e-01,7.675435022360270754e-01,0.000000000000000000e+00,0.000000000000000000e+00
6.533933933933933069e-01,7.500000000000000000e-01,8.900000000000000133e-01,6.409968581633250784e-01,7.675435022360270754e-01,0.000000000000000000e+00,0.000000000000000000e+00
6.523323323323322320e-01,7.500000000000000000e-01,8.900000000000000133e-01,6.409968581633250784e-01,7.675435022360270754e-01,0.000000000000000000e+00,0.000000000000000000e+00
6.512712712712711571e-01,7.500000000000000000e-01,8.900000000000000133e-01,6.409968581633250784e-01,7.675435022360270754e-01,0.000000000000000000e+00,0.000000000000000000e+00
6.502102102102100822e-01,7.500000000000000000e-01,8.900000000000000133e-01,6.409968581633250784e-01,7.675435022360270754e-01,0.000000000000000000e+00,0.000000000000000000e+00
6.491491491491490073e-01,7.500000000000000000e-01,8.900000000000000133e-01,6.409968581633250784e-01,7.675435022360270754e-01,0.000000000000000000e+00,0.000000000000000000e+00
6.480880880880879324e-01,7.500000000000000000e-01,8.900000000000000133e-01,6.409968581633250784e-01,7.675435022360270754e-01,0.000000000000000000e+00,0.000000000000000000e+00
6.470270270270270796e-01,7.500000000000000000e-01,8.900000000000000133e-01,6.409968581633250784e-01,7.675435022360270754e-01,0.000000000000000000e+00,0.000000000000000000e+00
6.459659659659660047e-01,7.500000000000000000e-01,8.900000000000000133e-01,6.409968581633250784e-01,7.675435022360270754e-01,0.000000000000000000e+00,0.000000000000000000e+00
6.449049049049049298e-01,7.500000000000000000e-01,8.900000000000000133e-01,6.409968581633250784e-01,7.675435022360270754e-01,0.000000000000000000e+00,0.000000000000000000e+00
6.438438438438438549e-01,7.500000000000000000e-01,8.900000000000000133e-01,6.409968581633250784e-01,7.675435022360270754e-01,0.000000000000000000e+00,0.000000000000000000e+00
6.427827827827827800e-01,7.500000000000000000e-01,8.900000000000000133e-01,6.409968581633250784e-01,7.675435022360270754e-01,0.000000000000000000e+00,0.000000000000000000e+00
6.417217217217217051e-01,7.500000000000000000e-01,8.900000000000000133e-01,6.409968581633250784e-01,7.675435022360270754e-01,0.000000000000000000e+00,0.000000000000000000e+00
6.406606606606606302e-01,7.500000000000000000e-01,8.900000000000000133e-01,6.409968581633250784e-01,7.675435022360270754e-01,0.000000000000000000e+00,0.000000000000000000e+00
6.395995995995995553e-01,7.500000000000000000e-01,8.900000000000000133e-01,6.409968581633250784e-01,7.675435022360270754e-01,0.000000000000000000e+00,0.000000000000000000e+00
6.385385385385384804e-01,7.500000000000000000e-01,8.900000000000000133e-01,6.409968581633250784e-01,7.675435022360270754e-01,0.000000000000000000e+00,0.000000000000000000e+00
6.374774774774776276e-01,7.500000000000000000e-01,8.900000000000000133e-01,6.409968581633250784e-01,7.675435022360270754e-01,0.000000000000000000e+00,0.000000000000000000e+00
6.364164164164165527e-01,7.500000000000000000e-01,8.900000000000000133e-01,6.409968581633250784e-01,7.675435022360270754e-01,0.000000000000000000e+00,0.000000000000000000e+00
6.353553553553554778e-01,7.500000000000000000e-01,8.900000000000000133e-01,6.409968581633250784e-01,7.675435022360270754e-01,0.000000000000000000e+00,0.000000000000000000e+00
6.342942942942944029e-01,7.500000000000000000e-01,8.900000000000000133e-01,6.409968581633250784e-01,7.675435022360270754e-01,0.000000000000000000e+00,0.000000000000000000e+00
6.332332332332333280e-01,7.500000000000000000e-01,8.900000000000000133e-01,6.409968581633250784e-01,7.675435022360270754e-01,0.000000000000000000e+00,0.000000000000000000e+00
6.321721721721722531e-01,7.500000000000000000e-01,8.900000000000000133e-01,6.409968581633250784e-01,7.675435022360270754e-01,0.000000000000000000e+00,0.000000000000000000e+00
6.311111111111111782e-01,7.500000000000000000e-01,8.900000000000000133e-01,6.409968581633250784e-01,7.675435022360270754e-01,0.000000000000000000e+00,0.000000000000000000e+00
6.300500500500501033e-01,7.500000000000000000e-01,8.900000000000000133e-01,6.409968581633250784e-01,7.675435022360270754e-01,0.000000000000000000e+00,0.000000000000000000e+00
6.289889889889890284e-01,7.500000000000000000e-01,8.900000000000000133e-01,6.409968581633250784e-01,7.675435022360270754e-01,0.000000000000000000e+00,0.000000000000000000e+00
6.279279279279279535e-01,7.500000000000000000e-01,8.900000000000000133e-01,6.409968581633250784e-01,7.675435022360270754e-01,0.000000000000000000e+00,0.000000000000000000e+00
6.268668668668668786e-01,7.500000000000000000e-01,8.900000000000000133e-01,6.409968581633250784e-01,7.675435022360270754e-01,0.000000000000000000e+00,0.000000000000000000e+00
6.258058058058058037e-01,7.500000000000000000e-01,8.900000000000000133e-01,6.409968581633250784e-01,7.675435022360270754e-01,0.000000000000000000e+00,0.000000000000000000e+00
6.247447447447447288e-01,7.500000000000000000e-01,8.900000000000000133e-01,6.409968581633250784e-01,7.675435022360270754e-01,0.000000000000000000e+00,0.000000000000000000e+00
6.236836836836836540e-01,7.500000000000000000e-01,8.900000000000000133e-01,6.409968581633250784e-01,7.675435022360270754e-01,0.000000000000000000e+00,0.000000000000000000e+00
6.226226226226225791e-01,7.500000000000000000e-01,8.900000000000000133e-01,6.409968581633250784e-01,7.675435022360270754e-01,0.000000000000000000e+00,0.000000000000000000e+00
6.215615615615615042e-01,7.500000000000000000e-01,8.900000000000000133e-01,6.409968581633250784e-01,7.675435022360270754e-01,0.000000000000000000e+00,0.000000000000000000e+00
6.205005005005004293e-01,7.500000000000000000e-01,8.900000000000000133e-01,6.409968581633250784e-01,7.675435022360270754e-01,0.000000000000000000e+00,0.000000000000000000e+00
6.194394394394393544e-01,7.500000000000000000e-01,8.900000000000000133e-01,6.409968581633250784e-01,7.675435022360270754e-01,0.000000000000000000e+00,0.000000000000000000e+00
6.183783783783782795e-01,7.500000000000000000e-01,8.900000000000000133e-01,6.409968581633250784e-01,7.675435022360270754e-01,0.000000000000000000e+00,0.000000000000000000e+00
6.173173173173172046e-01,7.500000000000000000e-01,8.900000000000000133e-01,6.409968581633250784e-01,7.675435022360270754e-01,0.000000000000000000e+00,0.000000000000000000e+00
6.162562562562561297e-01,7.500000000000000000e-01,8.900000000000000133e-01,6.409968581633250784e-01,7.675435022360270754e-01,0.000000000000000000e+00,0.000000000000000000e+00
6.151951951951950548e-01,7.500000000000000000e-01,8.900000000000000133e-01,6.409968581633250784e-01,7.675435022360270754e-01,0.000000000000000000e+00,0.000000000000000000e+00
6.141341341341339799e-01,7.500000000000000000e-01,8.900000000000000133e-01,6.409968581633250784e-01,7.675435022360270754e-01,0.000000000000000000e+00,0.000000000000000000e+00
6.130730730730731270e-01,7.500000000000000000e-01,8.900000000000000133e-01,6.409968581633250784e-01,7.675435022360270754e-01,0.000000000000000000e+00,0.000000000000000000e+00
6.120120120120120522e-01,7.500000000000000000e-01,8.900000000000000133e-01,6.409968581633250784e-01,7.675435022360270754e-01,0.000000000000000000e+00,0.000000000000000000e+00
6.109509509509509773e-01,7.500000000000000000e-01,8.900000000000000133e-01,6.409968581633250784e-01,7.675435022360270754e-01,0.000000000000000000e+00,0.000000000000000000e+00
6.098898898898899024e-01,7.500000000000000000e-01,8.900000000000000133e-01,6.409968581633250784e-01,7.675435022360270754e-01,0.000000000000000000e+00,0.000000000000000000e+00
6.088288288288288275e-01,7.500000000000000000e-01,8.900000000000000133e-01,6.409968581633250784e-01,7.675435022360270754e-01,0.000000000000000000e+00,0.000000000000000000e+00
6.077677677677677526e-01,7.500000000000000000e-01,8.900000000000000133e-01,6.409968581633250784e-01,7.675435022360270754e-01,0.000000000000000000e+00,0.000000000000000000e+00
6.067067067067066777e-01,7.500000000000000000e-01,8.900000000000000133e-01,6.409968581633250784e-01,7.675435022360270754e-01,0.000000000000000000e+00,0.000000000000000000e+00
6.056456456456456028e-01,7.500000000000000000e-01,8.900000000000000133e-01,6.409968581633250784e-01,7.675435022360270754e-01,0.000000000000000000e+00,0.000000000000000000e+00
6.045845845845845279e-01,7.500000000000000000e-01,8.900000000000000133e-01,6.409968581633250784e-01,7.675435022360270754e-01,0.000000000000000000e+00,0.000000000000000000e+00
6.035235235235236750e-01,7.500000000000000000e-01,8.900000000000000133e-01,6.409968581633250784e-01,7.675435022360270754e-01,0.000000000000000000e+00,0.000000000000000000e+00
6.024624624624626001e-01,7.500000000000000000e-01,8.900000000000000133e-01,6.409968581633250784e-01,7.675435022360270754e-01,0.000000000000000000e+00,0.000000000000000000e+00
6.014014014014015252e-01,7.500000000000000000e-01,8.900000000000000133e-01,6.409968581633250784e-01,7.675435022360270754e-01,0.000000000000000000e+00,0.000000000000000000e+00
6.003403403403404504e-01,7.500000000000000000e-01,8.900000000000000133e-01,6.409968581633250784e-01,7.675435022360270754e-01,0.000000000000000000e+00,0.000000000000000000e+00
5.992792792792793755e-01,7.500000000000000000e-01,8.900000000000000133e-01,6.409968581633250784e-01,7.675435022360270754e-01,0.000000000000000000e+00,0.000000000000000000e+00
5.982182182182183006e-01,7.500000000000000000e-01,8.900000000000000133e-01,6.409968581633250784e-01,7.675435022360270754e-01,0.000000000000000000e+00,0.000000000000000000e+00
5.971571571571572257e-01,7.500000000000000000e-01,8.900000000000000133e-01,6.409968581633250784e-01,7.675435022360270754e-01,0.000000000000000000e+00,0.000000000000000000e+00
5.960960960960961508e-01,7.500000000000000000e-01,8.900000000000000133e-01,6.409968581633250784e-01,7.675435022360270754e-01,0.000000000000000000e+00,0.000000000000000000e+00
5.950350350350350759e-01,7.500000000000000000e-01,8.900000000000000133e-01,6.409968581633250784e-01,7.675435022360270754e-01,0.000000000000000000e+00,0.000000000000000000e+00
5.939739739739740010e-01,7.500000000000000000e-01,8.900000000000000133e-01,6.409968581633250784e-01,7.675435022360270754e-01,0.000000000000000000e+00,0.000000000000000000e+00
5.929129129129129261e-01,7.500000000000000000e-01,8.900000000000000133e-01,6.409968581633250784e-01,7.675435022360270754e-01,0.000000000000000000e+00,0.000000000000000000e+00
5.918518518518518512e-01,7.500000000000000000e-01,8.900000000000000133e-01,6.409968581633250784e-01,7.675435022360270754e-01,0.000000000000000000e+00,0.000000000000000000e+00
5.907907907907907763e-01,7.500000000000000000e-01,8.900000000000000133e-01,6.409968581633250784e-01,7.675435022360270754e-01,0.000000000000000000e+00,0.000000000000000000e+00
5.897297297297297014e-01,7.500000000000000000e-01,8.900000000000000133e-01,6.409968581633250784e-01,7.675435022360270754e-01,0.000000000000000000e+00,0.000000000000000000e+00
5.886686686686686265e-01,7.500000000000000000e-01,8.900000000000000133e-01,6.409968581633250784e-01,7.675435022360270754e-01,0.000000000000000000e+00,0.000000000000000000e+00
5.876076076076075516e-01,7.500000000000000000e-01,8.900000000000000133e-01,6.409968581633250784e-01,7.675435022360270754e-01,0.000000000000000000e+00,0.000000000000000000e+00
5.865465465465464767e-01,7.500000000000000000e-01,8.900000000000000133e-01,6.409968581633250784e-01,7.675435022360270754e-01,0.000000000000000000e+00,0.000000000000000000e+00
5.854854854854854018e-01,7.500000000000000000e-01,8.900000000000000133e-01,6.409968581633250784e-01,7.675435022360270754e-01,0.000000000000000000e+00,0.000000000000000000e+00
5.844244244244243269e-01,7.500000000000000000e-01,8.900000000000000133e-01,6.409968581633250784e-01,7.675435022360270754e-01,0.000000000000000000e+00,0.000000000000000000e+00
5.833633633633632520e-01,7.500000000000000000e-01,8.900000000000000133e-01,6.409968581633250784e-01,7.675435022360270754e-01,0.000000000000000000e+00,0.000000000000000000e+00
5.823023023023021771e-01,7.500000000000000000e-01,8.900000000000000133e-01,6.409968581633250784e-01,7.675435022360270754e-01,0.000000000000000000e+00,0.000000000000000000e+00
5.812412412412411022e-01,7.500000000000000000e-01,8.900000000000000133e-01,6.409968581633250784e-01,7.675435022360270754e-01,0.000000000000000000e+00,0.000000000000000000e+00
5.801801801801800273e-01,7.500000000000000000e-01,8.900000000000000133e-01,6.409968581633250784e-01,7.675435022360270754e-01,0.000000000000000000e+00,0.000000000000000000e+00
5.791191191191191745e-01,7.500000000000000000e-01,8.900000000000000133e-01,6.409968581633250784e-01,7.675435022360270754e-01,0.000000000000000000e+00,0.000000000000000000e+00
5.780580580580580996e-01,7.500000000000000000e-01,8.900000000000000133e-01,6.409968581633250784e-01,7.675435022360270754e-01,0.000000000000000000e+00,0.000000000000000000e+00
5.769969969969970247e-01,7.500000000000000000e-01,8.900000000000000133e-01,6.409968581633250784e-01,7.675435022360270754e-01,0.000000000000000000e+00,0.000000000000000000e+00
5.759359359359359498e-01,7.500000000000000000e-01,8.900000000000000133e-01,6.409968581633250784e-01,7.675435022360270754e-01,0.000000000000000000e+00,0.000000000000000000e+00
5.748748748748748749e-01,7.500000000000000000e-01,8.900000000000000133e-01,6.409968581633250784e-01,7.675435022360270754e-01,0.000000000000000000e+00,0.000000000000000000e+00
5.738138138138138000e-01,7.500000000000000000e-01,8.900000000000000133e-01,6.409968581633250784e-01,7.675435022360270754e-01,0.000000000000000000e+00,0.000000000000000000e+00
5.727527527527527251e-01,7.500000000000000000e-01,8.900000000000000133e-01,6.409968581633250784e-01,7.675435022360270754e-01,0.000000000000000000e+00,0.000000000000000000e+00
5.716916916916916502e-01,7.500000000000000000e-01,8.900000000000000133e-01,6.409968581633250784e-01,7.675435022360270754e-01,0.000000000000000000e+00,0.000000000000000000e+00
5.706306306306305753e-01,7.500000000000000000e-01,8.900000000000000133e-01,6.409968581633250784e-01,7.675435022360270754e-01,0.000000000000000000e+00,0.000000000000000000e+00
5.695695695695697225e-01,7.500000000000000000e-01,8.900000000000000133e-01,6.409968581633250784e-01,7.675435022360270754e-01,0.000000000000000000e+00,0.000000000000000000e+00
5.685085085085086476e-01,7.500000000000000000e-01,8.900000000000000133e-01,6.409968581633250784e-01,7.675435022360270754e-01,0.000000000000000000e+00,0.000000000000000000e+00
5.674474474474475727e-01,7.500000000000000000e-01,8.900000000000000133e-01,6.409968581633250784e-01,7.675435022360270754e-01,0.000000000000000000e+00,0.000000000000000000e+00
5.663863863863864978e-01,7.500000000000000000e-01,8.900000000000000133e-01,6.409968581633250784e-01,7.675435022360270754e-01,0.000000000000000000e+00,0.000000000000000000e+00
5.653253253253254229e-01,7.500000000000000000e-01,8.900000000000000133e-01,6.409968581633250784e-01,7.675435022360270754e-01,0.000000000000000000e+00,0.000000000000000000e+00
5.642642642642643480e-01,7.500000000000000000e-01,8.900000000000000133e-01,6.409968581633250784e-01,7.675435022360270754e-01,0.000000000000000000e+00,0.000000000000000000e+00
5.632032032032032731e-01,7.500000000000000000e-01,8.900000000000000133e-01,6.409968581633250784e-01,7.675435022360270754e-01,0.000000000000000000e+00,0.000000000000000000e+00
5.621421421421421982e-01,7.500000000000000000e-01,8.900000000000000133e-01,6.409968581633250784e-01,7.675435022360270754e-01,0.000000000000000000e+00,0.000000000000000000e+00
5.610810810810811233e-01,7.500000000000000000e-01,8.900000000000000133e-01,6.409968581633250784e-01,7.675435022360270754e-01,0.000000000000000000e+00,0.000000000000000000e+00
5.600200200200200484e-01,7.500000000000000000e-01,8.900000000000000133e-01,6.409968581633250784e-01,7.675435022360270754e-01,0.000000000000000000e+00,0.000000000000000000e+00
5.589589589589589735e-01,7.500000000000000000e-01,8.900000000000000133e-01,6.409968581633250784e-01,7.675435022360270754e-01,0.000000000000000000e+00,0.000000000000000000e+00
5.578978978978978986e-01,7.500000000000000000e-01,8.900000000000000133e-01,6.409968581633250784e-01,7.675435022360270754e-01,0.000000000000000000e+00,0.000000000000000000e+00
5.568368368368368237e-01,7.500000000000000000e-01,8.900000000000000133e-01,6.409968581633250784e-01,7.675435022360270754e-01,0.000000000000000000e+00,0.000000000000000000e+00
5.557757757757757489e-01,7.500000000000000000e-01,8.900000000000000133e-01,6.409968581633250784e-01,7.675435022360270754e-01,0.000000000000000000e+00,0.000000000000000000e+00
5.547147147147146740e-01,7.500000000000000000e-01,8.900000000000000133e-01,6.409968581633250784e-01,7.675435022360270754e-01,0.000000000000000000e+00,0.000000000000000000e+00
5.536536536536535991e-01,7.500000000000000000e-01,8.900000000000000133e-01,6.409968581633250784e-01,7.675435022360270754e-01,0.000000000000000000e+00,0.000000000000000000e+00
5.525925925925925242e-01,7.500000000000000000e-01,8.900000000000000133e-01,6.409968581633250784e-01,7.675435022360270754e-01,0.000000000000000000e+00,0.000000000000000000e+00
5.515315315315314493e-01,7.500000000000000000e-01,8.900000000000000133e-01,6.409968581633250784e-01,7.675435022360270754e-01,0.000000000000000000e+00,0.000000000000000000e+00
5.504704704704703744e-01,7.500000000000000000e-01,8.900000000000000133e-01,6.409968581633250784e-01,7.675435022360270754e-01,0.000000000000000000e+00,0.000000000000000000e+00
5.494094094094092995e-01,7.500000000000000000e-01,8.900000000000000133e-01,6.409968581633250784e-01,7.675435022360270754e-01,0.000000000000000000e+00,0.000000000000000000e+00
5.483483483483482246e-01,7.500000000000000000e-01,8.900000000000000133e-01,6.409968581633250784e-01,7.675435022360270754e-01,0.000000000000000000e+00,0.000000000000000000e+00
5.472872872872871497e-01,7.500000000000000000e-01,8.900000000000000133e-01,6.409968581633250784e-01,7.675435022360270754e-01,0.000000000000000000e+00,0.000000000000000000e+00
5.462262262262260748e-01,7.500000000000000000e-01,8.900000000000000133e-01,6.409968581633250784e-01,7.675435022360270754e-01,0.000000000000000000e+00,0.000000000000000000e+00
5.451651651651652219e-01,7.500000000000000000e-01,8.900000000000000133e-01,6.409968581633250784e-01,7.675435022360270754e-01,0.000000000000000000e+00,0.000000000000000000e+00
5.441041041041041471e-01,7.500000000000000000e-01,8.900000000000000133e-01,6.409968581633250784e-01,7.675435022360270754e-01,0.000000000000000000e+00,0.000000000000000000e+00
5.430430430430430722e-01,7.500000000000000000e-01,8.900000000000000133e-01,6.409968581633250784e-01,7.675435022360270754e-01,0.000000000000000000e+00,0.000000000000000000e+00
5.419819819819819973e-01,7.500000000000000000e-01,8.900000000000000133e-01,6.409968581633250784e-01,7.675435022360270754e-01,0.000000000000000000e+00,0.000000000000000000e+00
5.409209209209209224e-01,7.500000000000000000e-01,8.900000000000000133e-01,6.409968581633250784e-01,7.675435022360270754e-01,0.000000000000000000e+00,0.000000000000000000e+00
5.398598598598598475e-01,7.500000000000000000e-01,8.900000000000000133e-01,6.409968581633250784e-01,7.675435022360270754e-01,0.000000000000000000e+00,0.000000000000000000e+00
5.387987987987987726e-01,7.500000000000000000e-01,8.900000000000000133e-01,6.409968581633250784e-01,7.675435022360270754e-01,0.000000000000000000e+00,0.000000000000000000e+00
5.377377377377376977e-01,7.500000000000000000e-01,8.900000000000000133e-01,6.409968581633250784e-01,7.675435022360270754e-01,0.000000000000000000e+00,0.000000000000000000e+00
5.366766766766766228e-01,7.500000000000000000e-01,8.900000000000000133e-01,6.409968581633250784e-01,7.675435022360270754e-01,0.000000000000000000e+00,0.000000000000000000e+00
5.356156156156157699e-01,7.500000000000000000e-01,8.900000000000000133e-01,6.409968581633250784e-01,7.675435022360270754e-01,0.000000000000000000e+00,0.000000000000000000e+00
5.345545545545546950e-01,7.500000000000000000e-01,8.900000000000000133e-01,6.409968581633250784e-01,7.675435022360270754e-01,0.000000000000000000e+00,0.000000000000000000e+00
5.334934934934936202e-01,7.500000000000000000e-01,8.900000000000000133e-01,6.409968581633250784e-01,7.675435022360270754e-01,0.000000000000000000e+00,0.000000000000000000e+00
5.324324324324325453e-01,7.500000000000000000e-01,8.900000000000000133e-01,6.409968581633250784e-01,7.675435022360270754e-01,0.000000000000000000e+00,0.000000000000000000e+00
5.313713713713714704e-01,7.500000000000000000e-01,8.900000000000000133e-01,6.409968581633250784e-01,7.675435022360270754e-01,0.000000000000000000e+00,0.000000000000000000e+00
5.303103103103103955e-01,7.500000000000000000e-01,8.900000000000000133e-01,6.409968581633250784e-01,7.675435022360270754e-01,0.000000000000000000e+00,0.000000000000000000e+00
5.292492492492493206e-01,7.500000000000000000e-01,8.900000000000000133e-01,6.409968581633250784e-01,7.675435022360270754e-01,0.000000000000000000e+00,0.000000000000000000e+00
5.281881881881882457e-01,7.500000000000000000e-01,8.900000000000000133e-01,6.409968581633250784e-01,7.675435022360270754e-01,0.000000000000000000e+00,0.000000000000000000e+00
5.271271271271271708e-01,7.500000000000000000e-01,8.900000000000000133e-01,6.409968581633250784e-01,7.675435022360270754e-01,0.000000000000000000e+00,0.000000000000000000e+00
5.260660660660660959e-01,7.500000000000000000e-01,8.900000000000000133e-01,6.409968581633250784e-01,7.675435022360270754e-01,0.000000000000000000e+00,0.000000000000000000e+00
5.250050050050050210e-01,7.500000000000000000e-01,8.900000000000000133e-01,6.409968581633250784e-01,7.675435022360270754e-01,0.000000000000000000e+00,0.000000000000000000e+00
5.239439439439439461e-01,7.500000000000000000e-01,8.900000000000000133e-01,6.409968581633250784e-01,7.675435022360270754e-01,0.000000000000000000e+00,0.000000000000000000e+00
5.228828828828828712e-01,7.500000000000000000e-01,8.900000000000000133e-01,6.409968581633250784e-01,7.675435022360270754e-01,0.000000000000000000e+00,0.000000000000000000e+00
5.218218218218217963e-01,7.500000000000000000e-01,8.900000000000000133e-01,6.409968581633250784e-01,7.675435022360270754e-01,0.000000000000000000e+00,0.000000000000000000e+00
5.207607607607607214e-01,7.500000000000000000e-01,8.900000000000000133e-01,6.409968581633250784e-01,7.675435022360270754e-01,0.000000000000000000e+00,0.000000000000000000e+00
5.196996996996996465e-01,7.500000000000000000e-01,8.900000000000000133e-01,6.409968581633250784e-01,7.675435022360270754e-01,0.000000000000000000e+00,0.000000000000000000e+00
5.186386386386385716e-01,7.500000000000000000e-01,8.900000000000000133e-01,6.409968581633250784e-01,7.675435022360270754e-01,0.000000000000000000e+00,0.000000000000000000e+00
5.175775775775774967e-01,7.500000000000000000e-01,8.900000000000000133e-01,6.409968581633250784e-01,7.675435022360270754e-01,0.000000000000000000e+00,0.000000000000000000e+00
5.165165165165164218e-01,7.500000000000000000e-01,8.900000000000000133e-01,6.409968581633250784e-01,7.675435022360270754e-01,0.000000000000000000e+00,0.000000000000000000e+00
5.154554554554553469e-01,7.500000000000000000e-01,8.900000000000000133e-01,6.409968581633250784e-01,7.675435022360270754e-01,0.000000000000000000e+00,0.000000000000000000e+00
5.143943943943942720e-01,7.500000000000000000e-01,8.900000000000000133e-01,6.409968581633250784e-01,7.675435022360270754e-01,0.000000000000000000e+00,0.000000000000000000e+00
5.133333333333331971e-01,7.500000000000000000e-01,8.900000000000000133e-01,6.409968581633250784e-01,7.675435022360270754e-01,0.000000000000000000e+00,0.000000000000000000e+00
5.122722722722721223e-01,7.500000000000000000e-01,8.900000000000000133e-01,6.409968581633250784e-01,7.675435022360270754e-01,0.000000000000000000e+00,0.000000000000000000e+00
5.112112112112112694e-01,7.500000000000000000e-01,8.900000000000000133e-01,6.409968581633250784e-01,7.675435022360270754e-01,0.000000000000000000e+00,0.000000000000000000e+00
5.101501501501501945e-01,7.500000000000000000e-01,8.900000000000000133e-01,6.409968581633250784e-01,7.675435022360270754e-01,0.000000000000000000e+00,0.000000000000000000e+00
5.090890890890891196e-01,7.500000000000000000e-01,8.900000000000000133e-01,6.409968581633250784e-01,7.675435022360270754e-01,0.000000000000000000e+00,0.000000000000000000e+00
5.080280280280280447e-01,7.500000000000000000e-01,8.900000000000000133e-01,6.409968581633250784e-01,7.675435022360270754e-01,0.000000000000000000e+00,0.000000000000000000e+00
5.069669669669669698e-01,7.500000000000000000e-01,8.900000000000000133e-01,6.409968581633250784e-01,7.675435022360270754e-01,0.000000000000000000e+00,0.000000000000000000e+00
5.059059059059058949e-01,7.500000000000000000e-01,8.900000000000000133e-01,6.409968581633250784e-01,7.675435022360270754e-01,0.000000000000000000e+00,0.000000000000000000e+00
5.048448448448448200e-01,7.500000000000000000e-01,8.900000000000000133e-01,6.409968581633250784e-01,7.675435022360270754e-01,0.000000000000000000e+00,0.000000000000000000e+00
5.037837837837837451e-01,7.500000000000000000e-01,8.900000000000000133e-01,6.409968581633250784e-01,7.675435022360270754e-01,0.000000000000000000e+00,0.000000000000000000e+00
5.027227227227226702e-01,7.500000000000000000e-01,8.900000000000000133e-01,6.409968581633250784e-01,7.675435022360270754e-01,0.000000000000000000e+00,0.000000000000000000e+00
5.016616616616618174e-01,7.500000000000000000e-01,8.900000000000000133e-01,6.409968581633250784e-01,7.675435022360270754e-01,0.000000000000000000e+00,0.000000000000000000e+00
5.006006006006007425e-01,7.500000000000000000e-01,8.900000000000000133e-01,6.409968581633250784e-01,7.675435022360270754e-01,0.000000000000000000e+00,0.000000000000000000e+00
4.995395395395396676e-01,7.500000000000000000e-01,8.900000000000000133e-01,6.409968581633250784e-01,7.675435022360270754e-01,0.000000000000000000e+00,0.000000000000000000e+00
4.984784784784785927e-01,7.500000000000000000e-01,8.900000000000000133e-01,6.409968581633250784e-01,7.675435022360270754e-01,0.000000000000000000e+00,0.000000000000000000e+00
4.974174174174175178e-01,7.500000000000000000e-01,8.900000000000000133e-01,6.409968581633250784e-01,7.675435022360270754e-01,0.000000000000000000e+00,0.000000000000000000e+00
4.963563563563564429e-01,7.500000000000000000e-01,8.900000000000000133e-01,6.409968581633250784e-01,7.675435022360270754e-01,0.000000000000000000e+00,0.000000000000000000e+00
4.952952952952953680e-01,7.500000000000000000e-01,8.900000000000000133e-01,6.409968581633250784e-01,7.675435022360270754e-01,0.000000000000000000e+00,0.000000000000000000e+00
4.942342342342342931e-01,7.500000000000000000e-01,8.900000000000000133e-01,6.409968581633250784e-01,7.675435022360270754e-01,0.000000000000000000e+00,0.000000000000000000e+00
4.931731731731732182e-01,7.500000000000000000e-01,8.900000000000000133e-01,6.409968581633250784e-01,7.675435022360270754e-01,0.000000000000000000e+00,0.000000000000000000e+00
4.921121121121121433e-01,7.500000000000000000e-01,8.900000000000000133e-01,6.409968581633250784e-01,7.675435022360270754e-01,0.000000000000000000e+00,0.000000000000000000e+00
4.910510510510510684e-01,7.500000000000000000e-01,8.900000000000000133e-01,6.409968581633250784e-01,7.675435022360270754e-01,0.000000000000000000e+00,0.000000000000000000e+00
4.899899899899899935e-01,7.500000000000000000e-01,8.900000000000000133e-01,6.409968581633250784e-01,7.675435022360270754e-01,0.000000000000000000e+00,0.000000000000000000e+00
4.889289289289289187e-01,7.500000000000000000e-01,8.900000000000000133e-01,6.409968581633250784e-01,7.675435022360270754e-01,0.000000000000000000e+00,0.000000000000000000e+00
4.878678678678678438e-01,7.500000000000000000e-01,8.900000000000000133e-01,6.409968581633250784e-01,7.675435022360270754e-01,0.000000000000000000e+00,0.000000000000000000e+00
4.868068068068067689e-01,7.500000000000000000e-01,8.900000000000000133e-01,6.409968581633250784e-01,7.675435022360270754e-01,0.000000000000000000e+00,0.000000000000000000e+00
4.857457457457456940e-01,7.500000000000000000e-01,8.900000000000000133e-01,6.409968581633250784e-01,7.675435022360270754e-01,0.000000000000000000e+00,0.000000000000000000e+00
4.846846846846846191e-01,7.500000000000000000e-01,8.900000000000000133e-01,6.409968581633250784e-01,7.675435022360270754e-01,0.000000000000000000e+00,0.000000000000000000e+00
4.836236236236235442e-01,7.500000000000000000e-01,8.900000000000000133e-01,6.409968581633250784e-01,7.675435022360270754e-01,0.000000000000000000e+00,0.000000000000000000e+00
4.825625625625624693e-01,7.500000000000000000e-01,8.900000000000000133e-01,6.409968581633250784e-01,7.675435022360270754e-01,0.000000000000000000e+00,0.000000000000000000e+00
4.815015015015013944e-01,7.500000000000000000e-01,8.900000000000000133e-01,6.409968581633250784e-01,7.675435022360270754e-01,0.000000000000000000e+00,0.000000000000000000e+00
4.804404404404403195e-01,7.500000000000000000e-01,8.900000000000000133e-01,6.409968581633250784e-01,7.675435022360270754e-01,0.000000000000000000e+00,0.000000000000000000e+00
4.793793793793792446e-01,7.500000000000000000e-01,8.900000000000000133e-01,6.409968581633250784e-01,7.675435022360270754e-01,0.000000000000000000e+00,0.000000000000000000e+00
4.783183183183181697e-01,7.500000000000000000e-01,8.900000000000000133e-01,6.409968581633250784e-01,7.675435022360270754e-01,0.000000000000000000e+00,0.000000000000000000e+00
4.772572572572573169e-01,7.500000000000000000e-01,8.900000000000000133e-01,6.409968581633250784e-01,7.675435022360270754e-01,0.000000000000000000e+00,0.000000000000000000e+00
4.761961961961962420e-01,7.500000000000000000e-01,8.900000000000000133e-01,6.409968581633250784e-01,7.675435022360270754e-01,0.000000000000000000e+00,0.000000000000000000e+00
4.751351351351351671e-01,7.500000000000000000e-01,8.900000000000000133e-01,6.409968581633250784e-01,7.675435022360270754e-01,0.000000000000000000e+00,0.000000000000000000e+00
4.740740740740740922e-01,7.500000000000000000e-01,8.900000000000000133e-01,6.409968581633250784e-01,7.675435022360270754e-01,0.000000000000000000e+00,0.000000000000000000e+00
4.730130130130130173e-01,7.500000000000000000e-01,8.900000000000000133e-01,6.409968581633250784e-01,7.675435022360270754e-01,0.000000000000000000e+00,0.000000000000000000e+00
4.719519519519519424e-01,7.500000000000000000e-01,8.900000000000000133e-01,6.409968581633250784e-01,7.675435022360270754e-01,0.000000000000000000e+00,0.000000000000000000e+00
4.708908908908908675e-01,7.500000000000000000e-01,8.900000000000000133e-01,6.409968581633250784e-01,7.675435022360270754e-01,0.000000000000000000e+00,0.000000000000000000e+00
4.698298298298297926e-01,7.500000000000000000e-01,8.900000000000000133e-01,6.409968581633250784e-01,7.675435022360270754e-01,0.000000000000000000e+00,0.000000000000000000e+00
4.687687687687687177e-01,7.500000000000000000e-01,8.900000000000000133e-01,6.409968581633250784e-01,7.675435022360270754e-01,0.000000000000000000e+00,0.000000000000000000e+00
4.677077077077078648e-01,7.500000000000000000e-01,8.900000000000000133e-01,6.409968581633250784e-01,7.675435022360270754e-01,0.000000000000000000e+00,0.000000000000000000e+00
4.666466466466467899e-01,7.500000000000000000e-01,8.900000000000000133e-01,6.409968581633250784e-01,7.675435022360270754e-01,0.000000000000000000e+00,0.000000000000000000e+00
4.655855855855857151e-01,7.500000000000000000e-01,8.900000000000000133e-01,6.409968581633250784e-01,7.675435022360270754e-01,0.000000000000000000e+00,0.000000000000000000e+00
4.645245245245246402e-01,7.500000000000000000e-01,8.900000000000000133e-01,6.409968581633250784e-01,7.675435022360270754e-01,0.000000000000000000e+00,0.000000000000000000e+00
4.634634634634635653e-01,7.500000000000000000e-01,8.900000000000000133e-01,6.409968581633250784e-01,7.675435022360270754e-01,0.000000000000000000e+00,0.000000000000000000e+00
4.624024024024024904e-01,7.500000000000000000e-01,8.900000000000000133e-01,6.409968581633250784e-01,7.675435022360270754e-01,0.000000000000000000e+00,0.000000000000000000e+00
4.613413413413414155e-01,7.500000000000000000e-01,8.900000000000000133e-01,6.409968581633250784e-01,7.675435022360270754e-01,0.000000000000000000e+00,0.000000000000000000e+00
4.602802802802803406e-01,7.500000000000000000e-01,8.900000000000000133e-01,6.409968581633250784e-01,7.675435022360270754e-01,0.000000000000000000e+00,0.000000000000000000e+00
4.592192192192192657e-01,7.500000000000000000e-01,8.900000000000000133e-01,6.409968581633250784e-01,7.675435022360270754e-01,0.000000000000000000e+00,0.000000000000000000e+00
4.581581581581581908e-01,7.500000000000000000e-01,8.900000000000000133e-01,6.409968581633250784e-01,7.675435022360270754e-01,0.000000000000000000e+00,0.000000000000000000e+00
4.570970970970971159e-01,7.500000000000000000e-01,8.900000000000000133e-01,6.409968581633250784e-01,7.675435022360270754e-01,0.000000000000000000e+00,0.000000000000000000e+00
4.560360360360360410e-01,7.500000000000000000e-01,8.900000000000000133e-01,6.409968581633250784e-01,7.675435022360270754e-01,0.000000000000000000e+00,0.000000000000000000e+00
4.549749749749749661e-01,7.500000000000000000e-01,8.900000000000000133e-01,6.409968581633250784e-01,7.675435022360270754e-01,0.000000000000000000e+00,0.000000000000000000e+00
4.539139139139138912e-01,7.500000000000000000e-01,8.900000000000000133e-01,6.409968581633250784e-01,7.675435022360270754e-01,0.000000000000000000e+00,0.000000000000000000e+00
4.528528528528528163e-01,7.500000000000000000e-01,8.900000000000000133e-01,6.409968581633250784e-01,7.675435022360270754e-01,0.000000000000000000e+00,0.000000000000000000e+00
4.517917917917917414e-01,7.500000000000000000e-01,8.900000000000000133e-01,6.409968581633250784e-01,7.675435022360270754e-01,0.000000000000000000e+00,0.000000000000000000e+00
4.507307307307306665e-01,7.500000000000000000e-01,8.900000000000000133e-01,6.409968581633250784e-01,7.675435022360270754e-01,0.000000000000000000e+00,0.000000000000000000e+00
4.496696696696695916e-01,7.500000000000000000e-01,8.900000000000000133e-01,6.409968581633250784e-01,7.675435022360270754e-01,0.000000000000000000e+00,0.000000000000000000e+00
4.486086086086085167e-01,7.500000000000000000e-01,8.900000000000000133e-01,6.409968581633250784e-01,7.675435022360270754e-01,0.000000000000000000e+00,0.000000000000000000e+00
4.475475475475474418e-01,7.500000000000000000e-01,8.900000000000000133e-01,6.409968581633250784e-01,7.675435022360270754e-01,0.000000000000000000e+00,0.000000000000000000e+00
4.464864864864863669e-01,7.500000000000000000e-01,8.900000000000000133e-01,6.409968581633250784e-01,7.675435022360270754e-01,0.000000000000000000e+00,0.000000000000000000e+00
4.454254254254252920e-01,7.500000000000000000e-01,8.900000000000000133e-01,6.409968581633250784e-01,7.675435022360270754e-01,0.000000000000000000e+00,0.000000000000000000e+00
4.443643643643642172e-01,7.500000000000000000e-01,8.900000000000000133e-01,6.409968581633250784e-01,7.675435022360270754e-01,0.000000000000000000e+00,0.000000000000000000e+00
4.433033033033033643e-01,7.500000000000000000e-01,8.900000000000000133e-01,6.409968581633250784e-01,7.675435022360270754e-01,0.000000000000000000e+00,0.000000000000000000e+00
4.422422422422422894e-01,7.500000000000000000e-01,8.900000000000000133e-01,6.409968581633250784e-01,7.675435022360270754e-01,0.000000000000000000e+00,0.000000000000000000e+00
4.411811811811812145e-01,7.500000000000000000e-01,8.900000000000000133e-01,6.409968581633250784e-01,7.675435022360270754e-01,0.000000000000000000e+00,0.000000000000000000e+00
4.401201201201201396e-01,7.500000000000000000e-01,8.900000000000000133e-01,6.409968581633250784e-01,7.675435022360270754e-01,0.000000000000000000e+00,0.000000000000000000e+00
4.390590590590590647e-01,7.500000000000000000e-01,8.900000000000000133e-01,6.409968581633250784e-01,7.675435022360270754e-01,0.000000000000000000e+00,0.000000000000000000e+00
4.379979979979979898e-01,7.500000000000000000e-01,8.900000000000000133e-01,6.409968581633250784e-01,7.675435022360270754e-01,0.000000000000000000e+00,0.000000000000000000e+00
4.369369369369369149e-01,7.500000000000000000e-01,8.900000000000000133e-01,6.409968581633250784e-01,7.675435022360270754e-01,0.000000000000000000e+00,0.000000000000000000e+00
4.358758758758758400e-01,7.500000000000000000e-01,8.900000000000000133e-01,6.409968581633250784e-01,7.675435022360270754e-01,0.000000000000000000e+00,0.000000000000000000e+00
4.348148148148147651e-01,7.500000000000000000e-01,8.900000000000000133e-01,6.409968581633250784e-01,7.675435022360270754e-01,0.000000000000000000e+00,0.000000000000000000e+00
4.337537537537539123e-01,7.500000000000000000e-01,8.900000000000000133e-01,6.409968581633250784e-01,7.675435022360270754e-01,0.000000000000000000e+00,0.000000000000000000e+00
4.326926926926928374e-01,7.500000000000000000e-01,8.900000000000000133e-01,6.409968581633250784e-01,7.675435022360270754e-01,0.000000000000000000e+00,0.000000000000000000e+00
4.316316316316317625e-01,7.500000000000000000e-01,8.900000000000000133e-01,6.409968581633250784e-01,7.675435022360270754e-01,0.000000000000000000e+00,0.000000000000000000e+00
4.305705705705706876e-01,7.500000000000000000e-01,8.900000000000000133e-01,6.409968581633250784e-01,7.675435022360270754e-01,0.000000000000000000e+00,0.000000000000000000e+00
4.295095095095096127e-01,7.500000000000000000e-01,8.900000000000000133e-01,6.409968581633250784e-01,7.675435022360270754e-01,0.000000000000000000e+00,0.000000000000000000e+00
4.284484484484485378e-01,7.500000000000000000e-01,8.900000000000000133e-01,6.409968581633250784e-01,7.675435022360270754e-01,0.000000000000000000e+00,0.000000000000000000e+00
4.273873873873874629e-01,7.500000000000000000e-01,8.900000000000000133e-01,6.409968581633250784e-01,7.675435022360270754e-01,0.000000000000000000e+00,0.000000000000000000e+00
4.263263263263263880e-01,7.500000000000000000e-01,8.900000000000000133e-01,6.409968581633250784e-01,7.675435022360270754e-01,0.000000000000000000e+00,0.000000000000000000e+00
4.252652652652653131e-01,7.500000000000000000e-01,8.900000000000000133e-01,6.409968581633250784e-01,7.675435022360270754e-01,0.000000000000000000e+00,0.000000000000000000e+00
4.242042042042042382e-01,7.500000000000000000e-01,8.900000000000000133e-01,6.409968581633250784e-01,7.675435022360270754e-01,0.000000000000000000e+00,0.000000000000000000e+00
4.231431431431431633e-01,7.500000000000000000e-01,8.900000000000000133e-01,6.409968581633250784e-01,7.675435022360270754e-01,0.000000000000000000e+00,0.000000000000000000e+00
4.220820820820820884e-01,7.500000000000000000e-01,8.900000000000000133e-01,6.409968581633250784e-01,7.675435022360270754e-01,0.000000000000000000e+00,0.000000000000000000e+00
4.210210210210210136e-01,7.500000000000000000e-01,8.900000000000000133e-01,6.409968581633250784e-01,7.675435022360270754e-01,0.000000000000000000e+00,0.000000000000000000e+00
4.199599599599599387e-01,7.500000000000000000e-01,8.900000000000000133e-01,6.409968581633250784e-01,7.675435022360270754e-01,0.000000000000000000e+00,0.000000000000000000e+00
4.188988988988988638e-01,7.500000000000000000e-01,8.900000000000000133e-01,6.409968581633250784e-01,7.675435022360270754e-01,0.000000000000000000e+00,0.000000000000000000e+00
4.178378378378377889e-01,7.500000000000000000e-01,8.900000000000000133e-01,6.409968581633250784e-01,7.675435022360270754e-01,0.000000000000000000e+00,0.000000000000000000e+00
4.167767767767767140e-01,7.500000000000000000e-01,8.900000000000000133e-01,6.409968581633250784e-01,7.675435022360270754e-01,0.000000000000000000e+00,0.000000000000000000e+00
4.157157157157156391e-01,7.500000000000000000e-01,8.900000000000000133e-01,6.409968581633250784e-01,7.675435022360270754e-01,0.000000000000000000e+00,0.000000000000000000e+00
4.146546546546545642e-01,7.500000000000000000e-01,8.900000000000000133e-01,6.409968581633250784e-01,7.675435022360270754e-01,0.000000000000000000e+00,0.000000000000000000e+00
4.135935935935934893e-01,7.500000000000000000e-01,8.900000000000000133e-01,6.409968581633250784e-01,7.675435022360270754e-01,0.000000000000000000e+00,0.000000000000000000e+00
4.125325325325324144e-01,7.500000000000000000e-01,8.900000000000000133e-01,6.409968581633250784e-01,7.675435022360270754e-01,0.000000000000000000e+00,0.000000000000000000e+00
4.114714714714713395e-01,7.500000000000000000e-01,8.900000000000000133e-01,6.409968581633250784e-01,7.675435022360270754e-01,0.000000000000000000e+00,0.000000000000000000e+00
4.104104104104102646e-01,7.500000000000000000e-01,8.900000000000000133e-01,6.409968581633250784e-01,7.675435022360270754e-01,0.000000000000000000e+00,0.000000000000000000e+00
4.093493493493491897e-01,7.500000000000000000e-01,8.900000000000000133e-01,6.409968581633250784e-01,7.675435022360270754e-01,0.000000000000000000e+00,0.000000000000000000e+00
4.082882882882881148e-01,7.500000000000000000e-01,8.900000000000000133e-01,6.409968581633250784e-01,7.675435022360270754e-01,0.000000000000000000e+00,0.000000000000000000e+00
4.072272272272270399e-01,7.500000000000000000e-01,8.900000000000000133e-01,6.409968581633250784e-01,7.675435022360270754e-01,0.000000000000000000e+00,0.000000000000000000e+00
4.061661661661659650e-01,7.500000000000000000e-01,8.900000000000000133e-01,6.409968581633250784e-01,7.675435022360270754e-01,0.000000000000000000e+00,0.000000000000000000e+00
4.051051051051048901e-01,7.500000000000000000e-01,8.900000000000000133e-01,6.409968581633250784e-01,7.675435022360270754e-01,0.000000000000000000e+00,0.000000000000000000e+00
4.040440440440438152e-01,7.500000000000000000e-01,8.900000000000000133e-01,6.409968581633250784e-01,7.675435022360270754e-01,0.000000000000000000e+00,0.000000000000000000e+00
4.029829829829827403e-01,7.500000000000000000e-01,8.900000000000000133e-01,6.409968581633250784e-01,7.675435022360270754e-01,0.000000000000000000e+00,0.000000000000000000e+00
4.019219219219216654e-01,7.500000000000000000e-01,8.900000000000000133e-01,6.409968581633250784e-01,7.675435022360270754e-01,0.000000000000000000e+00,0.000000000000000000e+00
4.008608608608605905e-01,7.500000000000000000e-01,8.900000000000000133e-01,6.409968581633250784e-01,7.675435022360270754e-01,0.000000000000000000e+00,0.000000000000000000e+00
3.997997997997999597e-01,7.500000000000000000e-01,8.900000000000000133e-01,6.409968581633250784e-01,7.675435022360270754e-01,0.000000000000000000e+00,0.000000000000000000e+00
3.987387387387388848e-01,7.500000000000000000e-01,8.900000000000000133e-01,6.409968581633250784e-01,7.675435022360270754e-01,0.000000000000000000e+00,0.000000000000000000e+00
3.976776776776778100e-01,7.500000000000000000e-01,8.900000000000000133e-01,6.409968581633250784e-01,7.675435022360270754e-01,0.000000000000000000e+00,0.000000000000000000e+00
3.966166166166167351e-01,7.500000000000000000e-01,8.900000000000000133e-01,6.409968581633250784e-01,7.675435022360270754e-01,0.000000000000000000e+00,0.000000000000000000e+00
3.955555555555556602e-01,7.500000000000000000e-01,8.900000000000000133e-01,6.409968581633250784e-01,7.675435022360270754e-01,0.000000000000000000e+00,0.000000000000000000e+00
3.944944944944945853e-01,7.500000000000000000e-01,8.900000000000000133e-01,6.409968581633250784e-01,7.675435022360270754e-01,0.000000000000000000e+00,0.000000000000000000e+00
3.934334334334335104e-01,7.500000000000000000e-01,8.900000000000000133e-01,6.409968581633250784e-01,7.675435022360270754e-01,0.000000000000000000e+00,0.000000000000000000e+00
3.923723723723724355e-01,7.500000000000000000e-01,8.900000000000000133e-01,6.409968581633250784e-01,7.675435022360270754e-01,0.000000000000000000e+00,0.000000000000000000e+00
3.913113113113113606e-01,7.500000000000000000e-01,8.900000000000000133e-01,6.409968581633250784e-01,7.675435022360270754e-01,0.000000000000000000e+00,0.000000000000000000e+00
3.902502502502502857e-01,7.500000000000000000e-01,8.900000000000000133e-01,6.409968581633250784e-01,7.675435022360270754e-01,0.000000000000000000e+00,0.000000000000000000e+00
3.891891891891892108e-01,7.500000000000000000e-01,8.900000000000000133e-01,6.409968581633250784e-01,7.675435022360270754e-01,0.000000000000000000e+00,0.000000000000000000e+00
3.881281281281281359e-01,7.500000000000000000e-01,8.900000000000000133e-01,6.409968581633250784e-01,7.675435022360270754e-01,0.000000000000000000e+00,0.000000000000000000e+00
3.870670670670670610e-01,7.500000000000000000e-01,8.900000000000000133e-01,6.409968581633250784e-01,7.675435022360270754e-01,0.000000000000000000e+00,0.000000000000000000e+00
3.860060060060059861e-01,7.500000000000000000e-01,8.900000000000000133e-01,6.409968581633250784e-01,7.675435022360270754e-01,0.000000000000000000e+00,0.000000000000000000e+00
3.849449449449449112e-01,7.500000000000000000e-01,8.900000000000000133e-01,6.409968581633250784e-01,7.675435022360270754e-01,0.000000000000000000e+00,0.000000000000000000e+00
3.838838838838838363e-01,7.500000000000000000e-01,8.900000000000000133e-01,6.409968581633250784e-01,7.675435022360270754e-01,0.000000000000000000e+00,0.000000000000000000e+00
3.828228228228227614e-01,7.500000000000000000e-01,8.900000000000000133e-01,6.409968581633250784e-01,7.675435022360270754e-01,0.000000000000000000e+00,0.000000000000000000e+00
3.817617617617616865e-01,7.500000000000000000e-01,8.900000000000000133e-01,6.409968581633250784e-01,7.675435022360270754e-01,0.000000000000000000e+00,0.000000000000000000e+00
3.807007007007006116e-01,7.500000000000000000e-01,8.900000000000000133e-01,6.409968581633250784e-01,7.675435022360270754e-01,0.000000000000000000e+00,0.000000000000000000e+00
3.796396396396395367e-01,7.500000000000000000e-01,8.900000000000000133e-01,6.409968581633250784e-01,7.675435022360270754e-01,0.000000000000000000e+00,0.000000000000000000e+00
3.785785785785784618e-01,7.500000000000000000e-01,8.900000000000000133e-01,6.409968581633250784e-01,7.675435022360270754e-01,0.000000000000000000e+00,0.000000000000000000e+00
3.775175175175173869e-01,7.500000000000000000e-01,8.900000000000000133e-01,6.409968581633250784e-01,7.675435022360270754e-01,0.000000000000000000e+00,0.000000000000000000e+00
3.764564564564563121e-01,7.500000000000000000e-01,8.900000000000000133e-01,6.409968581633250784e-01,7.675435022360270754e-01,0.000000000000000000e+00,0.000000000000000000e+00
3.753953953953956812e-01,7.500000000000000000e-01,8.900000000000000133e-01,6.409968581633250784e-01,7.675435022360270754e-01,0.000000000000000000e+00,0.000000000000000000e+00
3.743343343343346064e-01,7.500000000000000000e-01,8.900000000000000133e-01,6.409968581633250784e-01,7.675435022360270754e-01,0.000000000000000000e+00,0.000000000000000000e+00
3.732732732732735315e-01,7.500000000000000000e-01,8.900000000000000133e-01,6.409968581633250784e-01,7.675435022360270754e-01,0.000000000000000000e+00,0.000000000000000000e+00
3.722122122122124566e-01,7.500000000000000000e-01,8.900000000000000133e-01,6.409968581633250784e-01,7.675435022360270754e-01,0.000000000000000000e+00,0.000000000000000000e+00
3.711511511511513817e-01,7.500000000000000000e-01,8.900000000000000133e-01,6.409968581633250784e-01,7.675435022360270754e-01,0.000000000000000000e+00,0.000000000000000000e+00
3.700900900900903068e-01,7.500000000000000000e-01,8.900000000000000133e-01,6.409968581633250784e-01,7.675435022360270754e-01,0.000000000000000000e+00,0.000000000000000000e+00
3.690290290290292319e-01,7.500000000000000000e-01,8.900000000000000133e-01,6.409968581633250784e-01,7.675435022360270754e-01,0.000000000000000000e+00,0.000000000000000000e+00
3.679679679679681570e-01,7.500000000000000000e-01,8.900000000000000133e-01,6.409968581633250784e-01,7.675435022360270754e-01,0.000000000000000000e+00,0.000000000000000000e+00
3.669069069069070821e-01,7.500000000000000000e-01,8.900000000000000133e-01,6.409968581633250784e-01,7.675435022360270754e-01,0.000000000000000000e+00,0.000000000000000000e+00
3.658458458458460072e-01,7.500000000000000000e-01,8.900000000000000133e-01,6.409968581633250784e-01,7.675435022360270754e-01,0.000000000000000000e+00,0.000000000000000000e+00
3.647847847847849323e-01,7.500000000000000000e-01,8.900000000000000133e-01,6.409968581633250784e-01,7.675435022360270754e-01,0.000000000000000000e+00,0.000000000000000000e+00
3.637237237237238574e-01,7.500000000000000000e-01,8.900000000000000133e-01,6.409968581633250784e-01,7.675435022360270754e-01,0.000000000000000000e+00,0.000000000000000000e+00
3.626626626626627825e-01,7.500000000000000000e-01,8.900000000000000133e-01,6.409968581633250784e-01,7.675435022360270754e-01,0.000000000000000000e+00,0.000000000000000000e+00
3.616016016016017076e-01,7.500000000000000000e-01,8.900000000000000133e-01,6.409968581633250784e-01,7.675435022360270754e-01,0.000000000000000000e+00,0.000000000000000000e+00
3.605405405405406327e-01,7.500000000000000000e-01,8.900000000000000133e-01,6.409968581633250784e-01,7.675435022360270754e-01,0.000000000000000000e+00,0.000000000000000000e+00
3.594794794794795578e-01,7.500000000000000000e-01,8.900000000000000133e-01,6.409968581633250784e-01,7.675435022360270754e-01,0.000000000000000000e+00,0.000000000000000000e+00
3.584184184184184829e-01,7.500000000000000000e-01,8.900000000000000133e-01,6.409968581633250784e-01,7.675435022360270754e-01,0.000000000000000000e+00,0.000000000000000000e+00
3.573573573573574080e-01,7.500000000000000000e-01,8.900000000000000133e-01,6.409968581633250784e-01,7.675435022360270754e-01,0.000000000000000000e+00,0.000000000000000000e+00
3.562962962962963331e-01,7.500000000000000000e-01,8.900000000000000133e-01,6.409968581633250784e-01,7.675435022360270754e-01,0.000000000000000000e+00,0.000000000000000000e+00
3.552352352352352582e-01,7.500000000000000000e-01,8.900000000000000133e-01,6.409968581633250784e-01,7.675435022360270754e-01,0.000000000000000000e+00,0.000000000000000000e+00
3.541741741741741833e-01,7.500000000000000000e-01,8.900000000000000133e-01,6.409968581633250784e-01,7.675435022360270754e-01,0.000000000000000000e+00,0.000000000000000000e+00
3.531131131131131085e-01,7.500000000000000000e-01,8.900000000000000133e-01,6.409968581633250784e-01,7.675435022360270754e-01,0.000000000000000000e+00,0.000000000000000000e+00
3.520520520520520336e-01,7.500000000000000000e-01,8.900000000000000133e-01,6.409968581633250784e-01,7.675435022360270754e-01,0.000000000000000000e+00,0.000000000000000000e+00
3.509909909909909587e-01,7.500000000000000000e-01,8.900000000000000133e-01,6.409968581633250784e-01,7.675435022360270754e-01,0.000000000000000000e+00,0.000000000000000000e+00
3.499299299299298838e-01,7.500000000000000000e-01,8.900000000000000133e-01,6.409968581633250784e-01,7.675435022360270754e-01,0.000000000000000000e+00,0.000000000000000000e+00
3.488688688688688089e-01,7.500000000000000000e-01,8.900000000000000133e-01,6.409968581633250784e-01,7.675435022360270754e-01,0.000000000000000000e+00,0.000000000000000000e+00
3.478078078078077340e-01,7.500000000000000000e-01,8.900000000000000133e-01,6.409968581633250784e-01,7.675435022360270754e-01,0.000000000000000000e+00,0.000000000000000000e+00
3.467467467467466591e-01,7.500000000000000000e-01,8.900000000000000133e-01,6.409968581633250784e-01,7.675435022360270754e-01,0.000000000000000000e+00,0.000000000000000000e+00
3.456856856856855842e-01,7.500000000000000000e-01,8.900000000000000133e-01,6.409968581633250784e-01,7.675435022360270754e-01,0.000000000000000000e+00,0.000000000000000000e+00
3.446246246246245093e-01,7.500000000000000000e-01,8.900000000000000133e-01,6.409968581633250784e-01,7.675435022360270754e-01,0.000000000000000000e+00,0.000000000000000000e+00
3.435635635635634344e-01,7.500000000000000000e-01,8.900000000000000133e-01,6.409968581633250784e-01,7.675435022360270754e-01,0.000000000000000000e+00,0.000000000000000000e+00
3.425025025025023595e-01,7.500000000000000000e-01,8.900000000000000133e-01,6.409968581633250784e-01,7.675435022360270754e-01,0.000000000000000000e+00,0.000000000000000000e+00
3.414414414414412846e-01,7.500000000000000000e-01,8.900000000000000133e-01,6.409968581633250784e-01,7.675435022360270754e-01,0.000000000000000000e+00,0.000000000000000000e+00
3.403803803803802097e-01,7.500000000000000000e-01,8.900000000000000133e-01,6.409968581633250784e-01,7.675435022360270754e-01,0.000000000000000000e+00,0.000000000000000000e+00
3.393193193193191348e-01,7.500000000000000000e-01,8.900000000000000133e-01,6.409968581633250784e-01,7.675435022360270754e-01,0.000000000000000000e+00,0.000000000000000000e+00
3.382582582582580599e-01,7.500000000000000000e-01,8.900000000000000133e-01,6.409968581633250784e-01,7.675435022360270754e-01,0.000000000000000000e+00,0.000000000000000000e+00
3.371971971971969850e-01,7.500000000000000000e-01,8.900000000000000133e-01,6.409968581633250784e-01,7.675435022360270754e-01,0.000000000000000000e+00,0.000000000000000000e+00
3.361361361361359101e-01,7.500000000000000000e-01,8.900000000000000133e-01,6.409968581633250784e-01,7.675435022360270754e-01,0.000000000000000000e+00,0.000000000000000000e+00
3.350750750750748352e-01,7.500000000000000000e-01,8.900000000000000133e-01,6.409968581633250784e-01,7.675435022360270754e-01,0.000000000000000000e+00,0.000000000000000000e+00
3.340140140140137603e-01,7.500000000000000000e-01,8.900000000000000133e-01,6.409968581633250784e-01,7.675435022360270754e-01,0.000000000000000000e+00,0.000000000000000000e+00
3.329529529529526855e-01,7.500000000000000000e-01,8.900000000000000133e-01,6.409968581633250784e-01,7.675435022360270754e-01,0.000000000000000000e+00,0.000000000000000000e+00
3.318918918918920546e-01,7.500000000000000000e-01,8.900000000000000133e-01,6.409968581633250784e-01,7.675435022360270754e-01,0.000000000000000000e+00,0.000000000000000000e+00
3.308308308308309797e-01,7.500000000000000000e-01,8.900000000000000133e-01,6.409968581633250784e-01,7.675435022360270754e-01,0.000000000000000000e+00,0.000000000000000000e+00
3.297697697697699049e-01,7.500000000000000000e-01,8.900000000000000133e-01,6.409968581633250784e-01,7.675435022360270754e-01,0.000000000000000000e+00,0.000000000000000000e+00
3.287087087087088300e-01,7.500000000000000000e-01,8.900000000000000133e-01,6.409968581633250784e-01,7.675435022360270754e-01,0.000000000000000000e+00,0.000000000000000000e+00
3.276476476476477551e-01,7.500000000000000000e-01,8.900000000000000133e-01,6.409968581633250784e-01,7.675435022360270754e-01,0.000000000000000000e+00,0.000000000000000000e+00
3.265865865865866802e-01,7.500000000000000000e-01,8.900000000000000133e-01,6.409968581633250784e-01,7.675435022360270754e-01,0.000000000000000000e+00,0.000000000000000000e+00
3.255255255255256053e-01,7.500000000000000000e-01,8.900000000000000133e-01,6.409968581633250784e-01,7.675435022360270754e-01,0.000000000000000000e+00,0.000000000000000000e+00
3.244644644644645304e-01,7.500000000000000000e-01,8.900000000000000133e-01,6.409968581633250784e-01,7.675435022360270754e-01,0.000000000000000000e+00,0.000000000000000000e+00
3.234034034034034555e-01,7.500000000000000000e-01,8.900000000000000133e-01,6.409968581633250784e-01,7.675435022360270754e-01,0.000000000000000000e+00,0.000000000000000000e+00
3.223423423423423806e-01,7.500000000000000000e-01,8.900000000000000133e-01,6.409968581633250784e-01,7.675435022360270754e-01,0.000000000000000000e+00,0.000000000000000000e+00
3.212812812812813057e-01,7.500000000000000000e-01,8.900000000000000133e-01,6.409968581633250784e-01,7.675435022360270754e-01,0.000000000000000000e+00,0.000000000000000000e+00
3.202202202202202308e-01,7.500000000000000000e-01,8.900000000000000133e-01,6.409968581633250784e-01,7.675435022360270754e-01,0.000000000000000000e+00,0.000000000000000000e+00
3.191591591591591559e-01,7.500000000000000000e-01,8.900000000000000133e-01,6.409968581633250784e-01,7.675435022360270754e-01,0.000000000000000000e+00,0.000000000000000000e+00
3.180980980980980810e-01,7.500000000000000000e-01,8.900000000000000133e-01,6.409968581633250784e-01,7.675435022360270754e-01,0.000000000000000000e+00,0.000000000000000000e+00
3.170370370370370061e-01,7.500000000000000000e-01,8.900000000000000133e-01,6.409968581633250784e-01,7.675435022360270754e-01,0.000000000000000000e+00,0.000000000000000000e+00
3.159759759759759312e-01,7.500000000000000000e-01,8.900000000000000133e-01,6.409968581633250784e-01,7.675435022360270754e-01,0.000000000000000000e+00,0.000000000000000000e+00
3.149149149149148563e-01,7.500000000000000000e-01,8.900000000000000133e-01,6.409968581633250784e-01,7.675435022360270754e-01,0.000000000000000000e+00,0.000000000000000000e+00
3.138538538538537814e-01,7.500000000000000000e-01,8.900000000000000133e-01,6.409968581633250784e-01,7.675435022360270754e-01,0.000000000000000000e+00,0.000000000000000000e+00
3.127927927927927065e-01,7.500000000000000000e-01,8.900000000000000133e-01,6.409968581633250784e-01,7.675435022360270754e-01,0.000000000000000000e+00,0.000000000000000000e+00
3.117317317317316316e-01,7.500000000000000000e-01,8.900000000000000133e-01,6.409968581633250784e-01,7.675435022360270754e-01,0.000000000000000000e+00,0.000000000000000000e+00
3.106706706706705567e-01,7.500000000000000000e-01,8.900000000000000133e-01,6.409968581633250784e-01,7.675435022360270754e-01,0.000000000000000000e+00,0.000000000000000000e+00
3.096096096096094819e-01,7.500000000000000000e-01,8.900000000000000133e-01,6.409968581633250784e-01,7.675435022360270754e-01,0.000000000000000000e+00,0.000000000000000000e+00
3.085485485485484070e-01,7.500000000000000000e-01,8.900000000000000133e-01,6.409968581633250784e-01,7.675435022360270754e-01,0.000000000000000000e+00,0.000000000000000000e+00
3.074874874874877761e-01,7.500000000000000000e-01,8.900000000000000133e-01,6.409968581633250784e-01,7.675435022360270754e-01,0.000000000000000000e+00,0.000000000000000000e+00
3.064264264264267013e-01,7.500000000000000000e-01,8.900000000000000133e-01,6.409968581633250784e-01,7.675435022360270754e-01,0.000000000000000000e+00,0.000000000000000000e+00
3.053653653653656264e-01,7.500000000000000000e-01,8.900000000000000133e-01,6.409968581633250784e-01,7.675435022360270754e-01,0.000000000000000000e+00,0.000000000000000000e+00
3.043043043043045515e-01,7.500000000000000000e-01,8.900000000000000133e-01,6.409968581633250784e-01,7.675435022360270754e-01,0.000000000000000000e+00,0.000000000000000000e+00
3.032432432432434766e-01,7.500000000000000000e-01,8.900000000000000133e-01,6.409968581633250784e-01,7.675435022360270754e-01,0.000000000000000000e+00,0.000000000000000000e+00
3.021821821821824017e-01,7.500000000000000000e-01,8.900000000000000133e-01,6.409968581633250784e-01,7.675435022360270754e-01,0.000000000000000000e+00,0.000000000000000000e+00
3.011211211211213268e-01,7.500000000000000000e-01,8.900000000000000133e-01,6.409968581633250784e-01,7.675435022360270754e-01,0.000000000000000000e+00,0.000000000000000000e+00
3.000600600600602519e-01,7.500000000000000000e-01,8.900000000000000133e-01,6.409968581633250784e-01,7.675435022360270754e-01,0.000000000000000000e+00,0.000000000000000000e+00
2.989989989989991770e-01,7.500000000000000000e-01,8.900000000000000133e-01,6.409968581633250784e-01,7.675435022360270754e-01,0.000000000000000000e+00,0.000000000000000000e+00
2.979379379379381021e-01,7.500000000000000000e-01,8.900000000000000133e-01,6.409968581633250784e-01,7.675435022360270754e-01,0.000000000000000000e+00,0.000000000000000000e+00
2.968768768768770272e-01,7.500000000000000000e-01,8.900000000000000133e-01,6.409968581633250784e-01,7.675435022360270754e-01,0.000000000000000000e+00,0.000000000000000000e+00
2.958158158158159523e-01,7.500000000000000000e-01,8.900000000000000133e-01,6.409968581633250784e-01,7.675435022360270754e-01,0.000000000000000000e+00,0.000000000000000000e+00
2.947547547547548774e-01,7.500000000000000000e-01,8.900000000000000133e-01,6.409968581633250784e-01,7.675435022360270754e-01,0.000000000000000000e+00,0.000000000000000000e+00
2.936936936936938025e-01,7.500000000000000000e-01,8.900000000000000133e-01,6.409968581633250784e-01,7.675435022360270754e-01,0.000000000000000000e+00,0.000000000000000000e+00
2.926326326326327276e-01,7.500000000000000000e-01,8.900000000000000133e-01,6.409968581633250784e-01,7.675435022360270754e-01,0.000000000000000000e+00,0.000000000000000000e+00
2.915715715715716527e-01,7.500000000000000000e-01,8.900000000000000133e-01,6.409968581633250784e-01,7.675435022360270754e-01,0.000000000000000000e+00,0.000000000000000000e+00
2.905105105105105778e-01,7.500000000000000000e-01,8.900000000000000133e-01,6.409968581633250784e-01,7.675435022360270754e-01,0.000000000000000000e+00,0.000000000000000000e+00
2.894494494494495029e-01,7.500000000000000000e-01,8.900000000000000133e-01,6.409968581633250784e-01,7.675435022360270754e-01,0.000000000000000000e+00,0.000000000000000000e+00
2.883883883883884280e-01,7.500000000000000000e-01,8.900000000000000133e-01,6.409968581633250784e-01,7.675435022360270754e-01,0.000000000000000000e+00,0.000000000000000000e+00
2.873273273273273531e-01,7.500000000000000000e-01,8.900000000000000133e-01,6.409968581633250784e-01,7.675435022360270754e-01,0.000000000000000000e+00,0.000000000000000000e+00
2.862662662662662783e-01,7.500000000000000000e-01,8.900000000000000133e-01,6.409968581633250784e-01,7.675435022360270754e-01,0.000000000000000000e+00,0.000000000000000000e+00
2.852052052052052034e-01,7.500000000000000000e-01,8.900000000000000133e-01,6.409968581633250784e-01,7.675435022360270754e-01,0.000000000000000000e+00,0.000000000000000000e+00
2.841441441441441285e-01,7.500000000000000000e-01,8.900000000000000133e-01,6.409968581633250784e-01,7.675435022360270754e-01,0.000000000000000000e+00,0.000000000000000000e+00
2.830830830830830536e-01,7.500000000000000000e-01,8.900000000000000133e-01,6.409968581633250784e-01,7.675435022360270754e-01,0.000000000000000000e+00,0.000000000000000000e+00
2.820220220220219787e-01,7.500000000000000000e-01,8.900000000000000133e-01,6.409968581633250784e-01,7.675435022360270754e-01,0.000000000000000000e+00,0.000000000000000000e+00
2.809609609609609038e-01,7.500000000000000000e-01,8.900000000000000133e-01,6.409968581633250784e-01,7.675435022360270754e-01,0.000000000000000000e+00,0.000000000000000000e+00
2.798998998998998289e-01,7.500000000000000000e-01,8.900000000000000133e-01,6.409968581633250784e-01,7.675435022360270754e-01,0.000000000000000000e+00,0.000000000000000000e+00
2.788388388388387540e-01,7.500000000000000000e-01,8.900000000000000133e-01,6.409968581633250784e-01,7.675435022360270754e-01,0.000000000000000000e+00,0.000000000000000000e+00
2.777777777777776791e-01,7.500000000000000000e-01,8.900000000000000133e-01,6.409968581633250784e-01,7.675435022360270754e-01,0.000000000000000000e+00,0.000000000000000000e+00
2.767167167167166042e-01,7.500000000000000000e-01,8.900000000000000133e-01,6.409968581633250784e-01,7.675435022360270754e-01,0.000000000000000000e+00,0.000000000000000000e+00
2.756556556556555293e-01,7.500000000000000000e-01,8.900000000000000133e-01,6.409968581633250784e-01,7.675435022360270754e-01,0.000000000000000000e+00,0.000000000000000000e+00
2.745945945945944544e-01,7.500000000000000000e-01,8.900000000000000133e-01,6.409968581633250784e-01,7.675435022360270754e-01,0.000000000000000000e+00,0.000000000000000000e+00
2.735335335335333795e-01,7.500000000000000000e-01,8.900000000000000133e-01,6.409968581633250784e-01,7.675435022360270754e-01,0.000000000000000000e+00,0.000000000000000000e+00
2.724724724724723046e-01,7.500000000000000000e-01,8.900000000000000133e-01,6.409968581633250784e-01,7.675435022360270754e-01,0.000000000000000000e+00,0.000000000000000000e+00
2.714114114114112297e-01,7.500000000000000000e-01,8.900000000000000133e-01,6.409968581633250784e-01,7.675435022360270754e-01,0.000000000000000000e+00,0.000000000000000000e+00
2.703503503503501548e-01,7.500000000000000000e-01,8.900000000000000133e-01,6.409968581633250784e-01,7.675435022360270754e-01,0.000000000000000000e+00,0.000000000000000000e+00
2.692892892892890799e-01,7.500000000000000000e-01,8.900000000000000133e-01,6.409968581633250784e-01,7.675435022360270754e-01,0.000000000000000000e+00,0.000000000000000000e+00
2.682282282282280050e-01,7.500000000000000000e-01,8.900000000000000133e-01,6.409968581633250784e-01,7.675435022360270754e-01,0.000000000000000000e+00,0.000000000000000000e+00
2.671671671671669301e-01,7.500000000000000000e-01,8.900000000000000133e-01,6.409968581633250784e-01,7.675435022360270754e-01,0.000000000000000000e+00,0.000000000000000000e+00
2.661061061061058552e-01,7.500000000000000000e-01,8.900000000000000133e-01,6.409968581633250784e-01,7.675435022360270754e-01,0.000000000000000000e+00,0.000000000000000000e+00
2.650450450450447804e-01,7.500000000000000000e-01,8.900000000000000133e-01,6.409968581633250784e-01,7.675435022360270754e-01,0.000000000000000000e+00,0.000000000000000000e+00
2.639839839839841495e-01,7.500000000000000000e-01,8.900000000000000133e-01,6.409968581633250784e-01,7.675435022360270754e-01,0.000000000000000000e+00,0.000000000000000000e+00
2.629229229229230747e-01,7.500000000000000000e-01,8.900000000000000133e-01,6.409968581633250784e-01,7.675435022360270754e-01,0.000000000000000000e+00,0.000000000000000000e+00
2.618618618618619998e-01,7.500000000000000000e-01,8.900000000000000133e-01,6.409968581633250784e-01,7.675435022360270754e-01,0.000000000000000000e+00,0.000000000000000000e+00
2.608008008008009249e-01,7.500000000000000000e-01,8.900000000000000133e-01,6.409968581633250784e-01,7.675435022360270754e-01,0.000000000000000000e+00,0.000000000000000000e+00
2.597397397397398500e-01,7.500000000000000000e-01,8.900000000000000133e-01,6.409968581633250784e-01,7.675435022360270754e-01,0.000000000000000000e+00,0.000000000000000000e+00
2.586786786786787751e-01,7.500000000000000000e-01,8.900000000000000133e-01,6.409968581633250784e-01,7.675435022360270754e-01,0.000000000000000000e+00,0.000000000000000000e+00
2.576176176176177002e-01,7.500000000000000000e-01,8.900000000000000133e-01,6.409968581633250784e-01,7.675435022360270754e-01,0.000000000000000000e+00,0.000000000000000000e+00
2.565565565565566253e-01,7.500000000000000000e-01,8.900000000000000133e-01,6.409968581633250784e-01,7.675435022360270754e-01,0.000000000000000000e+00,0.000000000000000000e+00
2.554954954954955504e-01,7.500000000000000000e-01,8.900000000000000133e-01,6.409968581633250784e-01,7.675435022360270754e-01,0.000000000000000000e+00,0.000000000000000000e+00
2.544344344344344755e-01,7.500000000000000000e-01,8.900000000000000133e-01,6.409968581633250784e-01,7.675435022360270754e-01,0.000000000000000000e+00,0.000000000000000000e+00
2.533733733733734006e-01,7.500000000000000000e-01,8.900000000000000133e-01,6.409968581633250784e-01,7.675435022360270754e-01,0.000000000000000000e+00,0.000000000000000000e+00
2.523123123123123257e-01,7.500000000000000000e-01,8.900000000000000133e-01,6.409968581633250784e-01,7.675435022360270754e-01,0.000000000000000000e+00,0.000000000000000000e+00
2.512512512512512508e-01,7.500000000000000000e-01,8.900000000000000133e-01,6.409968581633250784e-01,7.675435022360270754e-01,0.000000000000000000e+00,0.000000000000000000e+00
2.501901901901901759e-01,7.500000000000000000e-01,8.900000000000000133e-01,6.409968581633250784e-01,7.675435022360270754e-01,0.000000000000000000e+00,0.000000000000000000e+00
2.491291291291291010e-01,7.500000000000000000e-01,8.900000000000000133e-01,6.409968581633250784e-01,7.675435022360270754e-01,0.000000000000000000e+00,0.000000000000000000e+00
2.480680680680680261e-01,7.500000000000000000e-01,8.900000000000000133e-01,6.409968581633250784e-01,7.675435022360270754e-01,0.000000000000000000e+00,0.000000000000000000e+00
2.470070070070069512e-01,7.500000000000000000e-01,8.900000000000000133e-01,6.409968581633250784e-01,7.675435022360270754e-01,0.000000000000000000e+00,0.000000000000000000e+00
2.459459459459458763e-01,7.500000000000000000e-01,8.900000000000000133e-01,6.409968581633250784e-01,7.675435022360270754e-01,0.000000000000000000e+00,0.000000000000000000e+00
2.448848848848848014e-01,7.500000000000000000e-01,8.900000000000000133e-01,6.409968581633250784e-01,7.675435022360270754e-01,0.000000000000000000e+00,0.000000000000000000e+00
2.438238238238237265e-01,7.500000000000000000e-01,8.900000000000000133e-01,6.409968581633250784e-01,7.675435022360270754e-01,0.000000000000000000e+00,0.000000000000000000e+00
2.427627627627626516e-01,7.500000000000000000e-01,8.900000000000000133e-01,6.409968581633250784e-01,7.675435022360270754e-01,0.000000000000000000e+00,0.000000000000000000e+00
2.417017017017015768e-01,7.500000000000000000e-01,8.900000000000000133e-01,6.409968581633250784e-01,7.675435022360270754e-01,0.000000000000000000e+00,0.000000000000000000e+00
2.406406406406405019e-01,7.500000000000000000e-01,8.900000000000000133e-01,6.409968581633250784e-01,7.675435022360270754e-01,0.000000000000000000e+00,0.000000000000000000e+00
2.395795795795798711e-01,7.500000000000000000e-01,8.900000000000000133e-01,6.409968581633250784e-01,7.675435022360270754e-01,0.000000000000000000e+00,0.000000000000000000e+00
2.385185185185187962e-01,7.500000000000000000e-01,8.900000000000000133e-01,6.409968581633250784e-01,7.675435022360270754e-01,0.000000000000000000e+00,0.000000000000000000e+00
2.374574574574577213e-01,7.500000000000000000e-01,8.900000000000000133e-01,6.409968581633250784e-01,7.675435022360270754e-01,0.000000000000000000e+00,0.000000000000000000e+00
2.363963963963966464e-01,7.500000000000000000e-01,8.900000000000000133e-01,6.409968581633250784e-01,7.675435022360270754e-01,0.000000000000000000e+00,0.000000000000000000e+00
2.353353353353355715e-01,7.500000000000000000e-01,8.900000000000000133e-01,6.409968581633250784e-01,7.675435022360270754e-01,0.000000000000000000e+00,0.000000000000000000e+00
2.342742742742744966e-01,7.500000000000000000e-01,8.900000000000000133e-01,6.409968581633250784e-01,7.675435022360270754e-01,0.000000000000000000e+00,0.000000000000000000e+00
2.332132132132134217e-01,7.500000000000000000e-01,8.900000000000000133e-01,6.409968581633250784e-01,7.675435022360270754e-01,0.000000000000000000e+00,0.000000000000000000e+00
2.321521521521523468e-01,7.500000000000000000e-01,8.900000000000000133e-01,6.409968581633250784e-01,7.675435022360270754e-01,0.000000000000000000e+00,0.000000000000000000e+00
2.310910910910912719e-01,7.500000000000000000e-01,8.900000000000000133e-01,6.409968581633250784e-01,7.675435022360270754e-01,0.000000000000000000e+00,0.000000000000000000e+00
2.300300300300301970e-01,7.500000000000000000e-01,8.900000000000000133e-01,6.409968581633250784e-01,7.675435022360270754e-01,0.000000000000000000e+00,0.000000000000000000e+00
2.289689689689691221e-01,7.500000000000000000e-01,8.900000000000000133e-01,6.409968581633250784e-01,7.675435022360270754e-01,0.000000000000000000e+00,0.000000000000000000e+00
2.279079079079080472e-01,7.500000000000000000e-01,8.900000000000000133e-01,6.409968581633250784e-01,7.675435022360270754e-01,0.000000000000000000e+00,0.000000000000000000e+00
2.268468468468469723e-01,7.500000000000000000e-01,8.900000000000000133e-01,6.409968581633250784e-01,7.675435022360270754e-01,0.000000000000000000e+00,0.000000000000000000e+00
2.257857857857858974e-01,7.500000000000000000e-01,8.900000000000000133e-01,6.409968581633250784e-01,7.675435022360270754e-01,0.000000000000000000e+00,0.000000000000000000e+00
2.247247247247248225e-01,7.500000000000000000e-01,8.900000000000000133e-01,6.409968581633250784e-01,7.675435022360270754e-01,0.000000000000000000e+00,0.000000000000000000e+00
2.236636636636637476e-01,7.500000000000000000e-01,8.900000000000000133e-01,6.409968581633250784e-01,7.675435022360270754e-01,0.000000000000000000e+00,0.000000000000000000e+00
2.226026026026026727e-01,7.500000000000000000e-01,8.900000000000000133e-01,6.409968581633250784e-01,7.675435022360270754e-01,0.000000000000000000e+00,0.000000000000000000e+00
2.215415415415415978e-01,7.500000000000000000e-01,8.900000000000000133e-01,6.409968581633250784e-01,7.675435022360270754e-01,0.000000000000000000e+00,0.000000000000000000e+00
2.204804804804805229e-01,7.500000000000000000e-01,8.900000000000000133e-01,6.409968581633250784e-01,7.675435022360270754e-01,0.000000000000000000e+00,0.000000000000000000e+00
2.194194194194194480e-01,7.500000000000000000e-01,8.900000000000000133e-01,6.409968581633250784e-01,7.675435022360270754e-01,0.000000000000000000e+00,0.000000000000000000e+00
2.183583583583583732e-01,7.500000000000000000e-01,8.900000000000000133e-01,6.409968581633250784e-01,7.675435022360270754e-01,0.000000000000000000e+00,0.000000000000000000e+00
2.172972972972972983e-01,7.500000000000000000e-01,8.900000000000000133e-01,6.409968581633250784e-01,7.675435022360270754e-01,0.000000000000000000e+00,0.000000000000000000e+00
2.162362362362362234e-01,7.500000000000000000e-01,8.900000000000000133e-01,6.409968581633250784e-01,7.675435022360270754e-01,0.000000000000000000e+00,0.000000000000000000e+00
2.151751751751751485e-01,7.500000000000000000e-01,8.900000000000000133e-01,6.409968581633250784e-01,7.675435022360270754e-01,0.000000000000000000e+00,0.000000000000000000e+00
2.141141141141140736e-01,7.500000000000000000e-01,8.900000000000000133e-01,6.409968581633250784e-01,7.675435022360270754e-01,0.000000000000000000e+00,0.000000000000000000e+00
2.130530530530529987e-01,7.500000000000000000e-01,8.900000000000000133e-01,6.409968581633250784e-01,7.675435022360270754e-01,0.000000000000000000e+00,0.000000000000000000e+00
2.119919919919919238e-01,7.500000000000000000e-01,8.900000000000000133e-01,6.409968581633250784e-01,7.675435022360270754e-01,0.000000000000000000e+00,0.000000000000000000e+00
2.109309309309308489e-01,7.500000000000000000e-01,8.900000000000000133e-01,6.409968581633250784e-01,7.675435022360270754e-01,0.000000000000000000e+00,0.000000000000000000e+00
2.098698698698697740e-01,7.500000000000000000e-01,8.900000000000000133e-01,6.409968581633250784e-01,7.675435022360270754e-01,0.000000000000000000e+00,0.000000000000000000e+00
2.088088088088086991e-01,7.500000000000000000e-01,8.900000000000000133e-01,6.409968581633250784e-01,7.675435022360270754e-01,0.000000000000000000e+00,0.000000000000000000e+00
2.077477477477476242e-01,7.500000000000000000e-01,8.900000000000000133e-01,6.409968581633250784e-01,7.675435022360270754e-01,0.000000000000000000e+00,0.000000000000000000e+00
2.066866866866865493e-01,7.500000000000000000e-01,8.900000000000000133e-01,6.409968581633250784e-01,7.675435022360270754e-01,0.000000000000000000e+00,0.000000000000000000e+00
2.056256256256254744e-01,7.500000000000000000e-01,8.900000000000000133e-01,6.409968581633250784e-01,7.675435022360270754e-01,0.000000000000000000e+00,0.000000000000000000e+00
2.045645645645643995e-01,7.500000000000000000e-01,8.900000000000000133e-01,6.409968581633250784e-01,7.675435022360270754e-01,0.000000000000000000e+00,0.000000000000000000e+00
2.035035035035033246e-01,7.500000000000000000e-01,8.900000000000000133e-01,6.409968581633250784e-01,7.675435022360270754e-01,0.000000000000000000e+00,0.000000000000000000e+00
2.024424424424422497e-01,7.500000000000000000e-01,8.900000000000000133e-01,6.409968581633250784e-01,7.675435022360270754e-01,0.000000000000000000e+00,0.000000000000000000e+00
2.013813813813811748e-01,7.500000000000000000e-01,8.900000000000000133e-01,6.409968581633250784e-01,7.675435022360270754e-01,0.000000000000000000e+00,0.000000000000000000e+00
2.003203203203200999e-01,7.500000000000000000e-01,8.900000000000000133e-01,6.409968581633250784e-01,7.675435022360270754e-01,0.000000000000000000e+00,0.000000000000000000e+00
1.992592592592590250e-01,7.500000000000000000e-01,8.900000000000000133e-01,6.409968581633250784e-01,7.675435022360270754e-01,0.000000000000000000e+00,0.000000000000000000e+00
1.981981981981979501e-01,7.500000000000000000e-01,8.900000000000000133e-01,6.409968581633250784e-01,7.675435022360270754e-01,0.000000000000000000e+00,0.000000000000000000e+00
1.971371371371368753e-01,7.500000000000000000e-01,8.900000000000000133e-01,6.409968581633250784e-01,7.675435022360270754e-01,0.000000000000000000e+00,0.000000000000000000e+00
1.960760760760758004e-01,7.500000000000000000e-01,8.900000000000000133e-01,6.409968581633250784e-01,7.675435022360270754e-01,0.000000000000000000e+00,0.000000000000000000e+00
1.950150150150147255e-01,7.500000000000000000e-01,8.900000000000000133e-01,6.409968581633250784e-01,7.675435022360270754e-01,0.000000000000000000e+00,0.000000000000000000e+00
1.939539539539536506e-01,7.500000000000000000e-01,8.900000000000000133e-01,6.409968581633250784e-01,7.675435022360270754e-01,0.000000000000000000e+00,0.000000000000000000e+00
1.928928928928925757e-01,7.500000000000000000e-01,8.900000000000000133e-01,6.409968581633250784e-01,7.675435022360270754e-01,0.000000000000000000e+00,0.000000000000000000e+00
1.918318318318319449e-01,7.500000000000000000e-01,8.900000000000000133e-01,6.409968581633250784e-01,7.675435022360270754e-01,0.000000000000000000e+00,0.000000000000000000e+00
1.907707707707708700e-01,7.500000000000000000e-01,8.900000000000000133e-01,6.409968581633250784e-01,7.675435022360270754e-01,0.000000000000000000e+00,0.000000000000000000e+00
1.897097097097097951e-01,7.500000000000000000e-01,8.900000000000000133e-01,6.409968581633250784e-01,7.675435022360270754e-01,0.000000000000000000e+00,0.000000000000000000e+00
1.886486486486487202e-01,7.500000000000000000e-01,8.900000000000000133e-01,6.409968581633250784e-01,7.675435022360270754e-01,0.000000000000000000e+00,0.000000000000000000e+00
1.875875875875876453e-01,7.500000000000000000e-01,8.900000000000000133e-01,6.409968581633250784e-01,7.675435022360270754e-01,0.000000000000000000e+00,0.000000000000000000e+00
1.865265265265265704e-01,7.500000000000000000e-01,8.900000000000000133e-01,6.409968581633250784e-01,7.675435022360270754e-01,0.000000000000000000e+00,0.000000000000000000e+00
1.854654654654654955e-01,7.500000000000000000e-01,8.900000000000000133e-01,6.409968581633250784e-01,7.675435022360270754e-01,0.000000000000000000e+00,0.000000000000000000e+00
1.844044044044044206e-01,7.500000000000000000e-01,8.900000000000000133e-01,6.409968581633250784e-01,7.675435022360270754e-01,0.000000000000000000e+00,0.000000000000000000e+00
1.833433433433433457e-01,7.500000000000000000e-01,8.900000000000000133e-01,6.409968581633250784e-01,7.675435022360270754e-01,0.000000000000000000e+00,0.000000000000000000e+00
1.822822822822822708e-01,7.500000000000000000e-01,8.900000000000000133e-01,6.409968581633250784e-01,7.675435022360270754e-01,0.000000000000000000e+00,0.000000000000000000e+00
1.812212212212211959e-01,7.500000000000000000e-01,8.900000000000000133e-01,6.409968581633250784e-01,7.675435022360270754e-01,0.000000000000000000e+00,0.000000000000000000e+00
1.801601601601601210e-01,7.500000000000000000e-01,8.900000000000000133e-01,6.409968581633250784e-01,7.675435022360270754e-01,0.000000000000000000e+00,0.000000000000000000e+00
1.790990990990990461e-01,7.500000000000000000e-01,8.900000000000000133e-01,6.409968581633250784e-01,7.675435022360270754e-01,0.000000000000000000e+00,0.000000000000000000e+00
1.780380380380379712e-01,7.500000000000000000e-01,8.900000000000000133e-01,6.409968581633250784e-01,7.675435022360270754e-01,0.000000000000000000e+00,0.000000000000000000e+00
1.769769769769768963e-01,7.500000000000000000e-01,8.900000000000000133e-01,6.409968581633250784e-01,7.675435022360270754e-01,0.000000000000000000e+00,0.000000000000000000e+00
1.759159159159162655e-01,7.500000000000000000e-01,8.900000000000000133e-01,6.409968581633250784e-01,7.675435022360270754e-01,0.000000000000000000e+00,0.000000000000000000e+00
1.748548548548551906e-01,7.500000000000000000e-01,8.900000000000000133e-01,6.409968581633250784e-01,7.675435022360270754e-01,0.000000000000000000e+00,0.000000000000000000e+00
1.737937937937941157e-01,7.500000000000000000e-01,8.900000000000000133e-01,6.409968581633250784e-01,7.675435022360270754e-01,0.000000000000000000e+00,0.000000000000000000e+00
1.727327327327330408e-01,7.500000000000000000e-01,8.900000000000000133e-01,6.409968581633250784e-01,7.675435022360270754e-01,0.000000000000000000e+00,0.000000000000000000e+00
1.716716716716719660e-01,7.500000000000000000e-01,8.900000000000000133e-01,6.409968581633250784e-01,7.675435022360270754e-01,0.000000000000000000e+00,0.000000000000000000e+00
1.706106106106108911e-01,7.500000000000000000e-01,8.900000000000000133e-01,6.409968581633250784e-01,7.675435022360270754e-01,0.000000000000000000e+00,0.000000000000000000e+00
1.695495495495498162e-01,7.500000000000000000e-01,8.900000000000000133e-01,6.409968581633250784e-01,7.675435022360270754e-01,0.000000000000000000e+00,0.000000000000000000e+00
1.684884884884887413e-01,7.500000000000000000e-01,8.900000000000000133e-01,6.409968581633250784e-01,7.675435022360270754e-01,0.000000000000000000e+00,0.000000000000000000e+00
1.674274274274276664e-01,7.500000000000000000e-01,8.900000000000000133e-01,6.409968581633250784e-01,7.675435022360270754e-01,0.000000000000000000e+00,0.000000000000000000e+00
1.663663663663665915e-01,7.500000000000000000e-01,8.900000000000000133e-01,6.409968581633250784e-01,7.675435022360270754e-01,0.000000000000000000e+00,0.000000000000000000e+00
1.653053053053055166e-01,7.500000000000000000e-01,8.900000000000000133e-01,6.409968581633250784e-01,7.675435022360270754e-01,0.000000000000000000e+00,0.000000000000000000e+00
1.642442442442444417e-01,7.500000000000000000e-01,8.900000000000000133e-01,6.409968581633250784e-01,7.675435022360270754e-01,0.000000000000000000e+00,0.000000000000000000e+00
1.631831831831833668e-01,7.500000000000000000e-01,8.900000000000000133e-01,6.409968581633250784e-01,7.675435022360270754e-01,0.000000000000000000e+00,0.000000000000000000e+00
1.621221221221222919e-01,7.500000000000000000e-01,8.900000000000000133e-01,6.409968581633250784e-01,7.675435022360270754e-01,0.000000000000000000e+00,0.000000000000000000e+00
1.610610610610612170e-01,7.500000000000000000e-01,8.900000000000000133e-01,6.409968581633250784e-01,7.675435022360270754e-01,0.000000000000000000e+00,0.000000000000000000e+00
1.600000000000001421e-01,7.500000000000000000e-01,8.900000000000000133e-01,6.409968581633250784e-01,7.675435022360270754e-01,0.000000000000000000e+00,0.000000000000000000e+00
