-1.099999999999999867e+00,7.500000000000000000e-01,8.800000000000000044e-01,6.409968581633250784e-01,7.675435022360270754e-01,0.000000000000000000e+00,0.000000000000000000e+00
-1.098938938938938792e+00,7.500000000000000000e-01,8.800000000000000044e-01,6.409968581633250784e-01,7.675435022360270754e-01,0.000000000000000000e+00,0.000000000000000000e+00
-1.097877877877877717e+00,7.500000000000000000e-01,8.800000000000000044e-01,6.409968581633250784e-01,7.675435022360270754e-01,0.000000000000000000e+00,0.000000000000000000e+00
-1.096816816816816642e+00,7.500000000000000000e-01,8.800000000000000044e-01,6.409968581633250784e-01,7.675435022360270754e-01,0.000000000000000000e+00,0.000000000000000000e+00
-1.095755755755755567e+00,7.500000000000000000e-01,8.800000000000000044e-01,6.409968581633250784e-01,7.675435022360270754e-01,0.000000000000000000e+00,0.000000000000000000e+00
-1.094694694694694492e+00,7.500000000000000000e-01,8.800000000000000044e-01,6.409968581633250784e-01,7.675435022360270754e-01,0.000000000000000000e+00,0.000000000000000000e+00
-1.093633633633633417e+00,7.500000000000000000e-01,8.800000000000000044e-01,6.409968581633250784e-01,7.675435022360270754e-01,0.000000000000000000e+00,0.000000000000000000e+00
-1.092572572572572343e+00,7.500000000000000000e-01,8.800000000000000044e-01,6.409968581633250784e-01,7.675435022360270754e-01,0.000000000000000000e+00,0.000000000000000000e+00
-1.091511511511511490e+00,7.500000000000000000e-01,8.800000000000000044e-01,6.409968581633250784e-01,7.675435022360270754e-01,0.000000000000000000e+00,0.000000000000000000e+00
-1.090450450450450415e+00,7.500000000000000000e-01,8.800000000000000044e-01,6.409968581633250784e-01,7.675435022360270754e-01,0.000000000000000000e+00,0.000000000000000000e+00
-1.089389389389389340e+00,7.500000000000000000e-01,8.800000000000000044e-01,6.409968581633250784e-01,7.675435022360270754e-01,0.000000000000000000e+00,0.000000000000000000e+00
-1.088328328328328265e+00,7.500000000000000000e-01,8.800000000000000044e-01,6.409968581633250784e-01,7.675435022360270754e-01,0.000000000000000000e+00,0.000000000000000000e+00
-1.087267267267267190e+00,7.500000000000000000e-01,8.800000000000000044e-01,6.409968581633250784e-01,7.675435022360270754e-01,0.000000000000000000e+00,0.000000000000000000e+00
-1.086206206206206115e+00,7.500000000000000000e-01,8.800000000000000044e-01,6.409968581633250784e-01,7.675435022360270754e-01,0.000000000000000000e+00,0.000000000000000000e+00
-1.085145145145145040e+00,7.500000000000000000e-01,8.800000000000000044e-01,6.409968581633250784e-01,7.675435022360270754e-01,0.000000000000000000e+00,0.000000000000000000e+00
-1.084084084084083965e+00,7.500000000000000000e-01,8.800000000000000044e-01,6.409968581633250784e-01,7.675435022360270754e-01,0.000000000000000000e+00,0.000000000000000000e+00
-1.083023023023022890e+00,7.500000000000000000e-01,8.800000000000000044e-01,6.409968581633250784e-01,7.675435022360270754e-01,0.000000000000000000e+00,0.000000000000000000e+00
-1.081961961961961816e+00,7.500000000000000000e-01,8.800000000000000044e-01,6.409968581633250784e-01,7.675435022360270754e-01,0.000000000000000000e+00,0.000000000000000000e+00
-1.080900900900900741e+00,7.500000000000000000e-01,8.800000000000000044e-01,6.409968581633250784e-01,7.675435022360270754e-01,0.000000000000000000e+00,0.000000000000000000e+00
-1.079839839839839666e+00,7.500000000000000000e-01,8.800000000000000044e-01,6.409968581633250784e-01,7.675435022360270754e-01,0.000000000000000000e+00,0.000000000000000000e+00
-1.078778778778778591e+00,7.500000000000000000e-01,8.800000000000000044e-01,6.409968581633250784e-01,7.675435022360270754e-01,0.000000000000000000e+00,0.000000000000000000e+00
-1.077717717717717516e+00,7.500000000000000000e-01,8.800000000000000044e-01,6.409968581633250784e-01,7.675435022360270754e-01,0.000000000000000000e+00,0.000000000000000000e+00
-1.076656656656656441e+00,7.500000000000000000e-01,8.800000000000000044e-01,6.409968581633250784e-01,7.675435022360270754e-01,0.000000000000000000e+00,0.000000000000000000e+00
-1.075595595595595366e+00,7.500000000000000000e-01,8.800000000000000044e-01,6.409968581633250784e-01,7.675435022360270754e-01,0.000000000000000000e+00,0.000000000000000000e+00
-1.074534534534534291e+00,7.500000000000000000e-01,8.800000000000000044e-01,6.409968581633250784e-01,7.675435022360270754e-01,0.000000000000000000e+00,0.000000000000000000e+00
-1.073473473473473438e+00,7.500000000000000000e-01,8.800000000000000044e-01,6.409968581633250784e-01,7.675435022360270754e-01,0.000000000000000000e+00,0.000000000000000000e+00
-1.072412412412412364e+00,7.500000000000000000e-01,8.800000000000000044e-01,6.409968581633250784e-01,7.675435022360270754e-01,0.000000000000000000e+00,0.000000000000000000e+00
-1.071351351351351289e+00,7.500000000000000000e-01,8.800000000000000044e-01,6.409968581633250784e-01,7.675435022360270754e-01,0.000000000000000000e+00,0.000000000000000000e+00
-1.070290290290290214e+00,7.500000000000000000e-01,8.800000000000000044e-01,6.409968581633250784e-01,7.675435022360270754e-01,0.000000000000000000e+00,0.000000000000000000e+00
-1.069229229229229139e+00,7.500000000000000000e-01,8.800000000000000044e-01,6.409968581633250784e-01,7.675435022360270754e-01,0.000000000000000000e+00,0.000000000000000000e+00
-1.068168168168168064e+00,7.500000000000000000e-01,8.800000000000000044e-01,6.409968581633250784e-01,7.675435022360270754e-01,0.000000000000000000e+00,0.000000000000000000e+00
-1.067107107107106989e+00,7.500000000000000000e-01,8.800000000000000044e-01,6.409968581633250784e-01,7.675435022360270754e-01,0.000000000000000000e+00,0.000000000000000000e+00
-1.066046046046045914e+00,7.500000000000000000e-01,8.800000000000000044e-01,6.409968581633250784e-01,7.675435022360270754e-01,0.000000000000000000e+00,0.000000000000000000e+00
-1.064984984984984839e+00,7.500000000000000000e-01,8.800000000000000044e-01,6.409968581633250784e-01,7.675435022360270754e-01,0.000000000000000000e+00,0.000000000000000000e+00
-1.063923923923923764e+00,7.500000000000000000e-01,8.800000000000000044e-01,6.409968581633250784e-01,7.675435022360270754e-01,0.000000000000000000e+00,0.000000000000000000e+00
-1.062862862862862690e+00,7.500000000000000000e-01,8.800000000000000044e-01,6.409968581633250784e-01,7.675435022360270754e-01,0.000000000000000000e+00,0.000000000000000000e+00
-1.061801801801801615e+00,7.500000000000000000e-01,8.800000000000000044e-01,6.409968581633250784e-01,7.675435022360270754e-01,0.000000000000000000e+00,0.000000000000000000e+00
-1.060740740740740540e+00,7.500000000000000000e-01,8.800000000000000044e-01,6.409968581633250784e-01,7.675435022360270754e-01,0.000000000000000000e+00,0.000000000000000000e+00
-1.059679679679679465e+00,7.500000000000000000e-01,8.800000000000000044e-01,6.409968581633250784e-01,7.675435022360270754e-01,0.000000000000000000e+00,0.000000000000000000e+00
-1.058618618618618390e+00,7.500000000000000000e-01,8.800000000000000044e-01,6.409968581633250784e-01,7.675435022360270754e-01,0.000000000000000000e+00,0.000000000000000000e+00
-1.057557557557557537e+00,7.500000000000000000e-01,8.800000000000000044e-01,6.409968581633250784e-01,7.675435022360270754e-01,0.000000000000000000e+00,0.000000000000000000e+00
-1.056496496496496462e+00,7.500000000000000000e-01,8.800000000000000044e-01,6.409968581633250784e-01,7.675435022360270754e-01,0.000000000000000000e+00,0.000000000000000000e+00
-1.055435435435435387e+00,7.500000000000000000e-01,8.800000000000000044e-01,6.409968581633250784e-01,7.675435022360270754e-01,0.000000000000000000e+00,0.000000000000000000e+00
-1.054374374374374312e+00,7.500000000000000000e-01,8.800000000000000044e-01,6.409968581633250784e-01,7.675435022360270754e-01,0.000000000000000000e+00,0.000000000000000000e+00
-1.053313313313313238e+00,7.500000000000000000e-01,8.800000000000000044e-01,6.409968581633250784e-01,7.675435022360270754e-01,0.000000000000000000e+00,0.000000000000000000e+00
-1.052252252252252163e+00,7.500000000000000000e-01,8.800000000000000044e-01,6.409968581633250784e-01,7.675435022360270754e-01,0.000000000000000000e+00,0.000000000000000000e+00
-1.051191191191191088e+00,7.500000000000000000e-01,8.800000000000000044e-01,6.409968581633250784e-01,7.675435022360270754e-01,0.000000000000000000e+00,0.000000000000000000e+00
-1.050130130130130013e+00,7.500000000000000000e-01,8.800000000000000044e-01,6.409968581633250784e-01,7.675435022360270754e-01,0.000000000000000000e+00,0.000000000000000000e+00
-1.049069069069068938e+00,7.500000000000000000e-01,8.800000000000000044e-01,6.409968581633250784e-01,7.675435022360270754e-01,0.000000000000000000e+00,0.000000000000000000e+00
-1.048008008008007863e+00,7.500000000000000000e-01,8.800000000000000044e-01,6.409968581633250784e-01,7.675435022360270754e-01,0.000000000000000000e+00,0.000000000000000000e+00
-1.046946946946946788e+00,7.500000000000000000e-01,8.800000000000000044e-01,6.409968581633250784e-01,7.675435022360270754e-01,0.000000000000000000e+00,0.000000000000000000e+00
-1.045885885885885713e+00,7.500000000000000000e-01,8.800000000000000044e-01,6.409968581633250784e-01,7.675435022360270754e-01,0.000000000000000000e+00,0.000000000000000000e+00
-1.044824824824824638e+00,7.500000000000000000e-01,8.800000000000000044e-01,6.409968581633250784e-01,7.675435022360270754e-01,0.000000000000000000e+00,0.000000000000000000e+00
-1.043763763763763563e+00,7.500000000000000000e-01,8.800000000000000044e-01,6.409968581633250784e-01,7.675435022360270754e-01,0.000000000000000000e+00,0.000000000000000000e+00
-1.042702702702702489e+00,7.500000000000000000e-01,8.800000000000000044e-01,6.409968581633250784e-01,7.675435022360270754e-01,0.000000000000000000e+00,0.000000000000000000e+00
-1.041641641641641414e+00,7.500000000000000000e-01,8.800000000000000044e-01,6.409968581633250784e-01,7.675435022360270754e-01,0.000000000000000000e+00,0.000000000000000000e+00
-1.040580580580580339e+00,7.500000000000000000e-01,8.800000000000000044e-01,6.409968581633250784e-01,7.675435022360270754e-01,0.000000000000000000e+00,0.000000000000000000e+00
-1.039519519519519486e+00,7.500000000000000000e-01,8.800000000000000044e-01,6.409968581633250784e-01,7.675435022360270754e-01,0.000000000000000000e+00,0.000000000000000000e+00
-1.038458458458458411e+00,7.500000000000000000e-01,8.800000000000000044e-01,6.409968581633250784e-01,7.675435022360270754e-01,0.000000000000000000e+00,0.000000000000000000e+00
-1.037397397397397336e+00,7.500000000000000000e-01,8.800000000000000044e-01,6.409968581633250784e-01,7.675435022360270754e-01,0.000000000000000000e+00,0.000000000000000000e+00
-1.036336336336336261e+00,7.500000000000000000e-01,8.800000000000000044e-01,6.409968581633250784e-01,7.675435022360270754e-01,0.000000000000000000e+00,0.000000000000000000e+00
-1.035275275275275186e+00,7.500000000000000000e-01,8.800000000000000044e-01,6.409968581633250784e-01,7.675435022360270754e-01,0.000000000000000000e+00,0.000000000000000000e+00
-1.034214214214214111e+00,7.500000000000000000e-01,8.800000000000000044e-01,6.409968581633250784e-01,7.675435022360270754e-01,0.000000000000000000e+00,0.000000000000000000e+00
-1.033153153153153037e+00,7.500000000000000000e-01,8.800000000000000044e-01,6.409968581633250784e-01,7.675435022360270754e-01,0.000000000000000000e+00,0.000000000000000000e+00
-1.032092092092091962e+00,7.500000000000000000e-01,8.800000000000000044e-01,6.409968581633250784e-01,7.675435022360270754e-01,0.000000000000000000e+00,0.000000000000000000e+00
-1.031031031031030887e+00,7.500000000000000000e-01,8.800000000000000044e-01,6.409968581633250784e-01,7.675435022360270754e-01,0.000000000000000000e+00,0.000000000000000000e+00
-1.029969969969969812e+00,7.500000000000000000e-01,8.800000000000000044e-01,6.409968581633250784e-01,7.675435022360270754e-01,0.000000000000000000e+00,0.000000000000000000e+00
-1.028908908908908737e+00,7.500000000000000000e-01,8.800000000000000044e-01,6.409968581633250784e-01,7.675435022360270754e-01,0.000000000000000000e+00,0.000000000000000000e+00
-1.027847847847847662e+00,7.500000000000000000e-01,8.800000000000000044e-01,6.409968581633250784e-01,7.675435022360270754e-01,0.000000000000000000e+00,0.000000000000000000e+00
-1.026786786786786587e+00,7.500000000000000000e-01,8.800000000000000044e-01,6.409968581633250784e-01,7.675435022360270754e-01,0.000000000000000000e+00,0.000000000000000000e+00
-1.025725725725725512e+00,7.500000000000000000e-01,8.800000000000000044e-01,6.409968581633250784e-01,7.675435022360270754e-01,0.000000000000000000e+00,0.000000000000000000e+00
-1.024664664664664437e+00,7.500000000000000000e-01,8.800000000000000044e-01,6.409968581633250784e-01,7.675435022360270754e-01,0.000000000000000000e+00,0.000000000000000000e+00
-1.023603603603603585e+00,7.500000000000000000e-01,8.800000000000000044e-01,6.409968581633250784e-01,7.675435022360270754e-01,0.000000000000000000e+00,0.000000000000000000e+00
-1.022542542542542510e+00,7.500000000000000000e-01,8.800000000000000044e-01,6.409968581633250784e-01,7.675435022360270754e-01,0.000000000000000000e+00,0.000000000000000000e+00
-1.021481481481481435e+00,7.500000000000000000e-01,8.800000000000000044e-01,6.409968581633250784e-01,7.675435022360270754e-01,0.000000000000000000e+00,0.000000000000000000e+00
-1.020420420420420360e+00,7.500000000000000000e-01,8.800000000000000044e-01,6.409968581633250784e-01,7.675435022360270754e-01,0.000000000000000000e+00,0.000000000000000000e+00
-1.019359359359359285e+00,7.500000000000000000e-01,8.800000000000000044e-01,6.409968581633250784e-01,7.675435022360270754e-01,0.000000000000000000e+00,0.000000000000000000e+00
-1.018298298298298210e+00,7.500000000000000000e-01,8.800000000000000044e-01,6.409968581633250784e-01,7.675435022360270754e-01,0.000000000000000000e+00,0.000000000000000000e+00
-1.017237237237237135e+00,7.500000000000000000e-01,8.800000000000000044e-01,6.409968581633250784e-01,7.675435022360270754e-01,0.000000000000000000e+00,0.000000000000000000e+00
-1.016176176176176060e+00,7.500000000000000000e-01,8.800000000000000044e-01,6.409968581633250784e-01,7.675435022360270754e-01,0.000000000000000000e+00,0.000000000000000000e+00
-1.015115115115114985e+00,7.500000000000000000e-01,8.800000000000000044e-01,6.409968581633250784e-01,7.675435022360270754e-01,0.000000000000000000e+00,0.000000000000000000e+00
-1.014054054054053911e+00,7.500000000000000000e-01,8.800000000000000044e-01,6.409968581633250784e-01,7.675435022360270754e-01,0.000000000000000000e+00,0.000000000000000000e+00
-1.012992992992992836e+00,7.500000000000000000e-01,8.800000000000000044e-01,6.409968581633250784e-01,7.675435022360270754e-01,0.000000000000000000e+00,0.000000000000000000e+00
-1.011931931931931761e+00,7.500000000000000000e-01,8.800000000000000044e-01,6.409968581633250784e-01,7.675435022360270754e-01,0.000000000000000000e+00,0.000000000000000000e+00
-1.010870870870870686e+00,7.500000000000000000e-01,8.800000000000000044e-01,6.409968581633250784e-01,7.675435022360270754e-01,0.000000000000000000e+00,0.000000000000000000e+00
-1.009809809809809611e+00,7.500000000000000000e-01,8.800000000000000044e-01,6.409968581633250784e-01,7.675435022360270754e-01,0.000000000000000000e+00,0.000000000000000000e+00
-1.008748748748748536e+00,7.500000000000000000e-01,8.800000000000000044e-01,6.409968581633250784e-01,7.675435022360270754e-01,0.000000000000000000e+00,0.000000000000000000e+00
-1.007687687687687461e+00,7.500000000000000000e-01,8.800000000000000044e-01,6.409968581633250784e-01,7.675435022360270754e-01,0.000000000000000000e+00,0.000000000000000000e+00
-1.006626626626626386e+00,7.500000000000000000e-01,8.800000000000000044e-01,6.409968581633250784e-01,7.675435022360270754e-01,0.000000000000000000e+00,0.000000000000000000e+00
-1.005565565565565533e+00,7.500000000000000000e-01,8.800000000000000044e-01,6.409968581633250784e-01,7.675435022360270754e-01,0.000000000000000000e+00,0.000000000000000000e+00
-1.004504504504504458e+00,7.500000000000000000e-01,8.800000000000000044e-01,6.409968581633250784e-01,7.675435022360270754e-01,0.000000000000000000e+00,0.000000000000000000e+00
-1.003443443443443384e+00,7.500000000000000000e-01,8.800000000000000044e-01,6.409968581633250784e-01,7.675435022360270754e-01,0.000000000000000000e+00,0.000000000000000000e+00
-1.002382382382382309e+00,7.500000000000000000e-01,8.800000000000000044e-01,6.409968581633250784e-01,7.675435022360270754e-01,0.000000000000000000e+00,0.000000000000000000e+00
-1.001321321321321234e+00,7.500000000000000000e-01,8.800000000000000044e-01,6.409968581633250784e-01,7.675435022360270754e-01,0.000000000000000000e+00,0.000000000000000000e+00
-1.000260260260260159e+00,7.500000000000000000e-01,8.800000000000000044e-01,6.409968581633250784e-01,7.675435022360270754e-01,0.000000000000000000e+00,0.000000000000000000e+00
-9.991991991991991950e-01,7.500000000000000000e-01,8.800000000000000044e-01,6.409968581633250784e-01,7.675435022360270754e-01,0.000000000000000000e+00,0.000000000000000000e+00
-9.981381381381381201e-01,7.500000000000000000e-01,8.800000000000000044e-01,6.409968581633250784e-01,7.675435022360270754e-01,0.000000000000000000e+00,0.000000000000000000e+00
-9.970770770770770453e-01,7.500000000000000000e-01,8.800000000000000044e-01,6.409968581633250784e-01,7.675435022360270754e-01,0.000000000000000000e+00,0.000000000000000000e+00
-9.960160160160159704e-01,7.500000000000000000e-01,8.800000000000000044e-01,6.409968581633250784e-01,7.675435022360270754e-01,0.000000000000000000e+00,0.000000000000000000e+00
-9.949549549549548955e-01,7.500000000000000000e-01,8.800000000000000044e-01,6.409968581633250784e-01,7.675435022360270754e-01,0.000000000000000000e+00,0.000000000000000000e+00
-9.938938938938938206e-01,7.500000000000000000e-01,8.800000000000000044e-01,6.409968581633250784e-01,7.675435022360270754e-01,0.000000000000000000e+00,0.000000000000000000e+00
-9.928328328328327457e-01,7.500000000000000000e-01,8.800000000000000044e-01,6.409968581633250784e-01,7.675435022360270754e-01,0.000000000000000000e+00,0.000000000000000000e+00
-9.917717717717716708e-01,7.500000000000000000e-01,8.800000000000000044e-01,6.409968581633250784e-01,7.675435022360270754e-01,0.000000000000000000e+00,0.000000000000000000e+00
-9.907107107107105959e-01,7.500000000000000000e-01,8.800000000000000044e-01,6.409968581633250784e-01,7.675435022360270754e-01,0.000000000000000000e+00,0.000000000000000000e+00
-9.896496496496497430e-01,7.500000000000000000e-01,8.800000000000000044e-01,6.409968581633250784e-01,7.675435022360270754e-01,0.000000000000000000e+00,0.000000000000000000e+00
-9.885885885885886681e-01,7.500000000000000000e-01,8.800000000000000044e-01,6.409968581633250784e-01,7.675435022360270754e-01,0.000000000000000000e+00,0.000000000000000000e+00
-9.875275275275275932e-01,7.500000000000000000e-01,8.800000000000000044e-01,6.409968581633250784e-01,7.675435022360270754e-01,0.000000000000000000e+00,0.000000000000000000e+00
-9.864664664664665183e-01,7.500000000000000000e-01,8.800000000000000044e-01,6.409968581633250784e-01,7.675435022360270754e-01,0.000000000000000000e+00,0.000000000000000000e+00
-9.854054054054054435e-01,7.500000000000000000e-01,8.800000000000000044e-01,6.409968581633250784e-01,7.675435022360270754e-01,0.000000000000000000e+00,0.000000000000000000e+00
-9.843443443443443686e-01,7.500000000000000000e-01,8.800000000000000044e-01,6.409968581633250784e-01,7.675435022360270754e-01,0.000000000000000000e+00,0.000000000000000000e+00
-9.832832832832832937e-01,7.500000000000000000e-01,8.800000000000000044e-01,6.409968581633250784e-01,7.675435022360270754e-01,0.000000000000000000e+00,0.000000000000000000e+00
-9.822222222222222188e-01,7.500000000000000000e-01,8.800000000000000044e-01,6.409968581633250784e-01,7.675435022360270754e-01,0.000000000000000000e+00,0.000000000000000000e+00
-9.811611611611611439e-01,7.500000000000000000e-01,8.800000000000000044e-01,6.409968581633250784e-01,7.675435022360270754e-01,0.000000000000000000e+00,0.000000000000000000e+00
-9.801001001001000690e-01,7.500000000000000000e-01,8.800000000000000044e-01,6.409968581633250784e-01,7.675435022360270754e-01,0.000000000000000000e+00,0.000000000000000000e+00
-9.790390390390389941e-01,7.500000000000000000e-01,8.800000000000000044e-01,6.409968581633250784e-01,7.675435022360270754e-01,0.000000000000000000e+00,0.000000000000000000e+00
-9.779779779779779192e-01,7.500000000000000000e-01,8.800000000000000044e-01,6.409968581633250784e-01,7.675435022360270754e-01,0.000000000000000000e+00,0.000000000000000000e+00
-9.769169169169168443e-01,7.500000000000000000e-01,8.800000000000000044e-01,6.409968581633250784e-01,7.675435022360270754e-01,0.000000000000000000e+00,0.000000000000000000e+00
-9.758558558558557694e-01,7.500000000000000000e-01,8.800000000000000044e-01,6.409968581633250784e-01,7.675435022360270754e-01,0.000000000000000000e+00,0.000000000000000000e+00
-9.747947947947946945e-01,7.500000000000000000e-01,8.800000000000000044e-01,6.409968581633250784e-01,7.675435022360270754e-01,0.000000000000000000e+00,0.000000000000000000e+00
-9.737337337337336196e-01,7.500000000000000000e-01,8.800000000000000044e-01,6.409968581633250784e-01,7.675435022360270754e-01,0.000000000000000000e+00,0.000000000000000000e+00
-9.726726726726725447e-01,7.500000000000000000e-01,8.800000000000000044e-01,6.409968581633250784e-01,7.675435022360270754e-01,0.000000000000000000e+00,0.000000000000000000e+00
-9.716116116116114698e-01,7.500000000000000000e-01,8.800000000000000044e-01,6.409968581633250784e-01,7.675435022360270754e-01,0.000000000000000000e+00,0.000000000000000000e+00
-9.705505505505506170e-01,7.500000000000000000e-01,8.800000000000000044e-01,6.409968581633250784e-01,7.675435022360270754e-01,0.000000000000000000e+00,0.000000000000000000e+00
-9.694894894894895421e-01,7.500000000000000000e-01,8.800000000000000044e-01,6.409968581633250784e-01,7.675435022360270754e-01,0.000000000000000000e+00,0.000000000000000000e+00
-9.684284284284284672e-01,7.500000000000000000e-01,8.800000000000000044e-01,6.409968581633250784e-01,7.675435022360270754e-01,0.000000000000000000e+00,0.000000000000000000e+00
-9.673673673673673923e-01,7.500000000000000000e-01,8.800000000000000044e-01,6.409968581633250784e-01,7.675435022360270754e-01,0.000000000000000000e+00,0.000000000000000000e+00
-9.663063063063063174e-01,7.500000000000000000e-01,8.800000000000000044e-01,6.409968581633250784e-01,7.675435022360270754e-01,0.000000000000000000e+00,0.000000000000000000e+00
-9.652452452452452425e-01,7.500000000000000000e-01,8.800000000000000044e-01,6.409968581633250784e-01,7.675435022360270754e-01,0.000000000000000000e+00,0.000000000000000000e+00
-9.641841841841841676e-01,7.500000000000000000e-01,8.800000000000000044e-01,6.409968581633250784e-01,7.675435022360270754e-01,0.000000000000000000e+00,0.000000000000000000e+00
-9.631231231231230927e-01,7.500000000000000000e-01,8.800000000000000044e-01,6.409968581633250784e-01,7.675435022360270754e-01,0.000000000000000000e+00,0.000000000000000000e+00
-9.620620620620620178e-01,7.500000000000000000e-01,8.800000000000000044e-01,6.409968581633250784e-01,7.675435022360270754e-01,0.000000000000000000e+00,0.000000000000000000e+00
-9.610010010010009429e-01,7.500000000000000000e-01,8.800000000000000044e-01,6.409968581633250784e-01,7.675435022360270754e-01,0.000000000000000000e+00,0.000000000000000000e+00
-9.599399399399398680e-01,7.500000000000000000e-01,8.800000000000000044e-01,6.409968581633250784e-01,7.675435022360270754e-01,0.000000000000000000e+00,0.000000000000000000e+00
-9.588788788788787931e-01,7.500000000000000000e-01,8.800000000000000044e-01,6.409968581633250784e-01,7.675435022360270754e-01,0.000000000000000000e+00,0.000000000000000000e+00
-9.578178178178177182e-01,7.500000000000000000e-01,8.800000000000000044e-01,6.409968581633250784e-01,7.675435022360270754e-01,0.000000000000000000e+00,0.000000000000000000e+00
-9.567567567567568654e-01,7.500000000000000000e-01,8.800000000000000044e-01,6.409968581633250784e-01,7.675435022360270754e-01,0.000000000000000000e+00,0.000000000000000000e+00
-9.556956956956957905e-01,7.500000000000000000e-01,8.800000000000000044e-01,6.409968581633250784e-01,7.675435022360270754e-01,0.000000000000000000e+00,0.000000000000000000e+00
-9.546346346346347156e-01,7.500000000000000000e-01,8.800000000000000044e-01,6.409968581633250784e-01,7.675435022360270754e-01,0.000000000000000000e+00,0.000000000000000000e+00
-9.535735735735736407e-01,7.500000000000000000e-01,8.800000000000000044e-01,6.409968581633250784e-01,7.675435022360270754e-01,0.000000000000000000e+00,0.000000000000000000e+00
-9.525125125125125658e-01,7.500000000000000000e-01,8.800000000000000044e-01,6.409968581633250784e-01,7.675435022360270754e-01,0.000000000000000000e+00,0.000000000000000000e+00
-9.514514514514514909e-01,7.500000000000000000e-01,8.800000000000000044e-01,6.409968581633250784e-01,7.675435022360270754e-01,0.000000000000000000e+00,0.000000000000000000e+00
-9.503903903903904160e-01,7.500000000000000000e-01,8.800000000000000044e-01,6.409968581633250784e-01,7.675435022360270754e-01,0.000000000000000000e+00,0.000000000000000000e+00
-9.493293293293293411e-01,7.500000000000000000e-01,8.800000000000000044e-01,6.409968581633250784e-01,7.675435022360270754e-01,0.000000000000000000e+00,0.000000000000000000e+00
-9.482682682682682662e-01,7.500000000000000000e-01,8.800000000000000044e-01,6.409968581633250784e-01,7.675435022360270754e-01,0.000000000000000000e+00,0.000000000000000000e+00
-9.472072072072071913e-01,7.500000000000000000e-01,8.800000000000000044e-01,6.409968581633250784e-01,7.675435022360270754e-01,0.000000000000000000e+00,0.000000000000000000e+00
-9.461461461461461164e-01,7.500000000000000000e-01,8.800000000000000044e-01,6.409968581633250784e-01,7.675435022360270754e-01,0.000000000000000000e+00,0.000000000000000000e+00
-9.450850850850850415e-01,7.500000000000000000e-01,8.800000000000000044e-01,6.409968581633250784e-01,7.675435022360270754e-01,0.000000000000000000e+00,0.000000000000000000e+00
-9.440240240240239666e-01,7.500000000000000000e-01,8.800000000000000044e-01,6.409968581633250784e-01,7.675435022360270754e-01,0.000000000000000000e+00,0.000000000000000000e+00
-9.429629629629628917e-01,7.500000000000000000e-01,8.800000000000000044e-01,6.409968581633250784e-01,7.675435022360270754e-01,0.000000000000000000e+00,0.000000000000000000e+00
-9.419019019019018168e-01,7.500000000000000000e-01,8.800000000000000044e-01,6.409968581633250784e-01,7.675435022360270754e-01,0.000000000000000000e+00,0.000000000000000000e+00
-9.408408408408407420e-01,7.500000000000000000e-01,8.800000000000000044e-01,6.409968581633250784e-01,7.675435022360270754e-01,0.000000000000000000e+00,0.000000000000000000e+00
-9.397797797797796671e-01,7.500000000000000000e-01,8.800000000000000044e-01,6.409968581633250784e-01,7.675435022360270754e-01,0.000000000000000000e+00,0.000000000000000000e+00
-9.387187187187185922e-01,7.500000000000000000e-01,8.800000000000000044e-01,6.409968581633250784e-01,7.675435022360270754e-01,0.000000000000000000e+00,0.000000000000000000e+00
-9.376576576576575173e-01,7.500000000000000000e-01,8.800000000000000044e-01,6.409968581633250784e-01,7.675435022360270754e-01,0.000000000000000000e+00,0.000000000000000000e+00
-9.365965965965966644e-01,7.500000000000000000e-01,8.800000000000000044e-01,6.409968581633250784e-01,7.675435022360270754e-01,0.000000000000000000e+00,0.000000000000000000e+00
-9.355355355355355895e-01,7.500000000000000000e-01,8.800000000000000044e-01,6.409968581633250784e-01,7.675435022360270754e-01,0.000000000000000000e+00,0.000000000000000000e+00
-9.344744744744745146e-01,7.500000000000000000e-01,8.800000000000000044e-01,6.409968581633250784e-01,7.675435022360270754e-01,0.000000000000000000e+00,0.000000000000000000e+00
-9.334134134134134397e-01,7.500000000000000000e-01,8.800000000000000044e-01,6.409968581633250784e-01,7.675435022360270754e-01,0.000000000000000000e+00,0.000000000000000000e+00
-9.323523523523523648e-01,7.500000000000000000e-01,8.800000000000000044e-01,6.409968581633250784e-01,7.675435022360270754e-01,0.000000000000000000e+00,0.000000000000000000e+00
-9.312912912912912899e-01,7.500000000000000000e-01,8.800000000000000044e-01,6.409968581633250784e-01,7.675435022360270754e-01,0.000000000000000000e+00,0.000000000000000000e+00
-9.302302302302302150e-01,7.500000000000000000e-01,8.800000000000000044e-01,6.409968581633250784e-01,7.675435022360270754e-01,0.000000000000000000e+00,0.000000000000000000e+00
-9.291691691691691402e-01,7.500000000000000000e-01,8.800000000000000044e-01,6.409968581633250784e-01,7.675435022360270754e-01,0.000000000000000000e+00,0.000000000000000000e+00
-9.281081081081080653e-01,7.500000000000000000e-01,8.800000000000000044e-01,6.409968581633250784e-01,7.675435022360270754e-01,0.000000000000000000e+00,0.000000000000000000e+00
-9.270470470470469904e-01,7.500000000000000000e-01,8.800000000000000044e-01,6.409968581633250784e-01,7.675435022360270754e-01,0.000000000000000000e+00,0.000000000000000000e+00
-9.259859859859859155e-01,7.500000000000000000e-01,8.800000000000000044e-01,6.409968581633250784e-01,7.675435022360270754e-01,0.000000000000000000e+00,0.000000000000000000e+00
-9.249249249249248406e-01,7.500000000000000000e-01,8.800000000000000044e-01,6.409968581633250784e-01,7.675435022360270754e-01,0.000000000000000000e+00,0.000000000000000000e+00
-9.238638638638637657e-01,7.500000000000000000e-01,8.800000000000000044e-01,6.409968581633250784e-01,7.675435022360270754e-01,0.000000000000000000e+00,0.000000000000000000e+00
-9.228028028028029128e-01,7.500000000000000000e-01,8.800000000000000044e-01,6.409968581633250784e-01,7.675435022360270754e-01,0.000000000000000000e+00,0.000000000000000000e+00
-9.217417417417418379e-01,7.500000000000000000e-01,8.800000000000000044e-01,6.409968581633250784e-01,7.675435022360270754e-01,0.000000000000000000e+00,0.000000000000000000e+00
-9.206806806806807630e-01,7.500000000000000000e-01,8.800000000000000044e-01,6.409968581633250784e-01,7.675435022360270754e-01,0.000000000000000000e+00,0.000000000000000000e+00
-9.196196196196196881e-01,7.500000000000000000e-01,8.800000000000000044e-01,6.409968581633250784e-01,7.675435022360270754e-01,0.000000000000000000e+00,0.000000000000000000e+00
-9.185585585585586132e-01,7.500000000000000000e-01,8.800000000000000044e-01,6.409968581633250784e-01,7.675435022360270754e-01,0.000000000000000000e+00,0.000000000000000000e+00
-9.174974974974975384e-01,7.500000000000000000e-01,8.800000000000000044e-01,6.409968581633250784e-01,7.675435022360270754e-01,0.000000000000000000e+00,0.000000000000000000e+00
-9.164364364364364635e-01,7.500000000000000000e-01,8.800000000000000044e-01,6.409968581633250784e-01,7.675435022360270754e-01,0.000000000000000000e+00,0.000000000000000000e+00
-9.153753753753753886e-01,7.500000000000000000e-01,8.800000000000000044e-01,6.409968581633250784e-01,7.675435022360270754e-01,0.000000000000000000e+00,0.000000000000000000e+00
-9.143143143143143137e-01,7.500000000000000000e-01,8.800000000000000044e-01,6.409968581633250784e-01,7.675435022360270754e-01,0.000000000000000000e+00,0.000000000000000000e+00
-9.132532532532532388e-01,7.500000000000000000e-01,8.800000000000000044e-01,6.409968581633250784e-01,7.675435022360270754e-01,0.000000000000000000e+00,0.000000000000000000e+00
-9.121921921921921639e-01,7.500000000000000000e-01,8.800000000000000044e-01,6.409968581633250784e-01,7.675435022360270754e-01,0.000000000000000000e+00,0.000000000000000000e+00
-9.111311311311310890e-01,7.500000000000000000e-01,8.800000000000000044e-01,6.409968581633250784e-01,7.675435022360270754e-01,0.000000000000000000e+00,0.000000000000000000e+00
-9.100700700700700141e-01,7.500000000000000000e-01,8.800000000000000044e-01,6.409968581633250784e-01,7.675435022360270754e-01,0.000000000000000000e+00,0.000000000000000000e+00
-9.090090090090089392e-01,7.500000000000000000e-01,8.800000000000000044e-01,6.409968581633250784e-01,7.675435022360270754e-01,0.000000000000000000e+00,0.000000000000000000e+00
-9.079479479479478643e-01,7.500000000000000000e-01,8.800000000000000044e-01,6.409968581633250784e-01,7.675435022360270754e-01,0.000000000000000000e+00,0.000000000000000000e+00
-9.068868868868867894e-01,7.500000000000000000e-01,8.800000000000000044e-01,6.409968581633250784e-01,7.675435022360270754e-01,0.000000000000000000e+00,0.000000000000000000e+00
-9.058258258258257145e-01,7.500000000000000000e-01,8.800000000000000044e-01,6.409968581633250784e-01,7.675435022360270754e-01,0.000000000000000000e+00,0.000000000000000000e+00
-9.047647647647646396e-01,7.500000000000000000e-01,8.800000000000000044e-01,6.409968581633250784e-01,7.675435022360270754e-01,0.000000000000000000e+00,0.000000000000000000e+00
-9.037037037037035647e-01,7.500000000000000000e-01,8.800000000000000044e-01,6.409968581633250784e-01,7.675435022360270754e-01,0.000000000000000000e+00,0.000000000000000000e+00
-9.026426426426427119e-01,7.500000000000000000e-01,8.800000000000000044e-01,6.409968581633250784e-01,7.675435022360270754e-01,0.000000000000000000e+00,0.000000000000000000e+00
-9.015815815815816370e-01,7.500000000000000000e-01,8.800000000000000044e-01,6.409968581633250784e-01,7.675435022360270754e-01,0.000000000000000000e+00,0.000000000000000000e+00
-9.005205205205205621e-01,7.500000000000000000e-01,8.800000000000000044e-01,6.409968581633250784e-01,7.675435022360270754e-01,0.000000000000000000e+00,0.000000000000000000e+00
-8.994594594594594872e-01,7.500000000000000000e-01,8.800000000000000044e-01,6.409968581633250784e-01,7.675435022360270754e-01,0.000000000000000000e+00,0.000000000000000000e+00
-8.983983983983984123e-01,7.500000000000000000e-01,8.800000000000000044e-01,6.409968581633250784e-01,7.675435022360270754e-01,0.000000000000000000e+00,0.000000000000000000e+00
-8.973373373373373374e-01,7.500000000000000000e-01,8.800000000000000044e-01,6.409968581633250784e-01,7.675435022360270754e-01,0.000000000000000000e+00,0.000000000000000000e+00
-8.962762762762762625e-01,7.500000000000000000e-01,8.800000000000000044e-01,6.409968581633250784e-01,7.675435022360270754e-01,0.000000000000000000e+00,0.000000000000000000e+00
-8.952152152152151876e-01,7.500000000000000000e-01,8.800000000000000044e-01,6.409968581633250784e-01,7.675435022360270754e-01,0.000000000000000000e+00,0.000000000000000000e+00
-8.941541541541541127e-01,7.500000000000000000e-01,8.800000000000000044e-01,6.409968581633250784e-01,7.675435022360270754e-01,0.000000000000000000e+00,0.000000000000000000e+00
-8.930930930930930378e-01,7.500000000000000000e-01,8.800000000000000044e-01,6.409968581633250784e-01,7.675435022360270754e-01,0.000000000000000000e+00,0.000000000000000000e+00
-8.920320320320319629e-01,7.500000000000000000e-01,8.800000000000000044e-01,6.409968581633250784e-01,7.675435022360270754e-01,0.000000000000000000e+00,0.000000000000000000e+00
-8.909709709709708880e-01,7.500000000000000000e-01,8.800000000000000044e-01,6.409968581633250784e-01,7.675435022360270754e-01,0.000000000000000000e+00,0.000000000000000000e+00
-8.899099099099099242e-01,7.500000000000000000e-01,8.800000000000000044e-01,6.409968581633250784e-01,7.675435022360270754e-01,0.000000000000000000e+00,0.000000000000000000e+00
-8.888488488488488493e-01,7.500000000000000000e-01,8.800000000000000044e-01,6.409968581633250784e-01,7.675435022360270754e-01,0.000000000000000000e+00,0.000000000000000000e+00
-8.877877877877877744e-01,7.500000000000000000e-01,8.800000000000000044e-01,6.409968581633250784e-01,7.675435022360270754e-01,0.000000000000000000e+00,0.000000000000000000e+00
-8.867267267267266995e-01,7.500000000000000000e-01,8.800000000000000044e-01,6.409968581633250784e-01,7.675435022360270754e-01,0.000000000000000000e+00,0.000000000000000000e+00
-8.856656656656656246e-01,7.500000000000000000e-01,8.800000000000000044e-01,6.409968581633250784e-01,7.675435022360270754e-01,0.000000000000000000e+00,0.000000000000000000e+00
-8.846046046046046607e-01,7.500000000000000000e-01,8.800000000000000044e-01,6.409968581633250784e-01,7.675435022360270754e-01,0.000000000000000000e+00,0.000000000000000000e+00
-8.835435435435435858e-01,7.500000000000000000e-01,8.800000000000000044e-01,6.409968581633250784e-01,7.675435022360270754e-01,0.000000000000000000e+00,0.000000000000000000e+00
-8.824824824824825109e-01,7.500000000000000000e-01,8.800000000000000044e-01,6.409968581633250784e-01,7.675435022360270754e-01,0.000000000000000000e+00,0.000000000000000000e+00
-8.814214214214214360e-01,7.500000000000000000e-01,8.800000000000000044e-01,6.409968581633250784e-01,7.675435022360270754e-01,0.000000000000000000e+00,0.000000000000000000e+00
-8.803603603603603611e-01,7.500000000000000000e-01,8.800000000000000044e-01,6.409968581633250784e-01,7.675435022360270754e-01,0.000000000000000000e+00,0.000000000000000000e+00
-8.792992992992992862e-01,7.500000000000000000e-01,8.800000000000000044e-01,6.409968581633250784e-01,7.675435022360270754e-01,0.000000000000000000e+00,0.000000000000000000e+00
-8.782382382382382113e-01,7.500000000000000000e-01,8.800000000000000044e-01,6.409968581633250784e-01,7.675435022360270754e-01,0.000000000000000000e+00,0.000000000000000000e+00
-8.771771771771771364e-01,7.500000000000000000e-01,8.800000000000000044e-01,6.409968581633250784e-01,7.675435022360270754e-01,0.000000000000000000e+00,0.000000000000000000e+00
-8.761161161161160615e-01,7.500000000000000000e-01,8.800000000000000044e-01,6.409968581633250784e-01,7.675435022360270754e-01,0.000000000000000000e+00,0.000000000000000000e+00
-8.750550550550549866e-01,7.500000000000000000e-01,8.800000000000000044e-01,6.409968581633250784e-01,7.675435022360270754e-01,0.000000000000000000e+00,0.000000000000000000e+00
-8.739939939939939118e-01,7.500000000000000000e-01,8.800000000000000044e-01,6.409968581633250784e-01,7.675435022360270754e-01,0.000000000000000000e+00,0.000000000000000000e+00
-8.729329329329329479e-01,7.500000000000000000e-01,8.800000000000000044e-01,6.409968581633250784e-01,7.675435022360270754e-01,0.000000000000000000e+00,0.000000000000000000e+00
-8.718718718718718730e-01,7.500000000000000000e-01,8.800000000000000044e-01,6.409968581633250784e-01,7.675435022360270754e-01,0.000000000000000000e+00,0.000000000000000000e+00
-8.708108108108107981e-01,7.500000000000000000e-01,8.800000000000000044e-01,6.409968581633250784e-01,7.675435022360270754e-01,0.000000000000000000e+00,0.000000000000000000e+00
-8.697497497497497232e-01,7.500000000000000000e-01,8.800000000000000044e-01,6.409968581633250784e-01,7.675435022360270754e-01,0.000000000000000000e+00,0.000000000000000000e+00
-8.686886886886886483e-01,7.500000000000000000e-01,8.800000000000000044e-01,6.409968581633250784e-01,7.675435022360270754e-01,0.000000000000000000e+00,0.000000000000000000e+00
-8.676276276276276844e-01,7.500000000000000000e-01,8.800000000000000044e-01,6.409968581633250784e-01,7.675435022360270754e-01,0.000000000000000000e+00,0.000000000000000000e+00
-8.665665665665666095e-01,7.500000000000000000e-01,8.800000000000000044e-01,6.409968581633250784e-01,7.675435022360270754e-01,0.000000000000000000e+00,0.000000000000000000e+00
-8.655055055055055346e-01,7.500000000000000000e-01,8.800000000000000044e-01,6.409968581633250784e-01,7.675435022360270754e-01,0.000000000000000000e+00,0.000000000000000000e+00
-8.644444444444444597e-01,7.500000000000000000e-01,8.800000000000000044e-01,6.409968581633250784e-01,7.675435022360270754e-01,0.000000000000000000e+00,0.000000000000000000e+00
-8.633833833833833848e-01,7.500000000000000000e-01,8.800000000000000044e-01,6.409968581633250784e-01,7.675435022360270754e-01,0.000000000000000000e+00,0.000000000000000000e+00
-8.623223223223223100e-01,7.500000000000000000e-01,8.800000000000000044e-01,6.409968581633250784e-01,7.675435022360270754e-01,0.000000000000000000e+00,0.000000000000000000e+00
-8.612612612612612351e-01,7.500000000000000000e-01,8.800000000000000044e-01,6.409968581633250784e-01,7.675435022360270754e-01,0.000000000000000000e+00,0.000000000000000000e+00
-8.602002002002001602e-01,7.500000000000000000e-01,8.800000000000000044e-01,6.409968581633250784e-01,7.675435022360270754e-01,0.000000000000000000e+00,0.000000000000000000e+00
-8.591391391391390853e-01,7.500000000000000000e-01,8.800000000000000044e-01,6.409968581633250784e-01,7.675435022360270754e-01,0.000000000000000000e+00,0.000000000000000000e+00
-8.580780780780780104e-01,7.500000000000000000e-01,8.800000000000000044e-01,6.409968581633250784e-01,7.675435022360270754e-01,0.000000000000000000e+00,0.000000000000000000e+00
-8.570170170170169355e-01,7.500000000000000000e-01,8.800000000000000044e-01,6.409968581633250784e-01,7.675435022360270754e-01,0.000000000000000000e+00,0.000000000000000000e+00
-8.559559559559559716e-01,7.500000000000000000e-01,8.800000000000000044e-01,6.409968581633250784e-01,7.675435022360270754e-01,0.000000000000000000e+00,0.000000000000000000e+00
-8.548948948948948967e-01,7.500000000000000000e-01,8.800000000000000044e-01,6.409968581633250784e-01,7.675435022360270754e-01,0.000000000000000000e+00,0.000000000000000000e+00
-8.538338338338338218e-01,7.500000000000000000e-01,8.800000000000000044e-01,6.409968581633250784e-01,7.675435022360270754e-01,0.000000000000000000e+00,0.000000000000000000e+00
-8.527727727727727469e-01,7.500000000000000000e-01,8.800000000000000044e-01,6.409968581633250784e-01,7.675435022360270754e-01,0.000000000000000000e+00,0.000000000000000000e+00
-8.517117117117116720e-01,7.500000000000000000e-01,8.800000000000000044e-01,6.409968581633250784e-01,7.675435022360270754e-01,0.000000000000000000e+00,0.000000000000000000e+00
-8.506506506506507082e-01,7.500000000000000000e-01,8.800000000000000044e-01,6.409968581633250784e-01,7.675435022360270754e-01,0.000000000000000000e+00,0.000000000000000000e+00
-8.495895895895896333e-01,7.500000000000000000e-01,8.800000000000000044e-01,6.409968581633250784e-01,7.675435022360270754e-01,0.000000000000000000e+00,0.000000000000000000e+00
-8.485285285285285584e-01,7.500000000000000000e-01,8.800000000000000044e-01,6.409968581633250784e-01,7.675435022360270754e-01,0.000000000000000000e+00,0.000000000000000000e+00
-8.474674674674674835e-01,7.500000000000000000e-01,8.800000000000000044e-01,6.409968581633250784e-01,7.675435022360270754e-01,0.000000000000000000e+00,0.000000000000000000e+00
-8.464064064064064086e-01,7.500000000000000000e-01,8.800000000000000044e-01,6.409968581633250784e-01,7.675435022360270754e-01,0.000000000000000000e+00,0.000000000000000000e+00
-8.453453453453453337e-01,7.500000000000000000e-01,8.800000000000000044e-01,6.409968581633250784e-01,7.675435022360270754e-01,0.000000000000000000e+00,0.000000000000000000e+00
-8.442842842842842588e-01,7.500000000000000000e-01,8.800000000000000044e-01,6.409968581633250784e-01,7.675435022360270754e-01,0.000000000000000000e+00,0.000000000000000000e+00
-8.432232232232231839e-01,7.500000000000000000e-01,8.800000000000000044e-01,6.409968581633250784e-01,7.675435022360270754e-01,0.000000000000000000e+00,0.000000000000000000e+00
-8.421621621621621090e-01,7.500000000000000000e-01,8.800000000000000044e-01,6.409968581633250784e-01,7.675435022360270754e-01,0.000000000000000000e+00,0.000000000000000000e+00
-8.411011011011010341e-01,7.500000000000000000e-01,8.800000000000000044e-01,6.409968581633250784e-01,7.675435022360270754e-01,0.000000000000000000e+00,0.000000000000000000e+00
-8.400400400400399592e-01,7.500000000000000000e-01,8.800000000000000044e-01,6.409968581633250784e-01,7.675435022360270754e-01,0.000000000000000000e+00,0.000000000000000000e+00
-8.389789789789789953e-01,7.500000000000000000e-01,8.800000000000000044e-01,6.409968581633250784e-01,7.675435022360270754e-01,0.000000000000000000e+00,0.000000000000000000e+00
-8.379179179179179204e-01,7.500000000000000000e-01,8.800000000000000044e-01,6.409968581633250784e-01,7.675435022360270754e-01,0.000000000000000000e+00,0.000000000000000000e+00
-8.368568568568568455e-01,7.500000000000000000e-01,8.800000000000000044e-01,6.409968581633250784e-01,7.675435022360270754e-01,0.000000000000000000e+00,0.000000000000000000e+00
-8.357957957957957706e-01,7.500000000000000000e-01,8.800000000000000044e-01,6.409968581633250784e-01,7.675435022360270754e-01,0.000000000000000000e+00,0.000000000000000000e+00
-8.347347347347346957e-01,7.500000000000000000e-01,8.800000000000000044e-01,6.409968581633250784e-01,7.675435022360270754e-01,0.000000000000000000e+00,0.000000000000000000e+00
-8.336736736736737319e-01,7.500000000000000000e-01,8.800000000000000044e-01,6.409968581633250784e-01,7.675435022360270754e-01,0.000000000000000000e+00,0.000000000000000000e+00
-8.326126126126126570e-01,7.500000000000000000e-01,8.800000000000000044e-01,6.409968581633250784e-01,7.675435022360270754e-01,0.000000000000000000e+00,0.000000000000000000e+00
-8.315515515515515821e-01,7.500000000000000000e-01,8.800000000000000044e-01,6.409968581633250784e-01,7.675435022360270754e-01,0.000000000000000000e+00,0.000000000000000000e+00
-8.304904904904905072e-01,7.500000000000000000e-01,8.800000000000000044e-01,6.409968581633250784e-01,7.675435022360270754e-01,0.000000000000000000e+00,0.000000000000000000e+00
-8.294294294294294323e-01,7.500000000000000000e-01,8.800000000000000044e-01,6.409968581633250784e-01,7.675435022360270754e-01,0.000000000000000000e+00,0.000000000000000000e+00
-8.283683683683683574e-01,7.500000000000000000e-01,8.800000000000000044e-01,6.409968581633250784e-01,7.675435022360270754e-01,0.000000000000000000e+00,0.000000000000000000e+00
-8.273073073073072825e-01,7.500000000000000000e-01,8.800000000000000044e-01,6.409968581633250784e-01,7.675435022360270754e-01,0.000000000000000000e+00,0.000000000000000000e+00
-8.262462462462462076e-01,7.500000000000000000e-01,8.800000000000000044e-01,6.409968581633250784e-01,7.675435022360270754e-01,0.000000000000000000e+00,0.000000000000000000e+00
-8.251851851851851327e-01,7.500000000000000000e-01,8.800000000000000044e-01,6.409968581633250784e-01,7.675435022360270754e-01,0.000000000000000000e+00,0.000000000000000000e+00
-8.241241241241240578e-01,7.500000000000000000e-01,8.800000000000000044e-01,6.409968581633250784e-01,7.675435022360270754e-01,0.000000000000000000e+00,0.000000000000000000e+00
-8.230630630630629829e-01,7.500000000000000000e-01,8.800000000000000044e-01,6.409968581633250784e-01,7.675435022360270754e-01,0.000000000000000000e+00,0.000000000000000000e+00
-8.220020020020020191e-01,7.500000000000000000e-01,8.800000000000000044e-01,6.409968581633250784e-01,7.675435022360270754e-01,0.000000000000000000e+00,0.000000000000000000e+00
-8.209409409409409442e-01,7.500000000000000000e-01,8.800000000000000044e-01,6.409968581633250784e-01,7.675435022360270754e-01,0.000000000000000000e+00,0.000000000000000000e+00
-8.198798798798798693e-01,7.500000000000000000e-01,8.800000000000000044e-01,6.409968581633250784e-01,7.675435022360270754e-01,0.000000000000000000e+00,0.000000000000000000e+00
-8.188188188188187944e-01,7.500000000000000000e-01,8.800000000000000044e-01,6.409968581633250784e-01,7.675435022360270754e-01,0.000000000000000000e+00,0.000000000000000000e+00
-8.177577577577577195e-01,7.500000000000000000e-01,8.800000000000000044e-01,6.409968581633250784e-01,7.675435022360270754e-01,0.000000000000000000e+00,0.000000000000000000e+00
-8.166966966966967556e-01,7.500000000000000000e-01,8.800000000000000044e-01,6.409968581633250784e-01,7.675435022360270754e-01,0.000000000000000000e+00,0.000000000000000000e+00
-8.156356356356356807e-01,7.500000000000000000e-01,8.800000000000000044e-01,6.409968581633250784e-01,7.675435022360270754e-01,0.000000000000000000e+00,0.000000000000000000e+00
-8.145745745745746058e-01,7.500000000000000000e-01,8.800000000000000044e-01,6.409968581633250784e-01,7.675435022360270754e-01,0.000000000000000000e+00,0.000000000000000000e+00
-8.135135135135135309e-01,7.500000000000000000e-01,8.800000000000000044e-01,6.409968581633250784e-01,7.675435022360270754e-01,0.000000000000000000e+00,0.000000000000000000e+00
-8.124524524524524560e-01,7.500000000000000000e-01,8.800000000000000044e-01,6.409968581633250784e-01,7.675435022360270754e-01,0.000000000000000000e+00,0.000000000000000000e+00
-8.113913913913913811e-01,7.500000000000000000e-01,8.800000000000000044e-01,6.409968581633250784e-01,7.675435022360270754e-01,0.000000000000000000e+00,0.000000000000000000e+00
-8.103303303303303062e-01,7.500000000000000000e-01,8.800000000000000044e-01,6.409968581633250784e-01,7.675435022360270754e-01,0.000000000000000000e+00,0.000000000000000000e+00
-8.092692692692692313e-01,7.500000000000000000e-01,8.800000000000000044e-01,6.409968581633250784e-01,7.675435022360270754e-01,0.000000000000000000e+00,0.000000000000000000e+00
-8.082082082082081564e-01,7.500000000000000000e-01,8.800000000000000044e-01,6.409968581633250784e-01,7.675435022360270754e-01,0.000000000000000000e+00,0.000000000000000000e+00
-8.071471471471470815e-01,7.500000000000000000e-01,8.800000000000000044e-01,6.409968581633250784e-01,7.675435022360270754e-01,0.000000000000000000e+00,0.000000000000000000e+00
-8.060860860860860067e-01,7.500000000000000000e-01,8.800000000000000044e-01,6.409968581633250784e-01,7.675435022360270754e-01,0.000000000000000000e+00,0.000000000000000000e+00
-8.050250250250250428e-01,7.500000000000000000e-01,8.800000000000000044e-01,6.409968581633250784e-01,7.675435022360270754e-01,0.000000000000000000e+00,0.000000000000000000e+00
-8.039639639639639679e-01,7.500000000000000000e-01,8.800000000000000044e-01,6.409968581633250784e-01,7.675435022360270754e-01,0.000000000000000000e+00,0.000000000000000000e+00
-8.029029029029028930e-01,7.500000000000000000e-01,8.800000000000000044e-01,6.409968581633250784e-01,7.675435022360270754e-01,0.000000000000000000e+00,0.000000000000000000e+00
-8.018418418418418181e-01,7.500000000000000000e-01,8.800000000000000044e-01,6.409968581633250784e-01,7.675435022360270754e-01,0.000000000000000000e+00,0.000000000000000000e+00
-8.007807807807807432e-01,7.500000000000000000e-01,8.800000000000000044e-01,6.409968581633250784e-01,7.675435022360270754e-01,0.000000000000000000e+00,0.000000000000000000e+00
-7.997197197197197793e-01,7.500000000000000000e-01,8.800000000000000044e-01,6.409968581633250784e-01,7.675435022360270754e-01,0.000000000000000000e+00,0.000000000000000000e+00
-7.986586586586587044e-01,7.500000000000000000e-01,8.800000000000000044e-01,6.409968581633250784e-01,7.675435022360270754e-01,0.000000000000000000e+00,0.000000000000000000e+00
-7.975975975975976295e-01,7.500000000000000000e-01,8.800000000000000044e-01,6.409968581633250784e-01,7.675435022360270754e-01,0.000000000000000000e+00,0.000000000000000000e+00
-7.965365365365365546e-01,7.500000000000000000e-01,8.800000000000000044e-01,6.409968581633250784e-01,7.675435022360270754e-01,0.000000000000000000e+00,0.000000000000000000e+00
-7.954754754754754797e-01,7.500000000000000000e-01,8.800000000000000044e-01,6.409968581633250784e-01,7.675435022360270754e-01,0.000000000000000000e+00,0.000000000000000000e+00
-7.944144144144144049e-01,7.500000000000000000e-01,8.800000000000000044e-01,6.409968581633250784e-01,7.675435022360270754e-01,0.000000000000000000e+00,0.000000000000000000e+00
-7.933533533533533300e-01,7.500000000000000000e-01,8.800000000000000044e-01,6.409968581633250784e-01,7.675435022360270754e-01,0.000000000000000000e+00,0.000000000000000000e+00
-7.922922922922922551e-01,7.500000000000000000e-01,8.800000000000000044e-01,6.409968581633250784e-01,7.675435022360270754e-01,0.000000000000000000e+00,0.000000000000000000e+00
-7.912312312312311802e-01,7.500000000000000000e-01,8.800000000000000044e-01,6.409968581633250784e-01,7.675435022360270754e-01,0.000000000000000000e+00,0.000000000000000000e+00
-7.901701701701701053e-01,7.500000000000000000e-01,8.800000000000000044e-01,6.409968581633250784e-01,7.675435022360270754e-01,0.000000000000000000e+00,0.000000000000000000e+00
-7.891091091091090304e-01,7.500000000000000000e-01,8.800000000000000044e-01,6.409968581633250784e-01,7.675435022360270754e-01,0.000000000000000000e+00,0.000000000000000000e+00
-7.880480480480480665e-01,7.500000000000000000e-01,8.800000000000000044e-01,6.409968581633250784e-01,7.675435022360270754e-01,0.000000000000000000e+00,0.000000000000000000e+00
-7.869869869869869916e-01,7.500000000000000000e-01,8.800000000000000044e-01,6.409968581633250784e-01,7.675435022360270754e-01,0.000000000000000000e+00,0.000000000000000000e+00
-7.859259259259259167e-01,7.500000000000000000e-01,8.800000000000000044e-01,6.409968581633250784e-01,7.675435022360270754e-01,0.000000000000000000e+00,0.000000000000000000e+00
-7.848648648648648418e-01,7.500000000000000000e-01,8.800000000000000044e-01,6.409968581633250784e-01,7.675435022360270754e-01,0.000000000000000000e+00,0.000000000000000000e+00
-7.838038038038037669e-01,7.500000000000000000e-01,8.800000000000000044e-01,6.409968581633250784e-01,7.675435022360270754e-01,0.000000000000000000e+00,0.000000000000000000e+00
-7.827427427427428031e-01,7.500000000000000000e-01,8.800000000000000044e-01,6.409968581633250784e-01,7.675435022360270754e-01,0.000000000000000000e+00,0.000000000000000000e+00
-7.816816816816817282e-01,7.500000000000000000e-01,8.800000000000000044e-01,6.409968581633250784e-01,7.675435022360270754e-01,0.000000000000000000e+00,0.000000000000000000e+00
-7.806206206206206533e-01,7.500000000000000000e-01,8.800000000000000044e-01,6.409968581633250784e-01,7.675435022360270754e-01,0.000000000000000000e+00,0.000000000000000000e+00
-7.795595595595595784e-01,7.500000000000000000e-01,8.800000000000000044e-01,6.409968581633250784e-01,7.675435022360270754e-01,0.000000000000000000e+00,0.000000000000000000e+00
-7.784984984984985035e-01,7.500000000000000000e-01,8.800000000000000044e-01,6.409968581633250784e-01,7.675435022360270754e-01,0.000000000000000000e+00,0.000000000000000000e+00
-7.774374374374374286e-01,7.500000000000000000e-01,8.800000000000000044e-01,6.409968581633250784e-01,7.675435022360270754e-01,0.000000000000000000e+00,0.000000000000000000e+00
-7.763763763763763537e-01,7.500000000000000000e-01,8.800000000000000044e-01,6.409968581633250784e-01,7.675435022360270754e-01,0.000000000000000000e+00,0.000000000000000000e+00
-7.753153153153152788e-01,7.500000000000000000e-01,8.800000000000000044e-01,6.409968581633250784e-01,7.675435022360270754e-01,0.000000000000000000e+00,0.000000000000000000e+00
-7.742542542542542039e-01,7.500000000000000000e-01,8.800000000000000044e-01,6.409968581633250784e-01,7.675435022360270754e-01,0.000000000000000000e+00,0.000000000000000000e+00
-7.731931931931931290e-01,7.500000000000000000e-01,8.800000000000000044e-01,6.409968581633250784e-01,7.675435022360270754e-01,0.000000000000000000e+00,0.000000000000000000e+00
-7.721321321321320541e-01,7.500000000000000000e-01,8.800000000000000044e-01,6.409968581633250784e-01,7.675435022360270754e-01,0.000000000000000000e+00,0.000000000000000000e+00
-7.710710710710710902e-01,7.500000000000000000e-01,8.800000000000000044e-01,6.409968581633250784e-01,7.675435022360270754e-01,0.000000000000000000e+00,0.000000000000000000e+00
-7.700100100100100153e-01,7.500000000000000000e-01,8.800000000000000044e-01,6.409968581633250784e-01,7.675435022360270754e-01,0.000000000000000000e+00,0.000000000000000000e+00
-7.689489489489489404e-01,7.500000000000000000e-01,8.800000000000000044e-01,6.409968581633250784e-01,7.675435022360270754e-01,0.000000000000000000e+00,0.000000000000000000e+00
-7.678878878878878655e-01,7.500000000000000000e-01,8.800000000000000044e-01,6.409968581633250784e-01,7.675435022360270754e-01,0.000000000000000000e+00,0.000000000000000000e+00
-7.668268268268267907e-01,7.500000000000000000e-01,8.800000000000000044e-01,6.409968581633250784e-01,7.675435022360270754e-01,0.000000000000000000e+00,0.000000000000000000e+00
-7.657657657657658268e-01,7.500000000000000000e-01,8.800000000000000044e-01,6.409968581633250784e-01,7.675435022360270754e-01,0.000000000000000000e+00,0.000000000000000000e+00
-7.647047047047047519e-01,7.500000000000000000e-01,8.800000000000000044e-01,6.409968581633250784e-01,7.675435022360270754e-01,0.000000000000000000e+00,0.000000000000000000e+00
-7.636436436436436770e-01,7.500000000000000000e-01,8.800000000000000044e-01,6.409968581633250784e-01,7.675435022360270754e-01,0.000000000000000000e+00,0.000000000000000000e+00
-7.625825825825826021e-01,7.500000000000000000e-01,8.800000000000000044e-01,6.409968581633250784e-01,7.675435022360270754e-01,0.000000000000000000e+00,0.000000000000000000e+00
-7.615215215215215272e-01,7.500000000000000000e-01,8.800000000000000044e-01,6.409968581633250784e-01,7.675435022360270754e-01,0.000000000000000000e+00,0.000000000000000000e+00
-7.604604604604604523e-01,7.500000000000000000e-01,8.800000000000000044e-01,6.409968581633250784e-01,7.675435022360270754e-01,0.000000000000000000e+00,0.000000000000000000e+00
-7.593993993993993774e-01,7.500000000000000000e-01,8.800000000000000044e-01,6.409968581633250784e-01,7.675435022360270754e-01,0.000000000000000000e+00,0.000000000000000000e+00
-7.583383383383383025e-01,7.500000000000000000e-01,8.800000000000000044e-01,6.409968581633250784e-01,7.675435022360270754e-01,0.000000000000000000e+00,0.000000000000000000e+00
-7.572772772772772276e-01,7.500000000000000000e-01,8.800000000000000044e-01,6.409968581633250784e-01,7.675435022360270754e-01,0.000000000000000000e+00,0.000000000000000000e+00
-7.562162162162161527e-01,7.500000000000000000e-01,8.800000000000000044e-01,6.409968581633250784e-01,7.675435022360270754e-01,0.000000000000000000e+00,0.000000000000000000e+00
-7.551551551551550778e-01,7.500000000000000000e-01,8.800000000000000044e-01,6.409968581633250784e-01,7.675435022360270754e-01,0.000000000000000000e+00,0.000000000000000000e+00
-7.540940940940941140e-01,7.500000000000000000e-01,8.800000000000000044e-01,6.409968581633250784e-01,7.675435022360270754e-01,0.000000000000000000e+00,0.000000000000000000e+00
-7.530330330330330391e-01,7.500000000000000000e-01,8.800000000000000044e-01,6.409968581633250784e-01,7.675435022360270754e-01,0.000000000000000000e+00,0.000000000000000000e+00
-7.519719719719719642e-01,7.500000000000000000e-01,8.800000000000000044e-01,6.409968581633250784e-01,7.675435022360270754e-01,0.000000000000000000e+00,0.000000000000000000e+00
-7.509109109109108893e-01,7.500000000000000000e-01,8.800000000000000044e-01,6.409968581633250784e-01,7.675435022360270754e-01,0.000000000000000000e+00,0.000000000000000000e+00
-7.498498498498498144e-01,7.500000000000000000e-01,8.800000000000000044e-01,6.409968581633250784e-01,7.675435022360270754e-01,0.000000000000000000e+00,0.000000000000000000e+00
-7.487887887887888505e-01,7.500000000000000000e-01,8.800000000000000044e-01,6.409968581633250784e-01,7.675435022360270754e-01,0.000000000000000000e+00,0.000000000000000000e+00
-7.477277277277277756e-01,7.500000000000000000e-01,8.800000000000000044e-01,6.409968581633250784e-01,7.675435022360270754e-01,0.000000000000000000e+00,0.000000000000000000e+00
-7.466666666666667007e-01,7.500000000000000000e-01,8.800000000000000044e-01,6.409968581633250784e-01,7.675435022360270754e-01,0.000000000000000000e+00,0.000000000000000000e+00
-7.456056056056056258e-01,7.500000000000000000e-01,8.800000000000000044e-01,6.409968581633250784e-01,7.675435022360270754e-01,0.000000000000000000e+00,0.000000000000000000e+00
-7.445445445445445509e-01,7.500000000000000000e-01,8.800000000000000044e-01,6.409968581633250784e-01,7.675435022360270754e-01,0.000000000000000000e+00,0.000000000000000000e+00
-7.434834834834834760e-01,7.500000000000000000e-01,8.800000000000000044e-01,6.409968581633250784e-01,7.675435022360270754e-01,0.000000000000000000e+00,0.000000000000000000e+00
-7.424224224224224011e-01,7.500000000000000000e-01,8.800000000000000044e-01,6.409968581633250784e-01,7.675435022360270754e-01,0.000000000000000000e+00,0.000000000000000000e+00
-7.413613613613613262e-01,7.500000000000000000e-01,8.800000000000000044e-01,6.409968581633250784e-01,7.675435022360270754e-01,0.000000000000000000e+00,0.000000000000000000e+00
-7.403003003003002513e-01,7.500000000000000000e-01,8.800000000000000044e-01,6.409968581633250784e-01,7.675435022360270754e-01,0.000000000000000000e+00,0.000000000000000000e+00
-7.392392392392391764e-01,7.500000000000000000e-01,8.800000000000000044e-01,6.409968581633250784e-01,7.675435022360270754e-01,0.000000000000000000e+00,0.000000000000000000e+00
-7.381781781781781016e-01,7.500000000000000000e-01,8.800000000000000044e-01,6.409968581633250784e-01,7.675435022360270754e-01,0.000000000000000000e+00,0.000000000000000000e+00
-7.371171171171171377e-01,7.500000000000000000e-01,8.800000000000000044e-01,6.409968581633250784e-01,7.675435022360270754e-01,0.000000000000000000e+00,0.000000000000000000e+00
-7.360560560560560628e-01,7.500000000000000000e-01,8.800000000000000044e-01,6.409968581633250784e-01,7.675435022360270754e-01,0.000000000000000000e+00,0.000000000000000000e+00
-7.349949949949949879e-01,7.500000000000000000e-01,8.800000000000000044e-01,6.409968581633250784e-01,7.675435022360270754e-01,0.000000000000000000e+00,0.000000000000000000e+00
-7.339339339339339130e-01,7.500000000000000000e-01,8.800000000000000044e-01,6.409968581633250784e-01,7.675435022360270754e-01,0.000000000000000000e+00,0.000000000000000000e+00
-7.328728728728728381e-01,7.500000000000000000e-01,8.800000000000000044e-01,6.409968581633250784e-01,7.675435022360270754e-01,0.000000000000000000e+00,0.000000000000000000e+00
-7.318118118118118742e-01,7.500000000000000000e-01,8.800000000000000044e-01,6.409968581633250784e-01,7.675435022360270754e-01,0.000000000000000000e+00,0.000000000000000000e+00
-7.307507507507507993e-01,7.500000000000000000e-01,8.800000000000000044e-01,6.409968581633250784e-01,7.675435022360270754e-01,0.000000000000000000e+00,0.000000000000000000e+00
-7.296896896896897244e-01,7.500000000000000000e-01,8.800000000000000044e-01,6.409968581633250784e-01,7.675435022360270754e-01,0.000000000000000000e+00,0.000000000000000000e+00
-7.286286286286286495e-01,7.500000000000000000e-01,8.800000000000000044e-01,6.409968581633250784e-01,7.675435022360270754e-01,0.000000000000000000e+00,0.000000000000000000e+00
-7.275675675675675746e-01,7.500000000000000000e-01,8.800000000000000044e-01,6.409968581633250784e-01,7.675435022360270754e-01,0.000000000000000000e+00,0.000000000000000000e+00
-7.265065065065064998e-01,7.500000000000000000e-01,8.800000000000000044e-01,6.409968581633250784e-01,7.675435022360270754e-01,0.000000000000000000e+00,0.000000000000000000e+00
-7.254454454454454249e-01,7.500000000000000000e-01,8.800000000000000044e-01,6.409968581633250784e-01,7.675435022360270754e-01,0.000000000000000000e+00,0.000000000000000000e+00
-7.243843843843843500e-01,7.500000000000000000e-01,8.800000000000000044e-01,6.409968581633250784e-01,7.675435022360270754e-01,0.000000000000000000e+00,0.000000000000000000e+00
-7.233233233233232751e-01,7.500000000000000000e-01,8.800000000000000044e-01,6.409968581633250784e-01,7.675435022360270754e-01,0.000000000000000000e+00,0.000000000000000000e+00
-7.222622622622622002e-01,7.500000000000000000e-01,8.800000000000000044e-01,6.409968581633250784e-01,7.675435022360270754e-01,0.000000000000000000e+00,0.000000000000000000e+00
-7.212012012012011253e-01,7.500000000000000000e-01,8.800000000000000044e-01,6.409968581633250784e-01,7.675435022360270754e-01,0.000000000000000000e+00,0.000000000000000000e+00
-7.201401401401401614e-01,7.500000000000000000e-01,8.800000000000000044e-01,6.409968581633250784e-01,7.675435022360270754e-01,0.000000000000000000e+00,0.000000000000000000e+00
-7.190790790790790865e-01,7.500000000000000000e-01,8.800000000000000044e-01,6.409968581633250784e-01,7.675435022360270754e-01,0.000000000000000000e+00,0.000000000000000000e+00
-7.180180180180180116e-01,7.500000000000000000e-01,8.800000000000000044e-01,6.409968581633250784e-01,7.675435022360270754e-01,0.000000000000000000e+00,0.000000000000000000e+00
-7.169569569569569367e-01,7.500000000000000000e-01,8.800000000000000044e-01,6.409968581633250784e-01,7.675435022360270754e-01,0.000000000000000000e+00,0.000000000000000000e+00
-7.158958958958958618e-01,7.500000000000000000e-01,8.800000000000000044e-01,6.409968581633250784e-01,7.675435022360270754e-01,0.000000000000000000e+00,0.000000000000000000e+00
-7.148348348348348980e-01,7.500000000000000000e-01,8.800000000000000044e-01,6.409968581633250784e-01,7.675435022360270754e-01,0.000000000000000000e+00,0.000000000000000000e+00
-7.137737737737738231e-01,7.500000000000000000e-01,8.800000000000000044e-01,6.409968581633250784e-01,7.675435022360270754e-01,0.000000000000000000e+00,0.000000000000000000e+00
-7.127127127127127482e-01,7.500000000000000000e-01,8.800000000000000044e-01,6.409968581633250784e-01,7.675435022360270754e-01,0.000000000000000000e+00,0.000000000000000000e+00
-7.116516516516516733e-01,7.500000000000000000e-01,8.800000000000000044e-01,6.409968581633250784e-01,7.675435022360270754e-01,0.000000000000000000e+00,0.000000000000000000e+00
-7.105905905905905984e-01,7.500000000000000000e-01,8.800000000000000044e-01,6.409968581633250784e-01,7.675435022360270754e-01,0.000000000000000000e+00,0.000000000000000000e+00
-7.095295295295295235e-01,7.500000000000000000e-01,8.800000000000000044e-01,6.409968581633250784e-01,7.675435022360270754e-01,0.000000000000000000e+00,0.000000000000000000e+00
-7.084684684684684486e-01,7.500000000000000000e-01,8.800000000000000044e-01,6.409968581633250784e-01,7.675435022360270754e-01,0.000000000000000000e+00,0.000000000000000000e+00
-7.074074074074073737e-01,7.500000000000000000e-01,8.800000000000000044e-01,6.409968581633250784e-01,7.675435022360270754e-01,0.000000000000000000e+00,0.000000000000000000e+00
-7.063463463463462988e-01,7.500000000000000000e-01,8.800000000000000044e-01,6.409968581633250784e-01,7.675435022360270754e-01,0.000000000000000000e+00,0.000000000000000000e+00
-7.052852852852852239e-01,7.500000000000000000e-01,8.800000000000000044e-01,6.409968581633250784e-01,7.675435022360270754e-01,0.000000000000000000e+00,0.000000000000000000e+00
-7.042242242242241490e-01,7.500000000000000000e-01,8.800000000000000044e-01,6.409968581633250784e-01,7.675435022360270754e-01,0.000000000000000000e+00,0.000000000000000000e+00
-7.031631631631631851e-01,7.500000000000000000e-01,8.800000000000000044e-01,6.409968581633250784e-01,7.675435022360270754e-01,0.000000000000000000e+00,0.000000000000000000e+00
-7.021021021021021102e-01,7.500000000000000000e-01,8.800000000000000044e-01,6.409968581633250784e-01,7.675435022360270754e-01,0.000000000000000000e+00,0.000000000000000000e+00
-7.010410410410410353e-01,7.500000000000000000e-01,8.800000000000000044e-01,6.409968581633250784e-01,7.675435022360270754e-01,0.000000000000000000e+00,0.000000000000000000e+00
-6.999799799799799604e-01,7.500000000000000000e-01,8.800000000000000044e-01,6.409968581633250784e-01,7.675435022360270754e-01,0.000000000000000000e+00,0.000000000000000000e+00
-6.989189189189188856e-01,7.500000000000000000e-01,8.800000000000000044e-01,6.409968581633250784e-01,7.675435022360270754e-01,0.000000000000000000e+00,0.000000000000000000e+00
-6.978578578578579217e-01,7.500000000000000000e-01,8.800000000000000044e-01,6.409968581633250784e-01,7.675435022360270754e-01,0.000000000000000000e+00,0.000000000000000000e+00
-6.967967967967968468e-01,7.500000000000000000e-01,8.800000000000000044e-01,6.409968581633250784e-01,7.675435022360270754e-01,0.000000000000000000e+00,0.000000000000000000e+00
-6.957357357357357719e-01,7.500000000000000000e-01,8.800000000000000044e-01,6.409968581633250784e-01,7.675435022360270754e-01,0.000000000000000000e+00,0.000000000000000000e+00
-6.946746746746746970e-01,7.500000000000000000e-01,8.800000000000000044e-01,6.409968581633250784e-01,7.675435022360270754e-01,0.000000000000000000e+00,0.000000000000000000e+00
-6.936136136136136221e-01,7.500000000000000000e-01,8.800000000000000044e-01,6.409968581633250784e-01,7.675435022360270754e-01,0.000000000000000000e+00,0.000000000000000000e+00
-6.925525525525525472e-01,7.500000000000000000e-01,8.800000000000000044e-01,6.409968581633250784e-01,7.675435022360270754e-01,0.000000000000000000e+00,0.000000000000000000e+00
-6.914914914914914723e-01,7.500000000000000000e-01,8.800000000000000044e-01,6.409968581633250784e-01,7.675435022360270754e-01,0.000000000000000000e+00,0.000000000000000000e+00
-6.904304304304303974e-01,7.500000000000000000e-01,8.800000000000000044e-01,6.409968581633250784e-01,7.675435022360270754e-01,0.000000000000000000e+00,0.000000000000000000e+00
-6.893693693693693225e-01,7.500000000000000000e-01,8.800000000000000044e-01,6.409968581633250784e-01,7.675435022360270754e-01,0.000000000000000000e+00,0.000000000000000000e+00
-6.883083083083082476e-01,7.500000000000000000e-01,8.800000000000000044e-01,6.409968581633250784e-01,7.675435022360270754e-01,0.000000000000000000e+00,0.000000000000000000e+00
-6.872472472472471727e-01,7.500000000000000000e-01,8.800000000000000044e-01,6.409968581633250784e-01,7.675435022360270754e-01,0.000000000000000000e+00,0.000000000000000000e+00
-6.861861861861862089e-01,7.500000000000000000e-01,8.800000000000000044e-01,6.409968581633250784e-01,7.675435022360270754e-01,0.000000000000000000e+00,0.000000000000000000e+00
-6.851251251251251340e-01,7.500000000000000000e-01,8.800000000000000044e-01,6.409968581633250784e-01,7.675435022360270754e-01,0.000000000000000000e+00,0.000000000000000000e+00
-6.840640640640640591e-01,7.500000000000000000e-01,8.800000000000000044e-01,6.409968581633250784e-01,7.675435022360270754e-01,0.000000000000000000e+00,0.000000000000000000e+00
-6.830030030030029842e-01,7.500000000000000000e-01,8.800000000000000044e-01,6.409968581633250784e-01,7.675435022360270754e-01,0.000000000000000000e+00,0.000000000000000000e+00
-6.819419419419419093e-01,7.500000000000000000e-01,8.800000000000000044e-01,6.409968581633250784e-01,7.675435022360270754e-01,0.000000000000000000e+00,0.000000000000000000e+00
-6.808808808808809454e-01,7.500000000000000000e-01,8.800000000000000044e-01,6.409968581633250784e-01,7.675435022360270754e-01,0.000000000000000000e+00,0.000000000000000000e+00
-6.798198198198198705e-01,7.500000000000000000e-01,8.800000000000000044e-01,6.409968581633250784e-01,7.675435022360270754e-01,0.000000000000000000e+00,0.000000000000000000e+00
-6.787587587587587956e-01,7.500000000000000000e-01,8.800000000000000044e-01,6.409968581633250784e-01,7.675435022360270754e-01,0.000000000000000000e+00,0.000000000000000000e+00
-6.776976976976977207e-01,7.500000000000000000e-01,8.800000000000000044e-01,6.409968581633250784e-01,7.675435022360270754e-01,0.000000000000000000e+00,0.000000000000000000e+00
-6.766366366366366458e-01,7.500000000000000000e-01,8.800000000000000044e-01,6.409968581633250784e-01,7.675435022360270754e-01,0.000000000000000000e+00,0.000000000000000000e+00
-6.755755755755755709e-01,7.500000000000000000e-01,8.800000000000000044e-01,6.409968581633250784e-01,7.675435022360270754e-01,0.000000000000000000e+00,0.000000000000000000e+00
-6.745145145145144960e-01,7.500000000000000000e-01,8.800000000000000044e-01,6.409968581633250784e-01,7.675435022360270754e-01,0.000000000000000000e+00,0.000000000000000000e+00
-6.734534534534534211e-01,7.500000000000000000e-01,8.800000000000000044e-01,6.409968581633250784e-01,7.675435022360270754e-01,0.000000000000000000e+00,0.000000000000000000e+00
-6.723923923923923462e-01,7.500000000000000000e-01,8.800000000000000044e-01,6.409968581633250784e-01,7.675435022360270754e-01,0.000000000000000000e+00,0.000000000000000000e+00
-6.713313313313312714e-01,7.500000000000000000e-01,8.800000000000000044e-01,6.409968581633250784e-01,7.675435022360270754e-01,0.000000000000000000e+00,0.000000000000000000e+00
-6.702702702702701965e-01,7.500000000000000000e-01,8.800000000000000044e-01,6.409968581633250784e-01,7.675435022360270754e-01,0.000000000000000000e+00,0.000000000000000000e+00
-6.692092092092092326e-01,7.500000000000000000e-01,8.800000000000000044e-01,6.409968581633250784e-01,7.675435022360270754e-01,0.000000000000000000e+00,0.000000000000000000e+00
-6.681481481481481577e-01,7.500000000000000000e-01,8.800000000000000044e-01,6.409968581633250784e-01,7.675435022360270754e-01,0.000000000000000000e+00,0.000000000000000000e+00
-6.670870870870870828e-01,7.500000000000000000e-01,8.800000000000000044e-01,6.409968581633250784e-01,7.675435022360270754e-01,0.000000000000000000e+00,0.000000000000000000e+00
-6.660260260260260079e-01,7.500000000000000000e-01,8.800000000000000044e-01,6.409968581633250784e-01,7.675435022360270754e-01,0.000000000000000000e+00,0.000000000000000000e+00
-6.649649649649649330e-01,7.500000000000000000e-01,8.800000000000000044e-01,6.409968581633250784e-01,7.675435022360270754e-01,0.000000000000000000e+00,0.000000000000000000e+00
-6.639039039039039691e-01,7.500000000000000000e-01,8.800000000000000044e-01,6.409968581633250784e-01,7.675435022360270754e-01,0.000000000000000000e+00,0.000000000000000000e+00
-6.628428428428428942e-01,7.500000000000000000e-01,8.800000000000000044e-01,6.409968581633250784e-01,7.675435022360270754e-01,0.000000000000000000e+00,0.000000000000000000e+00
-6.617817817817818193e-01,7.500000000000000000e-01,8.800000000000000044e-01,6.409968581633250784e-01,7.675435022360270754e-01,0.000000000000000000e+00,0.000000000000000000e+00
-6.607207207207207444e-01,7.500000000000000000e-01,8.800000000000000044e-01,6.409968581633250784e-01,7.675435022360270754e-01,0.000000000000000000e+00,0.000000000000000000e+00
-6.596596596596596696e-01,7.500000000000000000e-01,8.800000000000000044e-01,6.409968581633250784e-01,7.675435022360270754e-01,0.000000000000000000e+00,0.000000000000000000e+00
-6.585985985985985947e-01,7.500000000000000000e-01,8.800000000000000044e-01,6.409968581633250784e-01,7.675435022360270754e-01,0.000000000000000000e+00,0.000000000000000000e+00
-6.575375375375375198e-01,7.500000000000000000e-01,8.800000000000000044e-01,6.409968581633250784e-01,7.675435022360270754e-01,0.000000000000000000e+00,0.000000000000000000e+00
-6.564764764764764449e-01,7.500000000000000000e-01,8.800000000000000044e-01,6.409968581633250784e-01,7.675435022360270754e-01,0.000000000000000000e+00,0.000000000000000000e+00
-6.554154154154153700e-01,7.500000000000000000e-01,8.800000000000000044e-01,6.409968581633250784e-01,7.675435022360270754e-01,0.000000000000000000e+00,0.000000000000000000e+00
-6.543543543543542951e-01,7.500000000000000000e-01,8.800000000000000044e-01,6.409968581633250784e-01,7.675435022360270754e-01,0.000000000000000000e+00,0.000000000000000000e+00
-6.532932932932932202e-01,7.500000000000000000e-01,8.800000000000000044e-01,6.409968581633250784e-01,7.675435022360270754e-01,0.000000000000000000e+00,0.000000000000000000e+00
-6.522322322322322563e-01,7.500000000000000000e-01,8.800000000000000044e-01,6.409968581633250784e-01,7.675435022360270754e-01,0.000000000000000000e+00,0.000000000000000000e+00
-6.511711711711711814e-01,7.500000000000000000e-01,8.800000000000000044e-01,6.409968581633250784e-01,7.675435022360270754e-01,0.000000000000000000e+00,0.000000000000000000e+00
-6.501101101101101065e-01,7.500000000000000000e-01,8.800000000000000044e-01,6.409968581633250784e-01,7.675435022360270754e-01,0.000000000000000000e+00,0.000000000000000000e+00
-6.490490490490490316e-01,7.500000000000000000e-01,8.800000000000000044e-01,6.409968581633250784e-01,7.675435022360270754e-01,0.000000000000000000e+00,0.000000000000000000e+00
-6.479879879879879567e-01,7.500000000000000000e-01,8.800000000000000044e-01,6.409968581633250784e-01,7.675435022360270754e-01,0.000000000000000000e+00,0.000000000000000000e+00
-6.469269269269269929e-01,7.500000000000000000e-01,8.800000000000000044e-01,6.409968581633250784e-01,7.675435022360270754e-01,0.000000000000000000e+00,0.000000000000000000e+00
-6.458658658658659180e-01,7.500000000000000000e-01,8.800000000000000044e-01,6.409968581633250784e-01,7.675435022360270754e-01,0.000000000000000000e+00,0.000000000000000000e+00
-6.448048048048048431e-01,7.500000000000000000e-01,8.800000000000000044e-01,6.409968581633250784e-01,7.675435022360270754e-01,0.000000000000000000e+00,0.000000000000000000e+00
-6.437437437437437682e-01,7.500000000000000000e-01,8.800000000000000044e-01,6.409968581633250784e-01,7.675435022360270754e-01,0.000000000000000000e+00,0.000000000000000000e+00
-6.426826826826826933e-01,7.500000000000000000e-01,8.800000000000000044e-01,6.409968581633250784e-01,7.675435022360270754e-01,0.000000000000000000e+00,0.000000000000000000e+00
-6.416216216216216184e-01,7.500000000000000000e-01,8.800000000000000044e-01,6.409968581633250784e-01,7.675435022360270754e-01,0.000000000000000000e+00,0.000000000000000000e+00
-6.405605605605605435e-01,7.500000000000000000e-01,8.800000000000000044e-01,6.409968581633250784e-01,7.675435022360270754e-01,0.000000000000000000e+00,0.000000000000000000e+00
-6.394994994994994686e-01,7.500000000000000000e-01,8.800000000000000044e-01,6.409968581633250784e-01,7.675435022360270754e-01,0.000000000000000000e+00,0.000000000000000000e+00
-6.384384384384383937e-01,7.500000000000000000e-01,8.800000000000000044e-01,6.409968581633250784e-01,7.675435022360270754e-01,0.000000000000000000e+00,0.000000000000000000e+00
-6.373773773773773188e-01,7.500000000000000000e-01,8.800000000000000044e-01,6.409968581633250784e-01,7.675435022360270754e-01,0.000000000000000000e+00,0.000000000000000000e+00
-6.363163163163162439e-01,7.500000000000000000e-01,8.800000000000000044e-01,6.409968581633250784e-01,7.675435022360270754e-01,0.000000000000000000e+00,0.000000000000000000e+00
-6.352552552552552800e-01,7.500000000000000000e-01,8.800000000000000044e-01,6.409968581633250784e-01,7.675435022360270754e-01,0.000000000000000000e+00,0.000000000000000000e+00
-6.341941941941942051e-01,7.500000000000000000e-01,8.800000000000000044e-01,6.409968581633250784e-01,7.675435022360270754e-01,0.000000000000000000e+00,0.000000000000000000e+00
-6.331331331331331302e-01,7.500000000000000000e-01,8.800000000000000044e-01,6.409968581633250784e-01,7.675435022360270754e-01,0.000000000000000000e+00,0.000000000000000000e+00
-6.320720720720720553e-01,7.500000000000000000e-01,8.800000000000000044e-01,6.409968581633250784e-01,7.675435022360270754e-01,0.000000000000000000e+00,0.000000000000000000e+00
-6.310110110110109805e-01,7.500000000000000000e-01,8.800000000000000044e-01,6.409968581633250784e-01,7.675435022360270754e-01,0.000000000000000000e+00,0.000000000000000000e+00
-6.299499499499500166e-01,7.500000000000000000e-01,8.800000000000000044e-01,6.409968581633250784e-01,7.675435022360270754e-01,0.000000000000000000e+00,0.000000000000000000e+00
-6.288888888888889417e-01,7.500000000000000000e-01,8.800000000000000044e-01,6.409968581633250784e-01,7.675435022360270754e-01,0.000000000000000000e+00,0.000000000000000000e+00
-6.278278278278278668e-01,7.500000000000000000e-01,8.800000000000000044e-01,6.409968581633250784e-01,7.675435022360270754e-01,0.000000000000000000e+00,0.000000000000000000e+00
-6.267667667667667919e-01,7.500000000000000000e-01,8.800000000000000044e-01,6.409968581633250784e-01,7.675435022360270754e-01,0.000000000000000000e+00,0.000000000000000000e+00
-6.257057057057057170e-01,7.500000000000000000e-01,8.800000000000000044e-01,6.409968581633250784e-01,7.675435022360270754e-01,0.000000000000000000e+00,0.000000000000000000e+00
-6.246446446446446421e-01,7.500000000000000000e-01,8.800000000000000044e-01,6.409968581633250784e-01,7.675435022360270754e-01,0.000000000000000000e+00,0.000000000000000000e+00
-6.235835835835835672e-01,7.500000000000000000e-01,8.800000000000000044e-01,6.409968581633250784e-01,7.675435022360270754e-01,0.000000000000000000e+00,0.000000000000000000e+00
-6.225225225225224923e-01,7.500000000000000000e-01,8.800000000000000044e-01,6.409968581633250784e-01,7.675435022360270754e-01,0.000000000000000000e+00,0.000000000000000000e+00
-6.214614614614614174e-01,7.500000000000000000e-01,8.800000000000000044e-01,6.409968581633250784e-01,7.675435022360270754e-01,0.000000000000000000e+00,0.000000000000000000e+00
-6.204004004004003425e-01,7.500000000000000000e-01,8.800000000000000044e-01,6.409968581633250784e-01,7.675435022360270754e-01,0.000000000000000000e+00,0.000000000000000000e+00
-6.193393393393392676e-01,7.500000000000000000e-01,8.800000000000000044e-01,6.409968581633250784e-01,7.675435022360270754e-01,0.000000000000000000e+00,0.000000000000000000e+00
-6.182782782782783038e-01,7.500000000000000000e-01,8.800000000000000044e-01,6.409968581633250784e-01,7.675435022360270754e-01,0.000000000000000000e+00,0.000000000000000000e+00
-6.172172172172172289e-01,7.500000000000000000e-01,8.800000000000000044e-01,6.409968581633250784e-01,7.675435022360270754e-01,0.000000000000000000e+00,0.000000000000000000e+00
-6.161561561561561540e-01,7.500000000000000000e-01,8.800000000000000044e-01,6.409968581633250784e-01,7.675435022360270754e-01,0.000000000000000000e+00,0.000000000000000000e+00
-6.150950950950950791e-01,7.500000000000000000e-01,8.800000000000000044e-01,6.409968581633250784e-01,7.675435022360270754e-01,0.000000000000000000e+00,0.000000000000000000e+00
-6.140340340340340042e-01,7.500000000000000000e-01,8.800000000000000044e-01,6.409968581633250784e-01,7.675435022360270754e-01,0.000000000000000000e+00,0.000000000000000000e+00
-6.129729729729730403e-01,7.500000000000000000e-01,8.800000000000000044e-01,6.409968581633250784e-01,7.675435022360270754e-01,0.000000000000000000e+00,0.000000000000000000e+00
-6.119119119119119654e-01,7.500000000000000000e-01,8.800000000000000044e-01,6.409968581633250784e-01,7.675435022360270754e-01,0.000000000000000000e+00,0.000000000000000000e+00
-6.108508508508508905e-01,7.500000000000000000e-01,8.800000000000000044e-01,6.409968581633250784e-01,7.675435022360270754e-01,0.000000000000000000e+00,0.000000000000000000e+00
-6.097897897897898156e-01,7.500000000000000000e-01,8.800000000000000044e-01,6.409968581633250784e-01,7.675435022360270754e-01,0.000000000000000000e+00,0.000000000000000000e+00
-6.087287287287287407e-01,7.500000000000000000e-01,8.800000000000000044e-01,6.409968581633250784e-01,7.675435022360270754e-01,0.000000000000000000e+00,0.000000000000000000e+00
-6.076676676676676658e-01,7.500000000000000000e-01,8.800000000000000044e-01,6.409968581633250784e-01,7.675435022360270754e-01,0.000000000000000000e+00,0.000000000000000000e+00
-6.066066066066065909e-01,7.500000000000000000e-01,8.800000000000000044e-01,6.409968581633250784e-01,7.675435022360270754e-01,0.000000000000000000e+00,0.000000000000000000e+00
-6.055455455455455160e-01,7.500000000000000000e-01,8.800000000000000044e-01,6.409968581633250784e-01,7.675435022360270754e-01,0.000000000000000000e+00,0.000000000000000000e+00
-6.044844844844844411e-01,7.500000000000000000e-01,8.800000000000000044e-01,6.409968581633250784e-01,7.675435022360270754e-01,0.000000000000000000e+00,0.000000000000000000e+00
-6.034234234234233663e-01,7.500000000000000000e-01,8.800000000000000044e-01,6.409968581633250784e-01,7.675435022360270754e-01,0.000000000000000000e+00,0.000000000000000000e+00
-6.023623623623622914e-01,7.500000000000000000e-01,8.800000000000000044e-01,6.409968581633250784e-01,7.675435022360270754e-01,0.000000000000000000e+00,0.000000000000000000e+00
-6.013013013013013275e-01,7.500000000000000000e-01,8.800000000000000044e-01,6.409968581633250784e-01,7.675435022360270754e-01,0.000000000000000000e+00,0.000000000000000000e+00
-6.002402402402402526e-01,7.500000000000000000e-01,8.800000000000000044e-01,6.409968581633250784e-01,7.675435022360270754e-01,0.000000000000000000e+00,0.000000000000000000e+00
-5.991791791791791777e-01,7.500000000000000000e-01,8.800000000000000044e-01,6.409968581633250784e-01,7.675435022360270754e-01,0.000000000000000000e+00,0.000000000000000000e+00
-5.981181181181181028e-01,7.500000000000000000e-01,8.800000000000000044e-01,6.409968581633250784e-01,7.675435022360270754e-01,0.000000000000000000e+00,0.000000000000000000e+00
-5.970570570570570279e-01,7.500000000000000000e-01,8.800000000000000044e-01,6.409968581633250784e-01,7.675435022360270754e-01,0.000000000000000000e+00,0.000000000000000000e+00
-5.959959959959959530e-01,7.500000000000000000e-01,8.800000000000000044e-01,6.409968581633250784e-01,7.675435022360270754e-01,0.000000000000000000e+00,0.000000000000000000e+00
-5.949349349349349891e-01,7.500000000000000000e-01,8.800000000000000044e-01,6.409968581633250784e-01,7.675435022360270754e-01,0.000000000000000000e+00,0.000000000000000000e+00
-5.938738738738739142e-01,7.500000000000000000e-01,8.800000000000000044e-01,6.409968581633250784e-01,7.675435022360270754e-01,0.000000000000000000e+00,0.000000000000000000e+00
-5.928128128128128393e-01,7.500000000000000000e-01,8.800000000000000044e-01,6.409968581633250784e-01,7.675435022360270754e-01,0.000000000000000000e+00,0.000000000000000000e+00
-5.917517517517517645e-01,7.500000000000000000e-01,8.800000000000000044e-01,6.409968581633250784e-01,7.675435022360270754e-01,0.000000000000000000e+00,0.000000000000000000e+00
-5.906906906906906896e-01,7.500000000000000000e-01,8.800000000000000044e-01,6.409968581633250784e-01,7.675435022360270754e-01,0.000000000000000000e+00,0.000000000000000000e+00
-5.896296296296296147e-01,7.500000000000000000e-01,8.800000000000000044e-01,6.409968581633250784e-01,7.675435022360270754e-01,0.000000000000000000e+00,0.000000000000000000e+00
-5.885685685685685398e-01,7.500000000000000000e-01,8.800000000000000044e-01,6.409968581633250784e-01,7.675435022360270754e-01,0.000000000000000000e+00,0.000000000000000000e+00
-5.875075075075074649e-01,7.500000000000000000e-01,8.800000000000000044e-01,6.409968581633250784e-01,7.675435022360270754e-01,0.000000000000000000e+00,0.000000000000000000e+00
-5.864464464464463900e-01,7.500000000000000000e-01,8.800000000000000044e-01,6.409968581633250784e-01,7.675435022360270754e-01,0.000000000000000000e+00,0.000000000000000000e+00
-5.853853853853854261e-01,7.500000000000000000e-01,8.800000000000000044e-01,6.409968581633250784e-01,7.675435022360270754e-01,0.000000000000000000e+00,0.000000000000000000e+00
-5.843243243243243512e-01,7.500000000000000000e-01,8.800000000000000044e-01,6.409968581633250784e-01,7.675435022360270754e-01,0.000000000000000000e+00,0.000000000000000000e+00
-5.832632632632632763e-01,7.500000000000000000e-01,8.800000000000000044e-01,6.409968581633250784e-01,7.675435022360270754e-01,0.000000000000000000e+00,0.000000000000000000e+00
-5.822022022022022014e-01,7.500000000000000000e-01,8.800000000000000044e-01,6.409968581633250784e-01,7.675435022360270754e-01,0.000000000000000000e+00,0.000000000000000000e+00
-5.811411411411411265e-01,7.500000000000000000e-01,8.800000000000000044e-01,6.409968581633250784e-01,7.675435022360270754e-01,0.000000000000000000e+00,0.000000000000000000e+00
-5.800800800800800516e-01,7.500000000000000000e-01,8.800000000000000044e-01,6.409968581633250784e-01,7.675435022360270754e-01,0.000000000000000000e+00,0.000000000000000000e+00
-5.790190190190189767e-01,7.500000000000000000e-01,8.800000000000000044e-01,6.409968581633250784e-01,7.675435022360270754e-01,0.000000000000000000e+00,0.000000000000000000e+00
-5.779579579579580129e-01,7.500000000000000000e-01,8.800000000000000044e-01,6.409968581633250784e-01,7.675435022360270754e-01,0.000000000000000000e+00,0.000000000000000000e+00
-5.768968968968969380e-01,7.500000000000000000e-01,8.800000000000000044e-01,6.409968581633250784e-01,7.675435022360270754e-01,0.000000000000000000e+00,0.000000000000000000e+00
-5.758358358358358631e-01,7.500000000000000000e-01,8.800000000000000044e-01,6.409968581633250784e-01,7.675435022360270754e-01,0.000000000000000000e+00,0.000000000000000000e+00
-5.747747747747747882e-01,7.500000000000000000e-01,8.800000000000000044e-01,6.409968581633250784e-01,7.675435022360270754e-01,0.000000000000000000e+00,0.000000000000000000e+00
-5.737137137137137133e-01,7.500000000000000000e-01,8.800000000000000044e-01,6.409968581633250784e-01,7.675435022360270754e-01,0.000000000000000000e+00,0.000000000000000000e+00
-5.726526526526526384e-01,7.500000000000000000e-01,8.800000000000000044e-01,6.409968581633250784e-01,7.675435022360270754e-01,0.000000000000000000e+00,0.000000000000000000e+00
-5.715915915915915635e-01,7.500000000000000000e-01,8.800000000000000044e-01,6.409968581633250784e-01,7.675435022360270754e-01,0.000000000000000000e+00,0.000000000000000000e+00
-5.705305305305304886e-01,7.500000000000000000e-01,8.800000000000000044e-01,6.409968581633250784e-01,7.675435022360270754e-01,0.000000000000000000e+00,0.000000000000000000e+00
-5.694694694694694137e-01,7.500000000000000000e-01,8.800000000000000044e-01,6.409968581633250784e-01,7.675435022360270754e-01,0.000000000000000000e+00,0.000000000000000000e+00
-5.684084084084084498e-01,7.500000000000000000e-01,8.800000000000000044e-01,6.409968581633250784e-01,7.675435022360270754e-01,0.000000000000000000e+00,0.000000000000000000e+00
-5.673473473473473749e-01,7.500000000000000000e-01,8.800000000000000044e-01,6.409968581633250784e-01,7.675435022360270754e-01,0.000000000000000000e+00,0.000000000000000000e+00
-5.662862862862863000e-01,7.500000000000000000e-01,8.800000000000000044e-01,6.409968581633250784e-01,7.675435022360270754e-01,0.000000000000000000e+00,0.000000000000000000e+00
-5.652252252252252251e-01,7.500000000000000000e-01,8.800000000000000044e-01,6.409968581633250784e-01,7.675435022360270754e-01,0.000000000000000000e+00,0.000000000000000000e+00
-5.641641641641641503e-01,7.500000000000000000e-01,8.800000000000000044e-01,6.409968581633250784e-01,7.675435022360270754e-01,0.000000000000000000e+00,0.000000000000000000e+00
-5.631031031031030754e-01,7.500000000000000000e-01,8.800000000000000044e-01,6.409968581633250784e-01,7.675435022360270754e-01,0.000000000000000000e+00,0.000000000000000000e+00
-5.620420420420420005e-01,7.500000000000000000e-01,8.800000000000000044e-01,6.409968581633250784e-01,7.675435022360270754e-01,0.000000000000000000e+00,0.000000000000000000e+00
-5.609809809809810366e-01,7.500000000000000000e-01,8.800000000000000044e-01,6.409968581633250784e-01,7.675435022360270754e-01,0.000000000000000000e+00,0.000000000000000000e+00
-5.599199199199199617e-01,7.500000000000000000e-01,8.800000000000000044e-01,6.409968581633250784e-01,7.675435022360270754e-01,0.000000000000000000e+00,0.000000000000000000e+00
-5.588588588588588868e-01,7.500000000000000000e-01,8.800000000000000044e-01,6.409968581633250784e-01,7.675435022360270754e-01,0.000000000000000000e+00,0.000000000000000000e+00
-5.577977977977978119e-01,7.500000000000000000e-01,8.800000000000000044e-01,6.409968581633250784e-01,7.675435022360270754e-01,0.000000000000000000e+00,0.000000000000000000e+00
-5.567367367367367370e-01,7.500000000000000000e-01,8.800000000000000044e-01,6.409968581633250784e-01,7.675435022360270754e-01,0.000000000000000000e+00,0.000000000000000000e+00
-5.556756756756756621e-01,7.500000000000000000e-01,8.800000000000000044e-01,6.409968581633250784e-01,7.675435022360270754e-01,0.000000000000000000e+00,0.000000000000000000e+00
-5.546146146146145872e-01,7.500000000000000000e-01,8.800000000000000044e-01,6.409968581633250784e-01,7.675435022360270754e-01,0.000000000000000000e+00,0.000000000000000000e+00
-5.535535535535535123e-01,7.500000000000000000e-01,8.800000000000000044e-01,6.409968581633250784e-01,7.675435022360270754e-01,0.000000000000000000e+00,0.000000000000000000e+00
-5.524924924924924374e-01,7.500000000000000000e-01,8.800000000000000044e-01,6.409968581633250784e-01,7.675435022360270754e-01,0.000000000000000000e+00,0.000000000000000000e+00
-5.514314314314314736e-01,7.500000000000000000e-01,8.800000000000000044e-01,6.409968581633250784e-01,7.675435022360270754e-01,0.000000000000000000e+00,0.000000000000000000e+00
-5.503703703703703987e-01,7.500000000000000000e-01,8.800000000000000044e-01,6.409968581633250784e-01,7.675435022360270754e-01,0.000000000000000000e+00,0.000000000000000000e+00
-5.493093093093093238e-01,7.500000000000000000e-01,8.800000000000000044e-01,6.409968581633250784e-01,7.675435022360270754e-01,0.000000000000000000e+00,0.000000000000000000e+00
-5.482482482482482489e-01,7.500000000000000000e-01,8.800000000000000044e-01,6.409968581633250784e-01,7.675435022360270754e-01,0.000000000000000000e+00,0.000000000000000000e+00
-5.471871871871871740e-01,7.500000000000000000e-01,8.800000000000000044e-01,6.409968581633250784e-01,7.675435022360270754e-01,0.000000000000000000e+00,0.000000000000000000e+00
-5.461261261261260991e-01,7.500000000000000000e-01,8.800000000000000044e-01,6.409968581633250784e-01,7.675435022360270754e-01,0.000000000000000000e+00,0.000000000000000000e+00
-5.450650650650650242e-01,7.500000000000000000e-01,8.800000000000000044e-01,6.409968581633250784e-01,7.675435022360270754e-01,0.000000000000000000e+00,0.000000000000000000e+00
-5.440040040040040603e-01,7.500000000000000000e-01,8.800000000000000044e-01,6.409968581633250784e-01,7.675435022360270754e-01,0.000000000000000000e+00,0.000000000000000000e+00
-5.429429429429429854e-01,7.500000000000000000e-01,8.800000000000000044e-01,6.409968581633250784e-01,7.675435022360270754e-01,0.000000000000000000e+00,0.000000000000000000e+00
-5.418818818818819105e-01,7.500000000000000000e-01,8.800000000000000044e-01,6.409968581633250784e-01,7.675435022360270754e-01,0.000000000000000000e+00,0.000000000000000000e+00
-5.408208208208208356e-01,7.500000000000000000e-01,8.800000000000000044e-01,6.409968581633250784e-01,7.675435022360270754e-01,0.000000000000000000e+00,0.000000000000000000e+00
-5.397597597597597607e-01,7.500000000000000000e-01,8.800000000000000044e-01,6.409968581633250784e-01,7.675435022360270754e-01,0.000000000000000000e+00,0.000000000000000000e+00
-5.386986986986986858e-01,7.500000000000000000e-01,8.800000000000000044e-01,6.409968581633250784e-01,7.675435022360270754e-01,0.000000000000000000e+00,0.000000000000000000e+00
-5.376376376376376109e-01,7.500000000000000000e-01,8.800000000000000044e-01,6.409968581633250784e-01,7.675435022360270754e-01,0.000000000000000000e+00,0.000000000000000000e+00
-5.365765765765765360e-01,7.500000000000000000e-01,8.800000000000000044e-01,6.409968581633250784e-01,7.675435022360270754e-01,0.000000000000000000e+00,0.000000000000000000e+00
-5.355155155155154612e-01,7.500000000000000000e-01,8.800000000000000044e-01,6.409968581633250784e-01,7.675435022360270754e-01,0.000000000000000000e+00,0.000000000000000000e+00
-5.344544544544544973e-01,7.500000000000000000e-01,8.800000000000000044e-01,6.409968581633250784e-01,7.675435022360270754e-01,0.000000000000000000e+00,0.000000000000000000e+00
-5.333933933933934224e-01,7.500000000000000000e-01,8.800000000000000044e-01,6.409968581633250784e-01,7.675435022360270754e-01,0.000000000000000000e+00,0.000000000000000000e+00
-5.323323323323323475e-01,7.500000000000000000e-01,8.800000000000000044e-01,6.409968581633250784e-01,7.675435022360270754e-01,0.000000000000000000e+00,0.000000000000000000e+00
-5.312712712712712726e-01,7.500000000000000000e-01,8.800000000000000044e-01,6.409968581633250784e-01,7.675435022360270754e-01,0.000000000000000000e+00,0.000000000000000000e+00
-5.302102102102101977e-01,7.500000000000000000e-01,8.800000000000000044e-01,6.409968581633250784e-01,7.675435022360270754e-01,0.000000000000000000e+00,0.000000000000000000e+00
-5.291491491491491228e-01,7.500000000000000000e-01,8.800000000000000044e-01,6.409968581633250784e-01,7.675435022360270754e-01,0.000000000000000000e+00,0.000000000000000000e+00
-5.280880880880880479e-01,7.500000000000000000e-01,8.800000000000000044e-01,6.409968581633250784e-01,7.675435022360270754e-01,0.000000000000000000e+00,0.000000000000000000e+00
-5.270270270270270840e-01,7.500000000000000000e-01,8.800000000000000044e-01,6.409968581633250784e-01,7.675435022360270754e-01,0.000000000000000000e+00,0.000000000000000000e+00
-5.259659659659660091e-01,7.500000000000000000e-01,8.800000000000000044e-01,6.409968581633250784e-01,7.675435022360270754e-01,0.000000000000000000e+00,0.000000000000000000e+00
-5.249049049049049342e-01,7.500000000000000000e-01,8.800000000000000044e-01,6.409968581633250784e-01,7.675435022360270754e-01,0.000000000000000000e+00,0.000000000000000000e+00
-5.238438438438438594e-01,7.500000000000000000e-01,8.800000000000000044e-01,6.409968581633250784e-01,7.675435022360270754e-01,0.000000000000000000e+00,0.000000000000000000e+00
-5.227827827827827845e-01,7.500000000000000000e-01,8.800000000000000044e-01,6.409968581633250784e-01,7.675435022360270754e-01,0.000000000000000000e+00,0.000000000000000000e+00
-5.217217217217217096e-01,7.500000000000000000e-01,8.800000000000000044e-01,6.409968581633250784e-01,7.675435022360270754e-01,0.000000000000000000e+00,0.000000000000000000e+00
-5.206606606606606347e-01,7.500000000000000000e-01,8.800000000000000044e-01,6.409968581633250784e-01,7.675435022360270754e-01,0.000000000000000000e+00,0.000000000000000000e+00
-5.195995995995995598e-01,7.500000000000000000e-01,8.800000000000000044e-01,6.409968581633250784e-01,7.675435022360270754e-01,0.000000000000000000e+00,0.000000000000000000e+00
-5.185385385385384849e-01,7.500000000000000000e-01,8.800000000000000044e-01,6.409968581633250784e-01,7.675435022360270754e-01,0.000000000000000000e+00,0.000000000000000000e+00
-5.174774774774775210e-01,7.500000000000000000e-01,8.800000000000000044e-01,6.409968581633250784e-01,7.675435022360270754e-01,0.000000000000000000e+00,0.000000000000000000e+00
-5.164164164164164461e-01,7.500000000000000000e-01,8.800000000000000044e-01,6.409968581633250784e-01,7.675435022360270754e-01,0.000000000000000000e+00,0.000000000000000000e+00
-5.153553553553553712e-01,7.500000000000000000e-01,8.800000000000000044e-01,6.409968581633250784e-01,7.675435022360270754e-01,0.000000000000000000e+00,0.000000000000000000e+00
-5.142942942942942963e-01,7.500000000000000000e-01,8.800000000000000044e-01,6.409968581633250784e-01,7.675435022360270754e-01,0.000000000000000000e+00,0.000000000000000000e+00
-5.132332332332332214e-01,7.500000000000000000e-01,8.800000000000000044e-01,6.409968581633250784e-01,7.675435022360270754e-01,0.000000000000000000e+00,0.000000000000000000e+00
-5.121721721721721465e-01,7.500000000000000000e-01,8.800000000000000044e-01,6.409968581633250784e-01,7.675435022360270754e-01,0.000000000000000000e+00,0.000000000000000000e+00
-5.111111111111110716e-01,7.500000000000000000e-01,8.800000000000000044e-01,6.409968581633250784e-01,7.675435022360270754e-01,0.000000000000000000e+00,0.000000000000000000e+00
-5.100500500500501078e-01,7.500000000000000000e-01,8.800000000000000044e-01,6.409968581633250784e-01,7.675435022360270754e-01,0.000000000000000000e+00,0.000000000000000000e+00
-5.089889889889890329e-01,7.500000000000000000e-01,8.800000000000000044e-01,6.409968581633250784e-01,7.675435022360270754e-01,0.000000000000000000e+00,0.000000000000000000e+00
-5.079279279279279580e-01,7.500000000000000000e-01,8.800000000000000044e-01,6.409968581633250784e-01,7.675435022360270754e-01,0.000000000000000000e+00,0.000000000000000000e+00
-5.068668668668668831e-01,7.500000000000000000e-01,8.800000000000000044e-01,6.409968581633250784e-01,7.675435022360270754e-01,0.000000000000000000e+00,0.000000000000000000e+00
-5.058058058058058082e-01,7.500000000000000000e-01,8.800000000000000044e-01,6.409968581633250784e-01,7.675435022360270754e-01,0.000000000000000000e+00,0.000000000000000000e+00
-5.047447447447447333e-01,7.500000000000000000e-01,8.800000000000000044e-01,6.409968581633250784e-01,7.675435022360270754e-01,0.000000000000000000e+00,0.000000000000000000e+00
-5.036836836836836584e-01,7.500000000000000000e-01,8.800000000000000044e-01,6.409968581633250784e-01,7.675435022360270754e-01,0.000000000000000000e+00,0.000000000000000000e+00
-5.026226226226225835e-01,7.500000000000000000e-01,8.800000000000000044e-01,6.409968581633250784e-01,7.675435022360270754e-01,0.000000000000000000e+00,0.000000000000000000e+00
-5.015615615615615086e-01,7.500000000000000000e-01,8.800000000000000044e-01,6.409968581633250784e-01,7.675435022360270754e-01,0.000000000000000000e+00,0.000000000000000000e+00
-5.005005005005005447e-01,7.500000000000000000e-01,8.800000000000000044e-01,6.409968581633250784e-01,7.675435022360270754e-01,0.000000000000000000e+00,0.000000000000000000e+00
-4.994394394394394698e-01,7.500000000000000000e-01,8.800000000000000044e-01,6.409968581633250784e-01,7.675435022360270754e-01,0.000000000000000000e+00,0.000000000000000000e+00
-4.983783783783783949e-01,7.500000000000000000e-01,8.800000000000000044e-01,6.409968581633250784e-01,7.675435022360270754e-01,0.000000000000000000e+00,0.000000000000000000e+00
-4.973173173173173200e-01,7.500000000000000000e-01,8.800000000000000044e-01,6.409968581633250784e-01,7.675435022360270754e-01,0.000000000000000000e+00,0.000000000000000000e+00
-4.962562562562562452e-01,7.500000000000000000e-01,8.800000000000000044e-01,6.409968581633250784e-01,7.675435022360270754e-01,0.000000000000000000e+00,0.000000000000000000e+00
-4.951951951951951703e-01,7.500000000000000000e-01,8.800000000000000044e-01,6.409968581633250784e-01,7.675435022360270754e-01,0.000000000000000000e+00,0.000000000000000000e+00
-4.941341341341340954e-01,7.500000000000000000e-01,8.800000000000000044e-01,6.409968581633250784e-01,7.675435022360270754e-01,0.000000000000000000e+00,0.000000000000000000e+00
-4.930730730730731315e-01,7.500000000000000000e-01,8.800000000000000044e-01,6.409968581633250784e-01,7.675435022360270754e-01,0.000000000000000000e+00,0.000000000000000000e+00
-4.920120120120120566e-01,7.500000000000000000e-01,8.800000000000000044e-01,6.409968581633250784e-01,7.675435022360270754e-01,0.000000000000000000e+00,0.000000000000000000e+00
-4.909509509509509817e-01,7.500000000000000000e-01,8.800000000000000044e-01,6.409968581633250784e-01,7.675435022360270754e-01,0.000000000000000000e+00,0.000000000000000000e+00
-4.898898898898899068e-01,7.500000000000000000e-01,8.800000000000000044e-01,6.409968581633250784e-01,7.675435022360270754e-01,0.000000000000000000e+00,0.000000000000000000e+00
-4.888288288288288319e-01,7.500000000000000000e-01,8.800000000000000044e-01,6.409968581633250784e-01,7.675435022360270754e-01,0.000000000000000000e+00,0.000000000000000000e+00
-4.877677677677677570e-01,7.500000000000000000e-01,8.800000000000000044e-01,6.409968581633250784e-01,7.675435022360270754e-01,0.000000000000000000e+00,0.000000000000000000e+00
-4.867067067067066821e-01,7.500000000000000000e-01,8.800000000000000044e-01,6.409968581633250784e-01,7.675435022360270754e-01,0.000000000000000000e+00,0.000000000000000000e+00
-4.856456456456456072e-01,7.500000000000000000e-01,8.800000000000000044e-01,6.409968581633250784e-01,7.675435022360270754e-01,0.000000000000000000e+00,0.000000000000000000e+00
-4.845845845845845323e-01,7.500000000000000000e-01,8.800000000000000044e-01,6.409968581633250784e-01,7.675435022360270754e-01,0.000000000000000000e+00,0.000000000000000000e+00
-4.835235235235235685e-01,7.500000000000000000e-01,8.800000000000000044e-01,6.409968581633250784e-01,7.675435022360270754e-01,0.000000000000000000e+00,0.000000000000000000e+00
-4.824624624624624936e-01,7.500000000000000000e-01,8.800000000000000044e-01,6.409968581633250784e-01,7.675435022360270754e-01,0.000000000000000000e+00,0.000000000000000000e+00
-4.814014014014014187e-01,7.500000000000000000e-01,8.800000000000000044e-01,6.409968581633250784e-01,7.675435022360270754e-01,0.000000000000000000e+00,0.000000000000000000e+00
-4.803403403403403438e-01,7.500000000000000000e-01,8.800000000000000044e-01,6.409968581633250784e-01,7.675435022360270754e-01,0.000000000000000000e+00,0.000000000000000000e+00
-4.792792792792792689e-01,7.500000000000000000e-01,8.800000000000000044e-01,6.409968581633250784e-01,7.675435022360270754e-01,0.000000000000000000e+00,0.000000000000000000e+00
-4.782182182182181940e-01,7.500000000000000000e-01,8.800000000000000044e-01,6.409968581633250784e-01,7.675435022360270754e-01,0.000000000000000000e+00,0.000000000000000000e+00
-4.771571571571571191e-01,7.500000000000000000e-01,8.800000000000000044e-01,6.409968581633250784e-01,7.675435022360270754e-01,0.000000000000000000e+00,0.000000000000000000e+00
-4.760960960960961552e-01,7.500000000000000000e-01,8.800000000000000044e-01,6.409968581633250784e-01,7.675435022360270754e-01,0.000000000000000000e+00,0.000000000000000000e+00
-4.750350350350350803e-01,7.500000000000000000e-01,8.800000000000000044e-01,6.409968581633250784e-01,7.675435022360270754e-01,0.000000000000000000e+00,0.000000000000000000e+00
-4.739739739739740054e-01,7.500000000000000000e-01,8.800000000000000044e-01,6.409968581633250784e-01,7.675435022360270754e-01,0.000000000000000000e+00,0.000000000000000000e+00
-4.729129129129129305e-01,7.500000000000000000e-01,8.800000000000000044e-01,6.409968581633250784e-01,7.675435022360270754e-01,0.000000000000000000e+00,0.000000000000000000e+00
-4.718518518518518556e-01,7.500000000000000000e-01,8.800000000000000044e-01,6.409968581633250784e-01,7.675435022360270754e-01,0.000000000000000000e+00,0.000000000000000000e+00
-4.707907907907907807e-01,7.500000000000000000e-01,8.800000000000000044e-01,6.409968581633250784e-01,7.675435022360270754e-01,0.000000000000000000e+00,0.000000000000000000e+00
-4.697297297297297058e-01,7.500000000000000000e-01,8.800000000000000044e-01,6.409968581633250784e-01,7.675435022360270754e-01,0.000000000000000000e+00,0.000000000000000000e+00
-4.686686686686686309e-01,7.500000000000000000e-01,8.800000000000000044e-01,6.409968581633250784e-01,7.675435022360270754e-01,0.000000000000000000e+00,0.000000000000000000e+00
-4.676076076076075561e-01,7.500000000000000000e-01,8.800000000000000044e-01,6.409968581633250784e-01,7.675435022360270754e-01,0.000000000000000000e+00,0.000000000000000000e+00
-4.665465465465465922e-01,7.500000000000000000e-01,8.800000000000000044e-01,6.409968581633250784e-01,7.675435022360270754e-01,0.000000000000000000e+00,0.000000000000000000e+00
-4.654854854854855173e-01,7.500000000000000000e-01,8.800000000000000044e-01,6.409968581633250784e-01,7.675435022360270754e-01,0.000000000000000000e+00,0.000000000000000000e+00
-4.644244244244244424e-01,7.500000000000000000e-01,8.800000000000000044e-01,6.409968581633250784e-01,7.675435022360270754e-01,0.000000000000000000e+00,0.000000000000000000e+00
-4.633633633633633675e-01,7.500000000000000000e-01,8.800000000000000044e-01,6.409968581633250784e-01,7.675435022360270754e-01,0.000000000000000000e+00,0.000000000000000000e+00
-4.623023023023022926e-01,7.500000000000000000e-01,8.800000000000000044e-01,6.409968581633250784e-01,7.675435022360270754e-01,0.000000000000000000e+00,0.000000000000000000e+00
-4.612412412412412177e-01,7.500000000000000000e-01,8.800000000000000044e-01,6.409968581633250784e-01,7.675435022360270754e-01,0.000000000000000000e+00,0.000000000000000000e+00
-4.601801801801801428e-01,7.500000000000000000e-01,8.800000000000000044e-01,6.409968581633250784e-01,7.675435022360270754e-01,0.000000000000000000e+00,0.000000000000000000e+00
-4.591191191191191789e-01,7.500000000000000000e-01,8.800000000000000044e-01,6.409968581633250784e-01,7.675435022360270754e-01,0.000000000000000000e+00,0.000000000000000000e+00
-4.580580580580581040e-01,7.500000000000000000e-01,8.800000000000000044e-01,6.409968581633250784e-01,7.675435022360270754e-01,0.000000000000000000e+00,0.000000000000000000e+00
-4.569969969969970292e-01,7.500000000000000000e-01,8.800000000000000044e-01,6.409968581633250784e-01,7.675435022360270754e-01,0.000000000000000000e+00,0.000000000000000000e+00
-4.559359359359359543e-01,7.500000000000000000e-01,8.800000000000000044e-01,6.409968581633250784e-01,7.675435022360270754e-01,0.000000000000000000e+00,0.000000000000000000e+00
-4.548748748748748794e-01,7.500000000000000000e-01,8.800000000000000044e-01,6.409968581633250784e-01,7.675435022360270754e-01,0.000000000000000000e+00,0.000000000000000000e+00
-4.538138138138138045e-01,7.500000000000000000e-01,8.800000000000000044e-01,6.409968581633250784e-01,7.675435022360270754e-01,0.000000000000000000e+00,0.000000000000000000e+00
-4.527527527527527296e-01,7.500000000000000000e-01,8.800000000000000044e-01,6.409968581633250784e-01,7.675435022360270754e-01,0.000000000000000000e+00,0.000000000000000000e+00
-4.516916916916916547e-01,7.500000000000000000e-01,8.800000000000000044e-01,6.409968581633250784e-01,7.675435022360270754e-01,0.000000000000000000e+00,0.000000000000000000e+00
-4.506306306306305798e-01,7.500000000000000000e-01,8.800000000000000044e-01,6.409968581633250784e-01,7.675435022360270754e-01,0.000000000000000000e+00,0.000000000000000000e+00
-4.495695695695696159e-01,7.500000000000000000e-01,8.800000000000000044e-01,6.409968581633250784e-01,7.675435022360270754e-01,0.000000000000000000e+00,0.000000000000000000e+00
-4.485085085085085410e-01,7.500000000000000000e-01,8.800000000000000044e-01,6.409968581633250784e-01,7.675435022360270754e-01,0.000000000000000000e+00,0.000000000000000000e+00
-4.474474474474474661e-01,7.500000000000000000e-01,8.800000000000000044e-01,6.409968581633250784e-01,7.675435022360270754e-01,0.000000000000000000e+00,0.000000000000000000e+00
-4.463863863863863912e-01,7.500000000000000000e-01,8.800000000000000044e-01,6.409968581633250784e-01,7.675435022360270754e-01,0.000000000000000000e+00,0.000000000000000000e+00
-4.453253253253253163e-01,7.500000000000000000e-01,8.800000000000000044e-01,6.409968581633250784e-01,7.675435022360270754e-01,0.000000000000000000e+00,0.000000000000000000e+00
-4.442642642642642414e-01,7.500000000000000000e-01,8.800000000000000044e-01,6.409968581633250784e-01,7.675435022360270754e-01,0.000000000000000000e+00,0.000000000000000000e+00
-4.432032032032031665e-01,7.500000000000000000e-01,8.800000000000000044e-01,6.409968581633250784e-01,7.675435022360270754e-01,0.000000000000000000e+00,0.000000000000000000e+00
-4.421421421421422027e-01,7.500000000000000000e-01,8.800000000000000044e-01,6.409968581633250784e-01,7.675435022360270754e-01,0.000000000000000000e+00,0.000000000000000000e+00
-4.410810810810811278e-01,7.500000000000000000e-01,8.800000000000000044e-01,6.409968581633250784e-01,7.675435022360270754e-01,0.000000000000000000e+00,0.000000000000000000e+00
-4.400200200200200529e-01,7.500000000000000000e-01,8.800000000000000044e-01,6.409968581633250784e-01,7.675435022360270754e-01,0.000000000000000000e+00,0.000000000000000000e+00
-4.389589589589589780e-01,7.500000000000000000e-01,8.800000000000000044e-01,6.409968581633250784e-01,7.675435022360270754e-01,0.000000000000000000e+00,0.000000000000000000e+00
-4.378978978978979031e-01,7.500000000000000000e-01,8.800000000000000044e-01,6.409968581633250784e-01,7.675435022360270754e-01,0.000000000000000000e+00,0.000000000000000000e+00
-4.368368368368368282e-01,7.500000000000000000e-01,8.800000000000000044e-01,6.409968581633250784e-01,7.675435022360270754e-01,0.000000000000000000e+00,0.000000000000000000e+00
-4.357757757757757533e-01,7.500000000000000000e-01,8.800000000000000044e-01,6.409968581633250784e-01,7.675435022360270754e-01,0.000000000000000000e+00,0.000000000000000000e+00
-4.347147147147146784e-01,7.500000000000000000e-01,8.800000000000000044e-01,6.409968581633250784e-01,7.675435022360270754e-01,0.000000000000000000e+00,0.000000000000000000e+00
-4.336536536536536035e-01,7.500000000000000000e-01,8.800000000000000044e-01,6.409968581633250784e-01,7.675435022360270754e-01,0.000000000000000000e+00,0.000000000000000000e+00
-4.325925925925926396e-01,7.500000000000000000e-01,8.800000000000000044e-01,6.409968581633250784e-01,7.675435022360270754e-01,0.000000000000000000e+00,0.000000000000000000e+00
-4.315315315315315647e-01,7.500000000000000000e-01,8.800000000000000044e-01,6.409968581633250784e-01,7.675435022360270754e-01,0.000000000000000000e+00,0.000000000000000000e+00
-4.304704704704704898e-01,7.500000000000000000e-01,8.800000000000000044e-01,6.409968581633250784e-01,7.675435022360270754e-01,0.000000000000000000e+00,0.000000000000000000e+00
-4.294094094094094149e-01,7.500000000000000000e-01,8.800000000000000044e-01,6.409968581633250784e-01,7.675435022360270754e-01,0.000000000000000000e+00,0.000000000000000000e+00
-4.283483483483483401e-01,7.500000000000000000e-01,8.800000000000000044e-01,6.409968581633250784e-01,7.675435022360270754e-01,0.000000000000000000e+00,0.000000000000000000e+00
-4.272872872872872652e-01,7.500000000000000000e-01,8.800000000000000044e-01,6.409968581633250784e-01,7.675435022360270754e-01,0.000000000000000000e+00,0.000000000000000000e+00
-4.262262262262261903e-01,7.500000000000000000e-01,8.800000000000000044e-01,6.409968581633250784e-01,7.675435022360270754e-01,0.000000000000000000e+00,0.000000000000000000e+00
-4.251651651651652264e-01,7.500000000000000000e-01,8.800000000000000044e-01,6.409968581633250784e-01,7.675435022360270754e-01,0.000000000000000000e+00,0.000000000000000000e+00
-4.241041041041041515e-01,7.500000000000000000e-01,8.800000000000000044e-01,6.409968581633250784e-01,7.675435022360270754e-01,0.000000000000000000e+00,0.000000000000000000e+00
-4.230430430430430766e-01,7.500000000000000000e-01,8.800000000000000044e-01,6.409968581633250784e-01,7.675435022360270754e-01,0.000000000000000000e+00,0.000000000000000000e+00
-4.219819819819820017e-01,7.500000000000000000e-01,8.800000000000000044e-01,6.409968581633250784e-01,7.675435022360270754e-01,0.000000000000000000e+00,0.000000000000000000e+00
-4.209209209209209268e-01,7.500000000000000000e-01,8.800000000000000044e-01,6.409968581633250784e-01,7.675435022360270754e-01,0.000000000000000000e+00,0.000000000000000000e+00
-4.198598598598598519e-01,7.500000000000000000e-01,8.800000000000000044e-01,6.409968581633250784e-01,7.675435022360270754e-01,0.000000000000000000e+00,0.000000000000000000e+00
-4.187987987987987770e-01,7.500000000000000000e-01,8.800000000000000044e-01,6.409968581633250784e-01,7.675435022360270754e-01,0.000000000000000000e+00,0.000000000000000000e+00
-4.177377377377377021e-01,7.500000000000000000e-01,8.800000000000000044e-01,6.409968581633250784e-01,7.675435022360270754e-01,0.000000000000000000e+00,0.000000000000000000e+00
-4.166766766766766272e-01,7.500000000000000000e-01,8.800000000000000044e-01,6.409968581633250784e-01,7.675435022360270754e-01,0.000000000000000000e+00,0.000000000000000000e+00
-4.156156156156156634e-01,7.500000000000000000e-01,8.800000000000000044e-01,6.409968581633250784e-01,7.675435022360270754e-01,0.000000000000000000e+00,0.000000000000000000e+00
-4.145545545545545885e-01,7.500000000000000000e-01,8.800000000000000044e-01,6.409968581633250784e-01,7.675435022360270754e-01,0.000000000000000000e+00,0.000000000000000000e+00
-4.134934934934935136e-01,7.500000000000000000e-01,8.800000000000000044e-01,6.409968581633250784e-01,7.675435022360270754e-01,0.000000000000000000e+00,0.000000000000000000e+00
-4.124324324324324387e-01,7.500000000000000000e-01,8.800000000000000044e-01,6.409968581633250784e-01,7.675435022360270754e-01,0.000000000000000000e+00,0.000000000000000000e+00
-4.113713713713713638e-01,7.500000000000000000e-01,8.800000000000000044e-01,6.409968581633250784e-01,7.675435022360270754e-01,0.000000000000000000e+00,0.000000000000000000e+00
-4.103103103103102889e-01,7.500000000000000000e-01,8.800000000000000044e-01,6.409968581633250784e-01,7.675435022360270754e-01,0.000000000000000000e+00,0.000000000000000000e+00
-4.092492492492492140e-01,7.500000000000000000e-01,8.800000000000000044e-01,6.409968581633250784e-01,7.675435022360270754e-01,0.000000000000000000e+00,0.000000000000000000e+00
-4.081881881881882501e-01,7.500000000000000000e-01,8.800000000000000044e-01,6.409968581633250784e-01,7.675435022360270754e-01,0.000000000000000000e+00,0.000000000000000000e+00
-4.071271271271271752e-01,7.500000000000000000e-01,8.800000000000000044e-01,6.409968581633250784e-01,7.675435022360270754e-01,0.000000000000000000e+00,0.000000000000000000e+00
-4.060660660660661003e-01,7.500000000000000000e-01,8.800000000000000044e-01,6.409968581633250784e-01,7.675435022360270754e-01,0.000000000000000000e+00,0.000000000000000000e+00
-4.050050050050050254e-01,7.500000000000000000e-01,8.800000000000000044e-01,6.409968581633250784e-01,7.675435022360270754e-01,0.000000000000000000e+00,0.000000000000000000e+00
-4.039439439439439505e-01,7.500000000000000000e-01,8.800000000000000044e-01,6.409968581633250784e-01,7.675435022360270754e-01,0.000000000000000000e+00,0.000000000000000000e+00
-4.028828828828828756e-01,7.500000000000000000e-01,8.800000000000000044e-01,6.409968581633250784e-01,7.675435022360270754e-01,0.000000000000000000e+00,0.000000000000000000e+00
-4.018218218218218007e-01,7.500000000000000000e-01,8.800000000000000044e-01,6.409968581633250784e-01,7.675435022360270754e-01,0.000000000000000000e+00,0.000000000000000000e+00
-4.007607607607607259e-01,7.500000000000000000e-01,8.800000000000000044e-01,6.409968581633250784e-01,7.675435022360270754e-01,0.000000000000000000e+00,0.000000000000000000e+00
-3.996996996996996510e-01,7.500000000000000000e-01,8.800000000000000044e-01,6.409968581633250784e-01,7.675435022360270754e-01,0.000000000000000000e+00,0.000000000000000000e+00
-3.986386386386386871e-01,7.500000000000000000e-01,8.800000000000000044e-01,6.409968581633250784e-01,7.675435022360270754e-01,0.000000000000000000e+00,0.000000000000000000e+00
-3.975775775775776122e-01,7.500000000000000000e-01,8.800000000000000044e-01,6.409968581633250784e-01,7.675435022360270754e-01,0.000000000000000000e+00,0.000000000000000000e+00
-3.965165165165165373e-01,7.500000000000000000e-01,8.800000000000000044e-01,6.409968581633250784e-01,7.675435022360270754e-01,0.000000000000000000e+00,0.000000000000000000e+00
-3.954554554554554624e-01,7.500000000000000000e-01,8.800000000000000044e-01,6.409968581633250784e-01,7.675435022360270754e-01,0.000000000000000000e+00,0.000000000000000000e+00
-3.943943943943943875e-01,7.500000000000000000e-01,8.800000000000000044e-01,6.409968581633250784e-01,7.675435022360270754e-01,0.000000000000000000e+00,0.000000000000000000e+00
-3.933333333333333126e-01,7.500000000000000000e-01,8.800000000000000044e-01,6.409968581633250784e-01,7.675435022360270754e-01,0.000000000000000000e+00,0.000000000000000000e+00
-3.922722722722722377e-01,7.500000000000000000e-01,8.800000000000000044e-01,6.409968581633250784e-01,7.675435022360270754e-01,0.000000000000000000e+00,0.000000000000000000e+00
-3.912112112112112738e-01,7.500000000000000000e-01,8.800000000000000044e-01,6.409968581633250784e-01,7.675435022360270754e-01,0.000000000000000000e+00,0.000000000000000000e+00
-3.901501501501501989e-01,7.500000000000000000e-01,8.800000000000000044e-01,6.409968581633250784e-01,7.675435022360270754e-01,0.000000000000000000e+00,0.000000000000000000e+00
-3.890890890890891241e-01,7.500000000000000000e-01,8.800000000000000044e-01,6.409968581633250784e-01,7.675435022360270754e-01,0.000000000000000000e+00,0.000000000000000000e+00
-3.880280280280280492e-01,7.500000000000000000e-01,8.800000000000000044e-01,6.409968581633250784e-01,7.675435022360270754e-01,0.000000000000000000e+00,0.000000000000000000e+00
-3.869669669669669743e-01,7.500000000000000000e-01,8.800000000000000044e-01,6.409968581633250784e-01,7.675435022360270754e-01,0.000000000000000000e+00,0.000000000000000000e+00
-3.859059059059058994e-01,7.500000000000000000e-01,8.800000000000000044e-01,6.409968581633250784e-01,7.675435022360270754e-01,0.000000000000000000e+00,0.000000000000000000e+00
-3.848448448448448245e-01,7.500000000000000000e-01,8.800000000000000044e-01,6.409968581633250784e-01,7.675435022360270754e-01,0.000000000000000000e+00,0.000000000000000000e+00
-3.837837837837837496e-01,7.500000000000000000e-01,8.800000000000000044e-01,6.409968581633250784e-01,7.675435022360270754e-01,0.000000000000000000e+00,0.000000000000000000e+00
-3.827227227227226747e-01,7.500000000000000000e-01,8.800000000000000044e-01,6.409968581633250784e-01,7.675435022360270754e-01,0.000000000000000000e+00,0.000000000000000000e+00
-3.816616616616617108e-01,7.500000000000000000e-01,8.800000000000000044e-01,6.409968581633250784e-01,7.675435022360270754e-01,0.000000000000000000e+00,0.000000000000000000e+00
-3.806006006006006359e-01,7.500000000000000000e-01,8.800000000000000044e-01,6.409968581633250784e-01,7.675435022360270754e-01,0.000000000000000000e+00,0.000000000000000000e+00
-3.795395395395395610e-01,7.500000000000000000e-01,8.800000000000000044e-01,6.409968581633250784e-01,7.675435022360270754e-01,0.000000000000000000e+00,0.000000000000000000e+00
-3.784784784784784861e-01,7.500000000000000000e-01,8.800000000000000044e-01,6.409968581633250784e-01,7.675435022360270754e-01,0.000000000000000000e+00,0.000000000000000000e+00
-3.774174174174174112e-01,7.500000000000000000e-01,8.800000000000000044e-01,6.409968581633250784e-01,7.675435022360270754e-01,0.000000000000000000e+00,0.000000000000000000e+00
-3.763563563563563363e-01,7.500000000000000000e-01,8.800000000000000044e-01,6.409968581633250784e-01,7.675435022360270754e-01,0.000000000000000000e+00,0.000000000000000000e+00
-3.752952952952952614e-01,7.500000000000000000e-01,8.800000000000000044e-01,6.409968581633250784e-01,7.675435022360270754e-01,0.000000000000000000e+00,0.000000000000000000e+00
-3.742342342342342976e-01,7.500000000000000000e-01,8.800000000000000044e-01,6.409968581633250784e-01,7.675435022360270754e-01,0.000000000000000000e+00,0.000000000000000000e+00
-3.731731731731732227e-01,7.500000000000000000e-01,8.800000000000000044e-01,6.409968581633250784e-01,7.675435022360270754e-01,0.000000000000000000e+00,0.000000000000000000e+00
-3.721121121121121478e-01,7.500000000000000000e-01,8.800000000000000044e-01,6.409968581633250784e-01,7.675435022360270754e-01,0.000000000000000000e+00,0.000000000000000000e+00
-3.710510510510510729e-01,7.500000000000000000e-01,8.800000000000000044e-01,6.409968581633250784e-01,7.675435022360270754e-01,0.000000000000000000e+00,0.000000000000000000e+00
-3.699899899899899980e-01,7.500000000000000000e-01,8.800000000000000044e-01,6.409968581633250784e-01,7.675435022360270754e-01,0.000000000000000000e+00,0.000000000000000000e+00
-3.689289289289289231e-01,7.500000000000000000e-01,8.800000000000000044e-01,6.409968581633250784e-01,7.675435022360270754e-01,0.000000000000000000e+00,0.000000000000000000e+00
-3.678678678678678482e-01,7.500000000000000000e-01,8.800000000000000044e-01,6.409968581633250784e-01,7.675435022360270754e-01,0.000000000000000000e+00,0.000000000000000000e+00
-3.668068068068067733e-01,7.500000000000000000e-01,8.800000000000000044e-01,6.409968581633250784e-01,7.675435022360270754e-01,0.000000000000000000e+00,0.000000000000000000e+00
-3.657457457457456984e-01,7.500000000000000000e-01,8.800000000000000044e-01,6.409968581633250784e-01,7.675435022360270754e-01,0.000000000000000000e+00,0.000000000000000000e+00
-3.646846846846847345e-01,7.500000000000000000e-01,8.800000000000000044e-01,6.409968581633250784e-01,7.675435022360270754e-01,0.000000000000000000e+00,0.000000000000000000e+00
-3.636236236236236596e-01,7.500000000000000000e-01,8.800000000000000044e-01,6.409968581633250784e-01,7.675435022360270754e-01,0.000000000000000000e+00,0.000000000000000000e+00
-3.625625625625625847e-01,7.500000000000000000e-01,8.800000000000000044e-01,6.409968581633250784e-01,7.675435022360270754e-01,0.000000000000000000e+00,0.000000000000000000e+00
-3.615015015015015098e-01,7.500000000000000000e-01,8.800000000000000044e-01,6.409968581633250784e-01,7.675435022360270754e-01,0.000000000000000000e+00,0.000000000000000000e+00
-3.604404404404404350e-01,7.500000000000000000e-01,8.800000000000000044e-01,6.409968581633250784e-01,7.675435022360270754e-01,0.000000000000000000e+00,0.000000000000000000e+00
-3.593793793793793601e-01,7.500000000000000000e-01,8.800000000000000044e-01,6.409968581633250784e-01,7.675435022360270754e-01,0.000000000000000000e+00,0.000000000000000000e+00
-3.583183183183182852e-01,7.500000000000000000e-01,8.800000000000000044e-01,6.409968581633250784e-01,7.675435022360270754e-01,0.000000000000000000e+00,0.000000000000000000e+00
-3.572572572572573213e-01,7.500000000000000000e-01,8.800000000000000044e-01,6.409968581633250784e-01,7.675435022360270754e-01,0.000000000000000000e+00,0.000000000000000000e+00
-3.561961961961962464e-01,7.500000000000000000e-01,8.800000000000000044e-01,6.409968581633250784e-01,7.675435022360270754e-01,0.000000000000000000e+00,0.000000000000000000e+00
-3.551351351351351715e-01,7.500000000000000000e-01,8.800000000000000044e-01,6.409968581633250784e-01,7.675435022360270754e-01,0.000000000000000000e+00,0.000000000000000000e+00
-3.540740740740740966e-01,7.500000000000000000e-01,8.800000000000000044e-01,6.409968581633250784e-01,7.675435022360270754e-01,0.000000000000000000e+00,0.000000000000000000e+00
-3.530130130130130217e-01,7.500000000000000000e-01,8.800000000000000044e-01,6.409968581633250784e-01,7.675435022360270754e-01,0.000000000000000000e+00,0.000000000000000000e+00
-3.519519519519519468e-01,7.500000000000000000e-01,8.800000000000000044e-01,6.409968581633250784e-01,7.675435022360270754e-01,0.000000000000000000e+00,0.000000000000000000e+00
-3.508908908908908719e-01,7.500000000000000000e-01,8.800000000000000044e-01,6.409968581633250784e-01,7.675435022360270754e-01,0.000000000000000000e+00,0.000000000000000000e+00
-3.498298298298297970e-01,7.500000000000000000e-01,8.800000000000000044e-01,6.409968581633250784e-01,7.675435022360270754e-01,0.000000000000000000e+00,0.000000000000000000e+00
-3.487687687687687221e-01,7.500000000000000000e-01,8.800000000000000044e-01,6.409968581633250784e-01,7.675435022360270754e-01,0.000000000000000000e+00,0.000000000000000000e+00
-3.477077077077077583e-01,7.500000000000000000e-01,8.800000000000000044e-01,6.409968581633250784e-01,7.675435022360270754e-01,0.000000000000000000e+00,0.000000000000000000e+00
-3.466466466466466834e-01,7.500000000000000000e-01,8.800000000000000044e-01,6.409968581633250784e-01,7.675435022360270754e-01,0.000000000000000000e+00,0.000000000000000000e+00
-3.455855855855856085e-01,7.500000000000000000e-01,8.800000000000000044e-01,6.409968581633250784e-01,7.675435022360270754e-01,0.000000000000000000e+00,0.000000000000000000e+00
-3.445245245245245336e-01,7.500000000000000000e-01,8.800000000000000044e-01,6.409968581633250784e-01,7.675435022360270754e-01,0.000000000000000000e+00,0.000000000000000000e+00
-3.434634634634634587e-01,7.500000000000000000e-01,8.800000000000000044e-01,6.409968581633250784e-01,7.675435022360270754e-01,0.000000000000000000e+00,0.000000000000000000e+00
-3.424024024024023838e-01,7.500000000000000000e-01,8.800000000000000044e-01,6.409968581633250784e-01,7.675435022360270754e-01,0.000000000000000000e+00,0.000000000000000000e+00
-3.413413413413413089e-01,7.500000000000000000e-01,8.800000000000000044e-01,6.409968581633250784e-01,7.675435022360270754e-01,0.000000000000000000e+00,0.000000000000000000e+00
-3.402802802802803450e-01,7.500000000000000000e-01,8.800000000000000044e-01,6.409968581633250784e-01,7.675435022360270754e-01,0.000000000000000000e+00,0.000000000000000000e+00
-3.392192192192192701e-01,7.500000000000000000e-01,8.800000000000000044e-01,6.409968581633250784e-01,7.675435022360270754e-01,0.000000000000000000e+00,0.000000000000000000e+00
-3.381581581581581952e-01,7.500000000000000000e-01,8.800000000000000044e-01,6.409968581633250784e-01,7.675435022360270754e-01,0.000000000000000000e+00,0.000000000000000000e+00
-3.370970970970971203e-01,7.500000000000000000e-01,8.800000000000000044e-01,6.409968581633250784e-01,7.675435022360270754e-01,0.000000000000000000e+00,0.000000000000000000e+00
-3.360360360360360454e-01,7.500000000000000000e-01,8.800000000000000044e-01,6.409968581633250784e-01,7.675435022360270754e-01,0.000000000000000000e+00,0.000000000000000000e+00
-3.349749749749749705e-01,7.500000000000000000e-01,8.800000000000000044e-01,6.409968581633250784e-01,7.675435022360270754e-01,0.000000000000000000e+00,0.000000000000000000e+00
-3.339139139139138956e-01,7.500000000000000000e-01,8.800000000000000044e-01,6.409968581633250784e-01,7.675435022360270754e-01,0.000000000000000000e+00,0.000000000000000000e+00
-3.328528528528528208e-01,7.500000000000000000e-01,8.800000000000000044e-01,6.409968581633250784e-01,7.675435022360270754e-01,0.000000000000000000e+00,0.000000000000000000e+00
-3.317917917917917459e-01,7.500000000000000000e-01,8.800000000000000044e-01,6.409968581633250784e-01,7.675435022360270754e-01,0.000000000000000000e+00,0.000000000000000000e+00
-3.307307307307307820e-01,7.500000000000000000e-01,8.800000000000000044e-01,6.409968581633250784e-01,7.675435022360270754e-01,0.000000000000000000e+00,0.000000000000000000e+00
-3.296696696696697071e-01,7.500000000000000000e-01,8.800000000000000044e-01,6.409968581633250784e-01,7.675435022360270754e-01,0.000000000000000000e+00,0.000000000000000000e+00
-3.286086086086086322e-01,7.500000000000000000e-01,8.800000000000000044e-01,6.409968581633250784e-01,7.675435022360270754e-01,0.000000000000000000e+00,0.000000000000000000e+00
-3.275475475475475573e-01,7.500000000000000000e-01,8.800000000000000044e-01,6.409968581633250784e-01,7.675435022360270754e-01,0.000000000000000000e+00,0.000000000000000000e+00
-3.264864864864864824e-01,7.500000000000000000e-01,8.800000000000000044e-01,6.409968581633250784e-01,7.675435022360270754e-01,0.000000000000000000e+00,0.000000000000000000e+00
-3.254254254254254075e-01,7.500000000000000000e-01,8.800000000000000044e-01,6.409968581633250784e-01,7.675435022360270754e-01,0.000000000000000000e+00,0.000000000000000000e+00
-3.243643643643643326e-01,7.500000000000000000e-01,8.800000000000000044e-01,6.409968581633250784e-01,7.675435022360270754e-01,0.000000000000000000e+00,0.000000000000000000e+00
-3.233033033033033687e-01,7.500000000000000000e-01,8.800000000000000044e-01,6.409968581633250784e-01,7.675435022360270754e-01,0.000000000000000000e+00,0.000000000000000000e+00
-3.222422422422422938e-01,7.500000000000000000e-01,8.800000000000000044e-01,6.409968581633250784e-01,7.675435022360270754e-01,0.000000000000000000e+00,0.000000000000000000e+00
-3.211811811811812190e-01,7.500000000000000000e-01,8.800000000000000044e-01,6.409968581633250784e-01,7.675435022360270754e-01,0.000000000000000000e+00,0.000000000000000000e+00
-3.201201201201201441e-01,7.500000000000000000e-01,8.800000000000000044e-01,6.409968581633250784e-01,7.675435022360270754e-01,0.000000000000000000e+00,0.000000000000000000e+00
-3.190590590590590692e-01,7.500000000000000000e-01,8.800000000000000044e-01,6.409968581633250784e-01,7.675435022360270754e-01,0.000000000000000000e+00,0.000000000000000000e+00
-3.179979979979979943e-01,7.500000000000000000e-01,8.800000000000000044e-01,6.409968581633250784e-01,7.675435022360270754e-01,0.000000000000000000e+00,0.000000000000000000e+00
-3.169369369369369194e-01,7.500000000000000000e-01,8.800000000000000044e-01,6.409968581633250784e-01,7.675435022360270754e-01,0.000000000000000000e+00,0.000000000000000000e+00
-3.158758758758758445e-01,7.500000000000000000e-01,8.800000000000000044e-01,6.409968581633250784e-01,7.675435022360270754e-01,0.000000000000000000e+00,0.000000000000000000e+00
-3.148148148148147696e-01,7.500000000000000000e-01,8.800000000000000044e-01,6.409968581633250784e-01,7.675435022360270754e-01,0.000000000000000000e+00,0.000000000000000000e+00
-3.137537537537538057e-01,7.500000000000000000e-01,8.800000000000000044e-01,6.409968581633250784e-01,7.675435022360270754e-01,0.000000000000000000e+00,0.000000000000000000e+00
-3.126926926926927308e-01,7.500000000000000000e-01,8.800000000000000044e-01,6.409968581633250784e-01,7.675435022360270754e-01,0.000000000000000000e+00,0.000000000000000000e+00
-3.116316316316316559e-01,7.500000000000000000e-01,8.800000000000000044e-01,6.409968581633250784e-01,7.675435022360270754e-01,0.000000000000000000e+00,0.000000000000000000e+00
-3.105705705705705810e-01,7.500000000000000000e-01,8.800000000000000044e-01,6.409968581633250784e-01,7.675435022360270754e-01,0.000000000000000000e+00,0.000000000000000000e+00
-3.095095095095095061e-01,7.500000000000000000e-01,8.800000000000000044e-01,6.409968581633250784e-01,7.675435022360270754e-01,0.000000000000000000e+00,0.000000000000000000e+00
-3.084484484484484312e-01,7.500000000000000000e-01,8.800000000000000044e-01,6.409968581633250784e-01,7.675435022360270754e-01,0.000000000000000000e+00,0.000000000000000000e+00
-3.073873873873873563e-01,7.500000000000000000e-01,8.800000000000000044e-01,6.409968581633250784e-01,7.675435022360270754e-01,0.000000000000000000e+00,0.000000000000000000e+00
-3.063263263263263925e-01,7.500000000000000000e-01,8.800000000000000044e-01,6.409968581633250784e-01,7.675435022360270754e-01,0.000000000000000000e+00,0.000000000000000000e+00
-3.052652652652653176e-01,7.500000000000000000e-01,8.800000000000000044e-01,6.409968581633250784e-01,7.675435022360270754e-01,0.000000000000000000e+00,0.000000000000000000e+00
-3.042042042042042427e-01,7.500000000000000000e-01,8.800000000000000044e-01,6.409968581633250784e-01,7.675435022360270754e-01,0.000000000000000000e+00,0.000000000000000000e+00
-3.031431431431431678e-01,7.500000000000000000e-01,8.800000000000000044e-01,6.409968581633250784e-01,7.675435022360270754e-01,0.000000000000000000e+00,0.000000000000000000e+00
-3.020820820820820929e-01,7.500000000000000000e-01,8.800000000000000044e-01,6.409968581633250784e-01,7.675435022360270754e-01,0.000000000000000000e+00,0.000000000000000000e+00
-3.010210210210210180e-01,7.500000000000000000e-01,8.800000000000000044e-01,6.409968581633250784e-01,7.675435022360270754e-01,0.000000000000000000e+00,0.000000000000000000e+00
-2.999599599599599431e-01,7.500000000000000000e-01,8.800000000000000044e-01,6.409968581633250784e-01,7.675435022360270754e-01,0.000000000000000000e+00,0.000000000000000000e+00
-2.988988988988988682e-01,7.500000000000000000e-01,8.800000000000000044e-01,6.409968581633250784e-01,7.675435022360270754e-01,0.000000000000000000e+00,0.000000000000000000e+00
-2.978378378378377933e-01,7.500000000000000000e-01,8.800000000000000044e-01,6.409968581633250784e-01,7.675435022360270754e-01,0.000000000000000000e+00,0.000000000000000000e+00
-2.967767767767768294e-01,7.500000000000000000e-01,8.800000000000000044e-01,6.409968581633250784e-01,7.675435022360270754e-01,0.000000000000000000e+00,0.000000000000000000e+00
-2.957157157157157545e-01,7.500000000000000000e-01,8.800000000000000044e-01,6.409968581633250784e-01,7.675435022360270754e-01,0.000000000000000000e+00,0.000000000000000000e+00
-2.946546546546546796e-01,7.500000000000000000e-01,8.800000000000000044e-01,6.409968581633250784e-01,7.675435022360270754e-01,0.000000000000000000e+00,0.000000000000000000e+00
-2.935935935935936048e-01,7.500000000000000000e-01,8.800000000000000044e-01,6.409968581633250784e-01,7.675435022360270754e-01,0.000000000000000000e+00,0.000000000000000000e+00
-2.925325325325325299e-01,7.500000000000000000e-01,8.800000000000000044e-01,6.409968581633250784e-01,7.675435022360270754e-01,0.000000000000000000e+00,0.000000000000000000e+00
-2.914714714714714550e-01,7.500000000000000000e-01,8.800000000000000044e-01,6.409968581633250784e-01,7.675435022360270754e-01,0.000000000000000000e+00,0.000000000000000000e+00
-2.904104104104103801e-01,7.500000000000000000e-01,8.800000000000000044e-01,6.409968581633250784e-01,7.675435022360270754e-01,0.000000000000000000e+00,0.000000000000000000e+00
-2.893493493493494162e-01,7.500000000000000000e-01,8.800000000000000044e-01,6.409968581633250784e-01,7.675435022360270754e-01,0.000000000000000000e+00,0.000000000000000000e+00
-2.882882882882883413e-01,7.500000000000000000e-01,8.800000000000000044e-01,6.409968581633250784e-01,7.675435022360270754e-01,0.000000000000000000e+00,0.000000000000000000e+00
-2.872272272272272664e-01,7.500000000000000000e-01,8.800000000000000044e-01,6.409968581633250784e-01,7.675435022360270754e-01,0.000000000000000000e+00,0.000000000000000000e+00
-2.861661661661661915e-01,7.500000000000000000e-01,8.800000000000000044e-01,6.409968581633250784e-01,7.675435022360270754e-01,0.000000000000000000e+00,0.000000000000000000e+00
-2.851051051051051166e-01,7.500000000000000000e-01,8.800000000000000044e-01,6.409968581633250784e-01,7.675435022360270754e-01,0.000000000000000000e+00,0.000000000000000000e+00
-2.840440440440440417e-01,7.500000000000000000e-01,8.800000000000000044e-01,6.409968581633250784e-01,7.675435022360270754e-01,0.000000000000000000e+00,0.000000000000000000e+00
-2.829829829829829668e-01,7.500000000000000000e-01,8.800000000000000044e-01,6.409968581633250784e-01,7.675435022360270754e-01,0.000000000000000000e+00,0.000000000000000000e+00
-2.819219219219218919e-01,7.500000000000000000e-01,8.800000000000000044e-01,6.409968581633250784e-01,7.675435022360270754e-01,0.000000000000000000e+00,0.000000000000000000e+00
-2.808608608608608170e-01,7.500000000000000000e-01,8.800000000000000044e-01,6.409968581633250784e-01,7.675435022360270754e-01,0.000000000000000000e+00,0.000000000000000000e+00
-2.797997997997998532e-01,7.500000000000000000e-01,8.800000000000000044e-01,6.409968581633250784e-01,7.675435022360270754e-01,0.000000000000000000e+00,0.000000000000000000e+00
-2.787387387387387783e-01,7.500000000000000000e-01,8.800000000000000044e-01,6.409968581633250784e-01,7.675435022360270754e-01,0.000000000000000000e+00,0.000000000000000000e+00
-2.776776776776777034e-01,7.500000000000000000e-01,8.800000000000000044e-01,6.409968581633250784e-01,7.675435022360270754e-01,0.000000000000000000e+00,0.000000000000000000e+00
-2.766166166166166285e-01,7.500000000000000000e-01,8.800000000000000044e-01,6.409968581633250784e-01,7.675435022360270754e-01,0.000000000000000000e+00,0.000000000000000000e+00
-2.755555555555555536e-01,7.500000000000000000e-01,8.800000000000000044e-01,6.409968581633250784e-01,7.675435022360270754e-01,0.000000000000000000e+00,0.000000000000000000e+00
-2.744944944944944787e-01,7.500000000000000000e-01,8.800000000000000044e-01,6.409968581633250784e-01,7.675435022360270754e-01,0.000000000000000000e+00,0.000000000000000000e+00
-2.734334334334334038e-01,7.500000000000000000e-01,8.800000000000000044e-01,6.409968581633250784e-01,7.675435022360270754e-01,0.000000000000000000e+00,0.000000000000000000e+00
-2.723723723723724399e-01,7.500000000000000000e-01,8.800000000000000044e-01,6.409968581633250784e-01,7.675435022360270754e-01,0.000000000000000000e+00,0.000000000000000000e+00
-2.713113113113113650e-01,7.500000000000000000e-01,8.800000000000000044e-01,6.409968581633250784e-01,7.675435022360270754e-01,0.000000000000000000e+00,0.000000000000000000e+00
-2.702502502502502901e-01,7.500000000000000000e-01,8.800000000000000044e-01,6.409968581633250784e-01,7.675435022360270754e-01,0.000000000000000000e+00,0.000000000000000000e+00
-2.691891891891892152e-01,7.500000000000000000e-01,8.800000000000000044e-01,6.409968581633250784e-01,7.675435022360270754e-01,0.000000000000000000e+00,0.000000000000000000e+00
-2.681281281281281403e-01,7.500000000000000000e-01,8.800000000000000044e-01,6.409968581633250784e-01,7.675435022360270754e-01,0.000000000000000000e+00,0.000000000000000000e+00
-2.670670670670670654e-01,7.500000000000000000e-01,8.800000000000000044e-01,6.409968581633250784e-01,7.675435022360270754e-01,0.000000000000000000e+00,0.000000000000000000e+00
-2.660060060060059905e-01,7.500000000000000000e-01,8.800000000000000044e-01,6.409968581633250784e-01,7.675435022360270754e-01,0.000000000000000000e+00,0.000000000000000000e+00
-2.649449449449449157e-01,7.500000000000000000e-01,8.800000000000000044e-01,6.409968581633250784e-01,7.675435022360270754e-01,0.000000000000000000e+00,0.000000000000000000e+00
-2.638838838838838408e-01,7.500000000000000000e-01,8.800000000000000044e-01,6.409968581633250784e-01,7.675435022360270754e-01,0.000000000000000000e+00,0.000000000000000000e+00
-2.628228228228228769e-01,7.500000000000000000e-01,8.800000000000000044e-01,6.409968581633250784e-01,7.675435022360270754e-01,0.000000000000000000e+00,0.000000000000000000e+00
-2.617617617617618020e-01,7.500000000000000000e-01,8.800000000000000044e-01,6.409968581633250784e-01,7.675435022360270754e-01,0.000000000000000000e+00,0.000000000000000000e+00
-2.607007007007007271e-01,7.500000000000000000e-01,8.800000000000000044e-01,6.409968581633250784e-01,7.675435022360270754e-01,0.000000000000000000e+00,0.000000000000000000e+00
-2.596396396396396522e-01,7.500000000000000000e-01,8.800000000000000044e-01,6.409968581633250784e-01,7.675435022360270754e-01,0.000000000000000000e+00,0.000000000000000000e+00
-2.585785785785785773e-01,7.500000000000000000e-01,8.800000000000000044e-01,6.409968581633250784e-01,7.675435022360270754e-01,0.000000000000000000e+00,0.000000000000000000e+00
-2.575175175175175024e-01,7.500000000000000000e-01,8.800000000000000044e-01,6.409968581633250784e-01,7.675435022360270754e-01,0.000000000000000000e+00,0.000000000000000000e+00
-2.564564564564564275e-01,7.500000000000000000e-01,8.800000000000000044e-01,6.409968581633250784e-01,7.675435022360270754e-01,0.000000000000000000e+00,0.000000000000000000e+00
-2.553953953953954636e-01,7.500000000000000000e-01,8.800000000000000044e-01,6.409968581633250784e-01,7.675435022360270754e-01,0.000000000000000000e+00,0.000000000000000000e+00
-2.543343343343343887e-01,7.500000000000000000e-01,8.800000000000000044e-01,6.409968581633250784e-01,7.675435022360270754e-01,0.000000000000000000e+00,0.000000000000000000e+00
-2.532732732732733139e-01,7.500000000000000000e-01,8.800000000000000044e-01,6.409968581633250784e-01,7.675435022360270754e-01,0.000000000000000000e+00,0.000000000000000000e+00
-2.522122122122122390e-01,7.500000000000000000e-01,8.800000000000000044e-01,6.409968581633250784e-01,7.675435022360270754e-01,0.000000000000000000e+00,0.000000000000000000e+00
-2.511511511511511641e-01,7.500000000000000000e-01,8.800000000000000044e-01,6.409968581633250784e-01,7.675435022360270754e-01,0.000000000000000000e+00,0.000000000000000000e+00
-2.500900900900900892e-01,7.500000000000000000e-01,8.800000000000000044e-01,6.409968581633250784e-01,7.675435022360270754e-01,0.000000000000000000e+00,0.000000000000000000e+00
-2.490290290290289865e-01,7.500000000000000000e-01,8.800000000000000044e-01,6.409968581633250784e-01,7.675435022360270754e-01,0.000000000000000000e+00,0.000000000000000000e+00
-2.479679679679679116e-01,7.500000000000000000e-01,8.800000000000000044e-01,6.409968581633250784e-01,7.675435022360270754e-01,0.000000000000000000e+00,0.000000000000000000e+00
-2.469069069069068367e-01,7.500000000000000000e-01,8.800000000000000044e-01,6.409968581633250784e-01,7.675435022360270754e-01,0.000000000000000000e+00,0.000000000000000000e+00
-2.458458458458458729e-01,7.500000000000000000e-01,8.800000000000000044e-01,6.409968581633250784e-01,7.675435022360270754e-01,0.000000000000000000e+00,0.000000000000000000e+00
-2.447847847847847980e-01,7.500000000000000000e-01,8.800000000000000044e-01,6.409968581633250784e-01,7.675435022360270754e-01,0.000000000000000000e+00,0.000000000000000000e+00
-2.437237237237237231e-01,7.500000000000000000e-01,8.800000000000000044e-01,6.409968581633250784e-01,7.675435022360270754e-01,0.000000000000000000e+00,0.000000000000000000e+00
-2.426626626626626482e-01,7.500000000000000000e-01,8.800000000000000044e-01,6.409968581633250784e-01,7.675435022360270754e-01,0.000000000000000000e+00,0.000000000000000000e+00
-2.416016016016015733e-01,7.500000000000000000e-01,8.800000000000000044e-01,6.409968581633250784e-01,7.675435022360270754e-01,0.000000000000000000e+00,0.000000000000000000e+00
-2.405405405405404984e-01,7.500000000000000000e-01,8.800000000000000044e-01,6.409968581633250784e-01,7.675435022360270754e-01,0.000000000000000000e+00,0.000000000000000000e+00
-2.394794794794794235e-01,7.500000000000000000e-01,8.800000000000000044e-01,6.409968581633250784e-01,7.675435022360270754e-01,0.000000000000000000e+00,0.000000000000000000e+00
-2.384184184184184596e-01,7.500000000000000000e-01,8.800000000000000044e-01,6.409968581633250784e-01,7.675435022360270754e-01,0.000000000000000000e+00,0.000000000000000000e+00
-2.373573573573573847e-01,7.500000000000000000e-01,8.800000000000000044e-01,6.409968581633250784e-01,7.675435022360270754e-01,0.000000000000000000e+00,0.000000000000000000e+00
-2.362962962962963098e-01,7.500000000000000000e-01,8.800000000000000044e-01,6.409968581633250784e-01,7.675435022360270754e-01,0.000000000000000000e+00,0.000000000000000000e+00
-2.352352352352352349e-01,7.500000000000000000e-01,8.800000000000000044e-01,6.409968581633250784e-01,7.675435022360270754e-01,0.000000000000000000e+00,0.000000000000000000e+00
-2.341741741741741600e-01,7.500000000000000000e-01,8.800000000000000044e-01,6.409968581633250784e-01,7.675435022360270754e-01,0.000000000000000000e+00,0.000000000000000000e+00
-2.331131131131130851e-01,7.500000000000000000e-01,8.800000000000000044e-01,6.409968581633250784e-01,7.675435022360270754e-01,0.000000000000000000e+00,0.000000000000000000e+00
-2.320520520520520102e-01,7.500000000000000000e-01,8.800000000000000044e-01,6.409968581633250784e-01,7.675435022360270754e-01,0.000000000000000000e+00,0.000000000000000000e+00
-2.309909909909909353e-01,7.500000000000000000e-01,8.800000000000000044e-01,6.409968581633250784e-01,7.675435022360270754e-01,0.000000000000000000e+00,0.000000000000000000e+00
-2.299299299299298605e-01,7.500000000000000000e-01,8.800000000000000044e-01,6.409968581633250784e-01,7.675435022360270754e-01,0.000000000000000000e+00,0.000000000000000000e+00
-2.288688688688688966e-01,7.500000000000000000e-01,8.800000000000000044e-01,6.409968581633250784e-01,7.675435022360270754e-01,0.000000000000000000e+00,0.000000000000000000e+00
-2.278078078078078217e-01,7.500000000000000000e-01,8.800000000000000044e-01,6.409968581633250784e-01,7.675435022360270754e-01,0.000000000000000000e+00,0.000000000000000000e+00
-2.267467467467467468e-01,7.500000000000000000e-01,8.800000000000000044e-01,6.409968581633250784e-01,7.675435022360270754e-01,0.000000000000000000e+00,0.000000000000000000e+00
-2.256856856856856719e-01,7.500000000000000000e-01,8.800000000000000044e-01,6.409968581633250784e-01,7.675435022360270754e-01,0.000000000000000000e+00,0.000000000000000000e+00
-2.246246246246245970e-01,7.500000000000000000e-01,8.800000000000000044e-01,6.409968581633250784e-01,7.675435022360270754e-01,0.000000000000000000e+00,0.000000000000000000e+00
-2.235635635635635221e-01,7.500000000000000000e-01,8.800000000000000044e-01,6.409968581633250784e-01,7.675435022360270754e-01,0.000000000000000000e+00,0.000000000000000000e+00
-2.225025025025024472e-01,7.500000000000000000e-01,8.800000000000000044e-01,6.409968581633250784e-01,7.675435022360270754e-01,0.000000000000000000e+00,0.000000000000000000e+00
-2.214414414414414833e-01,7.500000000000000000e-01,8.800000000000000044e-01,6.409968581633250784e-01,7.675435022360270754e-01,0.000000000000000000e+00,0.000000000000000000e+00
-2.203803803803804084e-01,7.500000000000000000e-01,8.800000000000000044e-01,6.409968581633250784e-01,7.675435022360270754e-01,0.000000000000000000e+00,0.000000000000000000e+00
-2.193193193193193335e-01,7.500000000000000000e-01,8.800000000000000044e-01,6.409968581633250784e-01,7.675435022360270754e-01,0.000000000000000000e+00,0.000000000000000000e+00
-2.182582582582582587e-01,7.500000000000000000e-01,8.800000000000000044e-01,6.409968581633250784e-01,7.675435022360270754e-01,0.000000000000000000e+00,0.000000000000000000e+00
-2.171971971971971838e-01,7.500000000000000000e-01,8.800000000000000044e-01,6.409968581633250784e-01,7.675435022360270754e-01,0.000000000000000000e+00,0.000000000000000000e+00
-2.161361361361361089e-01,7.500000000000000000e-01,8.800000000000000044e-01,6.409968581633250784e-01,7.675435022360270754e-01,0.000000000000000000e+00,0.000000000000000000e+00
-2.150750750750750340e-01,7.500000000000000000e-01,8.800000000000000044e-01,6.409968581633250784e-01,7.675435022360270754e-01,0.000000000000000000e+00,0.000000000000000000e+00
-2.140140140140139591e-01,7.500000000000000000e-01,8.800000000000000044e-01,6.409968581633250784e-01,7.675435022360270754e-01,0.000000000000000000e+00,0.000000000000000000e+00
-2.129529529529528842e-01,7.500000000000000000e-01,8.800000000000000044e-01,6.409968581633250784e-01,7.675435022360270754e-01,0.000000000000000000e+00,0.000000000000000000e+00
-2.118918918918919203e-01,7.500000000000000000e-01,8.800000000000000044e-01,6.409968581633250784e-01,7.675435022360270754e-01,0.000000000000000000e+00,0.000000000000000000e+00
-2.108308308308308454e-01,7.500000000000000000e-01,8.800000000000000044e-01,6.409968581633250784e-01,7.675435022360270754e-01,0.000000000000000000e+00,0.000000000000000000e+00
-2.097697697697697705e-01,7.500000000000000000e-01,8.800000000000000044e-01,6.409968581633250784e-01,7.675435022360270754e-01,0.000000000000000000e+00,0.000000000000000000e+00
-2.087087087087086956e-01,7.500000000000000000e-01,8.800000000000000044e-01,6.409968581633250784e-01,7.675435022360270754e-01,0.000000000000000000e+00,0.000000000000000000e+00
-2.076476476476476207e-01,7.500000000000000000e-01,8.800000000000000044e-01,6.409968581633250784e-01,7.675435022360270754e-01,0.000000000000000000e+00,0.000000000000000000e+00
-2.065865865865865458e-01,7.500000000000000000e-01,8.800000000000000044e-01,6.409968581633250784e-01,7.675435022360270754e-01,0.000000000000000000e+00,0.000000000000000000e+00
-2.055255255255254709e-01,7.500000000000000000e-01,8.800000000000000044e-01,6.409968581633250784e-01,7.675435022360270754e-01,0.000000000000000000e+00,0.000000000000000000e+00
-2.044644644644645071e-01,7.500000000000000000e-01,8.800000000000000044e-01,6.409968581633250784e-01,7.675435022360270754e-01,0.000000000000000000e+00,0.000000000000000000e+00
-2.034034034034034322e-01,7.500000000000000000e-01,8.800000000000000044e-01,6.409968581633250784e-01,7.675435022360270754e-01,0.000000000000000000e+00,0.000000000000000000e+00
-2.023423423423423573e-01,7.500000000000000000e-01,8.800000000000000044e-01,6.409968581633250784e-01,7.675435022360270754e-01,0.000000000000000000e+00,0.000000000000000000e+00
-2.012812812812812824e-01,7.500000000000000000e-01,8.800000000000000044e-01,6.409968581633250784e-01,7.675435022360270754e-01,0.000000000000000000e+00,0.000000000000000000e+00
-2.002202202202202075e-01,7.500000000000000000e-01,8.800000000000000044e-01,6.409968581633250784e-01,7.675435022360270754e-01,0.000000000000000000e+00,0.000000000000000000e+00
-1.991591591591591326e-01,7.500000000000000000e-01,8.800000000000000044e-01,6.409968581633250784e-01,7.675435022360270754e-01,0.000000000000000000e+00,0.000000000000000000e+00
-1.980980980980980577e-01,7.500000000000000000e-01,8.800000000000000044e-01,6.409968581633250784e-01,7.675435022360270754e-01,0.000000000000000000e+00,0.000000000000000000e+00
-1.970370370370369828e-01,7.500000000000000000e-01,8.800000000000000044e-01,6.409968581633250784e-01,7.675435022360270754e-01,0.000000000000000000e+00,0.000000000000000000e+00
-1.959759759759759079e-01,7.500000000000000000e-01,8.800000000000000044e-01,6.409968581633250784e-01,7.675435022360270754e-01,0.000000000000000000e+00,0.000000000000000000e+00
-1.949149149149149440e-01,7.500000000000000000e-01,8.800000000000000044e-01,6.409968581633250784e-01,7.675435022360270754e-01,0.000000000000000000e+00,0.000000000000000000e+00
-1.938538538538538691e-01,7.500000000000000000e-01,8.800000000000000044e-01,6.409968581633250784e-01,7.675435022360270754e-01,0.000000000000000000e+00,0.000000000000000000e+00
-1.927927927927927942e-01,7.500000000000000000e-01,8.800000000000000044e-01,6.409968581633250784e-01,7.675435022360270754e-01,0.000000000000000000e+00,0.000000000000000000e+00
-1.917317317317317193e-01,7.500000000000000000e-01,8.800000000000000044e-01,6.409968581633250784e-01,7.675435022360270754e-01,0.000000000000000000e+00,0.000000000000000000e+00
-1.906706706706706445e-01,7.500000000000000000e-01,8.800000000000000044e-01,6.409968581633250784e-01,7.675435022360270754e-01,0.000000000000000000e+00,0.000000000000000000e+00
-1.896096096096095696e-01,7.500000000000000000e-01,8.800000000000000044e-01,6.409968581633250784e-01,7.675435022360270754e-01,0.000000000000000000e+00,0.000000000000000000e+00
-1.885485485485484947e-01,7.500000000000000000e-01,8.800000000000000044e-01,6.409968581633250784e-01,7.675435022360270754e-01,0.000000000000000000e+00,0.000000000000000000e+00
-1.874874874874875308e-01,7.500000000000000000e-01,8.800000000000000044e-01,6.409968581633250784e-01,7.675435022360270754e-01,0.000000000000000000e+00,0.000000000000000000e+00
-1.864264264264264559e-01,7.500000000000000000e-01,8.800000000000000044e-01,6.409968581633250784e-01,7.675435022360270754e-01,0.000000000000000000e+00,0.000000000000000000e+00
-1.853653653653653810e-01,7.500000000000000000e-01,8.800000000000000044e-01,6.409968581633250784e-01,7.675435022360270754e-01,0.000000000000000000e+00,0.000000000000000000e+00
-1.843043043043043061e-01,7.500000000000000000e-01,8.800000000000000044e-01,6.409968581633250784e-01,7.675435022360270754e-01,0.000000000000000000e+00,0.000000000000000000e+00
-1.832432432432432312e-01,7.500000000000000000e-01,8.800000000000000044e-01,6.409968581633250784e-01,7.675435022360270754e-01,0.000000000000000000e+00,0.000000000000000000e+00
-1.821821821821821563e-01,7.500000000000000000e-01,8.800000000000000044e-01,6.409968581633250784e-01,7.675435022360270754e-01,0.000000000000000000e+00,0.000000000000000000e+00
-1.811211211211210814e-01,7.500000000000000000e-01,8.800000000000000044e-01,6.409968581633250784e-01,7.675435022360270754e-01,0.000000000000000000e+00,0.000000000000000000e+00
-1.800600600600600065e-01,7.500000000000000000e-01,8.800000000000000044e-01,6.409968581633250784e-01,7.675435022360270754e-01,0.000000000000000000e+00,0.000000000000000000e+00
-1.789989989989989316e-01,7.500000000000000000e-01,8.800000000000000044e-01,6.409968581633250784e-01,7.675435022360270754e-01,0.000000000000000000e+00,0.000000000000000000e+00
-1.779379379379379678e-01,7.500000000000000000e-01,8.800000000000000044e-01,6.409968581633250784e-01,7.675435022360270754e-01,0.000000000000000000e+00,0.000000000000000000e+00
-1.768768768768768929e-01,7.500000000000000000e-01,8.800000000000000044e-01,6.409968581633250784e-01,7.675435022360270754e-01,0.000000000000000000e+00,0.000000000000000000e+00
-1.758158158158158180e-01,7.500000000000000000e-01,8.800000000000000044e-01,6.409968581633250784e-01,7.675435022360270754e-01,0.000000000000000000e+00,0.000000000000000000e+00
-1.747547547547547431e-01,7.500000000000000000e-01,8.800000000000000044e-01,6.409968581633250784e-01,7.675435022360270754e-01,0.000000000000000000e+00,0.000000000000000000e+00
-1.736936936936936682e-01,7.500000000000000000e-01,8.800000000000000044e-01,6.409968581633250784e-01,7.675435022360270754e-01,0.000000000000000000e+00,0.000000000000000000e+00
-1.726326326326325933e-01,7.500000000000000000e-01,8.800000000000000044e-01,6.409968581633250784e-01,7.675435022360270754e-01,0.000000000000000000e+00,0.000000000000000000e+00
-1.715715715715715184e-01,7.500000000000000000e-01,8.800000000000000044e-01,6.409968581633250784e-01,7.675435022360270754e-01,0.000000000000000000e+00,0.000000000000000000e+00
-1.705105105105105545e-01,7.500000000000000000e-01,8.800000000000000044e-01,6.409968581633250784e-01,7.675435022360270754e-01,0.000000000000000000e+00,0.000000000000000000e+00
-1.694494494494494796e-01,7.500000000000000000e-01,8.800000000000000044e-01,6.409968581633250784e-01,7.675435022360270754e-01,0.000000000000000000e+00,0.000000000000000000e+00
-1.683883883883884047e-01,7.500000000000000000e-01,8.800000000000000044e-01,6.409968581633250784e-01,7.675435022360270754e-01,0.000000000000000000e+00,0.000000000000000000e+00
-1.673273273273273298e-01,7.500000000000000000e-01,8.800000000000000044e-01,6.409968581633250784e-01,7.675435022360270754e-01,0.000000000000000000e+00,0.000000000000000000e+00
-1.662662662662662549e-01,7.500000000000000000e-01,8.800000000000000044e-01,6.409968581633250784e-01,7.675435022360270754e-01,0.000000000000000000e+00,0.000000000000000000e+00
-1.652052052052051800e-01,7.500000000000000000e-01,8.800000000000000044e-01,6.409968581633250784e-01,7.675435022360270754e-01,0.000000000000000000e+00,0.000000000000000000e+00
-1.641441441441441051e-01,7.500000000000000000e-01,8.800000000000000044e-01,6.409968581633250784e-01,7.675435022360270754e-01,0.000000000000000000e+00,0.000000000000000000e+00
-1.630830830830830303e-01,7.500000000000000000e-01,8.800000000000000044e-01,6.409968581633250784e-01,7.675435022360270754e-01,0.000000000000000000e+00,0.000000000000000000e+00
-1.620220220220219554e-01,7.500000000000000000e-01,8.800000000000000044e-01,6.409968581633250784e-01,7.675435022360270754e-01,0.000000000000000000e+00,0.000000000000000000e+00
-1.609609609609609915e-01,7.500000000000000000e-01,8.800000000000000044e-01,6.409968581633250784e-01,7.675435022360270754e-01,0.000000000000000000e+00,0.000000000000000000e+00
-1.598998998998999166e-01,7.500000000000000000e-01,8.800000000000000044e-01,6.409968581633250784e-01,7.675435022360270754e-01,0.000000000000000000e+00,0.000000000000000000e+00
-1.588388388388388417e-01,7.500000000000000000e-01,8.800000000000000044e-01,6.409968581633250784e-01,7.675435022360270754e-01,0.000000000000000000e+00,0.000000000000000000e+00
-1.577777777777777668e-01,7.500000000000000000e-01,8.800000000000000044e-01,6.409968581633250784e-01,7.675435022360270754e-01,0.000000000000000000e+00,0.000000000000000000e+00
-1.567167167167166919e-01,7.500000000000000000e-01,8.800000000000000044e-01,6.409968581633250784e-01,7.675435022360270754e-01,0.000000000000000000e+00,0.000000000000000000e+00
-1.556556556556556170e-01,7.500000000000000000e-01,8.800000000000000044e-01,6.409968581633250784e-01,7.675435022360270754e-01,0.000000000000000000e+00,0.000000000000000000e+00
-1.545945945945945421e-01,7.500000000000000000e-01,8.800000000000000044e-01,6.409968581633250784e-01,7.675435022360270754e-01,0.000000000000000000e+00,0.000000000000000000e+00
-1.535335335335335782e-01,7.500000000000000000e-01,8.800000000000000044e-01,6.409968581633250784e-01,7.675435022360270754e-01,0.000000000000000000e+00,0.000000000000000000e+00
-1.524724724724725033e-01,7.500000000000000000e-01,8.800000000000000044e-01,6.409968581633250784e-01,7.675435022360270754e-01,0.000000000000000000e+00,0.000000000000000000e+00
-1.514114114114114285e-01,7.500000000000000000e-01,8.800000000000000044e-01,6.409968581633250784e-01,7.675435022360270754e-01,0.000000000000000000e+00,0.000000000000000000e+00
-1.503503503503503536e-01,7.500000000000000000e-01,8.800000000000000044e-01,6.409968581633250784e-01,7.675435022360270754e-01,0.000000000000000000e+00,0.000000000000000000e+00
-1.492892892892892787e-01,7.500000000000000000e-01,8.800000000000000044e-01,6.409968581633250784e-01,7.675435022360270754e-01,0.000000000000000000e+00,0.000000000000000000e+00
-1.482282282282282038e-01,7.500000000000000000e-01,8.800000000000000044e-01,6.409968581633250784e-01,7.675435022360270754e-01,0.000000000000000000e+00,0.000000000000000000e+00
-1.471671671671671289e-01,7.500000000000000000e-01,8.800000000000000044e-01,6.409968581633250784e-01,7.675435022360270754e-01,0.000000000000000000e+00,0.000000000000000000e+00
-1.461061061061060540e-01,7.500000000000000000e-01,8.800000000000000044e-01,6.409968581633250784e-01,7.675435022360270754e-01,0.000000000000000000e+00,0.000000000000000000e+00
-1.450450450450449791e-01,7.500000000000000000e-01,8.800000000000000044e-01,6.409968581633250784e-01,7.675435022360270754e-01,0.000000000000000000e+00,0.000000000000000000e+00
-1.439839839839840152e-01,7.500000000000000000e-01,8.800000000000000044e-01,6.409968581633250784e-01,7.675435022360270754e-01,0.000000000000000000e+00,0.000000000000000000e+00
-1.429229229229229403e-01,7.500000000000000000e-01,8.800000000000000044e-01,6.409968581633250784e-01,7.675435022360270754e-01,0.000000000000000000e+00,0.000000000000000000e+00
-1.418618618618618654e-01,7.500000000000000000e-01,8.800000000000000044e-01,6.409968581633250784e-01,7.675435022360270754e-01,0.000000000000000000e+00,0.000000000000000000e+00
-1.408008008008007905e-01,7.500000000000000000e-01,8.800000000000000044e-01,6.409968581633250784e-01,7.675435022360270754e-01,0.000000000000000000e+00,0.000000000000000000e+00
-1.397397397397397156e-01,7.500000000000000000e-01,8.800000000000000044e-01,6.409968581633250784e-01,7.675435022360270754e-01,0.000000000000000000e+00,0.000000000000000000e+00
-1.386786786786786407e-01,7.500000000000000000e-01,8.800000000000000044e-01,6.409968581633250784e-01,7.675435022360270754e-01,0.000000000000000000e+00,0.000000000000000000e+00
-1.376176176176175658e-01,7.500000000000000000e-01,8.800000000000000044e-01,6.409968581633250784e-01,7.675435022360270754e-01,0.000000000000000000e+00,0.000000000000000000e+00
-1.365565565565566020e-01,7.500000000000000000e-01,8.800000000000000044e-01,6.409968581633250784e-01,7.675435022360270754e-01,0.000000000000000000e+00,0.000000000000000000e+00
-1.354954954954955271e-01,7.500000000000000000e-01,8.800000000000000044e-01,6.409968581633250784e-01,7.675435022360270754e-01,0.000000000000000000e+00,0.000000000000000000e+00
-1.344344344344344522e-01,7.500000000000000000e-01,8.800000000000000044e-01,6.409968581633250784e-01,7.675435022360270754e-01,0.000000000000000000e+00,0.000000000000000000e+00
-1.333733733733733773e-01,7.500000000000000000e-01,8.800000000000000044e-01,6.409968581633250784e-01,7.675435022360270754e-01,0.000000000000000000e+00,0.000000000000000000e+00
-1.323123123123123024e-01,7.500000000000000000e-01,8.800000000000000044e-01,6.409968581633250784e-01,7.675435022360270754e-01,0.000000000000000000e+00,0.000000000000000000e+00
-1.312512512512512275e-01,7.500000000000000000e-01,8.800000000000000044e-01,6.409968581633250784e-01,7.675435022360270754e-01,0.000000000000000000e+00,0.000000000000000000e+00
-1.301901901901901526e-01,7.500000000000000000e-01,8.800000000000000044e-01,6.409968581633250784e-01,7.675435022360270754e-01,0.000000000000000000e+00,0.000000000000000000e+00
-1.291291291291290777e-01,7.500000000000000000e-01,8.800000000000000044e-01,6.409968581633250784e-01,7.675435022360270754e-01,0.000000000000000000e+00,0.000000000000000000e+00
-1.280680680680680028e-01,7.500000000000000000e-01,8.800000000000000044e-01,6.409968581633250784e-01,7.675435022360270754e-01,0.000000000000000000e+00,0.000000000000000000e+00
-1.270070070070070389e-01,7.500000000000000000e-01,8.800000000000000044e-01,6.409968581633250784e-01,7.675435022360270754e-01,0.000000000000000000e+00,0.000000000000000000e+00
-1.259459459459459640e-01,7.500000000000000000e-01,8.800000000000000044e-01,6.409968581633250784e-01,7.675435022360270754e-01,0.000000000000000000e+00,0.000000000000000000e+00
-1.248848848848848891e-01,7.500000000000000000e-01,8.800000000000000044e-01,6.409968581633250784e-01,7.675435022360270754e-01,0.000000000000000000e+00,0.000000000000000000e+00
-1.238238238238238142e-01,7.500000000000000000e-01,8.800000000000000044e-01,6.409968581633250784e-01,7.675435022360270754e-01,0.000000000000000000e+00,0.000000000000000000e+00
-1.227627627627627394e-01,7.500000000000000000e-01,8.800000000000000044e-01,6.409968581633250784e-01,7.675435022360270754e-01,0.000000000000000000e+00,0.000000000000000000e+00
-1.217017017017016645e-01,7.500000000000000000e-01,8.800000000000000044e-01,6.409968581633250784e-01,7.675435022360270754e-01,0.000000000000000000e+00,0.000000000000000000e+00
-1.206406406406405896e-01,7.500000000000000000e-01,8.800000000000000044e-01,6.409968581633250784e-01,7.675435022360270754e-01,0.000000000000000000e+00,0.000000000000000000e+00
-1.195795795795796257e-01,7.500000000000000000e-01,8.800000000000000044e-01,6.409968581633250784e-01,7.675435022360270754e-01,0.000000000000000000e+00,0.000000000000000000e+00
-1.185185185185185508e-01,7.500000000000000000e-01,8.800000000000000044e-01,6.409968581633250784e-01,7.675435022360270754e-01,0.000000000000000000e+00,0.000000000000000000e+00
-1.174574574574574759e-01,7.500000000000000000e-01,8.800000000000000044e-01,6.409968581633250784e-01,7.675435022360270754e-01,0.000000000000000000e+00,0.000000000000000000e+00
-1.163963963963964010e-01,7.500000000000000000e-01,8.800000000000000044e-01,6.409968581633250784e-01,7.675435022360270754e-01,0.000000000000000000e+00,0.000000000000000000e+00
-1.153353353353353261e-01,7.500000000000000000e-01,8.800000000000000044e-01,6.409968581633250784e-01,7.675435022360270754e-01,0.000000000000000000e+00,0.000000000000000000e+00
-1.142742742742742512e-01,7.500000000000000000e-01,8.800000000000000044e-01,6.409968581633250784e-01,7.675435022360270754e-01,0.000000000000000000e+00,0.000000000000000000e+00
-1.132132132132131763e-01,7.500000000000000000e-01,8.800000000000000044e-01,6.409968581633250784e-01,7.675435022360270754e-01,0.000000000000000000e+00,0.000000000000000000e+00
-1.121521521521521014e-01,7.500000000000000000e-01,8.800000000000000044e-01,6.409968581633250784e-01,7.675435022360270754e-01,0.000000000000000000e+00,0.000000000000000000e+00
-1.110910910910910265e-01,7.500000000000000000e-01,8.800000000000000044e-01,6.409968581633250784e-01,7.675435022360270754e-01,0.000000000000000000e+00,0.000000000000000000e+00
-1.100300300300300627e-01,7.500000000000000000e-01,8.800000000000000044e-01,6.409968581633250784e-01,7.675435022360270754e-01,0.000000000000000000e+00,0.000000000000000000e+00
-1.089689689689689878e-01,7.500000000000000000e-01,8.800000000000000044e-01,6.409968581633250784e-01,7.675435022360270754e-01,0.000000000000000000e+00,0.000000000000000000e+00
-1.079079079079079129e-01,7.500000000000000000e-01,8.800000000000000044e-01,6.409968581633250784e-01,7.675435022360270754e-01,0.000000000000000000e+00,0.000000000000000000e+00
-1.068468468468468380e-01,7.500000000000000000e-01,8.800000000000000044e-01,6.409968581633250784e-01,7.675435022360270754e-01,0.000000000000000000e+00,0.000000000000000000e+00
-1.057857857857857631e-01,7.500000000000000000e-01,8.800000000000000044e-01,6.409968581633250784e-01,7.675435022360270754e-01,0.000000000000000000e+00,0.000000000000000000e+00
-1.047247247247246882e-01,7.500000000000000000e-01,8.800000000000000044e-01,6.409968581633250784e-01,7.675435022360270754e-01,0.000000000000000000e+00,0.000000000000000000e+00
-1.036636636636636133e-01,7.500000000000000000e-01,8.800000000000000044e-01,6.409968581633250784e-01,7.675435022360270754e-01,0.000000000000000000e+00,0.000000000000000000e+00
-1.026026026026026494e-01,7.500000000000000000e-01,8.800000000000000044e-01,6.409968581633250784e-01,7.675435022360270754e-01,0.000000000000000000e+00,0.000000000000000000e+00
-1.015415415415415745e-01,7.500000000000000000e-01,8.800000000000000044e-01,6.409968581633250784e-01,7.675435022360270754e-01,0.000000000000000000e+00,0.000000000000000000e+00
-1.004804804804804996e-01,7.500000000000000000e-01,8.800000000000000044e-01,6.409968581633250784e-01,7.675435022360270754e-01,0.000000000000000000e+00,0.000000000000000000e+00
-9.941941941941942473e-02,7.500000000000000000e-01,8.800000000000000044e-01,6.409968581633250784e-01,7.675435022360270754e-01,0.000000000000000000e+00,0.000000000000000000e+00
-9.835835835835834984e-02,7.500000000000000000e-01,8.800000000000000044e-01,6.409968581633250784e-01,7.675435022360270754e-01,0.000000000000000000e+00,0.000000000000000000e+00
-9.729729729729727494e-02,7.500000000000000000e-01,8.800000000000000044e-01,6.409968581633250784e-01,7.675435022360270754e-01,0.000000000000000000e+00,0.000000000000000000e+00
-9.623623623623620005e-02,7.500000000000000000e-01,8.800000000000000044e-01,6.409968581633250784e-01,7.675435022360270754e-01,0.000000000000000000e+00,0.000000000000000000e+00
-9.517517517517512515e-02,7.500000000000000000e-01,8.800000000000000044e-01,6.409968581633250784e-01,7.675435022360270754e-01,0.000000000000000000e+00,0.000000000000000000e+00
-9.411411411411405026e-02,7.500000000000000000e-01,8.800000000000000044e-01,6.409968581633250784e-01,7.675435022360270754e-01,0.000000000000000000e+00,0.000000000000000000e+00
-9.305305305305297536e-02,7.500000000000000000e-01,8.800000000000000044e-01,6.409968581633250784e-01,7.675435022360270754e-01,0.000000000000000000e+00,0.000000000000000000e+00
-9.199199199199190047e-02,7.500000000000000000e-01,8.800000000000000044e-01,6.409968581633250784e-01,7.675435022360270754e-01,0.000000000000000000e+00,0.000000000000000000e+00
-9.093093093093082557e-02,7.500000000000000000e-01,8.800000000000000044e-01,6.409968581633250784e-01,7.675435022360270754e-01,0.000000000000000000e+00,0.000000000000000000e+00
-8.986986986986997272e-02,7.500000000000000000e-01,8.800000000000000044e-01,6.409968581633250784e-01,7.675435022360270754e-01,0.000000000000000000e+00,0.000000000000000000e+00
-8.880880880880889783e-02,7.500000000000000000e-01,8.800000000000000044e-01,6.409968581633250784e-01,7.675435022360270754e-01,0.000000000000000000e+00,0.000000000000000000e+00
-8.774774774774782293e-02,7.500000000000000000e-01,8.800000000000000044e-01,6.409968581633250784e-01,7.675435022360270754e-01,0.000000000000000000e+00,0.000000000000000000e+00
-8.668668668668674804e-02,7.500000000000000000e-01,8.800000000000000044e-01,6.409968581633250784e-01,7.675435022360270754e-01,0.000000000000000000e+00,0.000000000000000000e+00
-8.562562562562567314e-02,7.500000000000000000e-01,8.800000000000000044e-01,6.409968581633250784e-01,7.675435022360270754e-01,0.000000000000000000e+00,0.000000000000000000e+00
-8.456456456456459825e-02,7.500000000000000000e-01,8.800000000000000044e-01,6.409968581633250784e-01,7.675435022360270754e-01,0.000000000000000000e+00,0.000000000000000000e+00
-8.350350350350352335e-02,7.500000000000000000e-01,8.800000000000000044e-01,6.409968581633250784e-01,7.675435022360270754e-01,0.000000000000000000e+00,0.000000000000000000e+00
-8.244244244244244846e-02,7.500000000000000000e-01,8.800000000000000044e-01,6.409968581633250784e-01,7.675435022360270754e-01,0.000000000000000000e+00,0.000000000000000000e+00
-8.138138138138137356e-02,7.500000000000000000e-01,8.800000000000000044e-01,6.409968581633250784e-01,7.675435022360270754e-01,0.000000000000000000e+00,0.000000000000000000e+00
-8.032032032032029867e-02,7.500000000000000000e-01,8.800000000000000044e-01,6.409968581633250784e-01,7.675435022360270754e-01,0.000000000000000000e+00,0.000000000000000000e+00
-7.925925925925922377e-02,7.500000000000000000e-01,8.800000000000000044e-01,6.409968581633250784e-01,7.675435022360270754e-01,0.000000000000000000e+00,0.000000000000000000e+00
-7.819819819819814888e-02,7.500000000000000000e-01,8.800000000000000044e-01,6.409968581633250784e-01,7.675435022360270754e-01,0.000000000000000000e+00,0.000000000000000000e+00
-7.713713713713707398e-02,7.500000000000000000e-01,8.800000000000000044e-01,6.409968581633250784e-01,7.675435022360270754e-01,0.000000000000000000e+00,0.000000000000000000e+00
-7.607607607607599909e-02,7.500000000000000000e-01,8.800000000000000044e-01,6.409968581633250784e-01,7.675435022360270754e-01,0.000000000000000000e+00,0.000000000000000000e+00
-7.501501501501492419e-02,7.500000000000000000e-01,8.800000000000000044e-01,6.409968581633250784e-01,7.675435022360270754e-01,0.000000000000000000e+00,0.000000000000000000e+00
-7.395395395395384930e-02,7.500000000000000000e-01,8.800000000000000044e-01,6.409968581633250784e-01,7.675435022360270754e-01,0.000000000000000000e+00,0.000000000000000000e+00
-7.289289289289277440e-02,7.500000000000000000e-01,8.800000000000000044e-01,6.409968581633250784e-01,7.675435022360270754e-01,0.000000000000000000e+00,0.000000000000000000e+00
-7.183183183183192155e-02,7.500000000000000000e-01,8.800000000000000044e-01,6.409968581633250784e-01,7.675435022360270754e-01,0.000000000000000000e+00,0.000000000000000000e+00
-7.077077077077084666e-02,7.500000000000000000e-01,8.800000000000000044e-01,6.409968581633250784e-01,7.675435022360270754e-01,0.000000000000000000e+00,0.000000000000000000e+00
-6.970970970970977176e-02,7.500000000000000000e-01,8.800000000000000044e-01,6.409968581633250784e-01,7.675435022360270754e-01,0.000000000000000000e+00,0.000000000000000000e+00
-6.864864864864869687e-02,7.500000000000000000e-01,8.800000000000000044e-01,6.409968581633250784e-01,7.675435022360270754e-01,0.000000000000000000e+00,0.000000000000000000e+00
-6.758758758758762197e-02,7.500000000000000000e-01,8.800000000000000044e-01,6.409968581633250784e-01,7.675435022360270754e-01,0.000000000000000000e+00,0.000000000000000000e+00
-6.652652652652654708e-02,7.500000000000000000e-01,8.800000000000000044e-01,6.409968581633250784e-01,7.675435022360270754e-01,0.000000000000000000e+00,0.000000000000000000e+00
-6.546546546546547218e-02,7.500000000000000000e-01,8.800000000000000044e-01,6.409968581633250784e-01,7.675435022360270754e-01,0.000000000000000000e+00,0.000000000000000000e+00
-6.440440440440439729e-02,7.500000000000000000e-01,8.800000000000000044e-01,6.409968581633250784e-01,7.675435022360270754e-01,0.000000000000000000e+00,0.000000000000000000e+00
-6.334334334334332239e-02,7.500000000000000000e-01,8.800000000000000044e-01,6.409968581633250784e-01,7.675435022360270754e-01,0.000000000000000000e+00,0.000000000000000000e+00
-6.228228228228224750e-02,7.500000000000000000e-01,8.800000000000000044e-01,6.409968581633250784e-01,7.675435022360270754e-01,0.000000000000000000e+00,0.000000000000000000e+00
-6.122122122122117260e-02,7.500000000000000000e-01,8.800000000000000044e-01,6.409968581633250784e-01,7.675435022360270754e-01,0.000000000000000000e+00,0.000000000000000000e+00
-6.016016016016009771e-02,7.500000000000000000e-01,8.800000000000000044e-01,6.409968581633250784e-01,7.675435022360270754e-01,0.000000000000000000e+00,0.000000000000000000e+00
-5.909909909909902281e-02,7.500000000000000000e-01,8.800000000000000044e-01,6.409968581633250784e-01,7.675435022360270754e-01,0.000000000000000000e+00,0.000000000000000000e+00
-5.803803803803794792e-02,7.500000000000000000e-01,8.800000000000000044e-01,6.409968581633250784e-01,7.675435022360270754e-01,0.000000000000000000e+00,0.000000000000000000e+00
-5.697697697697687302e-02,7.500000000000000000e-01,8.800000000000000044e-01,6.409968581633250784e-01,7.675435022360270754e-01,0.000000000000000000e+00,0.000000000000000000e+00
-5.591591591591602017e-02,7.500000000000000000e-01,8.800000000000000044e-01,6.409968581633250784e-01,7.675435022360270754e-01,0.000000000000000000e+00,0.000000000000000000e+00
-5.485485485485494528e-02,7.500000000000000000e-01,8.800000000000000044e-01,6.409968581633250784e-01,7.675435022360270754e-01,0.000000000000000000e+00,0.000000000000000000e+00
-5.379379379379387038e-02,7.500000000000000000e-01,8.800000000000000044e-01,6.409968581633250784e-01,7.675435022360270754e-01,0.000000000000000000e+00,0.000000000000000000e+00
-5.273273273273279549e-02,7.500000000000000000e-01,8.800000000000000044e-01,6.409968581633250784e-01,7.675435022360270754e-01,0.000000000000000000e+00,0.000000000000000000e+00
-5.167167167167172059e-02,7.500000000000000000e-01,8.800000000000000044e-01,6.409968581633250784e-01,7.675435022360270754e-01,0.000000000000000000e+00,0.000000000000000000e+00
-5.061061061061064570e-02,7.500000000000000000e-01,8.800000000000000044e-01,6.409968581633250784e-01,7.675435022360270754e-01,0.000000000000000000e+00,0.000000000000000000e+00
-4.954954954954957080e-02,7.500000000000000000e-01,8.800000000000000044e-01,6.409968581633250784e-01,7.675435022360270754e-01,0.000000000000000000e+00,0.000000000000000000e+00
-4.848848848848849591e-02,7.500000000000000000e-01,8.800000000000000044e-01,6.409968581633250784e-01,7.675435022360270754e-01,0.000000000000000000e+00,0.000000000000000000e+00
-4.742742742742742101e-02,7.500000000000000000e-01,8.800000000000000044e-01,6.409968581633250784e-01,7.675435022360270754e-01,0.000000000000000000e+00,0.000000000000000000e+00
-4.636636636636634612e-02,7.500000000000000000e-01,8.800000000000000044e-01,6.409968581633250784e-01,7.675435022360270754e-01,0.000000000000000000e+00,0.000000000000000000e+00
-4.530530530530527122e-02,7.500000000000000000e-01,8.800000000000000044e-01,6.409968581633250784e-01,7.675435022360270754e-01,0.000000000000000000e+00,0.000000000000000000e+00
-4.424424424424419633e-02,7.500000000000000000e-01,8.800000000000000044e-01,6.409968581633250784e-01,7.675435022360270754e-01,0.000000000000000000e+00,0.000000000000000000e+00
-4.318318318318312143e-02,7.500000000000000000e-01,8.800000000000000044e-01,6.409968581633250784e-01,7.675435022360270754e-01,0.000000000000000000e+00,0.000000000000000000e+00
-4.212212212212204654e-02,7.500000000000000000e-01,8.800000000000000044e-01,6.409968581633250784e-01,7.675435022360270754e-01,0.000000000000000000e+00,0.000000000000000000e+00
-4.106106106106097164e-02,7.500000000000000000e-01,8.800000000000000044e-01,6.409968581633250784e-01,7.675435022360270754e-01,0.000000000000000000e+00,0.000000000000000000e+00
-3.999999999999989675e-02,7.500000000000000000e-01,8.800000000000000044e-01,6.409968581633250784e-01,7.675435022360270754e-01,0.000000000000000000e+00,0.000000000000000000e+00
