-8.300000000000000711e-01,4.750000000000000333e-01,1.000000000000000000e+00,1.000000000000000000e+00,0.000000000000000000e+00,0.000000000000000000e+00,0.000000000000000000e+00
-8.298033460040106224e-01,4.724493600265783910e-01,1.000000000000000000e+00,9.999984735639168010e-01,0.000000000000000000e+00,0.000000000000000000e+00,1.747246358226742149e-03
-8.295977800295353255e-01,4.698994228316081823e-01,1.000000000000000000e+00,9.999938942603273651e-01,0.000000000000000000e+00,0.000000000000000000e+00,3.494487382333709511e-03
-8.293833045868387321e-01,4.673502195535946258e-01,1.000000000000000000e+00,9.999862621032115095e-01,0.000000000000000000e+00,0.000000000000000000e+00,5.241717738217411583e-03
-8.291599222949834758e-01,4.648017813220809979e-01,1.000000000000000000e+00,9.999755771158693740e-01,0.000000000000000000e+00,0.000000000000000000e+00,6.988932091806927295e-03
-8.289276358817975199e-01,4.622541392572681596e-01,9.999999999999998890e-01,9.999618393309208653e-01,0.000000000000000000e+00,0.000000000000000000e+00,8.736125109080186690e-03
-8.286864481838418506e-01,4.597073244696344707e-01,1.000000000000000000e+00,9.999450487903057683e-01,0.000000000000000000e+00,0.000000000000000000e+00,1.048329145608025911e-02
-8.284363621463749494e-01,4.571613680595560947e-01,1.000000000000000000e+00,9.999252055452831911e-01,0.000000000000000000e+00,0.000000000000000000e+00,1.223042579893163402e-02
-8.281773808233171552e-01,4.546163011169273016e-01,1.000000000000000000e+00,9.999023096564322310e-01,0.000000000000000000e+00,0.000000000000000000e+00,1.397752280385650483e-02
-8.279095073772138047e-01,4.520721547207803281e-01,1.000000000000000222e+00,9.998763611936510864e-01,0.000000000000000000e+00,0.000000000000000000e+00,1.572457713719105366e-02
-8.276327450791958196e-01,4.495289599389064583e-01,9.999999999999998890e-01,9.998473602361569457e-01,0.000000000000000000e+00,0.000000000000000000e+00,1.747158346540172991e-02
-8.273470973089402936e-01,4.469867478274761607e-01,1.000000000000000000e+00,9.998153068724863202e-01,0.000000000000000000e+00,0.000000000000000000e+00,1.921853645510154460e-02
-8.270525675546289701e-01,4.444455494306601695e-01,9.999999999999998890e-01,9.997802012004937122e-01,0.000000000000000000e+00,0.000000000000000000e+00,2.096543077306634029e-02
-8.267491594129061649e-01,4.419053957802502319e-01,1.000000000000000000e+00,9.997420433273525031e-01,0.000000000000000000e+00,0.000000000000000000e+00,2.271226108625106974e-02
-8.264368765888339130e-01,4.393663178952801340e-01,9.999999999999998890e-01,9.997008333695536209e-01,0.000000000000000000e+00,0.000000000000000000e+00,2.445902206180609537e-02
-8.261157228958473375e-01,4.368283467816470589e-01,1.000000000000000222e+00,9.996565714529059843e-01,0.000000000000000000e+00,0.000000000000000000e+00,2.620570836709345403e-02
-8.257857022557084647e-01,4.342915134317327785e-01,1.000000000000000222e+00,9.996092577125353928e-01,0.000000000000000000e+00,0.000000000000000000e+00,2.795231466970313911e-02
-8.254468186984572631e-01,4.317558488240254566e-01,1.000000000000000000e+00,9.995588922928846376e-01,0.000000000000000000e+00,0.000000000000000000e+00,2.969883563746938265e-02
-8.250990763623633484e-01,4.292213839227410066e-01,1.000000000000000000e+00,9.995054753477130571e-01,0.000000000000000000e+00,0.000000000000000000e+00,3.144526593848693402e-02
-8.247424794938752468e-01,4.266881496774452276e-01,1.000000000000000000e+00,9.994490070400956494e-01,0.000000000000000000e+00,0.000000000000000000e+00,3.319160024112734891e-02
-8.243770324475679923e-01,4.241561770226758843e-01,9.999999999999998890e-01,9.993894875424229607e-01,0.000000000000000000e+00,0.000000000000000000e+00,3.493783321405521947e-02
-8.240027396860907238e-01,4.216254968775645651e-01,1.000000000000000000e+00,9.993269170364005305e-01,0.000000000000000000e+00,0.000000000000000000e+00,3.668395952624451534e-02
-8.236196057801118409e-01,4.190961401454596502e-01,1.000000000000000000e+00,9.992612957130478923e-01,0.000000000000000000e+00,0.000000000000000000e+00,3.842997384699483460e-02
-8.232276354082630476e-01,4.165681377135487251e-01,1.000000000000000000e+00,9.991926237726986848e-01,0.000000000000000000e+00,0.000000000000000000e+00,4.017587084594764074e-02
-8.228268333570826210e-01,4.140415204524812154e-01,1.000000000000000000e+00,9.991209014249995413e-01,0.000000000000000000e+00,0.000000000000000000e+00,4.192164519310257603e-02
-8.224172045209563464e-01,4.115163192159916328e-01,1.000000000000000000e+00,9.990461288889096458e-01,0.000000000000000000e+00,0.000000000000000000e+00,4.366729155883373320e-02
-8.219987539020583434e-01,4.089925648405227099e-01,1.000000000000000000e+00,9.989683063926999562e-01,0.000000000000000000e+00,0.000000000000000000e+00,4.541280461390592021e-02
-8.215714866102895586e-01,4.064702881448488125e-01,1.000000000000000222e+00,9.988874341739526486e-01,0.000000000000000000e+00,0.000000000000000000e+00,4.715817902949090423e-02
-8.211354078632159270e-01,4.039495199296997963e-01,9.999999999999998890e-01,9.988035124795601183e-01,0.000000000000000000e+00,0.000000000000000000e+00,4.890340947718370412e-02
-8.206905229860040896e-01,4.014302909773846406e-01,1.000000000000000000e+00,9.987165415657248690e-01,0.000000000000000000e+00,0.000000000000000000e+00,5.064849062901887605e-02
-8.202368374113562233e-01,3.989126320514156387e-01,1.000000000000000000e+00,9.986265216979577364e-01,0.000000000000000000e+00,0.000000000000000000e+00,5.239341715748674355e-02
-8.197743566794447601e-01,3.963965738961328089e-01,1.000000000000000000e+00,9.985334531510778877e-01,0.000000000000000000e+00,0.000000000000000000e+00,5.413818373554967617e-02
-8.193030864378432199e-01,3.938821472363282505e-01,1.000000000000000000e+00,9.984373362092118231e-01,0.000000000000000000e+00,0.000000000000000000e+00,5.588278503665833341e-02
-8.188230324414587091e-01,3.913693827768713329e-01,1.000000000000000000e+00,9.983381711657921542e-01,0.000000000000000000e+00,0.000000000000000000e+00,5.762721573476797809e-02
-8.183342005524605334e-01,3.888583112023332178e-01,1.000000000000000000e+00,9.982359583235571598e-01,0.000000000000000000e+00,0.000000000000000000e+00,5.937147050435468559e-02
-8.178365967402092540e-01,3.863489631766126031e-01,1.000000000000000000e+00,9.981306979945495650e-01,0.000000000000000000e+00,0.000000000000000000e+00,6.111554402043161555e-02
-8.173302270811836356e-01,3.838413693425611339e-01,1.000000000000000000e+00,9.980223905001156526e-01,0.000000000000000000e+00,0.000000000000000000e+00,6.285943095856527663e-02
-8.168150977589060391e-01,3.813355603216090906e-01,1.000000000000000000e+00,9.979110361709044863e-01,0.000000000000000000e+00,0.000000000000000000e+00,6.460312599489176355e-02
-8.162912150638679254e-01,3.788315667133915210e-01,1.000000000000000000e+00,9.977966353468663563e-01,0.000000000000000000e+00,0.000000000000000000e+00,6.634662380613305654e-02
-8.157585853934515852e-01,3.763294190953747065e-01,1.000000000000000000e+00,9.976791883772526681e-01,0.000000000000000000e+00,0.000000000000000000e+00,6.808991906961318896e-02
-8.152172152518537551e-01,3.738291480224826269e-01,1.000000000000000000e+00,9.975586956206137224e-01,0.000000000000000000e+00,0.000000000000000000e+00,6.983300646327457450e-02
-8.146671112500042389e-01,3.713307840267238702e-01,1.000000000000000222e+00,9.974351574447987145e-01,0.000000000000000000e+00,0.000000000000000000e+00,7.157588066569424423e-02
-8.141082801054868590e-01,3.688343576168186533e-01,1.000000000000000000e+00,9.973085742269537368e-01,0.000000000000000000e+00,0.000000000000000000e+00,7.331853635610005582e-02
-8.135407286424567452e-01,3.663398992778265639e-01,9.999999999999998890e-01,9.971789463535212228e-01,0.000000000000000000e+00,0.000000000000000000e+00,7.506096821438695832e-02
-8.129644637915567351e-01,3.638474394707741366e-01,1.000000000000000000e+00,9.970462742202386153e-01,0.000000000000000000e+00,0.000000000000000000e+00,7.680317092113320143e-02
-8.123794925898329966e-01,3.613570086322827057e-01,1.000000000000000000e+00,9.969105582321368120e-01,0.000000000000000000e+00,0.000000000000000000e+00,7.854513915761665577e-02
-8.117858221806497632e-01,3.588686371741971470e-01,1.000000000000000000e+00,9.967717988035394994e-01,0.000000000000000000e+00,0.000000000000000000e+00,8.028686760583099435e-02
-8.111834598136004049e-01,3.563823554832141194e-01,1.000000000000000000e+00,9.966299963580613763e-01,0.000000000000000000e+00,0.000000000000000000e+00,8.202835094850187414e-02
-8.105724128444209420e-01,3.538981939205110283e-01,1.000000000000000000e+00,9.964851513286072660e-01,0.000000000000000000e+00,0.000000000000000000e+00,8.376958386910328402e-02
-8.099526887348984516e-01,3.514161828213756555e-01,1.000000000000000000e+00,9.963372641573704502e-01,0.000000000000000000e+00,0.000000000000000000e+00,8.551056105187372636e-02
-8.093242950527814727e-01,3.489363524948351225e-01,1.000000000000000000e+00,9.961863352958316709e-01,0.000000000000000000e+00,0.000000000000000000e+00,8.725127718183239844e-02
-8.086872394716863033e-01,3.464587332232862416e-01,9.999999999999998890e-01,9.960323652047572418e-01,0.000000000000000000e+00,0.000000000000000000e+00,8.899172694479551282e-02
-8.080415297710039635e-01,3.439833552621256452e-01,9.999999999999998890e-01,9.958753543541983833e-01,0.000000000000000000e+00,0.000000000000000000e+00,9.073190502739236774e-02
-8.073871738358051608e-01,3.415102488393801372e-01,1.000000000000000000e+00,9.957153032234891121e-01,0.000000000000000000e+00,0.000000000000000000e+00,9.247180611708177844e-02
-8.067241796567439227e-01,3.390394441553377658e-01,1.000000000000000000e+00,9.955522123012450209e-01,0.000000000000000000e+00,0.000000000000000000e+00,9.421142490216813381e-02
-8.060525553299598966e-01,3.365709713821788962e-01,9.999999999999998890e-01,9.953860820853617231e-01,0.000000000000000000e+00,0.000000000000000000e+00,9.595075607181763333e-02
-8.053723090569798737e-01,3.341048606636077833e-01,9.999999999999998890e-01,9.952169130830137433e-01,0.000000000000000000e+00,0.000000000000000000e+00,9.768979431607459352e-02
-8.046834491446168691e-01,3.316411421144844773e-01,1.000000000000000000e+00,9.950447058106524079e-01,0.000000000000000000e+00,0.000000000000000000e+00,9.942853432587754614e-02
-8.039859840048697581e-01,3.291798458204572286e-01,1.000000000000000000e+00,9.948694607940044010e-01,0.000000000000000000e+00,0.000000000000000000e+00,1.011669707930755169e-01
-8.032799221548194701e-01,3.267210018375948932e-01,1.000000000000000000e+00,9.946911785680703222e-01,0.000000000000000000e+00,0.000000000000000000e+00,1.029050984104442068e-01
-8.025652722165258490e-01,3.242646401920199484e-01,1.000000000000000000e+00,9.945098596771231314e-01,0.000000000000000000e+00,0.000000000000000000e+00,1.046429118717021739e-01
-8.018420429169217378e-01,3.218107908795418970e-01,1.000000000000000000e+00,9.943255046747061510e-01,0.000000000000000000e+00,0.000000000000000000e+00,1.063804058715270839e-01
-8.011102430877068414e-01,3.193594838652908940e-01,1.000000000000000000e+00,9.941381141236317331e-01,0.000000000000000000e+00,0.000000000000000000e+00,1.081175751055718781e-01
-8.003698816652397019e-01,3.169107490833520391e-01,1.000000000000000000e+00,9.939476885959791508e-01,0.000000000000000000e+00,0.000000000000000000e+00,1.098544142704809268e-01
-7.996209676904285635e-01,3.144646164363995022e-01,1.000000000000000000e+00,9.937542286730932650e-01,0.000000000000000000e+00,0.000000000000000000e+00,1.115909180639062942e-01
-7.988635103086207945e-01,3.120211157953314829e-01,1.000000000000000000e+00,9.935577349455824159e-01,0.000000000000000000e+00,0.000000000000000000e+00,1.133270811845239062e-01
-7.980975187694917539e-01,3.095802769989056680e-01,9.999999999999998890e-01,9.933582080133169789e-01,0.000000000000000000e+00,0.000000000000000000e+00,1.150628983320496485e-01
-7.973230024269312155e-01,3.071421298533745792e-01,1.000000000000000222e+00,9.931556484854271449e-01,0.000000000000000000e+00,0.000000000000000000e+00,1.167983642072557143e-01
-7.965399707389293482e-01,3.047067041321216974e-01,9.999999999999998890e-01,9.929500569803010324e-01,0.000000000000000000e+00,0.000000000000000000e+00,1.185334735119866201e-01
-7.957484332674616967e-01,3.022740295752980311e-01,1.000000000000000000e+00,9.927414341255835772e-01,0.000000000000000000e+00,0.000000000000000000e+00,1.202682209491754417e-01
-7.949483996783717199e-01,2.998441358894584630e-01,1.000000000000000000e+00,9.925297805581734245e-01,0.000000000000000000e+00,0.000000000000000000e+00,1.220026012228600659e-01
-7.941398797412529964e-01,2.974170527471998726e-01,9.999999999999998890e-01,9.923150969242218178e-01,0.000000000000000000e+00,0.000000000000000000e+00,1.237366090381991635e-01
-7.933228833293299864e-01,2.949928097867976495e-01,9.999999999999998890e-01,9.920973838791307120e-01,0.000000000000000000e+00,0.000000000000000000e+00,1.254702391014885787e-01
-7.924974204193375726e-01,2.925714366118447041e-01,9.999999999999998890e-01,9.918766420875499978e-01,0.000000000000000000e+00,0.000000000000000000e+00,1.272034861201773448e-01
-7.916635010913989356e-01,2.901529627908895903e-01,1.000000000000000000e+00,9.916528722233762805e-01,0.000000000000000000e+00,0.000000000000000000e+00,1.289363448028838510e-01
-7.908211355289027633e-01,2.877374178570753505e-01,1.000000000000000000e+00,9.914260749697502151e-01,0.000000000000000000e+00,0.000000000000000000e+00,1.306688098594121217e-01
-7.899703340183787947e-01,2.853248313077791365e-01,1.000000000000000000e+00,9.911962510190549525e-01,0.000000000000000000e+00,0.000000000000000000e+00,1.324008760007677477e-01
-7.891111069493721430e-01,2.829152326042518317e-01,9.999999999999998890e-01,9.909634010729134745e-01,0.000000000000000000e+00,0.000000000000000000e+00,1.341325379391741790e-01
-7.882434648143161748e-01,2.805086511712580055e-01,1.000000000000000000e+00,9.907275258421870401e-01,0.000000000000000000e+00,0.000000000000000000e+00,1.358637903880889897e-01
-7.873674182084052786e-01,2.781051163967173112e-01,9.999999999999998890e-01,9.904886260469725201e-01,0.000000000000000000e+00,0.000000000000000000e+00,1.375946280622196982e-01
-7.864829778294640805e-01,2.757046576313448294e-01,1.000000000000000000e+00,9.902467024166005105e-01,0.000000000000000000e+00,0.000000000000000000e+00,1.393250456775401436e-01
-7.855901544778182144e-01,2.733073041882934096e-01,9.999999999999998890e-01,9.900017556896327786e-01,0.000000000000000000e+00,0.000000000000000000e+00,1.410550379513066110e-01
-7.846889590561616501e-01,2.709130853427949570e-01,1.000000000000000000e+00,9.897537866138605978e-01,0.000000000000000000e+00,0.000000000000000000e+00,1.427845996020737362e-01
-7.837794025694234668e-01,2.685220303318034962e-01,1.000000000000000000e+00,9.895027959463016387e-01,0.000000000000000000e+00,0.000000000000000000e+00,1.445137253497109919e-01
-7.828614961246341819e-01,2.661341683536379010e-01,9.999999999999998890e-01,9.892487844531984154e-01,0.000000000000000000e+00,0.000000000000000000e+00,1.462424099154184254e-01
-7.819352509307890831e-01,2.637495285676254020e-01,9.999999999999998890e-01,9.889917529100156202e-01,0.000000000000000000e+00,0.000000000000000000e+00,1.479706480217431452e-01
-7.810006782987124474e-01,2.613681400937454824e-01,1.000000000000000000e+00,9.887317021014375706e-01,0.000000000000000000e+00,0.000000000000000000e+00,1.496984343925950589e-01
-7.800577896409185419e-01,2.589900320122742738e-01,1.000000000000000000e+00,9.884686328213662110e-01,0.000000000000000000e+00,0.000000000000000000e+00,1.514257637532632761e-01
-7.791065964714728453e-01,2.566152333634295624e-01,1.000000000000000000e+00,9.882025458729184475e-01,0.000000000000000000e+00,0.000000000000000000e+00,1.531526308304320683e-01
-7.781471104058511612e-01,2.542437731470159612e-01,1.000000000000000000e+00,9.879334420684235951e-01,0.000000000000000000e+00,0.000000000000000000e+00,1.548790303521969947e-01
-7.771793431607975089e-01,2.518756803220709717e-01,1.000000000000000000e+00,9.876613222294212679e-01,0.000000000000000000e+00,0.000000000000000000e+00,1.566049570480809727e-01
-7.762033065541816823e-01,2.495109838065110996e-01,1.000000000000000222e+00,9.873861871866586037e-01,0.000000000000000000e+00,0.000000000000000000e+00,1.583304056490505152e-01
-7.752190125048548097e-01,2.471497124767791376e-01,9.999999999999998890e-01,9.871080377800874883e-01,0.000000000000000000e+00,0.000000000000000000e+00,1.600553708875315506e-01
-7.742264730325030264e-01,2.447918951674910581e-01,1.000000000000000000e+00,9.868268748588627792e-01,0.000000000000000000e+00,0.000000000000000000e+00,1.617798474974257161e-01
-7.732257002575018134e-01,2.424375606710842124e-01,1.000000000000000222e+00,9.865426992813388640e-01,0.000000000000000000e+00,0.000000000000000000e+00,1.635038302141263999e-01
-7.722167064007671167e-01,2.400867377374658607e-01,1.000000000000000000e+00,9.862555119150673288e-01,0.000000000000000000e+00,0.000000000000000000e+00,1.652273137745347009e-01
-7.711995037836065769e-01,2.377394550736613987e-01,1.000000000000000000e+00,9.859653136367945159e-01,0.000000000000000000e+00,0.000000000000000000e+00,1.669502929170756933e-01
-7.701741048275688728e-01,2.353957413434648593e-01,9.999999999999998890e-01,9.856721053324588588e-01,0.000000000000000000e+00,0.000000000000000000e+00,1.686727623817142752e-01
-7.691405220542923971e-01,2.330556251670879986e-01,1.000000000000000000e+00,9.853758878971875523e-01,0.000000000000000000e+00,0.000000000000000000e+00,1.703947169099713499e-01
-7.680987680853517130e-01,2.307191351208110752e-01,1.000000000000000000e+00,9.850766622352947754e-01,0.000000000000000000e+00,0.000000000000000000e+00,1.721161512449398689e-01
-7.670488556421040105e-01,2.283862997366340741e-01,1.000000000000000000e+00,9.847744292602781391e-01,0.000000000000000000e+00,0.000000000000000000e+00,1.738370601313008745e-01
-7.659907975455331197e-01,2.260571475019281240e-01,1.000000000000000000e+00,9.844691898948162434e-01,0.000000000000000000e+00,0.000000000000000000e+00,1.755574383153395424e-01
-7.649246067160938578e-01,2.237317068590875535e-01,1.000000000000000000e+00,9.841609450707659024e-01,0.000000000000000000e+00,0.000000000000000000e+00,1.772772805449611966e-01
-7.638502961735534891e-01,2.214100062051829743e-01,9.999999999999998890e-01,9.838496957291592571e-01,0.000000000000000000e+00,0.000000000000000000e+00,1.789965815697072693e-01
-7.627678790368330741e-01,2.190920738916136701e-01,9.999999999999997780e-01,9.835354428202004451e-01,0.000000000000000000e+00,0.000000000000000000e+00,1.807153361407717040e-01
-7.616773685238469316e-01,2.167779382237623453e-01,1.000000000000000000e+00,9.832181873032638242e-01,0.000000000000000000e+00,0.000000000000000000e+00,1.824335390110163879e-01
-7.605787779513417668e-01,2.144676274606489574e-01,1.000000000000000000e+00,9.828979301468896423e-01,0.000000000000000000e+00,0.000000000000000000e+00,1.841511849349875551e-01
-7.594721207347338021e-01,2.121611698145855762e-01,1.000000000000000000e+00,9.825746723287822615e-01,0.000000000000000000e+00,0.000000000000000000e+00,1.858682686689318853e-01
-7.583574103879444639e-01,2.098585934508321593e-01,1.000000000000000000e+00,9.822484148358062717e-01,0.000000000000000000e+00,0.000000000000000000e+00,1.875847849708121851e-01
-7.572346605232365135e-01,2.075599264872524108e-01,1.000000000000000000e+00,9.819191586639842706e-01,0.000000000000000000e+00,0.000000000000000000e+00,1.893007286003235701e-01
-7.561038848510464039e-01,2.052651969939705279e-01,1.000000000000000000e+00,9.815869048184930890e-01,0.000000000000000000e+00,0.000000000000000000e+00,1.910160943189095906e-01
-7.549650971798181898e-01,2.029744329930281976e-01,1.000000000000000000e+00,9.812516543136614589e-01,0.000000000000000000e+00,0.000000000000000000e+00,1.927308768897779134e-01
-7.538183114158336640e-01,2.006876624580428148e-01,1.000000000000000000e+00,9.809134081729661281e-01,0.000000000000000000e+00,0.000000000000000000e+00,1.944450710779166147e-01
-7.526635415630437143e-01,1.984049133138655330e-01,9.999999999999998890e-01,9.805721674290293066e-01,0.000000000000000000e+00,0.000000000000000000e+00,1.961586716501099170e-01
-7.515008017228965720e-01,1.961262134362402598e-01,1.000000000000000000e+00,9.802279331236155580e-01,0.000000000000000000e+00,0.000000000000000000e+00,1.978716733749543433e-01
-7.503301060941656164e-01,1.938515906514635678e-01,1.000000000000000000e+00,9.798807063076281354e-01,0.000000000000000000e+00,0.000000000000000000e+00,1.995840710228746484e-01
-7.491514689727766241e-01,1.915810727360447163e-01,9.999999999999998890e-01,9.795304880411059845e-01,0.000000000000000000e+00,0.000000000000000000e+00,2.012958593661396400e-01
-7.479649047516321314e-01,1.893146874163660620e-01,9.999999999999998890e-01,9.791772793932208563e-01,0.000000000000000000e+00,0.000000000000000000e+00,2.030070331788784155e-01
-7.467704279204367968e-01,1.870524623683453846e-01,9.999999999999998890e-01,9.788210814422735329e-01,0.000000000000000000e+00,0.000000000000000000e+00,2.047175872370960159e-01
-7.455680530655196536e-01,1.847944252170969914e-01,1.000000000000000000e+00,9.784618952756909405e-01,0.000000000000000000e+00,0.000000000000000000e+00,2.064275163186895523e-01
-7.443577948696564750e-01,1.825406035365949309e-01,1.000000000000000000e+00,9.780997219900223749e-01,0.000000000000000000e+00,0.000000000000000000e+00,2.081368152034641927e-01
-7.431396681118902503e-01,1.802910248493361234e-01,1.000000000000000000e+00,9.777345626909366150e-01,0.000000000000000000e+00,0.000000000000000000e+00,2.098454786731488997e-01
-7.419136876673507741e-01,1.780457166260043800e-01,1.000000000000000000e+00,9.773664184932183696e-01,0.000000000000000000e+00,0.000000000000000000e+00,2.115535015114125006e-01
-7.406798685070727917e-01,1.758047062851344766e-01,1.000000000000000000e+00,9.769952905207647254e-01,0.000000000000000000e+00,0.000000000000000000e+00,2.132608785038796195e-01
-7.394382256978135892e-01,1.735680211927779770e-01,1.000000000000000000e+00,9.766211799065820376e-01,0.000000000000000000e+00,0.000000000000000000e+00,2.149676044381466644e-01
-7.381887744018686970e-01,1.713356886621688058e-01,1.000000000000000000e+00,9.762440877927821559e-01,0.000000000000000000e+00,0.000000000000000000e+00,2.166736741037973979e-01
-7.369315298768868150e-01,1.691077359533893210e-01,9.999999999999998890e-01,9.758640153305790932e-01,0.000000000000000000e+00,0.000000000000000000e+00,2.183790822924193131e-01
-7.356665074756831846e-01,1.668841902730381910e-01,9.999999999999998890e-01,9.754809636802855843e-01,0.000000000000000000e+00,0.000000000000000000e+00,2.200838237976191492e-01
-7.343937226460531820e-01,1.646650787738975774e-01,1.000000000000000000e+00,9.750949340113090891e-01,0.000000000000000000e+00,0.000000000000000000e+00,2.217878934150391002e-01
-7.331131909305822481e-01,1.624504285546015114e-01,1.000000000000000000e+00,9.747059275021491276e-01,0.000000000000000000e+00,0.000000000000000000e+00,2.234912859423723863e-01
-7.318249279664569285e-01,1.602402666593056302e-01,1.000000000000000000e+00,9.743139453403926176e-01,0.000000000000000000e+00,0.000000000000000000e+00,2.251939961793793799e-01
-7.305289494852740262e-01,1.580346200773561083e-01,1.000000000000000000e+00,9.739189887227112097e-01,0.000000000000000000e+00,0.000000000000000000e+00,2.268960189279034534e-01
-7.292252713128476449e-01,1.558335157429607820e-01,1.000000000000000000e+00,9.735210588548568467e-01,0.000000000000000000e+00,0.000000000000000000e+00,2.285973489918866342e-01
-7.279139093690172313e-01,1.536369805348596906e-01,9.999999999999998890e-01,9.731201569516585437e-01,0.000000000000000000e+00,0.000000000000000000e+00,2.302979811773857854e-01
-7.265948796674517318e-01,1.514450412759970055e-01,1.000000000000000000e+00,9.727162842370185025e-01,0.000000000000000000e+00,0.000000000000000000e+00,2.319979102925883441e-01
-7.252681983154554146e-01,1.492577247331940138e-01,9.999999999999998890e-01,9.723094419439085589e-01,0.000000000000000000e+00,0.000000000000000000e+00,2.336971311478277802e-01
-7.239338815137701388e-01,1.470750576168212975e-01,9.999999999999998890e-01,9.718996313143662968e-01,0.000000000000000000e+00,0.000000000000000000e+00,2.353956385556002229e-01
-7.225919455563776239e-01,1.448970665804731883e-01,1.000000000000000000e+00,9.714868535994911625e-01,0.000000000000000000e+00,0.000000000000000000e+00,2.370934273305796702e-01
-7.212424068303016078e-01,1.427237782206425554e-01,9.999999999999998890e-01,9.710711100594405787e-01,0.000000000000000000e+00,0.000000000000000000e+00,2.387904922896339766e-01
-7.198852818154060085e-01,1.405552190763950104e-01,1.000000000000000000e+00,9.706524019634267253e-01,0.000000000000000000e+00,0.000000000000000000e+00,2.404868282518407840e-01
-7.185205870841950837e-01,1.383914156290458886e-01,9.999999999999998890e-01,9.702307305897115430e-01,0.000000000000000000e+00,0.000000000000000000e+00,2.421824300385032602e-01
-7.171483393016102603e-01,1.362323943018363404e-01,9.999999999999998890e-01,9.698060972256040690e-01,0.000000000000000000e+00,0.000000000000000000e+00,2.438772924731658631e-01
-7.157685552248270744e-01,1.340781814596106181e-01,1.000000000000000000e+00,9.693785031674556629e-01,0.000000000000000000e+00,0.000000000000000000e+00,2.455714103816303007e-01
-7.143812517030502240e-01,1.319288034084942773e-01,1.000000000000000000e+00,9.689479497206563430e-01,0.000000000000000000e+00,0.000000000000000000e+00,2.472647785919711017e-01
-7.129864456773080672e-01,1.297842863955731285e-01,1.000000000000000000e+00,9.685144381996305674e-01,0.000000000000000000e+00,0.000000000000000000e+00,2.489573919345516584e-01
-7.115841541802456760e-01,1.276446566085724099e-01,1.000000000000000000e+00,9.680779699278337924e-01,0.000000000000000000e+00,0.000000000000000000e+00,2.506492452420397421e-01
-7.101743943359163369e-01,1.255099401755369048e-01,1.000000000000000000e+00,9.676385462377476987e-01,0.000000000000000000e+00,0.000000000000000000e+00,2.523403333494235734e-01
-7.087571833595734949e-01,1.233801631645124186e-01,1.000000000000000000e+00,9.671961684708767493e-01,0.000000000000000000e+00,0.000000000000000000e+00,2.540306510940272267e-01
-7.073325385574599222e-01,1.212553515832268669e-01,9.999999999999998890e-01,9.667508379777437488e-01,0.000000000000000000e+00,0.000000000000000000e+00,2.557201933155267004e-01
-7.059004773265958876e-01,1.191355313787729187e-01,1.000000000000000000e+00,9.663025561178855138e-01,0.000000000000000000e+00,0.000000000000000000e+00,2.574089548559657659e-01
-7.044610171545675481e-01,1.170207284372912632e-01,1.000000000000000222e+00,9.658513242598496529e-01,0.000000000000000000e+00,0.000000000000000000e+00,2.590969305597711214e-01
-7.030141756193134528e-01,1.149109685836544603e-01,1.000000000000000000e+00,9.653971437811890155e-01,0.000000000000000000e+00,0.000000000000000000e+00,2.607841152737687129e-01
-7.015599703889086047e-01,1.128062775811511931e-01,1.000000000000000000e+00,9.649400160684586947e-01,0.000000000000000000e+00,0.000000000000000000e+00,2.624705038471994989e-01
-7.000984192213504098e-01,1.107066811311723104e-01,9.999999999999998890e-01,9.644799425172110308e-01,0.000000000000000000e+00,0.000000000000000000e+00,2.641560911317344940e-01
-6.986295399643407400e-01,1.086122048728964395e-01,1.000000000000000000e+00,9.640169245319919478e-01,0.000000000000000000e+00,0.000000000000000000e+00,2.658408719814913113e-01
-6.971533505550682186e-01,1.065228743829771396e-01,1.000000000000000222e+00,9.635509635263361794e-01,0.000000000000000000e+00,0.000000000000000000e+00,2.675248412530493725e-01
-6.956698690199893953e-01,1.044387151752303733e-01,9.999999999999998890e-01,9.630820609227628282e-01,0.000000000000000000e+00,0.000000000000000000e+00,2.692079938054658395e-01
-6.941791134746084779e-01,1.023597527003237140e-01,9.999999999999998890e-01,9.626102181527718127e-01,0.000000000000000000e+00,0.000000000000000000e+00,2.708903245002909910e-01
-6.926811021232558430e-01,1.002860123454639707e-01,1.000000000000000000e+00,9.621354366568388716e-01,0.000000000000000000e+00,0.000000000000000000e+00,2.725718282015843763e-01
-6.911758532588663240e-01,9.821751943408892072e-02,1.000000000000000000e+00,9.616577178844110119e-01,0.000000000000000000e+00,0.000000000000000000e+00,2.742524997759301364e-01
-6.896633852627551686e-01,9.615429922555691900e-02,1.000000000000000000e+00,9.611770632939027337e-01,0.000000000000000000e+00,0.000000000000000000e+00,2.759323340924527690e-01
-6.881437166043943288e-01,9.409637691483921373e-02,1.000000000000000000e+00,9.606934743526909237e-01,0.000000000000000000e+00,0.000000000000000000e+00,2.776113260228327828e-01
-6.866168658411858639e-01,9.204377763221122111e-02,9.999999999999998890e-01,9.602069525371108583e-01,0.000000000000000000e+00,0.000000000000000000e+00,2.792894704413226292e-01
-6.850828516182367878e-01,8.999652644294689474e-02,1.000000000000000000e+00,9.597174993324515402e-01,0.000000000000000000e+00,0.000000000000000000e+00,2.809667622247617458e-01
-6.835416926681296967e-01,8.795464834701170742e-02,9.999999999999998890e-01,9.592251162329510361e-01,0.000000000000000000e+00,0.000000000000000000e+00,2.826431962525928210e-01
-6.819934078106953956e-01,8.591816827875792262e-02,9.999999999999998890e-01,9.587298047417918134e-01,0.000000000000000000e+00,0.000000000000000000e+00,2.843187674068770043e-01
-6.804380159527826377e-01,8.388711110661992154e-02,1.000000000000000000e+00,9.582315663710966325e-01,0.000000000000000000e+00,0.000000000000000000e+00,2.859934705723098936e-01
-6.788755360880267542e-01,8.186150163281036285e-02,1.000000000000000000e+00,9.577304026419235505e-01,0.000000000000000000e+00,0.000000000000000000e+00,2.876673006362366336e-01
-6.773059872966182837e-01,7.984136459301742483e-02,1.000000000000000000e+00,9.572263150842614809e-01,0.000000000000000000e+00,0.000000000000000000e+00,2.893402524886681260e-01
-6.757293887450702696e-01,7.782672465610283863e-02,1.000000000000000000e+00,9.567193052370250861e-01,0.000000000000000000e+00,0.000000000000000000e+00,2.910123210222962387e-01
-6.741457596859828927e-01,7.581760642380071247e-02,1.000000000000000000e+00,9.562093746480507805e-01,0.000000000000000000e+00,0.000000000000000000e+00,2.926835011325093494e-01
-6.725551194578099912e-01,7.381403443041678614e-02,9.999999999999998890e-01,9.556965248740914021e-01,0.000000000000000000e+00,0.000000000000000000e+00,2.943537877174083328e-01
-6.709574874846215842e-01,7.181603314252889281e-02,9.999999999999998890e-01,9.551807574808117707e-01,0.000000000000000000e+00,0.000000000000000000e+00,2.960231756778218259e-01
-6.693528832758678382e-01,6.982362695868868374e-02,1.000000000000000000e+00,9.546620740427839147e-01,0.000000000000000000e+00,0.000000000000000000e+00,2.976916599173216049e-01
-6.677413264261395920e-01,6.783684020912322810e-02,1.000000000000000000e+00,9.541404761434818527e-01,0.000000000000000000e+00,0.000000000000000000e+00,2.993592353422386831e-01
-6.661228366149303248e-01,6.585569715543766744e-02,1.000000000000000000e+00,9.536159653752773746e-01,0.000000000000000000e+00,0.000000000000000000e+00,3.010258968616784658e-01
-6.644974336063949050e-01,6.388022199031959114e-02,1.000000000000000000e+00,9.530885433394348238e-01,0.000000000000000000e+00,0.000000000000000000e+00,3.026916393875363487e-01
-6.628651372491084492e-01,6.191043883724305086e-02,1.000000000000000000e+00,9.525582116461062121e-01,0.000000000000000000e+00,0.000000000000000000e+00,3.043564578345133720e-01
-6.612259674758240724e-01,5.994637175017444863e-02,1.000000000000000000e+00,9.520249719143264455e-01,0.000000000000000000e+00,0.000000000000000000e+00,3.060203471201316527e-01
-6.595799443032299703e-01,5.798804471327839716e-02,1.000000000000000000e+00,9.514888257720083287e-01,0.000000000000000000e+00,0.000000000000000000e+00,3.076833021647497612e-01
-6.579270878317039495e-01,5.603548164062510661e-02,1.000000000000000000e+00,9.509497748559374575e-01,0.000000000000000000e+00,0.000000000000000000e+00,3.093453178915787638e-01
-6.562674182450686233e-01,5.408870637589825725e-02,1.000000000000000000e+00,9.504078208117672233e-01,0.000000000000000000e+00,0.000000000000000000e+00,3.110063892266969887e-01
-6.546009558103448311e-01,5.214774269210360746e-02,1.000000000000000000e+00,9.498629652940142609e-01,0.000000000000000000e+00,0.000000000000000000e+00,3.126665110990659580e-01
-6.529277208775042807e-01,5.021261429127926723e-02,1.000000000000000000e+00,9.493152099660526755e-01,0.000000000000000000e+00,0.000000000000000000e+00,3.143256784405458193e-01
-6.512477338792208581e-01,4.828334480420576336e-02,9.999999999999998890e-01,9.487645565001093795e-01,0.000000000000000000e+00,0.000000000000000000e+00,3.159838861859108339e-01
-6.495610153306208279e-01,4.635995779011730517e-02,1.000000000000000000e+00,9.482110065772593188e-01,0.000000000000000000e+00,0.000000000000000000e+00,3.176411292728646973e-01
-6.478675858290333656e-01,4.444247673641497920e-02,1.000000000000000000e+00,9.476545618874193666e-01,0.000000000000000000e+00,0.000000000000000000e+00,3.192974026420560829e-01
-6.461674660537374271e-01,4.253092505837911819e-02,1.000000000000000000e+00,9.470952241293441043e-01,0.000000000000000000e+00,0.000000000000000000e+00,3.209527012370941290e-01
-6.444606767657106161e-01,4.062532609888307861e-02,1.000000000000000000e+00,9.465329950106202705e-01,0.000000000000000000e+00,0.000000000000000000e+00,3.226070200045639269e-01
-6.427472388073750542e-01,3.872570312810979382e-02,1.000000000000000000e+00,9.459678762476614322e-01,0.000000000000000000e+00,0.000000000000000000e+00,3.242603538940416752e-01
-6.410271731023432507e-01,3.683207934326553079e-02,9.999999999999998890e-01,9.453998695657028772e-01,0.000000000000000000e+00,0.000000000000000000e+00,3.259126978581103340e-01
-6.393005006551615299e-01,3.494447786829799063e-02,1.000000000000000000e+00,9.448289766987965077e-01,0.000000000000000000e+00,0.000000000000000000e+00,3.275640468523751125e-01
-6.375672425510554575e-01,3.306292175361395802e-02,1.000000000000000000e+00,9.442551993898052887e-01,0.000000000000000000e+00,0.000000000000000000e+00,3.292143958354785127e-01
-6.358274199556701589e-01,3.118743397579693682e-02,1.000000000000000000e+00,9.436785393903978081e-01,0.000000000000000000e+00,0.000000000000000000e+00,3.308637397691160942e-01
-6.340810541148133028e-01,2.931803743732692979e-02,1.000000000000000000e+00,9.430989984610435029e-01,0.000000000000000000e+00,0.000000000000000000e+00,3.325120736180517400e-01
-6.323281663541954201e-01,2.745475496630150891e-02,9.999999999999998890e-01,9.425165783710066636e-01,0.000000000000000000e+00,0.000000000000000000e+00,3.341593923501328112e-01
-6.305687780791691122e-01,2.559760931615577551e-02,1.000000000000000000e+00,9.419312808983414387e-01,0.000000000000000000e+00,0.000000000000000000e+00,3.358056909363058562e-01
-6.288029107744681490e-01,2.374662316538581064e-02,1.000000000000000000e+00,9.413431078298861721e-01,0.000000000000000000e+00,0.000000000000000000e+00,3.374509643506317658e-01
-6.270305860039443457e-01,2.190181911727038383e-02,1.000000000000000000e+00,9.407520609612579632e-01,0.000000000000000000e+00,0.000000000000000000e+00,3.390952075703010937e-01
-6.252518254103052175e-01,2.006321969959636020e-02,1.000000000000000000e+00,9.401581420968474490e-01,0.000000000000000000e+00,0.000000000000000000e+00,3.407384155756494892e-01
-6.234666507148491910e-01,1.823084736438231740e-02,9.999999999999998890e-01,9.395613530498130306e-01,0.000000000000000000e+00,0.000000000000000000e+00,3.423805833501729068e-01
-6.216750837171995947e-01,1.640472448760511154e-02,1.000000000000000000e+00,9.389616956420752114e-01,0.000000000000000000e+00,0.000000000000000000e+00,3.440217058805432604e-01
-6.198771462950405375e-01,1.458487336892701908e-02,9.999999999999998890e-01,9.383591717043114899e-01,0.000000000000000000e+00,0.000000000000000000e+00,3.456617781566229675e-01
-6.180728604038473462e-01,1.277131623142191419e-02,1.000000000000000000e+00,9.377537830759504756e-01,0.000000000000000000e+00,0.000000000000000000e+00,3.473007951714812691e-01
-6.162622480766198896e-01,1.096407522130538742e-02,9.999999999999998890e-01,9.371455316051662265e-01,0.000000000000000000e+00,0.000000000000000000e+00,3.489387519214086075e-01
-6.144453314236131281e-01,9.163172407663830454e-03,1.000000000000000000e+00,9.365344191488728098e-01,0.000000000000000000e+00,0.000000000000000000e+00,3.505756434059324467e-01
-6.126221326320675509e-01,7.368629782184853150e-03,9.999999999999998890e-01,9.359204475727181949e-01,0.000000000000000000e+00,0.000000000000000000e+00,3.522114646278323158e-01
-6.107926739659372828e-01,5.580469258888415274e-03,1.000000000000000000e+00,9.353036187510793686e-01,0.000000000000000000e+00,0.000000000000000000e+00,3.538462105931552415e-01
-6.089569777656191896e-01,3.798712673859894196e-03,1.000000000000000000e+00,9.346839345670557853e-01,0.000000000000000000e+00,0.000000000000000000e+00,3.554798763112305693e-01
-6.071150664476794301e-01,2.023381784983145637e-03,1.000000000000000000e+00,9.340613969124640370e-01,0.000000000000000000e+00,0.000000000000000000e+00,3.571124567946858397e-01
-6.052669625045800084e-01,2.544982716743832141e-04,1.000000000000000000e+00,9.334360076878319701e-01,0.000000000000000000e+00,0.000000000000000000e+00,3.587439470594615543e-01
-6.034126885044041044e-01,-1.507916265381603615e-03,1.000000000000000000e+00,9.328077688023929115e-01,0.000000000000000000e+00,0.000000000000000000e+00,3.603743421248263856e-01
-6.015522670905802949e-01,-3.263840304496216926e-03,1.000000000000000000e+00,9.321766821740800069e-01,0.000000000000000000e+00,0.000000000000000000e+00,3.620036370133927761e-01
-5.996857209816062184e-01,-5.013252403239444599e-03,1.000000000000000000e+00,9.315427497295200032e-01,0.000000000000000000e+00,0.000000000000000000e+00,3.636318267511314817e-01
-5.978130729707713531e-01,-6.756131198701366414e-03,1.000000000000000000e+00,9.309059734040274758e-01,0.000000000000000000e+00,0.000000000000000000e+00,3.652589063673876146e-01
-5.959343459258781284e-01,-8.492455407753632390e-03,1.000000000000000000e+00,9.302663551415993881e-01,0.000000000000000000e+00,0.000000000000000000e+00,3.668848708948949100e-01
-5.940495627889627039e-01,-1.022220382730910232e-02,1.000000000000000000e+00,9.296238968949083192e-01,0.000000000000000000e+00,0.000000000000000000e+00,3.685097153697916572e-01
-5.921587465760158597e-01,-1.194535533458070120e-02,9.999999999999998890e-01,9.289786006252972461e-01,0.000000000000000000e+00,0.000000000000000000e+00,3.701334348316352996e-01
-5.902619203767006661e-01,-1.366188888733924772e-02,1.000000000000000222e+00,9.283304683027733262e-01,0.000000000000000000e+00,0.000000000000000000e+00,3.717560243234178663e-01
-5.883591073540710426e-01,-1.537178352417072069e-02,9.999999999999997780e-01,9.276795019060013470e-01,0.000000000000000000e+00,0.000000000000000000e+00,3.733774788915811271e-01
-5.864503307442885394e-01,-1.707501836473238055e-02,1.000000000000000000e+00,9.270257034222988413e-01,0.000000000000000000e+00,0.000000000000000000e+00,3.749977935860316358e-01
-5.845356138563398973e-01,-1.877157261000678146e-02,1.000000000000000000e+00,9.263690748476288706e-01,0.000000000000000000e+00,0.000000000000000000e+00,3.766169634601555516e-01
-5.826149800717504990e-01,-2.046142554255699075e-02,1.000000000000000000e+00,9.257096181865945850e-01,0.000000000000000000e+00,0.000000000000000000e+00,3.782349835708344044e-01
-5.806884528443000404e-01,-2.214455652677875530e-02,9.999999999999998890e-01,9.250473354524326730e-01,0.000000000000000000e+00,0.000000000000000000e+00,3.798518489784595831e-01
-5.787560556997363159e-01,-2.382094500915287599e-02,1.000000000000000000e+00,9.243822286670079214e-01,0.000000000000000000e+00,0.000000000000000000e+00,3.814675547469476569e-01
-5.768178122354868931e-01,-2.549057051849593081e-02,1.000000000000000000e+00,9.237142998608062205e-01,0.000000000000000000e+00,0.000000000000000000e+00,3.830820959437554185e-01
-5.748737461203718979e-01,-2.715341266621048438e-02,9.999999999999998890e-01,9.230435510729286808e-01,0.000000000000000000e+00,0.000000000000000000e+00,3.846954676398951500e-01
-5.729238810943143578e-01,-2.880945114653424288e-02,1.000000000000000000e+00,9.223699843510858587e-01,0.000000000000000000e+00,0.000000000000000000e+00,3.863076649099491666e-01
-5.709682409680509885e-01,-3.045866573678727984e-02,1.000000000000000000e+00,9.216936017515907631e-01,0.000000000000000000e+00,0.000000000000000000e+00,3.879186828320853042e-01
-5.690068496228407602e-01,-3.210103629761978938e-02,1.000000000000000000e+00,9.210144053393528596e-01,0.000000000000000000e+00,0.000000000000000000e+00,3.895285164880719075e-01
-5.670397310101735755e-01,-3.373654277325756345e-02,1.000000000000000000e+00,9.203323971878722976e-01,0.000000000000000000e+00,0.000000000000000000e+00,3.911371609632924295e-01
-5.650669091514776143e-01,-3.536516519174702500e-02,1.000000000000000222e+00,9.196475793792324716e-01,0.000000000000000000e+00,0.000000000000000000e+00,3.927446113467610855e-01
-5.630884081378264572e-01,-3.698688366519904680e-02,1.000000000000000000e+00,9.189599540040946923e-01,0.000000000000000000e+00,0.000000000000000000e+00,3.943508627311372305e-01
-5.611042521296442098e-01,-3.860167839003211809e-02,1.000000000000000000e+00,9.182695231616913034e-01,0.000000000000000000e+00,0.000000000000000000e+00,3.959559102127407915e-01
-5.591144653564109612e-01,-4.020952964721390827e-02,9.999999999999998890e-01,9.175762889598194638e-01,0.000000000000000000e+00,0.000000000000000000e+00,3.975597488915669775e-01
-5.571190721163669091e-01,-4.181041780250192158e-02,1.000000000000000000e+00,9.168802535148347088e-01,0.000000000000000000e+00,0.000000000000000000e+00,3.991623738713012681e-01
-5.551180967762152640e-01,-4.340432330668347188e-02,1.000000000000000000e+00,9.161814189516439555e-01,0.000000000000000000e+00,0.000000000000000000e+00,4.007637802593346232e-01
-5.531115637708252653e-01,-4.499122669581444994e-02,1.000000000000000000e+00,9.154797874037000627e-01,0.000000000000000000e+00,0.000000000000000000e+00,4.023639631667778604e-01
-5.510994976029331971e-01,-4.657110859145665444e-02,9.999999999999998890e-01,9.147753610129942814e-01,0.000000000000000000e+00,0.000000000000000000e+00,4.039629177084771983e-01
-5.490819228428431842e-01,-4.814394970091541437e-02,1.000000000000000000e+00,9.140681419300504817e-01,0.000000000000000000e+00,0.000000000000000000e+00,4.055606390030289110e-01
-5.470588641281282083e-01,-4.970973081747367267e-02,1.000000000000000000e+00,9.133581323139180475e-01,0.000000000000000000e+00,0.000000000000000000e+00,4.071571221727939838e-01
-5.450303461633279056e-01,-5.126843282062773510e-02,1.000000000000000000e+00,9.126453343321655476e-01,0.000000000000000000e+00,0.000000000000000000e+00,4.087523623439134335e-01
-5.429963937196471413e-01,-5.282003667632039628e-02,1.000000000000000000e+00,9.119297501608740752e-01,0.000000000000000000e+00,0.000000000000000000e+00,4.103463546463229639e-01
-5.409570316346543617e-01,-5.436452343717308733e-02,1.000000000000000000e+00,9.112113819846306972e-01,0.000000000000000000e+00,0.000000000000000000e+00,4.119390942137678424e-01
-5.389122848119778375e-01,-5.590187424271757938e-02,1.000000000000000000e+00,9.104902319965215707e-01,0.000000000000000000e+00,0.000000000000000000e+00,4.135305761838177219e-01
-5.368621782210006854e-01,-5.743207031962651449e-02,1.000000000000000000e+00,9.097663023981255037e-01,0.000000000000000000e+00,0.000000000000000000e+00,4.151207956978817393e-01
-5.348067368965576662e-01,-5.895509298194183401e-02,1.000000000000000000e+00,9.090395953995069611e-01,0.000000000000000000e+00,0.000000000000000000e+00,4.167097479012228378e-01
-5.327459859386276531e-01,-6.047092363130381759e-02,9.999999999999998890e-01,9.083101132192095140e-01,0.000000000000000000e+00,0.000000000000000000e+00,4.182974279429730879e-01
-5.306799505120285421e-01,-6.197954375717803360e-02,9.999999999999998890e-01,9.075778580842489562e-01,0.000000000000000000e+00,0.000000000000000000e+00,4.198838309761483978e-01
-5.286086558461093876e-01,-6.348093493708070745e-02,1.000000000000000000e+00,9.068428322301067546e-01,0.000000000000000000e+00,0.000000000000000000e+00,4.214689521576630016e-01
-5.265321272344420933e-01,-6.497507883680453400e-02,1.000000000000000000e+00,9.061050379007227207e-01,0.000000000000000000e+00,0.000000000000000000e+00,4.230527866483446142e-01
-5.244503900345129921e-01,-6.646195721064210304e-02,1.000000000000000000e+00,9.053644773484887942e-01,0.000000000000000000e+00,0.000000000000000000e+00,4.246353296129488641e-01
-5.223634696674127609e-01,-6.794155190160887370e-02,1.000000000000000000e+00,9.046211528342414931e-01,0.000000000000000000e+00,0.000000000000000000e+00,4.262165762201745589e-01
-5.202713916175264464e-01,-6.941384484166504554e-02,1.000000000000000000e+00,9.038750666272556966e-01,0.000000000000000000e+00,0.000000000000000000e+00,4.277965216426778960e-01
-5.181741814322221584e-01,-7.087881805193549378e-02,1.000000000000000000e+00,9.031262210052369843e-01,0.000000000000000000e+00,0.000000000000000000e+00,4.293751610570874511e-01
-5.160718647215383204e-01,-7.233645364293041224e-02,1.000000000000000000e+00,9.023746182543156413e-01,0.000000000000000000e+00,0.000000000000000000e+00,4.309524896440188324e-01
-5.139644671578723623e-01,-7.378673381476255622e-02,1.000000000000000000e+00,9.016202606690385535e-01,0.000000000000000000e+00,0.000000000000000000e+00,4.325285025880896139e-01
-5.118520144756660839e-01,-7.522964085736560946e-02,9.999999999999998890e-01,9.008631505523629901e-01,0.000000000000000000e+00,0.000000000000000000e+00,4.341031950779336568e-01
-5.097345324710914616e-01,-7.666515715071034465e-02,1.000000000000000000e+00,9.001032902156494986e-01,0.000000000000000000e+00,0.000000000000000000e+00,4.356765623062162085e-01
-5.076120470017366770e-01,-7.809326516501903515e-02,1.000000000000000000e+00,8.993406819786544659e-01,0.000000000000000000e+00,0.000000000000000000e+00,4.372485994696481137e-01
-5.054845839862890378e-01,-7.951394746098003341e-02,1.000000000000000000e+00,8.985753281695232353e-01,0.000000000000000000e+00,0.000000000000000000e+00,4.388193017690009690e-01
-5.033521694042190076e-01,-8.092718668996082276e-02,1.000000000000000000e+00,8.978072311247834447e-01,0.000000000000000000e+00,0.000000000000000000e+00,4.403886644091213332e-01
-5.012148292954636819e-01,-8.233296559421987570e-02,1.000000000000000000e+00,8.970363931893369225e-01,0.000000000000000000e+00,0.000000000000000000e+00,4.419566825989457159e-01
-4.990725897601071548e-01,-8.373126700711717996e-02,1.000000000000000000e+00,8.962628167164534698e-01,0.000000000000000000e+00,0.000000000000000000e+00,4.435233515515151215e-01
-4.969254769580635500e-01,-8.512207385332370979e-02,1.000000000000000000e+00,8.954865040677632004e-01,0.000000000000000000e+00,0.000000000000000000e+00,4.450886664839894258e-01
-4.947735171087563888e-01,-8.650536914903056429e-02,1.000000000000000000e+00,8.947074576132492130e-01,0.000000000000000000e+00,0.000000000000000000e+00,4.466526226176623093e-01
-4.926167364907989565e-01,-8.788113600215596843e-02,1.000000000000000000e+00,8.939256797312409297e-01,0.000000000000000000e+00,0.000000000000000000e+00,4.482152151779755789e-01
-4.904551614416732819e-01,-8.924935761255084476e-02,9.999999999999998890e-01,8.931411728084061030e-01,0.000000000000000000e+00,0.000000000000000000e+00,4.497764393945338779e-01
-4.882888183574083385e-01,-9.061001727220582835e-02,9.999999999999998890e-01,8.923539392397442649e-01,0.000000000000000000e+00,0.000000000000000000e+00,4.513362905011192860e-01
-4.861177336922579140e-01,-9.196309836545329963e-02,1.000000000000000000e+00,8.915639814285788445e-01,0.000000000000000000e+00,0.000000000000000000e+00,4.528947637357057521e-01
-4.839419339583777568e-01,-9.330858436917152665e-02,1.000000000000000000e+00,8.907713017865499516e-01,0.000000000000000000e+00,0.000000000000000000e+00,4.544518543404736932e-01
-4.817614457255011695e-01,-9.464645885298608730e-02,1.000000000000000000e+00,8.899759027336072714e-01,0.000000000000000000e+00,0.000000000000000000e+00,4.560075575618246502e-01
-4.795762956206154337e-01,-9.597670547947007025e-02,1.000000000000000000e+00,8.891777866980024037e-01,0.000000000000000000e+00,0.000000000000000000e+00,4.575618686503953869e-01
-4.773865103276357380e-01,-9.729930800434445637e-02,1.000000000000000000e+00,8.883769561162816464e-01,0.000000000000000000e+00,0.000000000000000000e+00,4.591147828610729897e-01
-4.751921165870797159e-01,-9.861425027667591880e-02,1.000000000000000000e+00,8.875734134332782244e-01,0.000000000000000000e+00,0.000000000000000000e+00,4.606662954530089116e-01
-4.729931411957415399e-01,-9.992151623907377656e-02,1.000000000000000000e+00,8.867671611021055167e-01,0.000000000000000000e+00,0.000000000000000000e+00,4.622164016896334049e-01
-4.707896110063637951e-01,-1.012210899278868648e-01,9.999999999999998890e-01,8.859582015841485081e-01,0.000000000000000000e+00,0.000000000000000000e+00,4.637650968386702877e-01
-4.685815529273096858e-01,-1.025129554733980181e-01,1.000000000000000000e+00,8.851465373490573496e-01,0.000000000000000000e+00,0.000000000000000000e+00,4.653123761721514318e-01
-4.663689939222350200e-01,-1.037970971000177212e-01,1.000000000000000000e+00,8.843321708747392540e-01,0.000000000000000000e+00,0.000000000000000000e+00,4.668582349664306408e-01
-4.641519610097582516e-01,-1.050734991264772877e-01,1.000000000000000222e+00,8.835151046473509462e-01,0.000000000000000000e+00,0.000000000000000000e+00,4.684026685021986935e-01
-4.619304812631309654e-01,-1.063421459660191387e-01,1.000000000000000000e+00,8.826953411612910028e-01,0.000000000000000000e+00,0.000000000000000000e+00,4.699456720644974439e-01
-4.597045818099074199e-01,-1.076030221265891762e-01,1.000000000000000000e+00,8.818728829191926355e-01,0.000000000000000000e+00,0.000000000000000000e+00,4.714872409427343092e-01
-4.574742898316126460e-01,-1.088561122110238422e-01,1.000000000000000000e+00,8.810477324319158088e-01,0.000000000000000000e+00,0.000000000000000000e+00,4.730273704306963700e-01
-4.552396325634110452e-01,-1.101014009172396335e-01,1.000000000000000000e+00,8.802198922185394681e-01,0.000000000000000000e+00,0.000000000000000000e+00,4.745660558265654139e-01
-4.530006372937737669e-01,-1.113388730384192171e-01,1.000000000000000000e+00,8.793893648063538793e-01,0.000000000000000000e+00,0.000000000000000000e+00,4.761032924329314797e-01
-4.507573313641453083e-01,-1.125685134631974615e-01,1.000000000000000222e+00,8.785561527308530794e-01,0.000000000000000000e+00,0.000000000000000000e+00,4.776390755568079016e-01
-4.485097421686096708e-01,-1.137903071758452622e-01,1.000000000000000000e+00,8.777202585357269937e-01,0.000000000000000000e+00,0.000000000000000000e+00,4.791734005096448534e-01
-4.462578971535558492e-01,-1.150042392564544214e-01,1.000000000000000000e+00,8.768816847728538866e-01,0.000000000000000000e+00,0.000000000000000000e+00,4.807062626073446143e-01
-4.440018238173427112e-01,-1.162102948811182535e-01,1.000000000000000000e+00,8.760404340022920344e-01,0.000000000000000000e+00,0.000000000000000000e+00,4.822376571702751136e-01
-4.417415497099633770e-01,-1.174084593221135508e-01,1.000000000000000000e+00,8.751965087922727315e-01,0.000000000000000000e+00,0.000000000000000000e+00,4.837675795232844189e-01
-4.394771024327083775e-01,-1.185987179480795378e-01,1.000000000000000000e+00,8.743499117191916303e-01,0.000000000000000000e+00,0.000000000000000000e+00,4.852960249957151695e-01
-4.372085096378285352e-01,-1.197810562241981985e-01,1.000000000000000000e+00,8.735006453676014138e-01,0.000000000000000000e+00,0.000000000000000000e+00,4.868229889214188977e-01
-4.349357990281983444e-01,-1.209554597123694841e-01,1.000000000000000000e+00,8.726487123302035798e-01,0.000000000000000000e+00,0.000000000000000000e+00,4.883484666387697404e-01
-4.326589983569764097e-01,-1.221219140713898921e-01,1.000000000000000000e+00,8.717941152078410028e-01,0.000000000000000000e+00,0.000000000000000000e+00,4.898724534906792605e-01
-4.303781354272668835e-01,-1.232804050571259941e-01,9.999999999999998890e-01,8.709368566094891628e-01,0.000000000000000000e+00,0.000000000000000000e+00,4.913949448246105467e-01
-4.280932380917803481e-01,-1.244309185226890047e-01,1.000000000000000000e+00,8.700769391522492624e-01,0.000000000000000000e+00,0.000000000000000000e+00,4.929159359925920914e-01
-4.258043342524937547e-01,-1.255734404186074071e-01,1.000000000000000000e+00,8.692143654613392334e-01,0.000000000000000000e+00,0.000000000000000000e+00,4.944354223512321678e-01
-4.235114518603085298e-01,-1.267079567929989825e-01,1.000000000000000000e+00,8.683491381700862988e-01,0.000000000000000000e+00,0.000000000000000000e+00,4.959533992617333742e-01
-4.212146189147110142e-01,-1.278344537917402157e-01,1.000000000000000000e+00,8.674812599199187568e-01,0.000000000000000000e+00,0.000000000000000000e+00,4.974698620899062895e-01
-4.189138634634293479e-01,-1.289529176586359238e-01,1.000000000000000000e+00,8.666107333603579876e-01,0.000000000000000000e+00,0.000000000000000000e+00,4.989848062061834622e-01
-4.166092136020909664e-01,-1.300633347355885094e-01,1.000000000000000000e+00,8.657375611490103484e-01,0.000000000000000000e+00,0.000000000000000000e+00,5.004982269856343979e-01
-4.143006974738799864e-01,-1.311656914627623849e-01,1.000000000000000000e+00,8.648617459515588468e-01,0.000000000000000000e+00,0.000000000000000000e+00,5.020101198079789384e-01
-4.119883432691937575e-01,-1.322599743787509219e-01,1.000000000000000000e+00,8.639832904417553694e-01,0.000000000000000000e+00,0.000000000000000000e+00,5.035204800576014161e-01
-4.096721792252977501e-01,-1.333461701207409866e-01,9.999999999999998890e-01,8.631021973014123549e-01,0.000000000000000000e+00,0.000000000000000000e+00,5.050293031235650876e-01
-4.073522336259811083e-01,-1.344242654246760871e-01,1.000000000000000000e+00,8.622184692203944678e-01,0.000000000000000000e+00,0.000000000000000000e+00,5.065365843996262329e-01
-4.050285348012119258e-01,-1.354942471254173553e-01,1.000000000000000000e+00,8.613321088966107153e-01,0.000000000000000000e+00,0.000000000000000000e+00,5.080423192842474789e-01
-4.027011111267903010e-01,-1.365561021569051681e-01,1.000000000000000000e+00,8.604431190360055659e-01,0.000000000000000000e+00,0.000000000000000000e+00,5.095465031806128975e-01
-4.003699910240024473e-01,-1.376098175523191303e-01,1.000000000000000000e+00,8.595515023525517329e-01,0.000000000000000000e+00,0.000000000000000000e+00,5.110491314966412180e-01
-3.980352029592730267e-01,-1.386553804442352267e-01,9.999999999999997780e-01,8.586572615682407372e-01,0.000000000000000000e+00,0.000000000000000000e+00,5.125501996450004816e-01
-3.956967754438182605e-01,-1.396927780647842510e-01,1.000000000000000222e+00,8.577603994130754694e-01,0.000000000000000000e+00,0.000000000000000000e+00,5.140497030431214753e-01
-3.933547370332981519e-01,-1.407219977458056270e-01,1.000000000000000000e+00,8.568609186250614185e-01,0.000000000000000000e+00,0.000000000000000000e+00,5.155476371132117208e-01
-3.910091163274656001e-01,-1.417430269190054215e-01,1.000000000000000222e+00,8.559588219501985673e-01,0.000000000000000000e+00,0.000000000000000000e+00,5.170439972822703512e-01
-3.886599419698197888e-01,-1.427558531161066679e-01,1.000000000000000000e+00,8.550541121424725111e-01,0.000000000000000000e+00,0.000000000000000000e+00,5.185387789821008786e-01
-3.863072426472549670e-01,-1.437604639690027164e-01,1.000000000000000000e+00,8.541467919638469075e-01,0.000000000000000000e+00,0.000000000000000000e+00,5.200319776493257384e-01
-3.839510470897099514e-01,-1.447568472099096948e-01,1.000000000000000000e+00,8.532368641842540402e-01,0.000000000000000000e+00,0.000000000000000000e+00,5.215235887254006109e-01
-3.815913840698182957e-01,-1.457449906715137522e-01,1.000000000000000000e+00,8.523243315815872689e-01,0.000000000000000000e+00,0.000000000000000000e+00,5.230136076566272996e-01
-3.792282824025563492e-01,-1.467248822871213554e-01,1.000000000000000000e+00,8.514091969416919259e-01,0.000000000000000000e+00,0.000000000000000000e+00,5.245020298941684977e-01
-3.768617709448910391e-01,-1.476965100908066431e-01,1.000000000000000000e+00,8.504914630583569890e-01,0.000000000000000000e+00,0.000000000000000000e+00,5.259888508940615548e-01
-3.744918785954283180e-01,-1.486598622175565043e-01,1.000000000000000000e+00,8.495711327333068663e-01,0.000000000000000000e+00,0.000000000000000000e+00,5.274740661172319101e-01
-3.721186342940599467e-01,-1.496149269034162677e-01,1.000000000000000000e+00,8.486482087761922921e-01,0.000000000000000000e+00,0.000000000000000000e+00,5.289576710295071926e-01
-3.697420670216091665e-01,-1.505616924856334748e-01,1.000000000000000000e+00,8.477226940045821113e-01,0.000000000000000000e+00,0.000000000000000000e+00,5.304396611016315433e-01
-3.673622057994783696e-01,-1.515001474027993789e-01,1.000000000000000000e+00,8.467945912439545086e-01,0.000000000000000000e+00,0.000000000000000000e+00,5.319200318092786040e-01
-3.649790796892939948e-01,-1.524302801949916630e-01,1.000000000000000000e+00,8.458639033276887931e-01,0.000000000000000000e+00,0.000000000000000000e+00,5.333987786330657288e-01
-3.625927177925507006e-01,-1.533520795039128026e-01,1.000000000000000000e+00,8.449306330970561829e-01,0.000000000000000000e+00,0.000000000000000000e+00,5.348758970585680839e-01
-3.602031492502579813e-01,-1.542655340730294533e-01,1.000000000000000000e+00,8.439947834012111461e-01,0.000000000000000000e+00,0.000000000000000000e+00,5.363513825763318588e-01
-3.578104032425826198e-01,-1.551706327477098135e-01,1.000000000000000000e+00,8.430563570971834064e-01,0.000000000000000000e+00,0.000000000000000000e+00,5.378252306818883666e-01
-3.554145089884931386e-01,-1.560673644753604317e-01,1.000000000000000000e+00,8.421153570498683960e-01,0.000000000000000000e+00,0.000000000000000000e+00,5.392974368757676995e-01
-3.530154957454024744e-01,-1.569557183055600991e-01,9.999999999999998890e-01,8.411717861320190393e-01,0.000000000000000000e+00,0.000000000000000000e+00,5.407679966635126068e-01
-3.506133928088115415e-01,-1.578356833901949086e-01,1.000000000000000222e+00,8.402256472242366492e-01,0.000000000000000000e+00,0.000000000000000000e+00,5.422369055556922612e-01
-3.482082295119505733e-01,-1.587072489835887612e-01,1.000000000000000000e+00,8.392769432149623787e-01,0.000000000000000000e+00,0.000000000000000000e+00,5.437041590679152492e-01
-3.458000352254216869e-01,-1.595704044426365376e-01,1.000000000000000000e+00,8.383256770004682279e-01,0.000000000000000000e+00,0.000000000000000000e+00,5.451697527208443361e-01
-3.433888393568395037e-01,-1.604251392269336607e-01,1.000000000000000000e+00,8.373718514848486061e-01,0.000000000000000000e+00,0.000000000000000000e+00,5.466336820402093455e-01
-3.409746713504727134e-01,-1.612714428989033832e-01,9.999999999999997780e-01,8.364154695800105621e-01,0.000000000000000000e+00,0.000000000000000000e+00,5.480959425568212584e-01
-3.385575606868838627e-01,-1.621093051239260174e-01,1.000000000000000000e+00,8.354565342056660127e-01,0.000000000000000000e+00,0.000000000000000000e+00,5.495565298065857585e-01
-3.361375368825700316e-01,-1.629387156704645290e-01,1.000000000000000000e+00,8.344950482893220833e-01,0.000000000000000000e+00,0.000000000000000000e+00,5.510154393305164433e-01
-3.337146294896018439e-01,-1.637596644101890209e-01,1.000000000000000000e+00,8.335310147662721159e-01,0.000000000000000000e+00,0.000000000000000000e+00,5.524726666747492576e-01
-3.312888680952633114e-01,-1.645721413181008841e-01,1.000000000000000000e+00,8.325644365795875634e-01,0.000000000000000000e+00,0.000000000000000000e+00,5.539282073905551496e-01
-3.288602823216888460e-01,-1.653761364726552829e-01,1.000000000000000000e+00,8.315953166801077767e-01,0.000000000000000000e+00,0.000000000000000000e+00,5.553820570343547258e-01
-3.264289018255038810e-01,-1.661716400558818640e-01,1.000000000000000000e+00,8.306236580264320102e-01,0.000000000000000000e+00,0.000000000000000000e+00,5.568342111677306860e-01
-3.239947562974611617e-01,-1.669586423535050490e-01,9.999999999999998890e-01,8.296494635849099852e-01,0.000000000000000000e+00,0.000000000000000000e+00,5.582846653574420337e-01
-3.215578754620782576e-01,-1.677371337550627728e-01,1.000000000000000000e+00,8.286727363296327864e-01,0.000000000000000000e+00,0.000000000000000000e+00,5.597334151754377318e-01
-3.191182890772755743e-01,-1.685071047540228906e-01,1.000000000000000000e+00,8.276934792424237575e-01,0.000000000000000000e+00,0.000000000000000000e+00,5.611804561988695816e-01
-3.166760269340117562e-01,-1.692685459479008336e-01,1.000000000000000000e+00,8.267116953128298418e-01,0.000000000000000000e+00,0.000000000000000000e+00,5.626257840101063223e-01
-3.142311188559200330e-01,-1.700214480383731019e-01,1.000000000000000000e+00,8.257273875381115902e-01,0.000000000000000000e+00,0.000000000000000000e+00,5.640693941967471758e-01
-3.117835946989454543e-01,-1.707658018313913395e-01,1.000000000000000000e+00,8.247405589232349454e-01,0.000000000000000000e+00,0.000000000000000000e+00,5.655112823516345033e-01
-3.093334843509786269e-01,-1.715015982372945502e-01,9.999999999999998890e-01,8.237512124808614722e-01,0.000000000000000000e+00,0.000000000000000000e+00,5.669514440728681270e-01
-3.068808177314911734e-01,-1.722288282709202312e-01,1.000000000000000000e+00,8.227593512313394752e-01,0.000000000000000000e+00,0.000000000000000000e+00,5.683898749638185421e-01
-3.044256247911709679e-01,-1.729474830517137851e-01,1.000000000000000000e+00,8.217649782026944516e-01,0.000000000000000000e+00,0.000000000000000000e+00,5.698265706331401281e-01
-3.019679355115561514e-01,-1.736575538038370448e-01,1.000000000000000000e+00,8.207680964306203197e-01,0.000000000000000000e+00,0.000000000000000000e+00,5.712615266947844717e-01
-2.995077799046685918e-01,-1.743590318562758812e-01,9.999999999999997780e-01,8.197687089584694276e-01,0.000000000000000000e+00,0.000000000000000000e+00,5.726947387680142443e-01
-2.970451880126471766e-01,-1.750519086429457860e-01,9.999999999999998890e-01,8.187668188372442257e-01,0.000000000000000000e+00,0.000000000000000000e+00,5.741262024774163031e-01
-2.945801899073823282e-01,-1.757361757027953997e-01,1.000000000000000000e+00,8.177624291255870537e-01,0.000000000000000000e+00,0.000000000000000000e+00,5.755559134529147913e-01
-2.921128156901473538e-01,-1.764118246799125933e-01,1.000000000000000222e+00,8.167555428897713687e-01,0.000000000000000000e+00,0.000000000000000000e+00,5.769838673297850162e-01
-2.896430954912315725e-01,-1.770788473236232785e-01,1.000000000000000000e+00,8.157461632036919763e-01,0.000000000000000000e+00,0.000000000000000000e+00,5.784100597486662165e-01
-2.871710594695724983e-01,-1.777372354885942696e-01,1.000000000000000000e+00,8.147342931488562590e-01,0.000000000000000000e+00,0.000000000000000000e+00,5.798344863555751072e-01
-2.846967378123864134e-01,-1.783869811349321766e-01,1.000000000000000000e+00,8.137199358143738515e-01,0.000000000000000000e+00,0.000000000000000000e+00,5.812571428019197572e-01
-2.822201607348013286e-01,-1.790280763282813548e-01,1.000000000000000222e+00,8.127030942969483140e-01,0.000000000000000000e+00,0.000000000000000000e+00,5.826780247445115801e-01
-2.797413584794875008e-01,-1.796605132399212990e-01,1.000000000000000000e+00,8.116837717008666964e-01,0.000000000000000000e+00,0.000000000000000000e+00,5.840971278455795446e-01
-2.772603613162866742e-01,-1.802842841468616508e-01,1.000000000000000000e+00,8.106619711379905446e-01,0.000000000000000000e+00,0.000000000000000000e+00,5.855144477727837193e-01
-2.747771995418450963e-01,-1.808993814319366233e-01,1.000000000000000000e+00,8.096376957277463537e-01,0.000000000000000000e+00,0.000000000000000000e+00,5.869299801992271526e-01
-2.722919034792413706e-01,-1.815057975838987314e-01,1.000000000000000000e+00,8.086109485971161304e-01,0.000000000000000000e+00,0.000000000000000000e+00,5.883437208034704158e-01
-2.698045034776167528e-01,-1.821035251975095248e-01,1.000000000000000000e+00,8.075817328806275119e-01,0.000000000000000000e+00,0.000000000000000000e+00,5.897556652695442603e-01
-2.673150299118050577e-01,-1.826925569736307930e-01,1.000000000000000000e+00,8.065500517203445519e-01,0.000000000000000000e+00,0.000000000000000000e+00,5.911658092869627179e-01
-2.648235131819617894e-01,-1.832728857193127170e-01,1.000000000000000000e+00,8.055159082658579495e-01,0.000000000000000000e+00,0.000000000000000000e+00,5.925741485507362016e-01
-2.623299837131913836e-01,-1.838445043478832697e-01,1.000000000000000000e+00,8.044793056742753912e-01,0.000000000000000000e+00,0.000000000000000000e+00,5.939806787613851613e-01
-2.598344719551777260e-01,-1.844074058790330928e-01,1.000000000000000000e+00,8.034402471102121135e-01,0.000000000000000000e+00,0.000000000000000000e+00,5.953853956249526291e-01
-2.573370083818113940e-01,-1.849615834389018720e-01,1.000000000000000000e+00,8.023987357457812442e-01,0.000000000000000000e+00,0.000000000000000000e+00,5.967882948530173204e-01
-2.548376234908166227e-01,-1.855070302601618537e-01,1.000000000000000000e+00,8.013547747605835880e-01,0.000000000000000000e+00,0.000000000000000000e+00,5.981893721627076221e-01
-2.523363478033808782e-01,-1.860437396821003342e-01,1.000000000000000000e+00,8.003083673416987454e-01,0.000000000000000000e+00,0.000000000000000000e+00,5.995886232767134727e-01
-2.498332118637802968e-01,-1.865717051507013724e-01,1.000000000000000000e+00,7.992595166836747866e-01,0.000000000000000000e+00,0.000000000000000000e+00,6.009860439233000173e-01
-2.473282462390077596e-01,-1.870909202187254206e-01,1.000000000000000000e+00,7.982082259885185938e-01,0.000000000000000000e+00,0.000000000000000000e+00,6.023816298363207089e-01
-2.448214815183997195e-01,-1.876013785457883998e-01,9.999999999999998890e-01,7.971544984656863120e-01,0.000000000000000000e+00,0.000000000000000000e+00,6.037753767552300754e-01
-2.423129483132609452e-01,-1.881030738984390827e-01,1.000000000000000000e+00,7.960983373320734691e-01,0.000000000000000000e+00,0.000000000000000000e+00,6.051672804250971538e-01
-2.398026772564932907e-01,-1.885960001502353101e-01,1.000000000000000000e+00,7.950397458120048721e-01,0.000000000000000000e+00,0.000000000000000000e+00,6.065573365966178132e-01
-2.372906990022200235e-01,-1.890801512818176822e-01,1.000000000000000000e+00,7.939787271372251709e-01,0.000000000000000000e+00,0.000000000000000000e+00,6.079455410261281889e-01
-2.347770442254116241e-01,-1.895555213809851647e-01,9.999999999999997780e-01,7.929152845468886435e-01,0.000000000000000000e+00,0.000000000000000000e+00,6.093318894756177828e-01
-2.322617436215110298e-01,-1.900221046427657268e-01,1.000000000000000000e+00,7.918494212875497595e-01,0.000000000000000000e+00,0.000000000000000000e+00,6.107163777127420090e-01
-2.297448279060604892e-01,-1.904798953694868957e-01,1.000000000000000000e+00,7.907811406131526333e-01,0.000000000000000000e+00,0.000000000000000000e+00,6.120990015108350724e-01
-2.272263278143236420e-01,-1.909288879708471720e-01,1.000000000000000000e+00,7.897104457850216974e-01,0.000000000000000000e+00,0.000000000000000000e+00,6.134797566489234022e-01
-2.247062741009124287e-01,-1.913690769639824762e-01,9.999999999999998890e-01,7.886373400718512672e-01,0.000000000000000000e+00,0.000000000000000000e+00,6.148586389117380868e-01
-2.221846975394107804e-01,-1.918004569735343168e-01,1.000000000000000222e+00,7.875618267496961034e-01,0.000000000000000000e+00,0.000000000000000000e+00,6.162356440897278631e-01
-2.196616289219989748e-01,-1.922230227317140439e-01,1.000000000000000000e+00,7.864839091019607542e-01,0.000000000000000000e+00,0.000000000000000000e+00,6.176107679790716620e-01
-2.171370990590768546e-01,-1.926367690783691300e-01,1.000000000000000000e+00,7.854035904193900075e-01,0.000000000000000000e+00,0.000000000000000000e+00,6.189840063816924864e-01
-2.146111387788895153e-01,-1.930416909610443432e-01,1.000000000000000000e+00,7.843208740000587875e-01,0.000000000000000000e+00,0.000000000000000000e+00,6.203553551052686243e-01
-2.120837789271479701e-01,-1.934377834350445302e-01,1.000000000000000000e+00,7.832357631493617189e-01,0.000000000000000000e+00,0.000000000000000000e+00,6.217248099632480818e-01
-2.095550503666549769e-01,-1.938250416634945683e-01,1.000000000000000000e+00,7.821482611800036899e-01,0.000000000000000000e+00,0.000000000000000000e+00,6.230923667748600181e-01
-2.070249839769273958e-01,-1.942034609173989845e-01,1.000000000000000000e+00,7.810583714119893051e-01,0.000000000000000000e+00,0.000000000000000000e+00,6.244580213651282907e-01
-2.044936106538184362e-01,-1.945730365756982994e-01,1.000000000000000000e+00,7.799660971726123382e-01,0.000000000000000000e+00,0.000000000000000000e+00,6.258217695648842227e-01
-2.019609613091412625e-01,-1.949337641253274245e-01,1.000000000000000000e+00,7.788714417964467396e-01,0.000000000000000000e+00,0.000000000000000000e+00,6.271836072107787041e-01
-1.994270668702912419e-01,-1.952856391612691755e-01,1.000000000000000000e+00,7.777744086253353117e-01,0.000000000000000000e+00,0.000000000000000000e+00,6.285435301452955148e-01
-1.968919582798674128e-01,-1.956286573866088119e-01,9.999999999999998890e-01,7.766750010083799394e-01,0.000000000000000000e+00,0.000000000000000000e+00,6.299015342167638698e-01
-1.943556664952966195e-01,-1.959628146125864112e-01,1.000000000000000000e+00,7.755732223019318194e-01,0.000000000000000000e+00,0.000000000000000000e+00,6.312576152793709650e-01
-1.918182224884532883e-01,-1.962881067586477457e-01,1.000000000000000000e+00,7.744690758695804700e-01,0.000000000000000000e+00,0.000000000000000000e+00,6.326117691931743003e-01
-1.892796572452821735e-01,-1.966045298524947693e-01,1.000000000000000000e+00,7.733625650821436270e-01,0.000000000000000000e+00,0.000000000000000000e+00,6.339639918241155581e-01
-1.867400017654209932e-01,-1.969120800301331631e-01,1.000000000000000000e+00,7.722536933176572527e-01,0.000000000000000000e+00,0.000000000000000000e+00,6.353142790440317045e-01
-1.841992870618199274e-01,-1.972107535359204078e-01,9.999999999999998890e-01,7.711424639613654319e-01,0.000000000000000000e+00,0.000000000000000000e+00,6.366626267306682019e-01
-1.816575441603638097e-01,-1.975005467226113587e-01,1.000000000000000000e+00,7.700288804057088266e-01,0.000000000000000000e+00,0.000000000000000000e+00,6.380090307676926642e-01
-1.791148040994938462e-01,-1.977814560514019326e-01,9.999999999999998890e-01,7.689129460503161262e-01,0.000000000000000000e+00,0.000000000000000000e+00,6.393534870447048490e-01
-1.765710979298276140e-01,-1.980534780919742943e-01,1.000000000000000000e+00,7.677946643019920581e-01,0.000000000000000000e+00,0.000000000000000000e+00,6.406959914572522008e-01
-1.740264567137805862e-01,-1.983166095225365466e-01,1.000000000000000000e+00,7.666740385747077280e-01,0.000000000000000000e+00,0.000000000000000000e+00,6.420365399068401757e-01
-1.714809115251866578e-01,-1.985708471298644473e-01,9.999999999999997780e-01,7.655510722895905174e-01,0.000000000000000000e+00,0.000000000000000000e+00,6.433751283009454536e-01
-1.689344934489176997e-01,-1.988161878093414880e-01,1.000000000000000000e+00,7.644257688749127588e-01,0.000000000000000000e+00,0.000000000000000000e+00,6.447117525530292603e-01
-1.663872335805059444e-01,-1.990526285649940885e-01,9.999999999999997780e-01,7.632981317660819665e-01,0.000000000000000000e+00,0.000000000000000000e+00,6.460464085825482483e-01
-1.638391630257624576e-01,-1.992801665095317309e-01,1.000000000000000000e+00,7.621681644056301774e-01,0.000000000000000000e+00,0.000000000000000000e+00,6.473790923149683740e-01
-1.612903129003983860e-01,-1.994987988643786847e-01,1.000000000000000000e+00,7.610358702432030720e-01,0.000000000000000000e+00,0.000000000000000000e+00,6.487097996817764445e-01
-1.587407143296440393e-01,-1.997085229597111433e-01,1.000000000000000000e+00,7.599012527355502034e-01,0.000000000000000000e+00,0.000000000000000000e+00,6.500385266204931067e-01
-1.561903984478702212e-01,-1.999093362344872282e-01,1.000000000000000000e+00,7.587643153465136736e-01,0.000000000000000000e+00,0.000000000000000000e+00,6.513652690746847274e-01
-1.536393963982062572e-01,-2.001012362364799069e-01,1.000000000000000000e+00,7.576250615470179195e-01,0.000000000000000000e+00,0.000000000000000000e+00,6.526900229939762710e-01
-1.510877393321608808e-01,-2.002842206223063026e-01,9.999999999999998890e-01,7.564834948150593874e-01,0.000000000000000000e+00,0.000000000000000000e+00,6.540127843340632907e-01
-1.485354584092420660e-01,-2.004582871574563663e-01,1.000000000000000000e+00,7.553396186356950981e-01,0.000000000000000000e+00,0.000000000000000000e+00,6.553335490567248067e-01
-1.459825847965753320e-01,-2.006234337163199655e-01,1.000000000000000000e+00,7.541934365010329877e-01,0.000000000000000000e+00,0.000000000000000000e+00,6.566523131298346305e-01
-1.434291496685240752e-01,-2.007796582822136133e-01,1.000000000000000000e+00,7.530449519102204725e-01,0.000000000000000000e+00,0.000000000000000000e+00,6.579690725273746876e-01
-1.408751842063086512e-01,-2.009269589474042550e-01,1.000000000000000000e+00,7.518941683694344569e-01,0.000000000000000000e+00,0.000000000000000000e+00,6.592838232294468970e-01
-1.383207195976255133e-01,-2.010653339131328043e-01,1.000000000000000000e+00,7.507410893918696759e-01,0.000000000000000000e+00,0.000000000000000000e+00,6.605965612222854944e-01
-1.357657870362664887e-01,-2.011947814896360431e-01,1.000000000000000222e+00,7.495857184977289256e-01,0.000000000000000000e+00,0.000000000000000000e+00,6.619072824982692449e-01
-1.332104177217380003e-01,-2.013153000961676597e-01,1.000000000000000000e+00,7.484280592142119604e-01,0.000000000000000000e+00,0.000000000000000000e+00,6.632159830559333225e-01
-1.306546428588792608e-01,-2.014268882610171507e-01,9.999999999999998890e-01,7.472681150755043911e-01,0.000000000000000000e+00,0.000000000000000000e+00,6.645226588999826323e-01
-1.280984936574826039e-01,-2.015295446215283059e-01,1.000000000000000000e+00,7.461058896227675818e-01,0.000000000000000000e+00,0.000000000000000000e+00,6.658273060413026911e-01
-1.255420013319108463e-01,-2.016232679241146131e-01,1.000000000000000000e+00,7.449413864041273259e-01,0.000000000000000000e+00,0.000000000000000000e+00,6.671299204969723950e-01
-1.229851971007173417e-01,-2.017080570242760773e-01,1.000000000000000000e+00,7.437746089746627431e-01,0.000000000000000000e+00,0.000000000000000000e+00,6.684304982902766756e-01
-1.204281121862641191e-01,-2.017839108866124054e-01,1.000000000000000000e+00,7.426055608963965105e-01,0.000000000000000000e+00,0.000000000000000000e+00,6.697290354507174914e-01
-1.178707778143413543e-01,-2.018508285848356898e-01,1.000000000000000000e+00,7.414342457382828711e-01,0.000000000000000000e+00,0.000000000000000000e+00,6.710255280140269285e-01
-1.153132252137838987e-01,-2.019088093017818442e-01,1.000000000000000000e+00,7.402606670761970875e-01,0.000000000000000000e+00,0.000000000000000000e+00,6.723199720221790798e-01
-1.127554856160933316e-01,-2.019578523294204286e-01,9.999999999999998890e-01,7.390848284929250056e-01,0.000000000000000000e+00,0.000000000000000000e+00,6.736123635234017026e-01
-1.101975902550535874e-01,-2.019979570688638093e-01,1.000000000000000000e+00,7.379067335781516190e-01,0.000000000000000000e+00,0.000000000000000000e+00,6.749026985721888749e-01
-1.076395703663509673e-01,-2.020291230303735419e-01,1.000000000000000222e+00,7.367263859284498562e-01,0.000000000000000000e+00,0.000000000000000000e+00,6.761909732293125419e-01
-1.050814571871925146e-01,-2.020513498333671998e-01,1.000000000000000000e+00,7.355437891472701439e-01,0.000000000000000000e+00,0.000000000000000000e+00,6.774771835618349503e-01
-1.025232819559247083e-01,-2.020646372064224261e-01,1.000000000000000000e+00,7.343589468449295277e-01,0.000000000000000000e+00,0.000000000000000000e+00,6.787613256431203057e-01
-9.996507591165136597e-02,-2.020689849872814026e-01,1.000000000000000000e+00,7.331718626386000137e-01,0.000000000000000000e+00,0.000000000000000000e+00,6.800433955528469854e-01
-9.740687029385286522e-02,-2.020643931228502665e-01,1.000000000000000000e+00,7.319825401522978003e-01,0.000000000000000000e+00,0.000000000000000000e+00,6.813233893770195282e-01
-9.484869634200439326e-02,-2.020508616692034409e-01,1.000000000000000000e+00,7.307909830168726195e-01,0.000000000000000000e+00,0.000000000000000000e+00,6.826013032079802922e-01
-9.229058529519362786e-02,-2.020283907915794430e-01,1.000000000000000000e+00,7.295971948699958576e-01,0.000000000000000000e+00,0.000000000000000000e+00,6.838771331444218893e-01
-8.973256839174185984e-02,-2.019969807643811066e-01,1.000000000000000000e+00,7.284011793561502301e-01,0.000000000000000000e+00,0.000000000000000000e+00,6.851508752913983979e-01
-8.717467686881896771e-02,-2.019566319711712521e-01,1.000000000000000000e+00,7.272029401266183468e-01,0.000000000000000000e+00,0.000000000000000000e+00,6.864225257603380204e-01
-8.461694196206454022e-02,-2.019073449046684676e-01,9.999999999999998890e-01,7.260024808394711648e-01,0.000000000000000000e+00,0.000000000000000000e+00,6.876920806690544063e-01
-8.205939490520552937e-02,-2.018491201667407808e-01,1.000000000000000000e+00,7.247998051595576641e-01,0.000000000000000000e+00,0.000000000000000000e+00,6.889595361417586439e-01
-7.950206692967495825e-02,-2.017819584683981926e-01,9.999999999999998890e-01,7.235949167584927455e-01,0.000000000000000000e+00,0.000000000000000000e+00,6.902248883090712495e-01
-7.694498926423094798e-02,-2.017058606297842949e-01,1.000000000000000000e+00,7.223878193146465732e-01,0.000000000000000000e+00,0.000000000000000000e+00,6.914881333080340475e-01
-7.438819313457423199e-02,-2.016208275801668059e-01,1.000000000000000000e+00,7.211785165131336939e-01,0.000000000000000000e+00,0.000000000000000000e+00,6.927492672821211617e-01
-7.183170976296812671e-02,-2.015268603579244977e-01,1.000000000000000000e+00,7.199670120458007139e-01,0.000000000000000000e+00,0.000000000000000000e+00,6.940082863812518932e-01
-6.927557036785608746e-02,-2.014239601105364263e-01,1.000000000000000000e+00,7.187533096112159736e-01,0.000000000000000000e+00,0.000000000000000000e+00,6.952651867618020454e-01
-6.671980616348240078e-02,-2.013121280945667779e-01,1.000000000000000000e+00,7.175374129146580016e-01,0.000000000000000000e+00,0.000000000000000000e+00,6.965199645866151368e-01
-6.416444835950796399e-02,-2.011913656756497137e-01,1.000000000000000000e+00,7.163193256681037457e-01,0.000000000000000000e+00,0.000000000000000000e+00,6.977726160250151688e-01
-6.160952816063234444e-02,-2.010616743284735497e-01,1.000000000000000222e+00,7.150990515902178046e-01,0.000000000000000000e+00,0.000000000000000000e+00,6.990231372528173948e-01
-5.905507676621114810e-02,-2.009230556367606613e-01,1.000000000000000000e+00,7.138765944063413249e-01,0.000000000000000000e+00,0.000000000000000000e+00,7.002715244523398663e-01
-5.650112536987375589e-02,-2.007755112932512742e-01,1.000000000000000000e+00,7.126519578484794559e-01,0.000000000000000000e+00,0.000000000000000000e+00,7.015177738124167561e-01
-5.394770515914526499e-02,-2.006190430996791507e-01,1.000000000000000000e+00,7.114251456552910247e-01,0.000000000000000000e+00,0.000000000000000000e+00,7.027618815284077947e-01
-5.139484731506460680e-02,-2.004536529667534928e-01,1.000000000000000222e+00,7.101961615720773224e-01,0.000000000000000000e+00,0.000000000000000000e+00,7.040038438022110379e-01
-4.884258301180165185e-02,-2.002793429141314918e-01,1.000000000000000000e+00,7.089650093507690043e-01,0.000000000000000000e+00,0.000000000000000000e+00,7.052436568422746355e-01
-4.629094341627965764e-02,-2.000961150703972624e-01,1.000000000000000000e+00,7.077316927499168742e-01,0.000000000000000000e+00,0.000000000000000000e+00,7.064813168636077112e-01
-4.373995968779301191e-02,-1.999039716730336980e-01,9.999999999999998890e-01,7.064962155346786732e-01,0.000000000000000000e+00,0.000000000000000000e+00,7.077168200877924642e-01
-4.118966297762631512e-02,-1.997029150683961030e-01,1.000000000000000000e+00,7.052585814768084216e-01,0.000000000000000000e+00,0.000000000000000000e+00,7.089501627429956043e-01
-3.864008442867560011e-02,-1.994929477116829108e-01,1.000000000000000000e+00,7.040187943546447613e-01,0.000000000000000000e+00,0.000000000000000000e+00,7.101813410639795654e-01
-3.609125517506673458e-02,-1.992740721669059578e-01,9.999999999999997780e-01,7.027768579530991877e-01,0.000000000000000000e+00,0.000000000000000000e+00,7.114103512921141625e-01
-3.354320634177487132e-02,-1.990462911068597296e-01,1.000000000000000000e+00,7.015327760636448362e-01,0.000000000000000000e+00,0.000000000000000000e+00,7.126371896753886936e-01
-3.099596904424632704e-02,-1.988096073130878327e-01,9.999999999999997780e-01,7.002865524843046030e-01,0.000000000000000000e+00,0.000000000000000000e+00,7.138618524684220423e-01
-2.844957438801642979e-02,-1.985640236758496879e-01,1.000000000000000000e+00,6.990381910196399318e-01,0.000000000000000000e+00,0.000000000000000000e+00,7.150843359324754456e-01
-2.590405346833123471e-02,-1.983095431940845588e-01,1.000000000000000000e+00,6.977876954807386012e-01,0.000000000000000000e+00,0.000000000000000000e+00,7.163046363354630408e-01
-2.335943736976667240e-02,-1.980461689753757470e-01,9.999999999999998890e-01,6.965350696852037338e-01,0.000000000000000000e+00,0.000000000000000000e+00,7.175227499519637453e-01
-2.081575716584957089e-02,-1.977739042359119848e-01,1.000000000000000000e+00,6.952803174571419165e-01,0.000000000000000000e+00,0.000000000000000000e+00,7.187386730632323584e-01
-1.827304391867826810e-02,-1.974927523004486041e-01,1.000000000000000000e+00,6.940234426271508772e-01,0.000000000000000000e+00,0.000000000000000000e+00,7.199524019572112188e-01
-1.573132867854308212e-02,-1.972027166022665423e-01,1.000000000000000000e+00,6.927644490323091597e-01,0.000000000000000000e+00,0.000000000000000000e+00,7.211639329285409739e-01
-1.319064248354746317e-02,-1.969038006831309306e-01,1.000000000000000000e+00,6.915033405161631341e-01,0.000000000000000000e+00,0.000000000000000000e+00,7.223732622785725699e-01
-1.065101635922800251e-02,-1.965960081932471570e-01,1.000000000000000000e+00,6.902401209287160055e-01,0.000000000000000000e+00,0.000000000000000000e+00,7.235803863153779103e-01
-8.112481318176986006e-03,-1.962793428912169014e-01,1.000000000000000000e+00,6.889747941264154907e-01,0.000000000000000000e+00,0.000000000000000000e+00,7.247853013537618461e-01
-5.575068359662125467e-03,-1.959538086439919224e-01,1.000000000000000000e+00,6.877073639721427156e-01,0.000000000000000000e+00,0.000000000000000000e+00,7.259880037152727228e-01
-3.038808469249844324e-03,-1.956194094268270955e-01,1.000000000000000000e+00,6.864378343351998923e-01,0.000000000000000000e+00,0.000000000000000000e+00,7.271884897282139271e-01
-5.037326184254131006e-04,-1.952761493232312295e-01,9.999999999999998890e-01,6.851662090912986613e-01,0.000000000000000000e+00,0.000000000000000000e+00,7.283867557276550997e-01
2.030128235785397250e-03,-1.949240325249186057e-01,1.000000000000000000e+00,6.838924921225484344e-01,0.000000000000000000e+00,0.000000000000000000e+00,7.295827980554434600e-01
4.562743151192573399e-03,-1.945630633317558533e-01,1.000000000000000222e+00,6.826166873174441818e-01,0.000000000000000000e+00,0.000000000000000000e+00,7.307766130602146859e-01
7.094081200821099678e-03,-1.941932461517105746e-01,1.000000000000000000e+00,6.813387985708549976e-01,0.000000000000000000e+00,0.000000000000000000e+00,7.319681970974039054e-01
9.624111473289152091e-03,-1.938145855007977481e-01,9.999999999999997780e-01,6.800588297840116647e-01,0.000000000000000000e+00,0.000000000000000000e+00,7.331575465292575755e-01
1.215280307318442402e-02,-1.934270860030246064e-01,1.000000000000000000e+00,6.787767848644955526e-01,0.000000000000000000e+00,0.000000000000000000e+00,7.343446577248440299e-01
1.468012512144111457e-02,-1.930307523903326827e-01,9.999999999999998890e-01,6.774926677262257391e-01,0.000000000000000000e+00,0.000000000000000000e+00,7.355295270600642477e-01
1.720604675571900041e-02,-1.926255895025418274e-01,1.000000000000000000e+00,6.762064822894476857e-01,0.000000000000000000e+00,0.000000000000000000e+00,7.367121509176639549e-01
1.973053713077769361e-02,-1.922116022872903951e-01,1.000000000000000000e+00,6.749182324807210254e-01,0.000000000000000000e+00,0.000000000000000000e+00,7.378925256872436167e-01
2.225356541885503692e-02,-1.917887957999749871e-01,1.000000000000000000e+00,6.736279222329081273e-01,0.000000000000000000e+00,0.000000000000000000e+00,7.390706477652695394e-01
2.477510081004321435e-02,-1.913571752036875573e-01,1.000000000000000000e+00,6.723355554851608851e-01,0.000000000000000000e+00,0.000000000000000000e+00,7.402465135550860831e-01
2.729511251266519140e-02,-1.909167457691545167e-01,9.999999999999998890e-01,6.710411361829097254e-01,0.000000000000000000e+00,0.000000000000000000e+00,7.414201194669250983e-01
2.981356975364994957e-02,-1.904675128746709800e-01,9.999999999999998890e-01,6.697446682778516180e-01,0.000000000000000000e+00,0.000000000000000000e+00,7.425914619179178056e-01
3.233044177890913307e-02,-1.900094820060350131e-01,1.000000000000000000e+00,6.684461557279370858e-01,0.000000000000000000e+00,0.000000000000000000e+00,7.437605373321056756e-01
3.484569785371152001e-02,-1.895426587564809640e-01,1.000000000000000000e+00,6.671456024973589916e-01,0.000000000000000000e+00,0.000000000000000000e+00,7.449273421404505324e-01
3.735930726305967953e-02,-1.890670488266113503e-01,9.999999999999997780e-01,6.658430125565402147e-01,0.000000000000000000e+00,0.000000000000000000e+00,7.460918727808465434e-01
3.987123931206445343e-02,-1.885826580243273320e-01,1.000000000000000000e+00,6.645383898821212165e-01,0.000000000000000000e+00,0.000000000000000000e+00,7.472541256981307667e-01
4.238146332631963220e-02,-1.880894922647566303e-01,1.000000000000000000e+00,6.632317384569482721e-01,0.000000000000000000e+00,0.000000000000000000e+00,7.484140973440934763e-01
4.488994865227584341e-02,-1.875875575701830555e-01,9.999999999999998890e-01,6.619230622700611466e-01,0.000000000000000000e+00,0.000000000000000000e+00,7.495717841774893753e-01
4.739666465761689651e-02,-1.870768600699719286e-01,9.999999999999998890e-01,6.606123653166809939e-01,0.000000000000000000e+00,0.000000000000000000e+00,7.507271826640486978e-01
4.990158073163171448e-02,-1.865574060004948909e-01,1.000000000000000000e+00,6.592996515981980332e-01,0.000000000000000000e+00,0.000000000000000000e+00,7.518802892764876455e-01
5.240466628558976270e-02,-1.860292017050549085e-01,1.000000000000000000e+00,6.579849251221594475e-01,0.000000000000000000e+00,0.000000000000000000e+00,7.530311004945189346e-01
5.490589075311346628e-02,-1.854922536338073913e-01,1.000000000000000000e+00,6.566681899022569491e-01,0.000000000000000000e+00,0.000000000000000000e+00,7.541796128048632308e-01
5.740522359055169610e-02,-1.849465683436828656e-01,1.000000000000000000e+00,6.553494499583150112e-01,0.000000000000000000e+00,0.000000000000000000e+00,7.553258227012591419e-01
5.990263427735304652e-02,-1.843921524983060944e-01,1.000000000000000000e+00,6.540287093162782117e-01,0.000000000000000000e+00,0.000000000000000000e+00,7.564697266844743195e-01
6.239809231643889814e-02,-1.838290128679146429e-01,1.000000000000000000e+00,6.527059720081985761e-01,0.000000000000000000e+00,0.000000000000000000e+00,7.576113212623163395e-01
6.489156723457420450e-02,-1.832571563292763328e-01,1.000000000000000000e+00,6.513812420722242535e-01,0.000000000000000000e+00,0.000000000000000000e+00,7.587506029496426940e-01
6.738302858274244911e-02,-1.826765898656058928e-01,1.000000000000000000e+00,6.500545235525864163e-01,0.000000000000000000e+00,0.000000000000000000e+00,7.598875682683721156e-01
6.987244593651405211e-02,-1.820873205664780836e-01,1.000000000000000000e+00,6.487258204995870470e-01,0.000000000000000000e+00,0.000000000000000000e+00,7.610222137474946802e-01
7.235978889642113998e-02,-1.814893556277432096e-01,1.000000000000000000e+00,6.473951369695863933e-01,0.000000000000000000e+00,0.000000000000000000e+00,7.621545359230833538e-01
7.484502708832582729e-02,-1.808827023514375520e-01,1.000000000000000000e+00,6.460624770249917548e-01,0.000000000000000000e+00,0.000000000000000000e+00,7.632845313383024299e-01
7.732813016379398718e-02,-1.802673681456952726e-01,1.000000000000000000e+00,6.447278447342431607e-01,0.000000000000000000e+00,0.000000000000000000e+00,7.644121965434209631e-01
7.980906780046297111e-02,-1.796433605246571807e-01,1.000000000000000000e+00,6.433912441718026010e-01,0.000000000000000000e+00,0.000000000000000000e+00,7.655375280958209849e-01
8.228780970241444948e-02,-1.790106871083795292e-01,1.000000000000000000e+00,6.420526794181404817e-01,0.000000000000000000e+00,0.000000000000000000e+00,7.666605225600092721e-01
8.476432560054288079e-02,-1.783693556227405330e-01,1.000000000000000000e+00,6.407121545597241896e-01,0.000000000000000000e+00,0.000000000000000000e+00,7.677811765076271167e-01
8.723858525292549349e-02,-1.777193738993466110e-01,1.000000000000000000e+00,6.393696736890045473e-01,0.000000000000000000e+00,0.000000000000000000e+00,7.688994865174614279e-01
8.971055844519168487e-02,-1.770607498754357412e-01,1.000000000000000000e+00,6.380252409044040451e-01,0.000000000000000000e+00,0.000000000000000000e+00,7.700154491754546138e-01
9.218021499089180948e-02,-1.763934915937820369e-01,9.999999999999998890e-01,6.366788603103041844e-01,0.000000000000000000e+00,0.000000000000000000e+00,7.711290610747153496e-01
9.464752473186612003e-02,-1.757176072025961044e-01,1.000000000000000000e+00,6.353305360170329319e-01,0.000000000000000000e+00,0.000000000000000000e+00,7.722403188155289033e-01
9.711245753861227903e-02,-1.750331049554259555e-01,1.000000000000000000e+00,6.339802721408517305e-01,0.000000000000000000e+00,0.000000000000000000e+00,7.733492190053672388e-01
9.957498331065457731e-02,-1.743399932110571426e-01,1.000000000000000000e+00,6.326280728039436196e-01,0.000000000000000000e+00,0.000000000000000000e+00,7.744557582589003397e-01
1.020350719769099607e-01,-1.736382804334088981e-01,9.999999999999997780e-01,6.312739421344004676e-01,0.000000000000000000e+00,0.000000000000000000e+00,7.755599331980046474e-01
1.044926934960576648e-01,-1.729279751914327423e-01,1.000000000000000000e+00,6.299178842662100930e-01,0.000000000000000000e+00,0.000000000000000000e+00,7.766617404517758283e-01
1.069478178569020499e-01,-1.722090861590060973e-01,1.000000000000000000e+00,6.285599033392436086e-01,0.000000000000000000e+00,0.000000000000000000e+00,7.777611766565368789e-01
1.094004150787429436e-01,-1.714816221148278141e-01,1.000000000000000000e+00,6.272000034992435413e-01,0.000000000000000000e+00,0.000000000000000000e+00,7.788582384558494498e-01
1.118504552117405987e-01,-1.707455919423099822e-01,1.000000000000000000e+00,6.258381888978099550e-01,0.000000000000000000e+00,0.000000000000000000e+00,7.799529225005245037e-01
1.142979083372800686e-01,-1.700010046294697652e-01,1.000000000000000000e+00,6.244744636923887926e-01,0.000000000000000000e+00,0.000000000000000000e+00,7.810452254486314194e-01
1.167427445683378445e-01,-1.692478692688196285e-01,1.000000000000000000e+00,6.231088320462588870e-01,0.000000000000000000e+00,0.000000000000000000e+00,7.821351439655087612e-01
1.191849340498469800e-01,-1.684861950572569822e-01,1.000000000000000000e+00,6.217412981285190821e-01,0.000000000000000000e+00,0.000000000000000000e+00,7.832226747237748254e-01
1.216244469590616051e-01,-1.677159912959501065e-01,1.000000000000000222e+00,6.203718661140754653e-01,0.000000000000000000e+00,0.000000000000000000e+00,7.843078144033373000e-01
1.240612535059194554e-01,-1.669372673902266013e-01,1.000000000000000000e+00,6.190005401836289334e-01,0.000000000000000000e+00,0.000000000000000000e+00,7.853905596914032561e-01
1.264953239334080659e-01,-1.661500328494574519e-01,1.000000000000000000e+00,6.176273245236625353e-01,0.000000000000000000e+00,0.000000000000000000e+00,7.864709072824896952e-01
1.289266285179266336e-01,-1.653542972869407879e-01,1.000000000000000000e+00,6.162522233264277061e-01,0.000000000000000000e+00,0.000000000000000000e+00,7.875488538784337633e-01
1.313551375696493106e-01,-1.645500704197852271e-01,9.999999999999998890e-01,6.148752407899330530e-01,0.000000000000000000e+00,0.000000000000000000e+00,7.886243961884020770e-01
1.337808214328884693e-01,-1.637373620687905262e-01,1.000000000000000000e+00,6.134963811179299231e-01,0.000000000000000000e+00,0.000000000000000000e+00,7.896975309289017142e-01
1.362036504864551911e-01,-1.629161821583273717e-01,1.000000000000000000e+00,6.121156485199006347e-01,0.000000000000000000e+00,0.000000000000000000e+00,7.907682548237893183e-01
1.386235951440228376e-01,-1.620865407162182803e-01,1.000000000000000222e+00,6.107330472110455988e-01,0.000000000000000000e+00,0.000000000000000000e+00,7.918365646042817563e-01
1.410406258544869562e-01,-1.612484478736116722e-01,1.000000000000000000e+00,6.093485814122695521e-01,0.000000000000000000e+00,0.000000000000000000e+00,7.929024570089656665e-01
1.434547131023269917e-01,-1.604019138648614673e-01,1.000000000000000000e+00,6.079622553501695670e-01,0.000000000000000000e+00,0.000000000000000000e+00,7.939659287838082280e-01
1.458658274079665529e-01,-1.595469490274002977e-01,1.000000000000000000e+00,6.065740732570221727e-01,0.000000000000000000e+00,0.000000000000000000e+00,7.950269766821658202e-01
1.482739393281329310e-01,-1.586835638016130812e-01,9.999999999999998890e-01,6.051840393707696997e-01,0.000000000000000000e+00,0.000000000000000000e+00,7.960855974647943478e-01
1.506790194562170060e-01,-1.578117687307113992e-01,1.000000000000000000e+00,6.037921579350080670e-01,0.000000000000000000e+00,0.000000000000000000e+00,7.971417878998605655e-01
1.530810384226330700e-01,-1.569315744606021579e-01,1.000000000000000000e+00,6.023984331989730157e-01,0.000000000000000000e+00,0.000000000000000000e+00,7.981955447629499600e-01
1.554799668951755143e-01,-1.560429917397597177e-01,1.000000000000000000e+00,6.010028694175283404e-01,0.000000000000000000e+00,0.000000000000000000e+00,7.992468648370771866e-01
1.578757755793792350e-01,-1.551460314190937217e-01,1.000000000000000000e+00,5.996054708511514564e-01,0.000000000000000000e+00,0.000000000000000000e+00,8.002957449126972822e-01
1.602684352188758488e-01,-1.542407044518164516e-01,1.000000000000000000e+00,5.982062417659221865e-01,0.000000000000000000e+00,0.000000000000000000e+00,8.013421817877123265e-01
1.626579165957511564e-01,-1.533270218933094897e-01,1.000000000000000000e+00,5.968051864335074397e-01,0.000000000000000000e+00,0.000000000000000000e+00,8.023861722674852093e-01
1.650441905309033286e-01,-1.524049949009886329e-01,1.000000000000000000e+00,5.954023091311504423e-01,0.000000000000000000e+00,0.000000000000000000e+00,8.034277131648459580e-01
1.674272278843969841e-01,-1.514746347341672794e-01,9.999999999999997780e-01,5.939976141416559718e-01,0.000000000000000000e+00,0.000000000000000000e+00,8.044668013001035067e-01
1.698069995558212364e-01,-1.505359527539194553e-01,9.999999999999997780e-01,5.925911057533784776e-01,0.000000000000000000e+00,0.000000000000000000e+00,8.055034335010546886e-01
1.721834764846431609e-01,-1.495889604229410363e-01,1.000000000000000000e+00,5.911827882602083140e-01,0.000000000000000000e+00,0.000000000000000000e+00,8.065376066029938951e-01
1.745566296505637882e-01,-1.486336693054089997e-01,1.000000000000000000e+00,5.897726659615585287e-01,0.000000000000000000e+00,0.000000000000000000e+00,8.075693174487227344e-01
1.769264300738725426e-01,-1.476700910668412026e-01,1.000000000000000000e+00,5.883607431623524286e-01,0.000000000000000000e+00,0.000000000000000000e+00,8.085985628885599130e-01
1.792928488157998490e-01,-1.466982374739533579e-01,1.000000000000000000e+00,5.869470241730098126e-01,0.000000000000000000e+00,0.000000000000000000e+00,8.096253397803506724e-01
1.816558569788729594e-01,-1.457181203945154269e-01,1.000000000000000000e+00,5.855315133094337599e-01,0.000000000000000000e+00,0.000000000000000000e+00,8.106496449894765588e-01
1.840154257072656174e-01,-1.447297517972071235e-01,1.000000000000000000e+00,5.841142148929984179e-01,0.000000000000000000e+00,0.000000000000000000e+00,8.116714753888645273e-01
1.863715261871537465e-01,-1.437331437514712262e-01,1.000000000000000000e+00,5.826951332505344583e-01,0.000000000000000000e+00,0.000000000000000000e+00,8.126908278589970447e-01
1.887241296470648644e-01,-1.427283084273657243e-01,1.000000000000000000e+00,5.812742727143165311e-01,0.000000000000000000e+00,0.000000000000000000e+00,8.137076992879214155e-01
1.910732073582298851e-01,-1.417152580954171015e-01,9.999999999999998890e-01,5.798516376220506086e-01,0.000000000000000000e+00,0.000000000000000000e+00,8.147220865712589966e-01
1.934187306349357538e-01,-1.406940051264684022e-01,1.000000000000000000e+00,5.784272323168595520e-01,0.000000000000000000e+00,0.000000000000000000e+00,8.157339866122153005e-01
1.957606708348725855e-01,-1.396645619915288516e-01,1.000000000000000000e+00,5.770010611472706774e-01,0.000000000000000000e+00,0.000000000000000000e+00,8.167433963215886550e-01
1.980989993594865217e-01,-1.386269412616222829e-01,1.000000000000000000e+00,5.755731284672020998e-01,0.000000000000000000e+00,0.000000000000000000e+00,8.177503126177806392e-01
2.004336876543267587e-01,-1.375811556076329545e-01,1.000000000000000000e+00,5.741434386359502984e-01,0.000000000000000000e+00,0.000000000000000000e+00,8.187547324268036331e-01
2.027647072093958780e-01,-1.365272178001503689e-01,1.000000000000000000e+00,5.727119960181750180e-01,0.000000000000000000e+00,0.000000000000000000e+00,8.197566526822932520e-01
2.050920295594959586e-01,-1.354651407093143967e-01,1.000000000000000000e+00,5.712788049838877225e-01,0.000000000000000000e+00,0.000000000000000000e+00,8.207560703255146750e-01
2.074156262845789633e-01,-1.343949373046577911e-01,1.000000000000000000e+00,5.698438699084374948e-01,0.000000000000000000e+00,0.000000000000000000e+00,8.217529823053736360e-01
2.097354690100913521e-01,-1.333166206549470378e-01,1.000000000000000000e+00,5.684071951724976035e-01,0.000000000000000000e+00,0.000000000000000000e+00,8.227473855784254164e-01
2.120515294073210266e-01,-1.322302039280237873e-01,1.000000000000000000e+00,5.669687851620525132e-01,0.000000000000000000e+00,0.000000000000000000e+00,8.237392771088837273e-01
2.143637791937444137e-01,-1.311357003906434282e-01,9.999999999999997780e-01,5.655286442683840065e-01,0.000000000000000000e+00,0.000000000000000000e+00,8.247286538686305901e-01
2.166721901333720779e-01,-1.300331234083131893e-01,1.000000000000000000e+00,5.640867768880580835e-01,0.000000000000000000e+00,0.000000000000000000e+00,8.257155128372254405e-01
2.189767340370899484e-01,-1.289224864451293806e-01,1.000000000000000000e+00,5.626431874229116392e-01,0.000000000000000000e+00,0.000000000000000000e+00,8.266998510019136770e-01
2.212773827630086232e-01,-1.278038030636120537e-01,1.000000000000000000e+00,5.611978802800388078e-01,0.000000000000000000e+00,0.000000000000000000e+00,8.276816653576368754e-01
2.235741082168040406e-01,-1.266770869245402720e-01,1.000000000000000000e+00,5.597508598717773065e-01,0.000000000000000000e+00,0.000000000000000000e+00,8.286609529070414482e-01
2.258668823520597613e-01,-1.255423517867851058e-01,1.000000000000000222e+00,5.583021306156956687e-01,0.000000000000000000e+00,0.000000000000000000e+00,8.296377106604875262e-01
2.281556771706122755e-01,-1.243996115071409059e-01,1.000000000000000000e+00,5.568516969345791434e-01,0.000000000000000000e+00,0.000000000000000000e+00,8.306119356360583961e-01
2.304404647228915359e-01,-1.232488800401572715e-01,1.000000000000000000e+00,5.553995632564160401e-01,0.000000000000000000e+00,0.000000000000000000e+00,8.315836248595702695e-01
2.327212171082603809e-01,-1.220901714379676734e-01,1.000000000000000000e+00,5.539457340143854047e-01,0.000000000000000000e+00,0.000000000000000000e+00,8.325527753645793894e-01
2.349979064753585922e-01,-1.209234998501181740e-01,1.000000000000000000e+00,5.524902136468414771e-01,0.000000000000000000e+00,0.000000000000000000e+00,8.335193841923937974e-01
2.372705050224416246e-01,-1.197488795233949133e-01,1.000000000000000000e+00,5.510330065973022551e-01,0.000000000000000000e+00,0.000000000000000000e+00,8.344834483920801071e-01
2.395389849977185848e-01,-1.185663248016497195e-01,1.000000000000000000e+00,5.495741173144345071e-01,0.000000000000000000e+00,0.000000000000000000e+00,8.354449650204733846e-01
2.418033186996935702e-01,-1.173758501256250975e-01,1.000000000000000000e+00,5.481135502520404490e-01,0.000000000000000000e+00,0.000000000000000000e+00,8.364039311421868073e-01
2.440634784775019828e-01,-1.161774700327778687e-01,1.000000000000000000e+00,5.466513098690449768e-01,0.000000000000000000e+00,0.000000000000000000e+00,8.373603438296186585e-01
2.463194367312492583e-01,-1.149711991571021885e-01,1.000000000000000000e+00,5.451874006294810115e-01,0.000000000000000000e+00,0.000000000000000000e+00,8.383142001629637630e-01
2.485711659123479855e-01,-1.137570522289494818e-01,1.000000000000000000e+00,5.437218270024759548e-01,0.000000000000000000e+00,0.000000000000000000e+00,8.392654972302207028e-01
2.508186385238543870e-01,-1.125350440748500436e-01,1.000000000000000000e+00,5.422545934622390318e-01,0.000000000000000000e+00,0.000000000000000000e+00,8.402142321272010328e-01
2.530618271208019410e-01,-1.113051896173310878e-01,9.999999999999998890e-01,5.407857044880468589e-01,0.000000000000000000e+00,0.000000000000000000e+00,8.411604019575379398e-01
2.553007043105399720e-01,-1.100675038747352952e-01,1.000000000000000000e+00,5.393151645642293435e-01,0.000000000000000000e+00,0.000000000000000000e+00,8.421040038326965682e-01
2.575352427530661070e-01,-1.088220019610363493e-01,1.000000000000000000e+00,5.378429781801572496e-01,0.000000000000000000e+00,0.000000000000000000e+00,8.430450348719805698e-01
2.597654151613597584e-01,-1.075686990856550701e-01,1.000000000000000000e+00,5.363691498302270988e-01,0.000000000000000000e+00,0.000000000000000000e+00,8.439834922025426511e-01
2.619911943017174671e-01,-1.063076105532735349e-01,1.000000000000000000e+00,5.348936840138484028e-01,0.000000000000000000e+00,0.000000000000000000e+00,8.449193729593926783e-01
2.642125529940825279e-01,-1.050387517636483109e-01,1.000000000000000000e+00,5.334165852354298964e-01,0.000000000000000000e+00,0.000000000000000000e+00,8.458526742854061142e-01
2.664294641123797214e-01,-1.037621382114226054e-01,9.999999999999998890e-01,5.319378580043653271e-01,0.000000000000000000e+00,0.000000000000000000e+00,8.467833933313333450e-01
2.686419005848436070e-01,-1.024777854859363624e-01,1.000000000000000000e+00,5.304575068350199096e-01,0.000000000000000000e+00,0.000000000000000000e+00,8.477115272558081172e-01
2.708498353943536441e-01,-1.011857092710362477e-01,1.000000000000000000e+00,5.289755362467163380e-01,0.000000000000000000e+00,0.000000000000000000e+00,8.486370732253564197e-01
2.730532415787578215e-01,-9.988592534488419106e-02,9.999999999999997780e-01,5.274919507637214622e-01,0.000000000000000000e+00,0.000000000000000000e+00,8.495600284144043668e-01
2.752520922312080565e-01,-9.857844957976491518e-02,1.000000000000000000e+00,5.260067549152321886e-01,0.000000000000000000e+00,0.000000000000000000e+00,8.504803900052880783e-01
2.774463605004848232e-01,-9.726329794189157718e-02,1.000000000000000000e+00,5.245199532353613803e-01,0.000000000000000000e+00,0.000000000000000000e+00,8.513981551882611187e-01
2.796360195913259461e-01,-9.594048649121141026e-02,1.000000000000000000e+00,5.230315502631248670e-01,0.000000000000000000e+00,0.000000000000000000e+00,8.523133211615033789e-01
2.818210427647549476e-01,-9.461003138120906153e-02,1.000000000000000000e+00,5.215415505424263465e-01,0.000000000000000000e+00,0.000000000000000000e+00,8.532258851311308456e-01
2.840014033384070657e-01,-9.327194885870968011e-02,9.999999999999998890e-01,5.200499586220446169e-01,0.000000000000000000e+00,0.000000000000000000e+00,8.541358443112018195e-01
2.861770746868537163e-01,-9.192625526368018718e-02,1.000000000000000000e+00,5.185567790556190326e-01,0.000000000000000000e+00,0.000000000000000000e+00,8.550431959237275725e-01
2.883480302419293428e-01,-9.057296702903000485e-02,1.000000000000000000e+00,5.170620164016359599e-01,0.000000000000000000e+00,0.000000000000000000e+00,8.559479371986793428e-01
2.905142434930548245e-01,-8.921210068041084129e-02,1.000000000000000000e+00,5.155656752234146767e-01,0.000000000000000000e+00,0.000000000000000000e+00,8.568500653739981043e-01
2.926756879875614947e-01,-8.784367283601381138e-02,9.999999999999998890e-01,5.140677600890937171e-01,0.000000000000000000e+00,0.000000000000000000e+00,8.577495776956010065e-01
2.948323373310148821e-01,-8.646770020636744547e-02,1.000000000000000000e+00,5.125682755716164385e-01,0.000000000000000000e+00,0.000000000000000000e+00,8.586464714173929202e-01
2.969841651875362865e-01,-8.508419959413290878e-02,1.000000000000000000e+00,5.110672262487173656e-01,0.000000000000000000e+00,0.000000000000000000e+00,8.595407438012711010e-01
2.991311452801238557e-01,-8.369318789389930402e-02,1.000000000000000000e+00,5.095646167029079798e-01,0.000000000000000000e+00,0.000000000000000000e+00,8.604323921171369571e-01
3.012732513909749388e-01,-8.229468209197725315e-02,1.000000000000000000e+00,5.080604515214633965e-01,0.000000000000000000e+00,0.000000000000000000e+00,8.613214136429016010e-01
3.034104573618050527e-01,-8.088869926619161876e-02,1.000000000000000000e+00,5.065547352964072658e-01,0.000000000000000000e+00,0.000000000000000000e+00,8.622078056644970623e-01
3.055427370941669607e-01,-7.947525658567240747e-02,9.999999999999998890e-01,5.050474726244992274e-01,0.000000000000000000e+00,0.000000000000000000e+00,8.630915654758801736e-01
3.076700645497710274e-01,-7.805437131064642264e-02,1.000000000000000000e+00,5.035386681072197002e-01,0.000000000000000000e+00,0.000000000000000000e+00,8.639726903790460044e-01
3.097924137508027975e-01,-7.662606079222394895e-02,1.000000000000000000e+00,5.020283263507551164e-01,0.000000000000000000e+00,0.000000000000000000e+00,8.648511776840335230e-01
3.119097587802378557e-01,-7.519034247218973899e-02,1.000000000000000000e+00,5.005164519659863753e-01,0.000000000000000000e+00,0.000000000000000000e+00,8.657270247089323689e-01
3.140220737821612929e-01,-7.374723388278851821e-02,1.000000000000000000e+00,4.990030495684728007e-01,0.000000000000000000e+00,0.000000000000000000e+00,8.666002287798938442e-01
3.161293329620826764e-01,-7.229675264651101718e-02,1.000000000000000222e+00,4.974881237784380961e-01,0.000000000000000000e+00,0.000000000000000000e+00,8.674707872311375745e-01
3.182315105872490779e-01,-7.083891647587865770e-02,1.000000000000000000e+00,4.959716792207573000e-01,0.000000000000000000e+00,0.000000000000000000e+00,8.683386974049597251e-01
3.203285809869621525e-01,-6.937374317322803075e-02,9.999999999999998890e-01,4.944537205249417422e-01,0.000000000000000000e+00,0.000000000000000000e+00,8.692039566517416604e-01
3.224205185528908890e-01,-6.790125063049240461e-02,1.000000000000000000e+00,4.929342523251253327e-01,0.000000000000000000e+00,0.000000000000000000e+00,8.700665623299573825e-01
3.245072977393818059e-01,-6.642145682898409342e-02,1.000000000000000000e+00,4.914132792600500732e-01,0.000000000000000000e+00,0.000000000000000000e+00,8.709265118061821909e-01
3.265888930637749765e-01,-6.493437983917470235e-02,1.000000000000000000e+00,4.898908059730523457e-01,0.000000000000000000e+00,0.000000000000000000e+00,8.717838024551002318e-01
3.286652791067109503e-01,-6.344003782047401285e-02,1.000000000000000000e+00,4.883668371120485352e-01,0.000000000000000000e+00,0.000000000000000000e+00,8.726384316595126034e-01
3.307364305124454451e-01,-6.193844902100871519e-02,1.000000000000000000e+00,4.868413773295207081e-01,0.000000000000000000e+00,0.000000000000000000e+00,8.734903968103456817e-01
3.328023219891552698e-01,-6.042963177739972547e-02,1.000000000000000000e+00,4.853144312825028450e-01,0.000000000000000000e+00,0.000000000000000000e+00,8.743396953066587818e-01
3.348629283092497411e-01,-5.891360451453712954e-02,1.000000000000000000e+00,4.837860036325655755e-01,0.000000000000000000e+00,0.000000000000000000e+00,8.751863245556521509e-01
3.369182243096767726e-01,-5.739038574535687554e-02,1.000000000000000000e+00,4.822560990458033547e-01,0.000000000000000000e+00,0.000000000000000000e+00,8.760302819726749624e-01
3.389681848922320162e-01,-5.585999407061340016e-02,1.000000000000000000e+00,4.807247221928193093e-01,0.000000000000000000e+00,0.000000000000000000e+00,8.768715649812329760e-01
3.410127850238645064e-01,-5.432244817865317099e-02,1.000000000000000000e+00,4.791918777487111925e-01,0.000000000000000000e+00,0.000000000000000000e+00,8.777101710129968648e-01
3.430519997369812502e-01,-5.277776684518602213e-02,1.000000000000000000e+00,4.776575703930573402e-01,0.000000000000000000e+00,0.000000000000000000e+00,8.785460975078094314e-01
3.450858041297541479e-01,-5.122596893305608745e-02,9.999999999999998890e-01,4.761218048099016276e-01,0.000000000000000000e+00,0.000000000000000000e+00,8.793793419136941569e-01
3.471141733664238616e-01,-4.966707339201155424e-02,1.000000000000000000e+00,4.745845856877402569e-01,0.000000000000000000e+00,0.000000000000000000e+00,8.802099016868624171e-01
3.491370826775999636e-01,-4.810109925847297352e-02,1.000000000000000000e+00,4.730459177195066034e-01,0.000000000000000000e+00,0.000000000000000000e+00,8.810377742917211430e-01
3.511545073605676359e-01,-4.652806565530130667e-02,9.999999999999998890e-01,4.715058056025573374e-01,0.000000000000000000e+00,0.000000000000000000e+00,8.818629572008812589e-01
3.531664227795875410e-01,-4.494799179156391822e-02,1.000000000000000000e+00,4.699642540386579359e-01,0.000000000000000000e+00,0.000000000000000000e+00,8.826854478951648986e-01
3.551728043661951384e-01,-4.336089696230029100e-02,1.000000000000000000e+00,4.684212677339683606e-01,0.000000000000000000e+00,0.000000000000000000e+00,8.835052438636128436e-01
3.571736276195039972e-01,-4.176680054828572908e-02,1.000000000000000000e+00,4.668768513990281810e-01,0.000000000000000000e+00,0.000000000000000000e+00,8.843223426034930723e-01
3.591688681065020039e-01,-4.016572201579614310e-02,1.000000000000000000e+00,4.653310097487433072e-01,0.000000000000000000e+00,0.000000000000000000e+00,8.851367416203075322e-01
3.611585014623507339e-01,-3.855768091636857520e-02,1.000000000000000000e+00,4.637837475023706135e-01,0.000000000000000000e+00,0.000000000000000000e+00,8.859484384278000224e-01
3.631425033906843791e-01,-3.694269688656370842e-02,1.000000000000000000e+00,4.622350693835039492e-01,0.000000000000000000e+00,0.000000000000000000e+00,8.867574305479640762e-01
3.651208496639036238e-01,-3.532078964772601692e-02,1.000000000000000000e+00,4.606849801200596506e-01,0.000000000000000000e+00,0.000000000000000000e+00,8.875637155110500665e-01
3.670935161234740729e-01,-3.369197900574234794e-02,1.000000000000000000e+00,4.591334844442623297e-01,0.000000000000000000e+00,0.000000000000000000e+00,8.883672908555730885e-01
3.690604786802198500e-01,-3.205628485079953238e-02,1.000000000000000000e+00,4.575805870926294983e-01,0.000000000000000000e+00,0.000000000000000000e+00,8.891681541283203982e-01
3.710217133146188062e-01,-3.041372715714335540e-02,9.999999999999998890e-01,4.560262928059584664e-01,0.000000000000000000e+00,0.000000000000000000e+00,8.899663028843587398e-01
3.729771960770943973e-01,-2.876432598283305830e-02,1.000000000000000000e+00,4.544706063293109666e-01,0.000000000000000000e+00,0.000000000000000000e+00,8.907617346870421171e-01
3.749269030883094489e-01,-2.710810146949724220e-02,1.000000000000000000e+00,4.529135324119990536e-01,0.000000000000000000e+00,0.000000000000000000e+00,8.915544471080187883e-01
3.768708105394567021e-01,-2.544507384208713474e-02,1.000000000000000000e+00,4.513550758075702274e-01,0.000000000000000000e+00,0.000000000000000000e+00,8.923444377272391481e-01
3.788088946925505796e-01,-2.377526340863056475e-02,1.000000000000000000e+00,4.497952412737935557e-01,0.000000000000000000e+00,0.000000000000000000e+00,8.931317041329626116e-01
3.807411318807164546e-01,-2.209869055998268939e-02,1.000000000000000000e+00,4.482340335726440195e-01,0.000000000000000000e+00,0.000000000000000000e+00,8.939162439217657186e-01
3.826674985084802527e-01,-2.041537576957851152e-02,1.000000000000000000e+00,4.466714574702894125e-01,0.000000000000000000e+00,0.000000000000000000e+00,8.946980546985487948e-01
3.845879710520552219e-01,-1.872533959318178898e-02,1.000000000000000000e+00,4.451075177370747982e-01,0.000000000000000000e+00,0.000000000000000000e+00,8.954771340765433907e-01
3.865025260596303691e-01,-1.702860266863438776e-02,1.000000000000000000e+00,4.435422191475082432e-01,0.000000000000000000e+00,0.000000000000000000e+00,8.962534796773197199e-01
3.884111401516576745e-01,-1.532518571560394227e-02,1.000000000000000000e+00,4.419755664802462181e-01,0.000000000000000000e+00,0.000000000000000000e+00,8.970270891307939864e-01
3.903137900211342548e-01,-1.361510953533212609e-02,9.999999999999998890e-01,4.404075645180793308e-01,0.000000000000000000e+00,0.000000000000000000e+00,8.977979600752352685e-01
3.922104524338916320e-01,-1.189839501037794067e-02,1.000000000000000000e+00,4.388382180479166728e-01,0.000000000000000000e+00,0.000000000000000000e+00,8.985660901572734005e-01
3.941011042288757316e-01,-1.017506310436605554e-02,1.000000000000000000e+00,4.372675318607726069e-01,0.000000000000000000e+00,0.000000000000000000e+00,8.993314770319051910e-01
3.959857223184312103e-01,-8.445134861728043063e-03,1.000000000000000000e+00,4.356955107517512249e-01,0.000000000000000000e+00,0.000000000000000000e+00,9.000941183625025266e-01
3.978642836885823431e-01,-6.708631407446985495e-03,1.000000000000000000e+00,4.341221595200321359e-01,0.000000000000000000e+00,0.000000000000000000e+00,9.008540118208187009e-01
3.997367653993164627e-01,-4.965573946799445304e-03,1.000000000000000000e+00,4.325474829688555900e-01,0.000000000000000000e+00,0.000000000000000000e+00,9.016111550869961855e-01
4.016031445848622372e-01,-3.215983765094826419e-03,1.000000000000000000e+00,4.309714859055075453e-01,0.000000000000000000e+00,0.000000000000000000e+00,9.023655458495736248e-01
4.034633984539683360e-01,-1.459882227417844125e-03,1.000000000000000000e+00,4.293941731413055685e-01,0.000000000000000000e+00,0.000000000000000000e+00,9.031171818054921641e-01
4.053175042901826508e-01,3.027092216337790020e-04,9.999999999999998890e-01,4.278155494915841794e-01,0.000000000000000000e+00,0.000000000000000000e+00,9.038660606601034431e-01
4.071654394521311282e-01,2.071769058210867764e-03,1.000000000000000222e+00,4.262356197756793641e-01,0.000000000000000000e+00,0.000000000000000000e+00,9.046121801271761464e-01
4.090071813737906070e-01,3.847275679476097610e-03,1.000000000000000000e+00,4.246543888169145853e-01,0.000000000000000000e+00,0.000000000000000000e+00,9.053555379289026650e-01
4.108427075647679283e-01,5.629207403866756665e-03,9.999999999999998890e-01,4.230718614425860724e-01,0.000000000000000000e+00,0.000000000000000000e+00,9.060961317959067562e-01
4.126719956105734388e-01,7.417542471360644152e-03,1.000000000000000000e+00,4.214880424839472228e-01,0.000000000000000000e+00,0.000000000000000000e+00,9.068339594672500947e-01
4.144950231728935508e-01,9.212259043740872455e-03,9.999999999999998890e-01,4.199029367761950571e-01,0.000000000000000000e+00,0.000000000000000000e+00,9.075690186904391554e-01
4.163117679898649115e-01,1.101333520486301454e-02,1.000000000000000000e+00,4.183165491584546203e-01,0.000000000000000000e+00,0.000000000000000000e+00,9.083013072214319861e-01
4.181222078763457417e-01,1.282074896092283423e-02,1.000000000000000000e+00,4.167288844737644937e-01,0.000000000000000000e+00,0.000000000000000000e+00,9.090308228246454236e-01
4.199263207241868412e-01,1.463447824072468262e-02,1.000000000000000000e+00,4.151399475690620844e-01,0.000000000000000000e+00,0.000000000000000000e+00,9.097575632729614226e-01
4.217240845025009288e-01,1.645450089595042187e-02,1.000000000000000000e+00,4.135497432951688035e-01,0.000000000000000000e+00,0.000000000000000000e+00,9.104815263477342713e-01
4.235154772579333149e-01,1.828079470143164492e-02,9.999999999999998890e-01,4.119582765067746344e-01,0.000000000000000000e+00,0.000000000000000000e+00,9.112027098387974755e-01
4.253004771149283547e-01,2.011333735541903645e-02,1.000000000000000000e+00,4.103655520624243658e-01,0.000000000000000000e+00,0.000000000000000000e+00,9.119211115444699756e-01
4.270790622759968458e-01,2.195210647985572361e-02,1.000000000000000000e+00,4.087715748245022152e-01,0.000000000000000000e+00,0.000000000000000000e+00,9.126367292715631407e-01
4.288512110219832030e-01,2.379707962065063381e-02,9.999999999999998890e-01,4.071763496592168963e-01,0.000000000000000000e+00,0.000000000000000000e+00,9.133495608353874307e-01
4.306169017123292475e-01,2.564823424795233814e-02,1.000000000000000000e+00,4.055798814365869087e-01,0.000000000000000000e+00,0.000000000000000000e+00,9.140596040597593896e-01
4.323761127853397168e-01,2.750554775642393562e-02,1.000000000000000000e+00,4.039821750304258274e-01,0.000000000000000000e+00,0.000000000000000000e+00,9.147668567770076420e-01
4.341288227584449433e-01,2.936899746552051188e-02,1.000000000000000000e+00,4.023832353183267596e-01,0.000000000000000000e+00,0.000000000000000000e+00,9.154713168279802193e-01
4.358750102284633665e-01,3.123856061976435644e-02,1.000000000000000000e+00,4.007830671816483559e-01,0.000000000000000000e+00,0.000000000000000000e+00,9.161729820620505560e-01
4.376146538718624912e-01,3.311421438902323322e-02,1.000000000000000000e+00,3.991816755054993782e-01,0.000000000000000000e+00,0.000000000000000000e+00,9.168718503371243722e-01
4.393477324450203447e-01,3.499593586879025386e-02,1.000000000000000000e+00,3.975790651787239338e-01,0.000000000000000000e+00,0.000000000000000000e+00,9.175679195196462246e-01
4.410742247844833264e-01,3.688370208046216209e-02,1.000000000000000000e+00,3.959752410938865430e-01,0.000000000000000000e+00,0.000000000000000000e+00,9.182611874846058342e-01
4.427941098072261106e-01,3.877748997162084460e-02,1.000000000000000000e+00,3.943702081472572063e-01,0.000000000000000000e+00,0.000000000000000000e+00,9.189516521155446371e-01
4.445073665109084415e-01,4.067727641631486979e-02,1.000000000000000000e+00,3.927639712387959725e-01,0.000000000000000000e+00,0.000000000000000000e+00,9.196393113045626677e-01
4.462139739741307065e-01,4.258303821534108885e-02,1.000000000000000000e+00,3.911565352721391164e-01,0.000000000000000000e+00,0.000000000000000000e+00,9.203241629523239986e-01
4.479139113566920627e-01,4.449475209652883900e-02,1.000000000000000000e+00,3.895479051545828741e-01,0.000000000000000000e+00,0.000000000000000000e+00,9.210062049680642904e-01
4.496071578998419582e-01,4.641239471502337649e-02,1.000000000000000000e+00,3.879380857970696206e-01,0.000000000000000000e+00,0.000000000000000000e+00,9.216854352695964536e-01
4.512936929265346508e-01,4.833594265357121778e-02,1.000000000000000222e+00,3.863270821141721600e-01,0.000000000000000000e+00,0.000000000000000000e+00,9.223618517833170882e-01
4.529734958416832824e-01,5.026537242280706974e-02,1.000000000000000000e+00,3.847148990240784050e-01,0.000000000000000000e+00,0.000000000000000000e+00,9.230354524442131448e-01
4.546465461324088464e-01,5.220066046153869904e-02,1.000000000000000000e+00,3.831015414485774428e-01,0.000000000000000000e+00,0.000000000000000000e+00,9.237062351958678086e-01
4.563128233682925416e-01,5.414178313703664480e-02,1.000000000000000000e+00,3.814870143130436597e-01,0.000000000000000000e+00,0.000000000000000000e+00,9.243741979904672723e-01
4.579723072016237406e-01,5.608871674532073248e-02,1.000000000000000000e+00,3.798713225464221410e-01,0.000000000000000000e+00,0.000000000000000000e+00,9.250393387888063979e-01
4.596249773676505113e-01,5.804143751145201396e-02,1.000000000000000000e+00,3.782544710812131838e-01,0.000000000000000000e+00,0.000000000000000000e+00,9.257016555602953778e-01
4.612708136848251428e-01,5.999992158982078716e-02,1.000000000000000000e+00,3.766364648534578641e-01,0.000000000000000000e+00,0.000000000000000000e+00,9.263611462829656196e-01
4.629097960550510038e-01,6.196414506443945897e-02,1.000000000000000000e+00,3.750173088027219936e-01,0.000000000000000000e+00,0.000000000000000000e+00,9.270178089434765178e-01
4.645419044639287898e-01,6.393408394923361104e-02,9.999999999999998890e-01,3.733970078720821872e-01,0.000000000000000000e+00,0.000000000000000000e+00,9.276716415371206725e-01
4.661671189810012161e-01,6.590971418833524442e-02,9.999999999999998890e-01,3.717755670081099861e-01,0.000000000000000000e+00,0.000000000000000000e+00,9.283226420678309943e-01
4.677854197599941033e-01,6.789101165637653756e-02,9.999999999999998890e-01,3.701529911608572032e-01,0.000000000000000000e+00,0.000000000000000000e+00,9.289708085481859223e-01
4.693967870390611252e-01,6.987795215878406241e-02,9.999999999999998890e-01,3.685292852838403799e-01,0.000000000000000000e+00,0.000000000000000000e+00,9.296161389994160862e-01
4.710012011410233956e-01,7.187051143207495718e-02,1.000000000000000000e+00,3.669044543340262976e-01,0.000000000000000000e+00,0.000000000000000000e+00,9.302586314514100785e-01
4.725986424736121072e-01,7.386866514415324492e-02,1.000000000000000000e+00,3.652785032718156022e-01,0.000000000000000000e+00,0.000000000000000000e+00,9.308982839427206724e-01
4.741890915297050091e-01,7.587238889460590219e-02,9.999999999999998890e-01,3.636514370610293145e-01,0.000000000000000000e+00,0.000000000000000000e+00,9.315350945205704836e-01
4.757725288875665481e-01,7.788165821500184216e-02,9.999999999999998890e-01,3.620232606688925658e-01,0.000000000000000000e+00,0.000000000000000000e+00,9.321690612408582988e-01
4.773489352110837358e-01,7.989644856918989846e-02,1.000000000000000000e+00,3.603939790660197762e-01,0.000000000000000000e+00,0.000000000000000000e+00,9.328001821681647376e-01
4.789182912500037359e-01,8.191673535359966785e-02,1.000000000000000000e+00,3.587635972263993889e-01,0.000000000000000000e+00,0.000000000000000000e+00,9.334284553757582481e-01
4.804805778401671223e-01,8.394249389754052104e-02,1.000000000000000000e+00,3.571321201273788826e-01,0.000000000000000000e+00,0.000000000000000000e+00,9.340538789456009905e-01
4.820357759037441903e-01,8.597369946350411074e-02,1.000000000000000000e+00,3.554995527496490060e-01,0.000000000000000000e+00,0.000000000000000000e+00,9.346764509683549438e-01
4.835838664494654937e-01,8.801032724746540858e-02,1.000000000000000000e+00,3.538659000772293450e-01,0.000000000000000000e+00,0.000000000000000000e+00,9.352961695433871236e-01
4.851248305728551036e-01,9.005235237918651769e-02,9.999999999999998890e-01,3.522311670974527797e-01,0.000000000000000000e+00,0.000000000000000000e+00,9.359130327787760217e-01
4.866586494564622556e-01,9.209974992251954151e-02,1.000000000000000222e+00,3.505953588009499411e-01,0.000000000000000000e+00,0.000000000000000000e+00,9.365270387913171568e-01
4.881853043700884465e-01,9.415249487571167308e-02,1.000000000000000000e+00,3.489584801816346116e-01,0.000000000000000000e+00,0.000000000000000000e+00,9.371381857065284038e-01
4.897047766710189154e-01,9.621056217171017333e-02,9.999999999999998890e-01,3.473205362366881821e-01,0.000000000000000000e+00,0.000000000000000000e+00,9.377464716586564331e-01
4.912170478042491850e-01,9.827392667846915342e-02,9.999999999999998890e-01,3.456815319665436093e-01,0.000000000000000000e+00,0.000000000000000000e+00,9.383518947906821506e-01
4.927220993027120466e-01,1.003425631992553579e-01,1.000000000000000000e+00,3.440414723748717041e-01,0.000000000000000000e+00,0.000000000000000000e+00,9.389544532543260269e-01
4.942199127875014919e-01,1.024164464729565571e-01,9.999999999999998890e-01,3.424003624685647562e-01,0.000000000000000000e+00,0.000000000000000000e+00,9.395541452100540925e-01
4.957104699680994209e-01,1.044955511743902027e-01,9.999999999999998890e-01,3.407582072577214349e-01,0.000000000000000000e+00,0.000000000000000000e+00,9.401509688270834886e-01
4.971937526425975196e-01,1.065798519146118339e-01,1.000000000000000000e+00,3.391150117556317456e-01,0.000000000000000000e+00,0.000000000000000000e+00,9.407449222833880187e-01
4.986697426979201930e-01,1.086693232412260512e-01,1.000000000000000222e+00,3.374707809787617085e-01,0.000000000000000000e+00,0.000000000000000000e+00,9.413360037657035884e-01
5.001384221100446670e-01,1.107639396386973785e-01,1.000000000000000000e+00,3.358255199467372054e-01,0.000000000000000000e+00,0.000000000000000000e+00,9.419242114695340895e-01
5.015997729442235320e-01,1.128636755286606119e-01,9.999999999999998890e-01,3.341792336823301568e-01,0.000000000000000000e+00,0.000000000000000000e+00,9.425095435991566184e-01
5.030537773552010705e-01,1.149685052702342780e-01,9.999999999999998890e-01,3.325319272114419245e-01,0.000000000000000000e+00,0.000000000000000000e+00,9.430919983676270268e-01
5.045004175874325814e-01,1.170784031603335634e-01,1.000000000000000000e+00,3.308836055630888229e-01,0.000000000000000000e+00,0.000000000000000000e+00,9.436715739967853622e-01
5.059396759752995409e-01,1.191933434339836478e-01,1.000000000000000000e+00,3.292342737693861876e-01,0.000000000000000000e+00,0.000000000000000000e+00,9.442482687172610856e-01
5.073715349433295385e-01,1.213133002646355207e-01,1.000000000000000222e+00,3.275839368655326655e-01,0.000000000000000000e+00,0.000000000000000000e+00,9.448220807684792888e-01
5.087959770064056642e-01,1.234382477644798692e-01,1.000000000000000222e+00,3.259325998897962262e-01,0.000000000000000000e+00,0.000000000000000000e+00,9.453930083986649135e-01
5.102129847699824472e-01,1.255681599847644492e-01,9.999999999999998890e-01,3.242802678834974528e-01,0.000000000000000000e+00,0.000000000000000000e+00,9.459610498648488575e-01
5.116225409303001292e-01,1.277030109161098603e-01,1.000000000000000000e+00,3.226269458909947208e-01,0.000000000000000000e+00,0.000000000000000000e+00,9.465262034328734142e-01
5.130246282745912767e-01,1.298427744888280833e-01,1.000000000000000000e+00,3.209726389596688212e-01,0.000000000000000000e+00,0.000000000000000000e+00,9.470884673773966034e-01
5.144192296812969412e-01,1.319874245732403362e-01,1.000000000000000000e+00,3.193173521399074732e-01,0.000000000000000000e+00,0.000000000000000000e+00,9.476478399818987208e-01
5.158063281202692751e-01,1.341369349799969579e-01,9.999999999999998890e-01,3.176610904850893369e-01,0.000000000000000000e+00,0.000000000000000000e+00,9.482043195386867795e-01
5.171859066529856941e-01,1.362912794603954314e-01,1.000000000000000000e+00,3.160038590515698020e-01,0.000000000000000000e+00,0.000000000000000000e+00,9.487579043488995056e-01
5.185579484327502708e-01,1.384504317067031809e-01,1.000000000000000000e+00,3.143456628986643353e-01,0.000000000000000000e+00,0.000000000000000000e+00,9.493085927225136667e-01
5.199224367049039008e-01,1.406143653524765669e-01,1.000000000000000000e+00,3.126865070886341025e-01,0.000000000000000000e+00,0.000000000000000000e+00,9.498563829783477352e-01
5.212793548070260297e-01,1.427830539728849601e-01,1.000000000000000222e+00,3.110263966866695928e-01,0.000000000000000000e+00,0.000000000000000000e+00,9.504012734440682175e-01
5.226286861691387120e-01,1.449564710850315685e-01,9.999999999999998890e-01,3.093653367608758531e-01,0.000000000000000000e+00,0.000000000000000000e+00,9.509432624561939829e-01
5.239704143139107817e-01,1.471345901482788987e-01,9.999999999999998890e-01,3.077033323822560562e-01,0.000000000000000000e+00,0.000000000000000000e+00,9.514823483601021481e-01
5.253045228568566927e-01,1.493173845645706932e-01,1.000000000000000000e+00,3.060403886246973459e-01,0.000000000000000000e+00,0.000000000000000000e+00,9.520185295100322964e-01
5.266309955065366921e-01,1.515048276787579196e-01,1.000000000000000000e+00,3.043765105649544056e-01,0.000000000000000000e+00,0.000000000000000000e+00,9.525518042690918064e-01
5.279498160647582150e-01,1.536968927789243988e-01,1.000000000000000000e+00,3.027117032826343035e-01,0.000000000000000000e+00,0.000000000000000000e+00,9.530821710092610699e-01
5.292609684267710612e-01,1.558935530967121841e-01,1.000000000000000000e+00,3.010459718601807833e-01,0.000000000000000000e+00,0.000000000000000000e+00,9.536096281113982664e-01
5.305644365814646823e-01,1.580947818076490485e-01,1.000000000000000000e+00,2.993793213828592203e-01,0.000000000000000000e+00,0.000000000000000000e+00,9.541341739652441367e-01
5.318602046115654680e-01,1.603005520314766397e-01,1.000000000000000000e+00,2.977117569387400242e-01,0.000000000000000000e+00,0.000000000000000000e+00,9.546558069694274229e-01
5.331482566938282597e-01,1.625108368324770236e-01,1.000000000000000000e+00,2.960432836186844829e-01,0.000000000000000000e+00,0.000000000000000000e+00,9.551745255314690874e-01
5.344285770992318607e-01,1.647256092198030597e-01,1.000000000000000000e+00,2.943739065163283319e-01,0.000000000000000000e+00,0.000000000000000000e+00,9.556903280677878643e-01
5.357011501931702169e-01,1.669448421478074429e-01,1.000000000000000000e+00,2.927036307280664884e-01,0.000000000000000000e+00,0.000000000000000000e+00,9.562032130037043665e-01
5.369659604356435967e-01,1.691685085163732727e-01,1.000000000000000000e+00,2.910324613530373972e-01,0.000000000000000000e+00,0.000000000000000000e+00,9.567131787734466375e-01
5.382229923814463302e-01,1.713965811712441500e-01,9.999999999999998890e-01,2.893604034931077651e-01,0.000000000000000000e+00,0.000000000000000000e+00,9.572202238201540370e-01
5.394722306803606537e-01,1.736290329043575220e-01,1.000000000000000000e+00,2.876874622528560188e-01,0.000000000000000000e+00,0.000000000000000000e+00,9.577243465958832358e-01
5.407136600773381208e-01,1.758658364541749175e-01,1.000000000000000000e+00,2.860136427395582048e-01,0.000000000000000000e+00,0.000000000000000000e+00,9.582255455616116580e-01
5.419472654126893385e-01,1.781069645060158468e-01,1.000000000000000000e+00,2.843389500631712252e-01,0.000000000000000000e+00,0.000000000000000000e+00,9.587238191872430315e-01
5.431730316222678212e-01,1.803523896923915071e-01,1.000000000000000000e+00,2.826633893363178496e-01,0.000000000000000000e+00,0.000000000000000000e+00,9.592191659516114965e-01
5.443909437376553972e-01,1.826020845933385983e-01,1.000000000000000000e+00,2.809869656742706723e-01,0.000000000000000000e+00,0.000000000000000000e+00,9.597115843424868231e-01
5.456009868863426204e-01,1.848560217367540004e-01,1.000000000000000000e+00,2.793096841949371245e-01,0.000000000000000000e+00,0.000000000000000000e+00,9.602010728565785191e-01
5.468031462919139551e-01,1.871141735987314758e-01,1.000000000000000000e+00,2.776315500188426544e-01,0.000000000000000000e+00,0.000000000000000000e+00,9.606876299995409374e-01
5.479974072742238578e-01,1.893765126038957913e-01,1.000000000000000000e+00,2.759525682691166826e-01,0.000000000000000000e+00,0.000000000000000000e+00,9.611712542859771613e-01
5.491837552495785202e-01,1.916430111257410029e-01,1.000000000000000000e+00,2.742727440714757825e-01,0.000000000000000000e+00,0.000000000000000000e+00,9.616519442394440009e-01
5.503621757309147267e-01,1.939136414869672143e-01,1.000000000000000000e+00,2.725920825542085257e-01,0.000000000000000000e+00,0.000000000000000000e+00,9.621296983924566559e-01
5.515326543279750471e-01,1.961883759598183063e-01,9.999999999999998890e-01,2.709105888481599389e-01,0.000000000000000000e+00,0.000000000000000000e+00,9.626045152864926013e-01
5.526951767474841404e-01,1.984671867664220823e-01,1.000000000000000000e+00,2.692282680867147948e-01,0.000000000000000000e+00,0.000000000000000000e+00,9.630763934719965835e-01
5.538497287933235036e-01,2.007500460791267760e-01,1.000000000000000000e+00,2.675451254057836792e-01,0.000000000000000000e+00,0.000000000000000000e+00,9.635453315083849501e-01
5.549962963667052218e-01,2.030369260208433335e-01,1.000000000000000000e+00,2.658611659437858932e-01,0.000000000000000000e+00,0.000000000000000000e+00,9.640113279640497579e-01
5.561348654663422764e-01,2.053277986653844200e-01,1.000000000000000222e+00,2.641763948416345764e-01,0.000000000000000000e+00,0.000000000000000000e+00,9.644743814163634354e-01
5.572654221886215176e-01,2.076226360378060909e-01,9.999999999999998890e-01,2.624908172427203312e-01,0.000000000000000000e+00,0.000000000000000000e+00,9.649344904516827803e-01
5.583879527277737509e-01,2.099214101147488798e-01,1.000000000000000000e+00,2.608044382928965677e-01,0.000000000000000000e+00,0.000000000000000000e+00,9.653916536653539548e-01
5.595024433760402705e-01,2.122240928247813851e-01,1.000000000000000000e+00,2.591172631404619620e-01,0.000000000000000000e+00,0.000000000000000000e+00,9.658458696617160388e-01
5.606088805238406136e-01,2.145306560487407199e-01,1.000000000000000000e+00,2.574292969361469119e-01,0.000000000000000000e+00,0.000000000000000000e+00,9.662971370541056926e-01
5.617072506599416482e-01,2.168410716200778188e-01,1.000000000000000000e+00,2.557405448330964393e-01,0.000000000000000000e+00,0.000000000000000000e+00,9.667454544648611536e-01
5.627975403716183322e-01,2.191553113252006357e-01,1.000000000000000000e+00,2.540510119868548689e-01,0.000000000000000000e+00,0.000000000000000000e+00,9.671908205253267887e-01
5.638797363448206923e-01,2.214733469038187852e-01,9.999999999999998890e-01,2.523607035553499522e-01,0.000000000000000000e+00,0.000000000000000000e+00,9.676332338758568685e-01
5.649538253643348051e-01,2.237951500492884327e-01,1.000000000000000000e+00,2.506696246988774912e-01,0.000000000000000000e+00,0.000000000000000000e+00,9.680726931658200085e-01
5.660197943139447796e-01,2.261206924089589898e-01,9.999999999999998890e-01,2.489777805800846289e-01,0.000000000000000000e+00,0.000000000000000000e+00,9.685091970536031658e-01
5.670776301765931837e-01,2.284499455845177274e-01,1.000000000000000000e+00,2.472851763639553890e-01,0.000000000000000000e+00,0.000000000000000000e+00,9.689427442066158580e-01
5.681273200345389185e-01,2.307828811323373863e-01,1.000000000000000000e+00,2.455918172177941339e-01,0.000000000000000000e+00,0.000000000000000000e+00,9.693733333012939379e-01
5.691688510695160907e-01,2.331194705638240383e-01,1.000000000000000000e+00,2.438977083112097433e-01,0.000000000000000000e+00,0.000000000000000000e+00,9.698009630231040346e-01
5.702022105628894444e-01,2.354596853457638361e-01,1.000000000000000000e+00,2.422028548161002104e-01,0.000000000000000000e+00,0.000000000000000000e+00,9.702256320665472167e-01
5.712273858958113459e-01,2.378034969006722066e-01,1.000000000000000000e+00,2.405072619066368211e-01,0.000000000000000000e+00,0.000000000000000000e+00,9.706473391351631008e-01
5.722443645493745512e-01,2.401508766071431544e-01,1.000000000000000000e+00,2.388109347592475562e-01,0.000000000000000000e+00,0.000000000000000000e+00,9.710660829415340700e-01
5.732531341047653051e-01,2.425017958001977336e-01,1.000000000000000000e+00,2.371138785526025472e-01,0.000000000000000000e+00,0.000000000000000000e+00,9.714818622072888266e-01
5.742536822434144428e-01,2.448562257716347113e-01,1.000000000000000222e+00,2.354160984675974511e-01,0.000000000000000000e+00,0.000000000000000000e+00,9.718946756631062778e-01
5.752459967471493796e-01,2.472141377703812037e-01,1.000000000000000000e+00,2.337175996873378236e-01,0.000000000000000000e+00,0.000000000000000000e+00,9.723045220487197549e-01
5.762300654983419923e-01,2.495755030028433685e-01,1.000000000000000000e+00,2.320183873971233823e-01,0.000000000000000000e+00,0.000000000000000000e+00,9.727114001129205656e-01
5.772058764800568342e-01,2.519402926332582338e-01,1.000000000000000000e+00,2.303184667844321021e-01,0.000000000000000000e+00,0.000000000000000000e+00,9.731153086135622132e-01
5.781734177761984617e-01,2.543084777840468047e-01,1.000000000000000000e+00,2.286178430389039784e-01,0.000000000000000000e+00,0.000000000000000000e+00,9.735162463175635050e-01
5.791326775716569841e-01,2.566800295361644224e-01,1.000000000000000000e+00,2.269165213523261782e-01,0.000000000000000000e+00,0.000000000000000000e+00,9.739142120009129933e-01
5.800836441524502840e-01,2.590549189294562016e-01,9.999999999999998890e-01,2.252145069186162196e-01,0.000000000000000000e+00,0.000000000000000000e+00,9.743092044486721948e-01
5.810263059058700108e-01,2.614331169630091378e-01,1.000000000000000000e+00,2.235118049338066237e-01,0.000000000000000000e+00,0.000000000000000000e+00,9.747012224549796988e-01
5.819606513206208032e-01,2.638145945955068239e-01,1.000000000000000000e+00,2.218084205960291211e-01,0.000000000000000000e+00,0.000000000000000000e+00,9.750902648230547198e-01
5.828866689869646178e-01,2.661993227455849431e-01,1.000000000000000000e+00,2.201043591054978876e-01,0.000000000000000000e+00,0.000000000000000000e+00,9.754763303652006501e-01
5.838043475968544005e-01,2.685872722921845424e-01,1.000000000000000000e+00,2.183996256644950840e-01,0.000000000000000000e+00,0.000000000000000000e+00,9.758594179028086124e-01
5.847136759440773046e-01,2.709784140749093018e-01,1.000000000000000000e+00,2.166942254773539245e-01,0.000000000000000000e+00,0.000000000000000000e+00,9.762395262663613460e-01
5.856146429243890283e-01,2.733727188943805286e-01,1.000000000000000000e+00,2.149881637504431897e-01,0.000000000000000000e+00,0.000000000000000000e+00,9.766166542954367591e-01
5.865072375356497059e-01,2.757701575125944271e-01,1.000000000000000000e+00,2.132814456921512669e-01,0.000000000000000000e+00,0.000000000000000000e+00,9.769908008387110376e-01
5.873914488779589105e-01,2.781707006532784798e-01,1.000000000000000000e+00,2.115740765128704126e-01,0.000000000000000000e+00,0.000000000000000000e+00,9.773619647539626420e-01
5.882672661537877712e-01,2.805743190022503830e-01,1.000000000000000000e+00,2.098660614249800438e-01,0.000000000000000000e+00,0.000000000000000000e+00,9.777301449080755269e-01
5.891346786681119774e-01,2.829809832077740950e-01,1.000000000000000000e+00,2.081574056428320552e-01,0.000000000000000000e+00,0.000000000000000000e+00,9.780953401770430267e-01
5.899936758285414529e-01,2.853906638809191598e-01,9.999999999999998890e-01,2.064481143827341936e-01,0.000000000000000000e+00,0.000000000000000000e+00,9.784575494459702982e-01
5.908442471454503631e-01,2.878033315959199756e-01,9.999999999999998890e-01,2.047381928629341263e-01,0.000000000000000000e+00,0.000000000000000000e+00,9.788167716090789838e-01
5.916863822321042354e-01,2.902189568905344519e-01,1.000000000000000000e+00,2.030276463036036760e-01,0.000000000000000000e+00,0.000000000000000000e+00,9.791730055697097646e-01
5.925200708047879683e-01,2.926375102664040551e-01,1.000000000000000000e+00,2.013164799268230276e-01,0.000000000000000000e+00,0.000000000000000000e+00,9.795262502403256910e-01
5.933453026829311749e-01,2.950589621894146308e-01,1.000000000000000000e+00,1.996046989565639918e-01,0.000000000000000000e+00,0.000000000000000000e+00,9.798765045425160691e-01
5.941620677892307523e-01,2.974832830900557834e-01,1.000000000000000000e+00,1.978923086186752389e-01,0.000000000000000000e+00,0.000000000000000000e+00,9.802237674069992357e-01
5.949703561497781124e-01,2.999104433637830303e-01,1.000000000000000000e+00,1.961793141408655627e-01,0.000000000000000000e+00,0.000000000000000000e+00,9.805680377736262221e-01
5.957701578941750897e-01,3.023404133713787356e-01,1.000000000000000222e+00,1.944657207526881426e-01,0.000000000000000000e+00,0.000000000000000000e+00,9.809093145913834189e-01
5.965614632556601737e-01,3.047731634393141542e-01,1.000000000000000000e+00,1.927515336855245287e-01,0.000000000000000000e+00,0.000000000000000000e+00,9.812475968183963504e-01
5.973442625712235277e-01,3.072086638601120301e-01,1.000000000000000000e+00,1.910367581725689323e-01,0.000000000000000000e+00,0.000000000000000000e+00,9.815828834219326726e-01
5.981185462817282250e-01,3.096468848927098616e-01,1.000000000000000000e+00,1.893213994488113228e-01,0.000000000000000000e+00,0.000000000000000000e+00,9.819151733784052816e-01
5.988843049320241585e-01,3.120877967628214456e-01,1.000000000000000000e+00,1.876054627510228556e-01,0.000000000000000000e+00,0.000000000000000000e+00,9.822444656733753110e-01
5.996415291710658346e-01,3.145313696633019740e-01,1.000000000000000000e+00,1.858889533177388864e-01,0.000000000000000000e+00,0.000000000000000000e+00,9.825707593015555741e-01
6.003902097520251724e-01,3.169775737545115213e-01,1.000000000000000000e+00,1.841718763892433164e-01,0.000000000000000000e+00,0.000000000000000000e+00,9.828940532668133390e-01
6.011303375324040799e-01,3.194263791646790862e-01,1.000000000000000222e+00,1.824542372075524943e-01,0.000000000000000000e+00,0.000000000000000000e+00,9.832143465821734374e-01
6.018619034741474749e-01,3.218777559902680219e-01,1.000000000000000000e+00,1.807360410163994791e-01,0.000000000000000000e+00,0.000000000000000000e+00,9.835316382698211513e-01
6.025848986437537524e-01,3.243316742963411325e-01,9.999999999999998890e-01,1.790172930612171920e-01,0.000000000000000000e+00,0.000000000000000000e+00,9.838459273611057654e-01
6.032993142123816988e-01,3.267881041169257705e-01,9.999999999999998890e-01,1.772979985891235677e-01,0.000000000000000000e+00,0.000000000000000000e+00,9.841572128965428989e-01
6.040051414559608478e-01,3.292470154553794881e-01,9.999999999999998890e-01,1.755781628489049839e-01,0.000000000000000000e+00,0.000000000000000000e+00,9.844654939258172810e-01
6.047023717552961752e-01,3.317083782847576878e-01,1.000000000000000000e+00,1.738577910909999691e-01,0.000000000000000000e+00,0.000000000000000000e+00,9.847707695077866363e-01
6.053909965961736805e-01,3.341721625481784419e-01,1.000000000000000000e+00,1.721368885674838534e-01,0.000000000000000000e+00,0.000000000000000000e+00,9.850730387104834618e-01
6.060710075694663024e-01,3.366383381591917523e-01,1.000000000000000000e+00,1.704154605320516436e-01,0.000000000000000000e+00,0.000000000000000000e+00,9.853723006111186900e-01
6.067423963712331725e-01,3.391068750021447586e-01,1.000000000000000000e+00,1.686935122400032294e-01,0.000000000000000000e+00,0.000000000000000000e+00,9.856685542960837987e-01
6.074051548028245318e-01,3.415777429325509429e-01,1.000000000000000000e+00,1.669710489482266469e-01,0.000000000000000000e+00,0.000000000000000000e+00,9.859617988609542527e-01
6.080592747709789858e-01,3.440509117774574466e-01,1.000000000000000000e+00,1.652480759151821743e-01,0.000000000000000000e+00,0.000000000000000000e+00,9.862520334104919462e-01
6.087047482879246463e-01,3.465263513358141090e-01,1.000000000000000000e+00,1.635245984008861786e-01,0.000000000000000000e+00,0.000000000000000000e+00,9.865392570586478671e-01
6.093415674714748320e-01,3.490040313788416171e-01,1.000000000000000222e+00,1.618006216668954333e-01,0.000000000000000000e+00,0.000000000000000000e+00,9.868234689285648731e-01
6.099697245451247696e-01,3.514839216504016539e-01,1.000000000000000000e+00,1.600761509762901047e-01,0.000000000000000000e+00,0.000000000000000000e+00,9.871046681525804667e-01
6.105892118381474054e-01,3.539659918673653816e-01,9.999999999999998890e-01,1.583511915936589298e-01,0.000000000000000000e+00,0.000000000000000000e+00,9.873828538722293491e-01
6.112000217856868867e-01,3.564502117199834785e-01,9.999999999999998890e-01,1.566257487850824526e-01,0.000000000000000000e+00,0.000000000000000000e+00,9.876580252382461955e-01
6.118021469288500436e-01,3.589365508722566211e-01,1.000000000000000000e+00,1.548998278181169808e-01,0.000000000000000000e+00,0.000000000000000000e+00,9.879301814105679869e-01
6.123955799147976498e-01,3.614249789623054654e-01,1.000000000000000000e+00,1.531734339617785712e-01,0.000000000000000000e+00,0.000000000000000000e+00,9.881993215583365631e-01
6.129803134968355716e-01,3.639154656027415169e-01,9.999999999999998890e-01,1.514465724865272367e-01,0.000000000000000000e+00,0.000000000000000000e+00,9.884654448599015097e-01
6.135563405345016985e-01,3.664079803810392777e-01,1.000000000000000000e+00,1.497192486642498488e-01,0.000000000000000000e+00,0.000000000000000000e+00,9.887285505028226007e-01
6.141236539936537620e-01,3.689024928599057285e-01,1.000000000000000000e+00,1.479914677682454272e-01,0.000000000000000000e+00,0.000000000000000000e+00,9.889886376838716853e-01
6.146822469465543781e-01,3.713989725776530859e-01,9.999999999999998890e-01,1.462632350732082365e-01,0.000000000000000000e+00,0.000000000000000000e+00,9.892457056090359080e-01
6.152321125719585337e-01,3.738973890485711160e-01,1.000000000000000000e+00,1.445345558552116882e-01,0.000000000000000000e+00,0.000000000000000000e+00,9.894997534935199290e-01
6.157732441551927449e-01,3.763977117632984482e-01,1.000000000000000000e+00,1.428054353916925201e-01,0.000000000000000000e+00,0.000000000000000000e+00,9.897507805617478116e-01
6.163056350882402112e-01,3.788999101891956656e-01,1.000000000000000000e+00,1.410758789614346698e-01,0.000000000000000000e+00,0.000000000000000000e+00,9.899987860473661305e-01
6.168292788698196416e-01,3.814039537707189509e-01,1.000000000000000000e+00,1.393458918445523720e-01,0.000000000000000000e+00,0.000000000000000000e+00,9.902437691932458597e-01
6.173441691054660785e-01,3.839098119297917333e-01,1.000000000000000000e+00,1.376154793224753647e-01,0.000000000000000000e+00,0.000000000000000000e+00,9.904857292514845923e-01
6.178502995076076143e-01,3.864174540661785562e-01,9.999999999999998890e-01,1.358846466779318474e-01,0.000000000000000000e+00,0.000000000000000000e+00,9.907246654834095390e-01
6.183476638956441063e-01,3.889268495578593887e-01,9.999999999999998890e-01,1.341533991949326876e-01,0.000000000000000000e+00,0.000000000000000000e+00,9.909605771595785262e-01
6.188362561960198960e-01,3.914379677614030495e-01,1.000000000000000000e+00,1.324217421587551013e-01,0.000000000000000000e+00,0.000000000000000000e+00,9.911934635597836607e-01
6.193160704423005258e-01,3.939507780123412406e-01,9.999999999999998890e-01,1.306896808559268597e-01,0.000000000000000000e+00,0.000000000000000000e+00,9.914233239730523284e-01
6.197871007752445704e-01,3.964652496255438030e-01,1.000000000000000000e+00,1.289572205742093025e-01,0.000000000000000000e+00,0.000000000000000000e+00,9.916501576976503030e-01
6.202493414428739138e-01,3.989813518955925842e-01,1.000000000000000000e+00,1.272243666025824060e-01,0.000000000000000000e+00,0.000000000000000000e+00,9.918739640410830782e-01
6.207027868005468019e-01,4.014990540971564714e-01,1.000000000000000000e+00,1.254911242312278241e-01,0.000000000000000000e+00,0.000000000000000000e+00,9.920947423200984217e-01
6.211474313110243450e-01,4.040183254853672024e-01,9.999999999999998890e-01,1.237574987515129288e-01,0.000000000000000000e+00,0.000000000000000000e+00,9.923124918606887057e-01
6.215832695445401290e-01,4.065391352961941207e-01,1.000000000000000000e+00,1.220234954559747537e-01,0.000000000000000000e+00,0.000000000000000000e+00,9.925272119980921293e-01
6.220102961788636087e-01,4.090614527468200423e-01,1.000000000000000000e+00,1.202891196383038680e-01,0.000000000000000000e+00,0.000000000000000000e+00,9.927389020767957151e-01
6.224285059993680536e-01,4.115852470360180648e-01,1.000000000000000000e+00,1.185543765933275012e-01,0.000000000000000000e+00,0.000000000000000000e+00,9.929475614505367531e-01
6.228378938990930536e-01,4.141104873445260459e-01,1.000000000000000000e+00,1.168192716169946521e-01,0.000000000000000000e+00,0.000000000000000000e+00,9.931531894823047990e-01
6.232384548788070244e-01,4.166371428354243012e-01,1.000000000000000000e+00,1.150838100063589775e-01,0.000000000000000000e+00,0.000000000000000000e+00,9.933557855443437834e-01
6.236301840470671598e-01,4.191651826545112480e-01,1.000000000000000000e+00,1.133479970595629299e-01,0.000000000000000000e+00,0.000000000000000000e+00,9.935553490181537883e-01
6.240130766202811596e-01,4.216945759306806041e-01,9.999999999999998890e-01,1.116118380758217843e-01,0.000000000000000000e+00,0.000000000000000000e+00,9.937518792944929347e-01
6.243871279227641846e-01,4.242252917762994180e-01,1.000000000000000000e+00,1.098753383554065127e-01,0.000000000000000000e+00,0.000000000000000000e+00,9.939453757733797135e-01
6.247523333867963657e-01,4.267572992875828253e-01,9.999999999999998890e-01,1.081385031996290047e-01,0.000000000000000000e+00,0.000000000000000000e+00,9.941358378640937632e-01
6.251086885526794257e-01,4.292905675449736336e-01,1.000000000000000000e+00,1.064013379108249696e-01,0.000000000000000000e+00,0.000000000000000000e+00,9.943232649851789784e-01
6.254561890687886372e-01,4.318250656135187437e-01,1.000000000000000000e+00,1.046638477923379773e-01,0.000000000000000000e+00,0.000000000000000000e+00,9.945076565644440647e-01
6.257948306916295556e-01,4.343607625432472918e-01,1.000000000000000000e+00,1.029260381485032211e-01,0.000000000000000000e+00,0.000000000000000000e+00,9.946890120389653145e-01
6.261246092858862022e-01,4.368976273695483470e-01,1.000000000000000000e+00,1.011879142846316415e-01,0.000000000000000000e+00,0.000000000000000000e+00,9.948673308550874950e-01
6.264455208244743556e-01,4.394356291135501635e-01,1.000000000000000000e+00,9.944948150699274569e-02,0.000000000000000000e+00,0.000000000000000000e+00,9.950426124684260687e-01
6.267575613885896235e-01,4.419747367824964357e-01,1.000000000000000000e+00,9.771074512279979973e-02,0.000000000000000000e+00,0.000000000000000000e+00,9.952148563438687479e-01
6.270607271677546279e-01,4.445149193701263823e-01,1.000000000000000000e+00,9.597171044019271735e-02,0.000000000000000000e+00,0.000000000000000000e+00,9.953840619555769376e-01
6.273550144598670775e-01,4.470561458570526669e-01,9.999999999999998890e-01,9.423238276822207271e-02,0.000000000000000000e+00,0.000000000000000000e+00,9.955502287869876232e-01
6.276404196712439543e-01,4.495983852111408163e-01,1.000000000000000000e+00,9.249276741683293279e-02,0.000000000000000000e+00,0.000000000000000000e+00,9.957133563308144808e-01
6.279169393166650348e-01,4.521416063878868630e-01,1.000000000000000000e+00,9.075286969684874527e-02,0.000000000000000000e+00,0.000000000000000000e+00,9.958734440890503192e-01
6.281845700194165216e-01,4.546857783307987066e-01,1.000000000000000000e+00,8.901269491995443539e-02,0.000000000000000000e+00,0.000000000000000000e+00,9.960304915729674136e-01
6.284433085113314554e-01,4.572308699717728686e-01,1.000000000000000000e+00,8.727224839868134854e-02,0.000000000000000000e+00,0.000000000000000000e+00,9.961844983031199474e-01
6.286931516328304603e-01,4.597768502314752981e-01,1.000000000000000000e+00,8.553153544639023609e-02,0.000000000000000000e+00,0.000000000000000000e+00,9.963354638093451232e-01
6.289340963329592693e-01,4.623236880197207910e-01,1.000000000000000000e+00,8.379056137725521269e-02,0.000000000000000000e+00,0.000000000000000000e+00,9.964833876307644944e-01
6.291661396694266939e-01,4.648713522358521866e-01,1.000000000000000000e+00,8.204933150624756089e-02,0.000000000000000000e+00,0.000000000000000000e+00,9.966282693157855199e-01
6.293892788086398182e-01,4.674198117691201748e-01,9.999999999999998890e-01,8.030785114911970224e-02,0.000000000000000000e+00,0.000000000000000000e+00,9.967701084221028962e-01
6.296035110257400813e-01,4.699690354990644914e-01,9.999999999999998890e-01,7.856612562238811381e-02,0.000000000000000000e+00,0.000000000000000000e+00,9.969089045167001117e-01
6.298088337046354734e-01,4.725189922958918931e-01,1.000000000000000000e+00,7.682416024331839566e-02,0.000000000000000000e+00,0.000000000000000000e+00,9.970446571758503351e-01
6.300052443380319556e-01,4.750696510208576306e-01,1.000000000000000000e+00,7.508196032990817337e-02,0.000000000000000000e+00,0.000000000000000000e+00,9.971773659851180804e-01
6.301927405274649896e-01,4.776209805266453667e-01,9.999999999999998890e-01,7.333953120087105537e-02,0.000000000000000000e+00,0.000000000000000000e+00,9.973070305393602064e-01
6.303713199833290703e-01,4.801729496577475942e-01,9.999999999999998890e-01,7.159687817562045142e-02,0.000000000000000000e+00,0.000000000000000000e+00,9.974336504427276928e-01
6.305409805249049260e-01,4.827255272508454986e-01,1.000000000000000000e+00,6.985400657425347437e-02,0.000000000000000000e+00,0.000000000000000000e+00,9.975572253086657515e-01
6.307017200803862744e-01,4.852786821351913193e-01,1.000000000000000000e+00,6.811092171753391211e-02,0.000000000000000000e+00,0.000000000000000000e+00,9.976777547599164908e-01
6.308535366869046923e-01,4.878323831329864912e-01,9.999999999999998890e-01,6.636762892687719795e-02,0.000000000000000000e+00,0.000000000000000000e+00,9.977952384285186938e-01
6.309964284905558163e-01,4.903865990597641167e-01,1.000000000000000000e+00,6.462413352433341029e-02,0.000000000000000000e+00,0.000000000000000000e+00,9.979096759558097052e-01
6.311303937464187719e-01,4.929412987247691058e-01,1.000000000000000000e+00,6.288044083257110506e-02,0.000000000000000000e+00,0.000000000000000000e+00,9.980210669924265421e-01
6.312554308185800434e-01,4.954964509313393162e-01,1.000000000000000000e+00,6.113655617486116883e-02,0.000000000000000000e+00,0.000000000000000000e+00,9.981294111983064488e-01
6.313715381801513482e-01,4.980520244772859706e-01,1.000000000000000000e+00,5.939248487506075536e-02,0.000000000000000000e+00,0.000000000000000000e+00,9.982347082426886731e-01
6.314787144132902874e-01,5.006079881552761845e-01,1.000000000000000000e+00,5.764823225759616726e-02,0.000000000000000000e+00,0.000000000000000000e+00,9.983369578041144665e-01
6.315769582092165546e-01,5.031643107532118853e-01,9.999999999999998890e-01,5.590380364744787500e-02,0.000000000000000000e+00,0.000000000000000000e+00,9.984361595704291936e-01
6.316662683682283674e-01,5.057209610546126166e-01,1.000000000000000000e+00,5.415920437013343330e-02,0.000000000000000000e+00,0.000000000000000000e+00,9.985323132387825540e-01
6.317466437997163453e-01,5.082779078389959571e-01,1.000000000000000000e+00,5.241443975169142455e-02,0.000000000000000000e+00,0.000000000000000000e+00,9.986254185156295815e-01
6.318180835221771652e-01,5.108351198822587147e-01,9.999999999999998890e-01,5.066951511866540220e-02,0.000000000000000000e+00,0.000000000000000000e+00,9.987154751167317546e-01
6.318805866632272172e-01,5.133925659570595101e-01,1.000000000000000000e+00,4.892443579808676557e-02,0.000000000000000000e+00,0.000000000000000000e+00,9.988024827671579953e-01
6.319341524596093773e-01,5.159502148331981397e-01,1.000000000000000000e+00,4.717920711745983431e-02,0.000000000000000000e+00,0.000000000000000000e+00,9.988864412012847804e-01
6.319787802572071067e-01,5.185080352779981583e-01,1.000000000000000222e+00,4.543383440474466073e-02,0.000000000000000000e+00,0.000000000000000000e+00,9.989673501627980290e-01
6.320144695110480049e-01,5.210659960566879079e-01,1.000000000000000000e+00,4.368832298834102179e-02,0.000000000000000000e+00,0.000000000000000000e+00,9.990452094046927689e-01
6.320412197853140235e-01,5.236240659327823233e-01,1.000000000000000000e+00,4.194267819707214046e-02,0.000000000000000000e+00,0.000000000000000000e+00,9.991200186892748025e-01
6.320590307533446861e-01,5.261822136684635165e-01,9.999999999999998890e-01,4.019690536016862908e-02,0.000000000000000000e+00,0.000000000000000000e+00,9.991917777881609286e-01
6.320679021976421952e-01,5.287404080249641369e-01,9.999999999999998890e-01,3.845100980725135037e-02,0.000000000000000000e+00,0.000000000000000000e+00,9.992604864822798305e-01
6.320678340098726533e-01,5.312986177629460682e-01,1.000000000000000000e+00,3.670499686831646402e-02,0.000000000000000000e+00,0.000000000000000000e+00,9.993261445618726313e-01
6.320588261908681726e-01,5.338568116428840105e-01,1.000000000000000000e+00,3.495887187371826688e-02,0.000000000000000000e+00,0.000000000000000000e+00,9.993887518264936709e-01
6.320408788506280962e-01,5.364149584254461756e-01,1.000000000000000000e+00,3.321264015415316406e-02,0.000000000000000000e+00,0.000000000000000000e+00,9.994483080850108392e-01
6.320139922083162221e-01,5.389730268718760930e-01,1.000000000000000000e+00,3.146630704064336259e-02,0.000000000000000000e+00,0.000000000000000000e+00,9.995048131556065751e-01
6.319781665922580283e-01,5.415309857443734165e-01,1.000000000000000000e+00,2.971987786452084251e-02,0.000000000000000000e+00,0.000000000000000000e+00,9.995582668657780889e-01
6.319334024399371197e-01,5.440888038064767285e-01,1.000000000000000000e+00,2.797335795741017969e-02,0.000000000000000000e+00,0.000000000000000000e+00,9.996086690523380280e-01
6.318797002979901212e-01,5.466464498234433478e-01,9.999999999999998890e-01,2.622675265121360982e-02,0.000000000000000000e+00,0.000000000000000000e+00,9.996560195614149213e-01
6.318170608221994611e-01,5.492038925626318013e-01,9.999999999999998890e-01,2.448006727809385122e-02,0.000000000000000000e+00,0.000000000000000000e+00,9.997003182484539563e-01
6.317454847774862658e-01,5.517611007938828527e-01,1.000000000000000000e+00,2.273330717045807942e-02,0.000000000000000000e+00,0.000000000000000000e+00,9.997415649782165348e-01
6.316649730378997019e-01,5.543180432899010857e-01,1.000000000000000000e+00,2.098647766094159303e-02,0.000000000000000000e+00,0.000000000000000000e+00,9.997797596247819385e-01
6.315755265866074275e-01,5.568746888266355999e-01,1.000000000000000000e+00,1.923958408239180920e-02,0.000000000000000000e+00,0.000000000000000000e+00,9.998149020715467739e-01
6.314771465158819375e-01,5.594310061836629266e-01,9.999999999999998890e-01,1.749263176785106552e-02,0.000000000000000000e+00,0.000000000000000000e+00,9.998469922112254160e-01
6.313698340270909037e-01,5.619869641445661701e-01,1.000000000000000000e+00,1.574562605054168410e-02,0.000000000000000000e+00,0.000000000000000000e+00,9.998760299458511192e-01
6.312535904306775247e-01,5.645425314973173680e-01,1.000000000000000000e+00,1.399857226384878736e-02,0.000000000000000000e+00,0.000000000000000000e+00,9.999020151867751283e-01
6.311284171461484238e-01,5.670976770346587426e-01,1.000000000000000000e+00,1.225147574130425882e-02,0.000000000000000000e+00,0.000000000000000000e+00,9.999249478546679004e-01
6.309943157020544424e-01,5.696523695544831734e-01,1.000000000000000000e+00,1.050434181657044358e-02,0.000000000000000000e+00,0.000000000000000000e+00,9.999448278795188827e-01
6.308512877359724325e-01,5.722065778602154484e-01,9.999999999999998890e-01,8.757175823424093522e-03,0.000000000000000000e+00,0.000000000000000000e+00,9.999616552006369563e-01
6.306993349944864935e-01,5.747602707611942918e-01,1.000000000000000000e+00,7.009983095739193495e-03,0.000000000000000000e+00,0.000000000000000000e+00,9.999754297666505476e-01
6.305384593331631038e-01,5.773134170730512826e-01,1.000000000000000000e+00,5.262768967472014094e-03,0.000000000000000000e+00,0.000000000000000000e+00,9.999861515355075170e-01
6.303686627165324685e-01,5.798659856180928829e-01,1.000000000000000000e+00,3.515538772643936154e-03,0.000000000000000000e+00,0.000000000000000000e+00,9.999938204744757142e-01
6.301899472180629846e-01,5.824179452256811329e-01,1.000000000000000222e+00,1.768297845325389386e-03,0.000000000000000000e+00,0.000000000000000000e+00,9.999984365601429781e-01
6.300023150201348177e-01,5.849692647326136807e-01,1.000000000000000000e+00,2.105151961979094335e-05,0.000000000000000000e+00,0.000000000000000000e+00,9.999999997784168038e-01
6.298057684140145884e-01,5.875199129835054768e-01,1.000000000000000000e+00,-1.726194870353628050e-03,0.000000000000000000e+00,0.000000000000000000e+00,9.999985101245248975e-01
6.296003097998270626e-01,5.900698588311680259e-01,1.000000000000000000e+00,-3.473435990474773357e-03,0.000000000000000000e+00,0.000000000000000000e+00,9.999939676030151769e-01
6.293859416865262846e-01,5.926190711369901942e-01,1.000000000000000000e+00,-5.220666506639861683e-03,0.000000000000000000e+00,0.000000000000000000e+00,9.999863722277551048e-01
6.291626666918639366e-01,5.951675187713184600e-01,1.000000000000000222e+00,-6.967881084777483199e-03,0.000000000000000000e+00,0.000000000000000000e+00,9.999757240219326881e-01
6.289304875423574748e-01,5.977151706138372766e-01,1.000000000000000000e+00,-8.715074390864881865e-03,0.000000000000000000e+00,0.000000000000000000e+00,9.999620230180552571e-01
6.286894070732585993e-01,6.002619955539484353e-01,1.000000000000000000e+00,-1.046224109094402201e-02,0.000000000000000000e+00,0.000000000000000000e+00,9.999452692579504642e-01
6.284394282285157285e-01,6.028079624911525380e-01,1.000000000000000000e+00,-1.220937585113876164e-02,0.000000000000000000e+00,0.000000000000000000e+00,9.999254627927651740e-01
6.281805540607406924e-01,6.053530403354264733e-01,1.000000000000000000e+00,-1.395647333766979539e-02,0.000000000000000000e+00,0.000000000000000000e+00,9.999026036829661290e-01
6.279127877311704298e-01,6.078971980076046666e-01,9.999999999999998890e-01,-1.570352821687183778e-02,0.000000000000000000e+00,0.000000000000000000e+00,9.998766919983392842e-01
6.276361325096276866e-01,6.104404044397584439e-01,1.000000000000000000e+00,-1.745053515520967463e-02,0.000000000000000000e+00,0.000000000000000000e+00,9.998477278179896954e-01
6.273505917744814919e-01,6.129826285755748394e-01,9.999999999999998890e-01,-1.919748881929444345e-02,0.000000000000000000e+00,0.000000000000000000e+00,9.998157112303411864e-01
6.270561690126069676e-01,6.155238393707359590e-01,1.000000000000000000e+00,-2.094438387589971431e-02,0.000000000000000000e+00,0.000000000000000000e+00,9.997806423331364600e-01
6.267528678193420300e-01,6.180640057932994536e-01,1.000000000000000000e+00,-2.269121499197862893e-02,0.000000000000000000e+00,0.000000000000000000e+00,9.997425212334363209e-01
6.264406918984423145e-01,6.206030968240751067e-01,1.000000000000000000e+00,-2.443797683467887824e-02,0.000000000000000000e+00,0.000000000000000000e+00,9.997013480476195646e-01
6.261196450620376552e-01,6.231410814570053081e-01,1.000000000000000000e+00,-2.618466407135984150e-02,0.000000000000000000e+00,0.000000000000000000e+00,9.996571229013826443e-01
6.257897312305853443e-01,6.256779286995430844e-01,1.000000000000000000e+00,-2.793127136960868104e-02,0.000000000000000000e+00,0.000000000000000000e+00,9.996098459297393379e-01
6.254509544328210602e-01,6.282136075730307967e-01,1.000000000000000222e+00,-2.967779339725658272e-02,0.000000000000000000e+00,0.000000000000000000e+00,9.995595172770203041e-01
6.251033188057101286e-01,6.307480871130777267e-01,9.999999999999998890e-01,-3.142422482239484033e-02,0.000000000000000000e+00,0.000000000000000000e+00,9.995061370968721937e-01
6.247468285943992283e-01,6.332813363699403286e-01,1.000000000000000000e+00,-3.317056031339201544e-02,0.000000000000000000e+00,0.000000000000000000e+00,9.994497055522582052e-01
6.243814881521597693e-01,6.358133244088968183e-01,1.000000000000000000e+00,-3.491679453890886298e-02,0.000000000000000000e+00,0.000000000000000000e+00,9.993902228154564193e-01
6.240073019403400423e-01,6.383440203106280908e-01,1.000000000000000000e+00,-3.666292216791552927e-02,0.000000000000000000e+00,0.000000000000000000e+00,9.993276890680601321e-01
6.236242745283062661e-01,6.408733931715928644e-01,1.000000000000000000e+00,-3.840893786970756701e-02,0.000000000000000000e+00,0.000000000000000000e+00,9.992621045009767444e-01
6.232324105933906289e-01,6.434014121044071555e-01,1.000000000000000000e+00,-4.015483631392224861e-02,0.000000000000000000e+00,0.000000000000000000e+00,9.991934693144276514e-01
6.228317149208310033e-01,6.459280462382194221e-01,1.000000000000000000e+00,-4.190061217055458115e-02,0.000000000000000000e+00,0.000000000000000000e+00,9.991217837179473538e-01
6.224221924037142140e-01,6.484532647190899279e-01,9.999999999999998890e-01,-4.364626010997448013e-02,0.000000000000000000e+00,0.000000000000000000e+00,9.990470479303826812e-01
6.220038480429166405e-01,6.509770367103648869e-01,1.000000000000000000e+00,-4.539177480294172978e-02,0.000000000000000000e+00,0.000000000000000000e+00,9.989692621798925698e-01
6.215766869470414901e-01,6.534993313930548275e-01,1.000000000000000000e+00,-4.713715092062310819e-02,0.000000000000000000e+00,0.000000000000000000e+00,9.988884267039469522e-01
6.211407143323572910e-01,6.560201179662101811e-01,9.999999999999998890e-01,-4.888238313460843004e-02,0.000000000000000000e+00,0.000000000000000000e+00,9.988045417493260913e-01
6.206959355227349429e-01,6.585393656472976476e-01,1.000000000000000000e+00,-5.062746611692663795e-02,0.000000000000000000e+00,0.000000000000000000e+00,9.987176075721201363e-01
6.202423559495818806e-01,6.610570436725767829e-01,9.999999999999998890e-01,-5.237239454006290679e-02,0.000000000000000000e+00,0.000000000000000000e+00,9.986276244377280120e-01
6.197799811517755719e-01,6.635731212974740334e-01,1.000000000000000222e+00,-5.411716307697360395e-02,0.000000000000000000e+00,0.000000000000000000e+00,9.985345926208567535e-01
6.193088167755961271e-01,6.660875677969594344e-01,1.000000000000000000e+00,-5.586176640110341457e-02,0.000000000000000000e+00,0.000000000000000000e+00,9.984385124055203953e-01
6.188288685746576867e-01,6.686003524659215325e-01,1.000000000000000222e+00,-5.760619918640141890e-02,0.000000000000000000e+00,0.000000000000000000e+00,9.983393840850398604e-01
6.183401424098378119e-01,6.711114446195421968e-01,1.000000000000000000e+00,-5.935045610733732241e-02,0.000000000000000000e+00,0.000000000000000000e+00,9.982372079620409622e-01
6.178426442492058746e-01,6.736208135936713193e-01,1.000000000000000000e+00,-6.109453183891749156e-02,0.000000000000000000e+00,0.000000000000000000e+00,9.981319843484545151e-01
6.173363801679507823e-01,6.761284287452018482e-01,1.000000000000000222e+00,-6.283842105670210676e-02,0.000000000000000000e+00,0.000000000000000000e+00,9.980237135655147807e-01
6.168213563483053719e-01,6.786342594524430449e-01,1.000000000000000000e+00,-6.458211843682011566e-02,0.000000000000000000e+00,0.000000000000000000e+00,9.979123959437584679e-01
6.162975790794726905e-01,6.811382751154949622e-01,1.000000000000000000e+00,-6.632561865598629591e-02,0.000000000000000000e+00,0.000000000000000000e+00,9.977980318230241785e-01
6.157650547575475031e-01,6.836404451566220342e-01,1.000000000000000000e+00,-6.806891639151736728e-02,0.000000000000000000e+00,0.000000000000000000e+00,9.976806215524508525e-01
6.152237898854404641e-01,6.861407390206263335e-01,1.000000000000000000e+00,-6.981200632134819395e-02,0.000000000000000000e+00,0.000000000000000000e+00,9.975601654904771021e-01
6.146737910727959608e-01,6.886391261752209392e-01,1.000000000000000000e+00,-7.155488312404782725e-02,0.000000000000000000e+00,0.000000000000000000e+00,9.974366640048398791e-01
6.141150650359130658e-01,6.911355761114031937e-01,1.000000000000000222e+00,-7.329754147883663085e-02,0.000000000000000000e+00,0.000000000000000000e+00,9.973101174725734763e-01
6.135476185976629360e-01,6.936300583438258505e-01,9.999999999999998890e-01,-7.503997606560118550e-02,0.000000000000000000e+00,0.000000000000000000e+00,9.971805262800080838e-01
6.129714586874071003e-01,6.961225424111708859e-01,1.000000000000000000e+00,-7.678218156491144197e-02,0.000000000000000000e+00,0.000000000000000000e+00,9.970478908227693449e-01
6.123865923409090861e-01,6.986129978765204251e-01,1.000000000000000000e+00,-7.852415265803673605e-02,0.000000000000000000e+00,0.000000000000000000e+00,9.969122115057761357e-01
6.117930267002530398e-01,7.011013943277289995e-01,1.000000000000000000e+00,-8.026588402696198388e-02,0.000000000000000000e+00,0.000000000000000000e+00,9.967734887432401214e-01
6.111907690137531324e-01,7.035877013777944722e-01,9.999999999999998890e-01,-8.200737035440376632e-02,0.000000000000000000e+00,0.000000000000000000e+00,9.966317229586642013e-01
6.105798266358668513e-01,7.060718886652304072e-01,1.000000000000000000e+00,-8.374860632382738479e-02,0.000000000000000000e+00,0.000000000000000000e+00,9.964869145848411769e-01
6.099602070271047394e-01,7.085539258544344410e-01,1.000000000000000222e+00,-8.548958661946177984e-02,0.000000000000000000e+00,0.000000000000000000e+00,9.963390640638525309e-01
6.093319177539380238e-01,7.110337826360608737e-01,1.000000000000000000e+00,-8.723030592631667024e-02,0.000000000000000000e+00,0.000000000000000000e+00,9.961881718470668723e-01
6.086949664887087996e-01,7.135114287273899292e-01,1.000000000000000000e+00,-8.897075893019854020e-02,0.000000000000000000e+00,0.000000000000000000e+00,9.960342383951389378e-01
6.080493610095342172e-01,7.159868338726973480e-01,1.000000000000000000e+00,-9.071094031772686250e-02,0.000000000000000000e+00,0.000000000000000000e+00,9.958772641780079260e-01
6.073951092002122243e-01,7.184599678436243142e-01,1.000000000000000000e+00,-9.245084477635007181e-02,0.000000000000000000e+00,0.000000000000000000e+00,9.957172496748960544e-01
6.067322190501250878e-01,7.209308004395466041e-01,9.999999999999998890e-01,-9.419046699436273151e-02,0.000000000000000000e+00,0.000000000000000000e+00,9.955541953743070049e-01
6.060606986541422492e-01,7.233993014879429584e-01,9.999999999999998890e-01,-9.592980166092036909e-02,0.000000000000000000e+00,0.000000000000000000e+00,9.953881017740248138e-01
6.053805562125215145e-01,7.258654408447640094e-01,1.000000000000000000e+00,-9.766884346605660128e-02,0.000000000000000000e+00,0.000000000000000000e+00,9.952189693811120952e-01
6.046918000308076913e-01,7.283291883947995426e-01,9.999999999999998890e-01,-9.940758710069907966e-02,0.000000000000000000e+00,0.000000000000000000e+00,9.950467987119082647e-01
6.039944385197334453e-01,7.307905140520475351e-01,9.999999999999998890e-01,-1.011460272566857832e-01,0.000000000000000000e+00,0.000000000000000000e+00,9.948715902920285403e-01
6.032884801951134968e-01,7.332493877600799737e-01,1.000000000000000000e+00,-1.028841586267809360e-01,0.000000000000000000e+00,0.000000000000000000e+00,9.946933446563616110e-01
6.025739336777441446e-01,7.357057794924123373e-01,1.000000000000000000e+00,-1.046219759046920633e-01,0.000000000000000000e+00,0.000000000000000000e+00,9.945120623490687484e-01
6.018508076932951312e-01,7.381596592528669731e-01,1.000000000000000000e+00,-1.063594737850849653e-01,0.000000000000000000e+00,0.000000000000000000e+00,9.943277439235816972e-01
6.011191110722038378e-01,7.406109970759422456e-01,9.999999999999998890e-01,-1.080966469636007038e-01,0.000000000000000000e+00,0.000000000000000000e+00,9.941403899426010105e-01
6.003788527495697025e-01,7.430597630271766896e-01,9.999999999999998890e-01,-1.098334901368716865e-01,0.000000000000000000e+00,0.000000000000000000e+00,9.939500009780942724e-01
5.996300417650410886e-01,7.455059272035154949e-01,1.000000000000000000e+00,-1.115699980025374599e-01,0.000000000000000000e+00,0.000000000000000000e+00,9.937565776112949889e-01
5.988726872627079256e-01,7.479494597336756589e-01,9.999999999999998890e-01,-1.133061652592619456e-01,0.000000000000000000e+00,0.000000000000000000e+00,9.935601204326997005e-01
5.981067984909893553e-01,7.503903307785099175e-01,1.000000000000000000e+00,-1.150419866067482477e-01,0.000000000000000000e+00,0.000000000000000000e+00,9.933606300420672053e-01
5.973323848025202665e-01,7.528285105313720083e-01,1.000000000000000000e+00,-1.167774567457556673e-01,0.000000000000000000e+00,0.000000000000000000e+00,9.931581070484161167e-01
5.965494556540373861e-01,7.552639692184801579e-01,1.000000000000000000e+00,-1.185125703781157447e-01,0.000000000000000000e+00,0.000000000000000000e+00,9.929525520700231978e-01
5.957580206062634831e-01,7.576966770992811240e-01,1.000000000000000000e+00,-1.202473222067483444e-01,0.000000000000000000e+00,0.000000000000000000e+00,9.927439657344215851e-01
5.949580893237916834e-01,7.601266044668120170e-01,9.999999999999998890e-01,-1.219817069356776834e-01,0.000000000000000000e+00,0.000000000000000000e+00,9.925323486783986793e-01
5.941496715749667867e-01,7.625537216480663405e-01,1.000000000000000000e+00,-1.237157192700493319e-01,0.000000000000000000e+00,0.000000000000000000e+00,9.923177015479943686e-01
5.933327772317639193e-01,7.649779990043518163e-01,1.000000000000000000e+00,-1.254493539161450899e-01,0.000000000000000000e+00,0.000000000000000000e+00,9.921000249984986974e-01
5.925074162696729596e-01,7.673994069316559807e-01,1.000000000000000000e+00,-1.271826055813999878e-01,0.000000000000000000e+00,0.000000000000000000e+00,9.918793196944505342e-01
5.916735987675713071e-01,7.698179158610057859e-01,1.000000000000000000e+00,-1.289154689744182458e-01,0.000000000000000000e+00,0.000000000000000000e+00,9.916555863096349066e-01
5.908313349076053100e-01,7.722334962588293106e-01,1.000000000000000000e+00,-1.306479388049894830e-01,0.000000000000000000e+00,0.000000000000000000e+00,9.914288255270812256e-01
5.899806349750615908e-01,7.746461186273162491e-01,1.000000000000000000e+00,-1.323800097841045242e-01,0.000000000000000000e+00,0.000000000000000000e+00,9.911990380390612865e-01
5.891215093582453655e-01,7.770557535047791786e-01,1.000000000000000000e+00,-1.341116766239725533e-01,0.000000000000000000e+00,0.000000000000000000e+00,9.909662245470867159e-01
5.882539685483509917e-01,7.794623714660108282e-01,1.000000000000000000e+00,-1.358429340380357953e-01,0.000000000000000000e+00,0.000000000000000000e+00,9.907303857619074172e-01
5.873780231393350704e-01,7.818659431226457901e-01,1.000000000000000222e+00,-1.375737767409867529e-01,0.000000000000000000e+00,0.000000000000000000e+00,9.904915224035091281e-01
5.864936838277872155e-01,7.842664391235186772e-01,9.999999999999998890e-01,-1.393041994487838608e-01,0.000000000000000000e+00,0.000000000000000000e+00,9.902496352011109781e-01
5.856009614127990481e-01,7.866638301550219481e-01,1.000000000000000000e+00,-1.410341968786678335e-01,0.000000000000000000e+00,0.000000000000000000e+00,9.900047248931639343e-01
5.846998667958313023e-01,7.890580869414641763e-01,1.000000000000000000e+00,-1.427637637491774303e-01,0.000000000000000000e+00,0.000000000000000000e+00,9.897567922273476926e-01
5.837904109805819308e-01,7.914491802454289848e-01,9.999999999999998890e-01,-1.444928947801664976e-01,0.000000000000000000e+00,0.000000000000000000e+00,9.895058379605690124e-01
5.828726050728527674e-01,7.938370808681292079e-01,1.000000000000000000e+00,-1.462215846928189011e-01,0.000000000000000000e+00,0.000000000000000000e+00,9.892518628589590524e-01
5.819464602804110820e-01,7.962217596497658256e-01,1.000000000000000000e+00,-1.479498282096652628e-01,0.000000000000000000e+00,0.000000000000000000e+00,9.889948676978715936e-01
5.810119879128550213e-01,7.986031874698833466e-01,1.000000000000000000e+00,-1.496776200545990587e-01,0.000000000000000000e+00,0.000000000000000000e+00,9.887348532618798203e-01
5.800691993814747205e-01,8.009813352477249682e-01,1.000000000000000000e+00,-1.514049549528926897e-01,0.000000000000000000e+00,0.000000000000000000e+00,9.884718203447746543e-01
5.791181061991128587e-01,8.033561739425878478e-01,1.000000000000000000e+00,-1.531318276312132465e-01,0.000000000000000000e+00,0.000000000000000000e+00,9.882057697495619797e-01
5.781587199800242161e-01,8.057276745541791518e-01,1.000000000000000000e+00,-1.548582328176396905e-01,0.000000000000000000e+00,0.000000000000000000e+00,9.879367022884602001e-01
5.771910524397335651e-01,8.080958081229675516e-01,1.000000000000000000e+00,-1.565841652416774255e-01,0.000000000000000000e+00,0.000000000000000000e+00,9.876646187828979073e-01
5.762151153948930071e-01,8.104605457305390503e-01,1.000000000000000000e+00,-1.583096196342754225e-01,0.000000000000000000e+00,0.000000000000000000e+00,9.873895200635112168e-01
5.752309207631376431e-01,8.128218584999491458e-01,1.000000000000000000e+00,-1.600345907278419577e-01,0.000000000000000000e+00,0.000000000000000000e+00,9.871114069701414362e-01
5.742384805629404676e-01,8.151797175960759922e-01,1.000000000000000000e+00,-1.617590732562607936e-01,0.000000000000000000e+00,0.000000000000000000e+00,9.868302803518321786e-01
5.732378069134638210e-01,8.175340942259710086e-01,1.000000000000000000e+00,-1.634830619549070274e-01,0.000000000000000000e+00,0.000000000000000000e+00,9.865461410668271425e-01
5.722289120344137281e-01,8.198849596392138173e-01,1.000000000000000000e+00,-1.652065515606639667e-01,0.000000000000000000e+00,0.000000000000000000e+00,9.862589899825672246e-01
5.712118082458885748e-01,8.222322851282594103e-01,9.999999999999998890e-01,-1.669295368119379230e-01,0.000000000000000000e+00,0.000000000000000000e+00,9.859688279756880780e-01
5.701865079682313375e-01,8.245760420287913117e-01,1.000000000000000222e+00,-1.686520124486752814e-01,0.000000000000000000e+00,0.000000000000000000e+00,9.856756559320170030e-01
5.691530237218738186e-01,8.269162017200701875e-01,1.000000000000000000e+00,-1.703739732123779882e-01,0.000000000000000000e+00,0.000000000000000000e+00,9.853794747465708381e-01
5.681113681271884319e-01,8.292527356252841209e-01,1.000000000000000000e+00,-1.720954138461197880e-01,0.000000000000000000e+00,0.000000000000000000e+00,9.850802853235530732e-01
5.670615539043313280e-01,8.315856152118983324e-01,1.000000000000000222e+00,-1.738163290945629047e-01,0.000000000000000000e+00,0.000000000000000000e+00,9.847780885763506298e-01
