-8.022788370481684916e-01,4.539527733499604256e-01,1.050000000000000044e+00,9.961946980917455452e-01,0.000000000000000000e+00,0.000000000000000000e+00,-8.715574274765816587e-02
-8.020500979553198961e-01,4.520158240504414948e-01,1.050000000000000044e+00,9.963230271804159877e-01,0.000000000000000000e+00,0.000000000000000000e+00,-8.567628324135011242e-02
-8.018156070827306969e-01,4.500795626548191875e-01,1.049999999999999822e+00,9.964491591090141043e-01,0.000000000000000000e+00,0.000000000000000000e+00,-8.419663479580892507e-02
-8.015753664988620741e-01,4.481440062429916660e-01,1.050000000000000266e+00,9.965730935993849515e-01,0.000000000000000000e+00,0.000000000000000000e+00,-8.271680067405716430e-02
-8.013293783228929712e-01,4.462091718886377345e-01,1.050000000000000044e+00,9.966948303782195984e-01,0.000000000000000000e+00,0.000000000000000000e+00,-8.123678413952684085e-02
-8.010776447247017762e-01,4.442750766590675138e-01,1.050000000000000266e+00,9.968143691770560144e-01,0.000000000000000000e+00,0.000000000000000000e+00,-7.975658845605217151e-02
-8.008201679248491134e-01,4.423417376150708957e-01,1.049999999999999822e+00,9.969317097322786259e-01,0.000000000000000000e+00,0.000000000000000000e+00,-7.827621688786252918e-02
-8.005569501945553057e-01,4.404091718107673303e-01,1.050000000000000044e+00,9.970468517851203138e-01,0.000000000000000000e+00,0.000000000000000000e+00,-7.679567269957510156e-02
-8.002879938556829442e-01,4.384773962934556124e-01,1.050000000000000044e+00,9.971597950816618594e-01,0.000000000000000000e+00,0.000000000000000000e+00,-7.531495915618778569e-02
-8.000133012807145727e-01,4.365464281034634464e-01,1.050000000000000044e+00,9.972705393728327206e-01,0.000000000000000000e+00,0.000000000000000000e+00,-7.383407952307192990e-02
-7.997328748927323705e-01,4.346162842739969556e-01,1.050000000000000044e+00,9.973790844144121426e-01,0.000000000000000000e+00,0.000000000000000000e+00,-7.235303706596518669e-02
-7.994467171653975024e-01,4.326869818309903581e-01,1.050000000000000266e+00,9.974854299670291580e-01,0.000000000000000000e+00,0.000000000000000000e+00,-7.087183505096424085e-02
-7.991548306229276921e-01,4.307585377929562531e-01,1.050000000000000044e+00,9.975895757961630306e-01,0.000000000000000000e+00,0.000000000000000000e+00,-6.939047674451766234e-02
-7.988572178400741297e-01,4.288309691708348526e-01,1.050000000000000044e+00,9.976915216721444768e-01,0.000000000000000000e+00,0.000000000000000000e+00,-6.790896541341868986e-02
-7.985538814421000442e-01,4.269042929678446563e-01,1.050000000000000044e+00,9.977912673701553326e-01,0.000000000000000000e+00,0.000000000000000000e+00,-6.642730432479802827e-02
-7.982448241047579440e-01,4.249785261793317392e-01,1.050000000000000266e+00,9.978888126702294414e-01,0.000000000000000000e+00,0.000000000000000000e+00,-6.494549674611659051e-02
-7.979300485542634158e-01,4.230536857926203709e-01,1.050000000000000044e+00,9.979841573572532099e-01,0.000000000000000000e+00,0.000000000000000000e+00,-6.346354594515840608e-02
-7.976095575672742521e-01,4.211297887868626355e-01,1.050000000000000044e+00,9.980773012209660511e-01,0.000000000000000000e+00,0.000000000000000000e+00,-6.198145519002332821e-02
-7.972833539708635842e-01,4.192068521328896069e-01,1.050000000000000044e+00,9.981682440559608294e-01,0.000000000000000000e+00,0.000000000000000000e+00,-6.049922774911980355e-02
-7.969514406424965669e-01,4.172848927930603580e-01,1.050000000000000266e+00,9.982569856616839710e-01,0.000000000000000000e+00,0.000000000000000000e+00,-5.901686689115774598e-02
-7.966138205100038450e-01,4.153639277211134129e-01,1.050000000000000266e+00,9.983435258424363523e-01,0.000000000000000000e+00,0.000000000000000000e+00,-5.753437588514132700e-02
-7.962704965515564615e-01,4.134439738620167004e-01,1.050000000000000266e+00,9.984278644073737441e-01,0.000000000000000000e+00,0.000000000000000000e+00,-5.605175800036164835e-02
-7.959214717956392127e-01,4.115250481518180070e-01,1.050000000000000044e+00,9.985100011705067002e-01,0.000000000000000000e+00,0.000000000000000000e+00,-5.456901650638965734e-02
-7.955667493210236696e-01,4.096071675174961513e-01,1.050000000000000266e+00,9.985899359507020012e-01,0.000000000000000000e+00,0.000000000000000000e+00,-5.308615467306889574e-02
-7.952063322567420878e-01,4.076903488768107153e-01,1.050000000000000266e+00,9.986676685716816548e-01,0.000000000000000000e+00,0.000000000000000000e+00,-5.160317577050826943e-02
-7.948402237820586524e-01,4.057746091381538300e-01,1.050000000000000044e+00,9.987431988620243395e-01,0.000000000000000000e+00,0.000000000000000000e+00,-5.012008306907488053e-02
-7.944684271264413900e-01,4.038599652004002949e-01,1.050000000000000266e+00,9.988165266551656263e-01,0.000000000000000000e+00,0.000000000000000000e+00,-4.863687983938672771e-02
-7.940909455695357444e-01,4.019464339527586416e-01,1.050000000000000044e+00,9.988876517893978679e-01,0.000000000000000000e+00,0.000000000000000000e+00,-4.715356935230566315e-02
-7.937077824411321592e-01,4.000340322746229194e-01,1.050000000000000044e+00,9.989565741078710870e-01,0.000000000000000000e+00,0.000000000000000000e+00,-4.567015487892994025e-02
-7.933189411211402087e-01,3.981227770354224815e-01,1.050000000000000266e+00,9.990232934585931979e-01,0.000000000000000000e+00,0.000000000000000000e+00,-4.418663969058725383e-02
-7.929244250395558469e-01,3.962126850944740486e-01,1.050000000000000044e+00,9.990878096944297848e-01,0.000000000000000000e+00,0.000000000000000000e+00,-4.270302705882726702e-02
-7.925242376764336516e-01,3.943037733008331047e-01,1.050000000000000044e+00,9.991501226731054341e-01,0.000000000000000000e+00,0.000000000000000000e+00,-4.121932025541468619e-02
-7.921183825618541841e-01,3.923960584931444617e-01,1.049999999999999822e+00,9.992102322572031792e-01,0.000000000000000000e+00,0.000000000000000000e+00,-3.973552255232175312e-02
-7.917068632758941238e-01,3.904895574994947105e-01,1.050000000000000266e+00,9.992681383141653884e-01,0.000000000000000000e+00,0.000000000000000000e+00,-3.825163722172123665e-02
-7.912896834485941833e-01,3.885842871372631735e-01,1.049999999999999822e+00,9.993238407162933212e-01,0.000000000000000000e+00,0.000000000000000000e+00,-3.676766753597916770e-02
-7.908668467599261342e-01,3.866802642129734124e-01,1.050000000000000266e+00,9.993773393407486827e-01,0.000000000000000000e+00,0.000000000000000000e+00,-3.528361676764753263e-02
-7.904383569397633869e-01,3.847775055221455132e-01,1.049999999999999822e+00,9.994286340695520687e-01,0.000000000000000000e+00,0.000000000000000000e+00,-3.379948818945722328e-02
-7.900042177678433530e-01,3.828760278491476488e-01,1.050000000000000266e+00,9.994777247895852978e-01,0.000000000000000000e+00,0.000000000000000000e+00,-3.231528507431062625e-02
-7.895644330737393579e-01,3.809758479670480313e-01,1.049999999999999822e+00,9.995246113925898568e-01,0.000000000000000000e+00,0.000000000000000000e+00,-3.083101069527452442e-02
-7.891190067368224481e-01,3.790769826374668083e-01,1.050000000000000266e+00,9.995692937751683438e-01,0.000000000000000000e+00,0.000000000000000000e+00,-2.934666832557291521e-02
-7.886679426862298614e-01,3.771794486104287358e-01,1.050000000000000044e+00,9.996117718387840245e-01,0.000000000000000000e+00,0.000000000000000000e+00,-2.786226123857967613e-02
-7.882112449008292776e-01,3.752832626242146308e-01,1.050000000000000044e+00,9.996520454897612762e-01,0.000000000000000000e+00,0.000000000000000000e+00,-2.637779270781143506e-02
-7.877489174091836244e-01,3.733884414052144329e-01,1.050000000000000266e+00,9.996901146392860316e-01,0.000000000000000000e+00,0.000000000000000000e+00,-2.489326600692030184e-02
-7.872809642895167714e-01,3.714950016677793232e-01,1.050000000000000266e+00,9.997259792034054460e-01,0.000000000000000000e+00,0.000000000000000000e+00,-2.340868440968666905e-02
-7.868073896696761160e-01,3.696029601140741749e-01,1.049999999999999822e+00,9.997596391030284524e-01,0.000000000000000000e+00,0.000000000000000000e+00,-2.192405119001196445e-02
-7.863281977270958345e-01,3.677123334339305050e-01,1.050000000000000044e+00,9.997910942639262055e-01,0.000000000000000000e+00,0.000000000000000000e+00,-2.043936962191153506e-02
-7.858433926887629095e-01,3.658231383046993135e-01,1.049999999999999822e+00,9.998203446167313047e-01,0.000000000000000000e+00,0.000000000000000000e+00,-1.895464297950727461e-02
-7.853529788311752746e-01,3.639353913911033689e-01,1.050000000000000044e+00,9.998473900969391259e-01,0.000000000000000000e+00,0.000000000000000000e+00,-1.746987453702049387e-02
-7.848569604803091737e-01,3.620491093450911024e-01,1.050000000000000044e+00,9.998722306449069341e-01,0.000000000000000000e+00,0.000000000000000000e+00,-1.598506756876471799e-02
-7.843553420115765284e-01,3.601643088056887820e-01,1.050000000000000266e+00,9.998948662058548820e-01,0.000000000000000000e+00,0.000000000000000000e+00,-1.450022534913838340e-02
-7.838481278497900773e-01,3.582810063988546290e-01,1.050000000000000044e+00,9.999152967298650108e-01,0.000000000000000000e+00,0.000000000000000000e+00,-1.301535115261770285e-02
-7.833353224691205208e-01,3.563992187373313802e-01,1.050000000000000044e+00,9.999335221718830269e-01,0.000000000000000000e+00,0.000000000000000000e+00,-1.153044825374939519e-02
-7.828169303930606615e-01,3.545189624205002943e-01,1.050000000000000266e+00,9.999495424917167474e-01,0.000000000000000000e+00,0.000000000000000000e+00,-1.004551992714344984e-02
-7.822929561943836596e-01,3.526402540342346015e-01,1.050000000000000266e+00,9.999633576540368773e-01,0.000000000000000000e+00,0.000000000000000000e+00,-8.560569447466005732e-03
-7.817634044951025096e-01,3.507631101507528437e-01,1.050000000000000266e+00,9.999749676283774535e-01,0.000000000000000000e+00,0.000000000000000000e+00,-7.075600089431951893e-03
-7.812282799664302946e-01,3.488875473284732687e-01,1.049999999999999822e+00,9.999843723891352898e-01,0.000000000000000000e+00,0.000000000000000000e+00,-5.590615127797861870e-03
-7.806875873287372203e-01,3.470135821118672803e-01,1.050000000000000044e+00,9.999915719155705318e-01,0.000000000000000000e+00,0.000000000000000000e+00,-4.105617837354739140e-03
-7.801413313515116466e-01,3.451412310313137222e-01,1.050000000000000266e+00,9.999965661918062132e-01,0.000000000000000000e+00,0.000000000000000000e+00,-2.620611492920786340e-03
-7.795895168533162334e-01,3.432705106029531605e-01,1.049999999999999822e+00,9.999993552068283664e-01,0.000000000000000000e+00,0.000000000000000000e+00,-1.135599369334086908e-03
-7.790321487017447533e-01,3.414014373285418902e-01,1.050000000000000044e+00,9.999999389544866890e-01,0.000000000000000000e+00,0.000000000000000000e+00,3.494152585544682012e-04
-7.784692318133813460e-01,3.395340276953067171e-01,1.050000000000000044e+00,9.999983174334938774e-01,0.000000000000000000e+00,0.000000000000000000e+00,1.834429115888441906e-03
-7.779007711537551106e-01,3.376682981757990754e-01,1.050000000000000266e+00,9.999944906474257378e-01,0.000000000000000000e+00,0.000000000000000000e+00,3.319438927813149736e-03
-7.773267717372982499e-01,3.358042652277503093e-01,1.049999999999999822e+00,9.999884586047214086e-01,0.000000000000000000e+00,0.000000000000000000e+00,4.804441419482792693e-03
-7.767472386272987750e-01,3.339419452939262345e-01,1.050000000000000044e+00,9.999802213186832489e-01,0.000000000000000000e+00,0.000000000000000000e+00,6.289433316067761029e-03
-7.761621769358594269e-01,3.320813548019815320e-01,1.050000000000000044e+00,9.999697788074765059e-01,0.000000000000000000e+00,0.000000000000000000e+00,7.774411342761748840e-03
-7.755715918238510476e-01,3.302225101643158633e-01,1.050000000000000044e+00,9.999571310941298696e-01,0.000000000000000000e+00,0.000000000000000000e+00,9.259372224789071126e-03
-7.749754885008660610e-01,3.283654277779283759e-01,1.050000000000000044e+00,9.999422782065348070e-01,0.000000000000000000e+00,0.000000000000000000e+00,1.074431268741185379e-02
-7.743738722251733986e-01,3.265101240242733738e-01,1.050000000000000044e+00,9.999252201774461168e-01,0.000000000000000000e+00,0.000000000000000000e+00,1.222922945593723186e-02
-7.737667483036732019e-01,3.246566152691156559e-01,1.050000000000000044e+00,9.999059570444811529e-01,0.000000000000000000e+00,0.000000000000000000e+00,1.371411925572461540e-02
-7.731541220918475288e-01,3.228049178623861870e-01,1.050000000000000044e+00,9.998844888501203787e-01,0.000000000000000000e+00,0.000000000000000000e+00,1.519897881219289815e-02
-7.725359989937159444e-01,3.209550481380378240e-01,1.049999999999999822e+00,9.998608156417069237e-01,0.000000000000000000e+00,0.000000000000000000e+00,1.668380485082762363e-02
-7.719123844617852281e-01,3.191070224139014311e-01,1.050000000000000044e+00,9.998349374714465831e-01,0.000000000000000000e+00,0.000000000000000000e+00,1.816859409718829532e-02
-7.712832839970031884e-01,3.172608569915421617e-01,1.049999999999999822e+00,9.998068543964077071e-01,0.000000000000000000e+00,0.000000000000000000e+00,1.965334327691548727e-02
-7.706487031487091466e-01,3.154165681561144630e-01,1.049999999999999822e+00,9.997765664785209783e-01,0.000000000000000000e+00,0.000000000000000000e+00,2.113804911573823747e-02
-7.700086475145856424e-01,3.135741721762200784e-01,1.050000000000000044e+00,9.997440737845795233e-01,0.000000000000000000e+00,0.000000000000000000e+00,2.262270833948108045e-02
-7.693631227406076967e-01,3.117336853037633304e-01,1.050000000000000044e+00,9.997093763862382465e-01,0.000000000000000000e+00,0.000000000000000000e+00,2.410731767407136086e-02
-7.687121345209958490e-01,3.098951237738082898e-01,1.050000000000000044e+00,9.996724743600143848e-01,0.000000000000000000e+00,0.000000000000000000e+00,2.559187384554647421e-02
-7.680556885981617565e-01,3.080585038044353907e-01,1.050000000000000266e+00,9.996333677872868417e-01,0.000000000000000000e+00,0.000000000000000000e+00,2.707637358006101391e-02
-7.673937907626621202e-01,3.062238415965985450e-01,1.050000000000000044e+00,9.995920567542959656e-01,0.000000000000000000e+00,0.000000000000000000e+00,2.856081360389409185e-02
-7.667264468531433952e-01,3.043911533339817566e-01,1.050000000000000266e+00,9.995485413521438822e-01,0.000000000000000000e+00,0.000000000000000000e+00,3.004519064345641949e-02
-7.660536627562933853e-01,3.025604551828573463e-01,1.050000000000000266e+00,9.995028216767936069e-01,0.000000000000000000e+00,0.000000000000000000e+00,3.152950142529764577e-02
-7.653754444067881746e-01,3.007317632919423445e-01,1.050000000000000266e+00,9.994548978290692665e-01,0.000000000000000000e+00,0.000000000000000000e+00,3.301374267611355967e-02
-7.646917977872389471e-01,2.989050937922561602e-01,1.050000000000000044e+00,9.994047699146560992e-01,0.000000000000000000e+00,0.000000000000000000e+00,3.449791112275323729e-02
-7.640027289281410283e-01,2.970804627969789724e-01,1.050000000000000044e+00,9.993524380440993449e-01,0.000000000000000000e+00,0.000000000000000000e+00,3.598200349222634847e-02
-7.633082439078192616e-01,2.952578864013090665e-01,1.050000000000000044e+00,9.992979023328050214e-01,0.000000000000000000e+00,0.000000000000000000e+00,3.746601651171029002e-02
-7.626083488523748288e-01,2.934373806823210029e-01,1.049999999999999822e+00,9.992411629010389262e-01,0.000000000000000000e+00,0.000000000000000000e+00,3.894994690855750619e-02
-7.619030499356305164e-01,2.916189616988234534e-01,1.050000000000000266e+00,9.991822198739268579e-01,0.000000000000000000e+00,0.000000000000000000e+00,4.043379141030259416e-02
-7.611923533790784235e-01,2.898026454912182026e-01,1.050000000000000044e+00,9.991210733814538392e-01,0.000000000000000000e+00,0.000000000000000000e+00,4.191754674466960373e-02
-7.604762654518226750e-01,2.879884480813580949e-01,1.050000000000000044e+00,9.990577235584645610e-01,0.000000000000000000e+00,0.000000000000000000e+00,4.340120963957918437e-02
-7.597547924705253530e-01,2.861763854724060918e-01,1.049999999999999822e+00,9.989921705446621614e-01,0.000000000000000000e+00,0.000000000000000000e+00,4.488477682315586414e-02
-7.590279407993498761e-01,2.843664736486937739e-01,1.049999999999999822e+00,9.989244144846088913e-01,0.000000000000000000e+00,0.000000000000000000e+00,4.636824502373530776e-02
-7.582957168499060430e-01,2.825587285755803979e-01,1.049999999999999822e+00,9.988544555277250048e-01,0.000000000000000000e+00,0.000000000000000000e+00,4.785161096987131796e-02
-7.575581270811920787e-01,2.807531661993125649e-01,1.050000000000000266e+00,9.987822938282889806e-01,0.000000000000000000e+00,0.000000000000000000e+00,4.933487139034330865e-02
-7.568151779995412332e-01,2.789498024468827220e-01,1.049999999999999822e+00,9.987079295454361905e-01,0.000000000000000000e+00,0.000000000000000000e+00,5.081802301416337569e-02
-7.560668761585572772e-01,2.771486532258894409e-01,1.050000000000000266e+00,9.986313628431605638e-01,0.000000000000000000e+00,0.000000000000000000e+00,5.230106257058350638e-02
-7.553132281590649866e-01,2.753497344243961420e-01,1.050000000000000266e+00,9.985525938903117016e-01,0.000000000000000000e+00,0.000000000000000000e+00,5.378398678910289304e-02
-7.545542406490457488e-01,2.735530619107925387e-01,1.050000000000000044e+00,9.984716228605965416e-01,0.000000000000000000e+00,0.000000000000000000e+00,5.526679239947508704e-02
-7.537899203235812751e-01,2.717586515336529174e-01,1.050000000000000044e+00,9.983884499325780260e-01,0.000000000000000000e+00,0.000000000000000000e+00,5.674947613171505562e-02
-7.530202739247953136e-01,2.699665191215972482e-01,1.050000000000000266e+00,9.983030752896748794e-01,0.000000000000000000e+00,0.000000000000000000e+00,5.823203471610673837e-02
-7.522453082417931425e-01,2.681766804831515749e-01,1.049999999999999822e+00,9.982154991201608318e-01,0.000000000000000000e+00,0.000000000000000000e+00,5.971446488320988899e-02
-7.514650301106007291e-01,2.663891514066082378e-01,1.049999999999999822e+00,9.981257216171651736e-01,0.000000000000000000e+00,0.000000000000000000e+00,6.119676336386759008e-02
-7.506794464141069989e-01,2.646039476598870954e-01,1.049999999999999822e+00,9.980337429786713122e-01,0.000000000000000000e+00,0.000000000000000000e+00,6.267892688921326838e-02
-7.498885640820004417e-01,2.628210849903955260e-01,1.049999999999999822e+00,9.979395634075168831e-01,0.000000000000000000e+00,0.000000000000000000e+00,6.416095219067792510e-02
-7.490923900907102695e-01,2.610405791248907037e-01,1.049999999999999822e+00,9.978431831113931949e-01,0.000000000000000000e+00,0.000000000000000000e+00,6.564283599999745644e-02
-7.482909314633426900e-01,2.592624457693396556e-01,1.050000000000000044e+00,9.977446023028446742e-01,0.000000000000000000e+00,0.000000000000000000e+00,6.712457504921974516e-02
-7.474841952696209546e-01,2.574867006087820931e-01,1.049999999999999822e+00,9.976438211992684213e-01,0.000000000000000000e+00,0.000000000000000000e+00,6.860616607071191864e-02
-7.466721886258217422e-01,2.557133593071908018e-01,1.049999999999999822e+00,9.975408400229138772e-01,0.000000000000000000e+00,0.000000000000000000e+00,7.008760579716755146e-02
-7.458549186947117660e-01,2.539424375073337514e-01,1.050000000000000044e+00,9.974356590008823797e-01,0.000000000000000000e+00,0.000000000000000000e+00,7.156889096161385411e-02
-7.450323926854878209e-01,2.521739508306368172e-01,1.050000000000000044e+00,9.973282783651262751e-01,0.000000000000000000e+00,0.000000000000000000e+00,7.305001829741883390e-02
-7.442046178537090606e-01,2.504079148770452790e-01,1.050000000000000044e+00,9.972186983524485848e-01,0.000000000000000000e+00,0.000000000000000000e+00,7.453098453829871961e-02
-7.433716015012357126e-01,2.486443452248862651e-01,1.049999999999999822e+00,9.971069192045027840e-01,0.000000000000000000e+00,0.000000000000000000e+00,7.601178641832481708e-02
-7.425333509761629092e-01,2.468832574307318062e-01,1.050000000000000044e+00,9.969929411677920239e-01,0.000000000000000000e+00,0.000000000000000000e+00,7.749242067193094774e-02
-7.416898736727582930e-01,2.451246670292609176e-01,1.050000000000000044e+00,9.968767644936684658e-01,0.000000000000000000e+00,0.000000000000000000e+00,7.897288403392063727e-02
-7.408411770313937383e-01,2.433685895331231808e-01,1.049999999999999822e+00,9.967583894383327259e-01,0.000000000000000000e+00,0.000000000000000000e+00,8.045317323947429045e-02
-7.399872685384824011e-01,2.416150404328016865e-01,1.049999999999999822e+00,9.966378162628338755e-01,0.000000000000000000e+00,0.000000000000000000e+00,8.193328502415622716e-02
-7.391281557264107738e-01,2.398640351964761719e-01,1.050000000000000266e+00,9.965150452330682196e-01,0.000000000000000000e+00,0.000000000000000000e+00,8.341321612392217644e-02
-7.382638461734740698e-01,2.381155892698869625e-01,1.050000000000000044e+00,9.963900766197785197e-01,0.000000000000000000e+00,0.000000000000000000e+00,8.489296327512631246e-02
-7.373943475038065021e-01,2.363697180761984984e-01,1.050000000000000044e+00,9.962629106985543270e-01,0.000000000000000000e+00,0.000000000000000000e+00,8.637252321452840165e-02
-7.365196673873178890e-01,2.346264370158631096e-01,1.050000000000000044e+00,9.961335477498308721e-01,0.000000000000000000e+00,0.000000000000000000e+00,8.785189267930110235e-02
-7.356398135396229332e-01,2.328857614664857634e-01,1.049999999999999822e+00,9.960019880588879548e-01,0.000000000000000000e+00,0.000000000000000000e+00,8.933106840703707030e-02
-7.347547937219733871e-01,2.311477067826877563e-01,1.050000000000000044e+00,9.958682319158502771e-01,0.000000000000000000e+00,0.000000000000000000e+00,9.081004713575631382e-02
-7.338646157411919946e-01,2.294122882959713228e-01,1.050000000000000044e+00,9.957322796156858891e-01,0.000000000000000000e+00,0.000000000000000000e+00,9.228882560391313272e-02
-7.329692874496012145e-01,2.276795213145854646e-01,1.050000000000000044e+00,9.955941314582062995e-01,0.000000000000000000e+00,0.000000000000000000e+00,9.376740055040359845e-02
-7.320688167449547201e-01,2.259494211233890049e-01,1.050000000000000044e+00,9.954537877480652552e-01,0.000000000000000000e+00,0.000000000000000000e+00,9.524576871457250682e-02
-7.311632115703680102e-01,2.242220029837174167e-01,1.049999999999999822e+00,9.953112487947582965e-01,0.000000000000000000e+00,0.000000000000000000e+00,9.672392683622065002e-02
-7.302524799142479095e-01,2.224972821332479311e-01,1.049999999999999822e+00,9.951665149126223131e-01,0.000000000000000000e+00,0.000000000000000000e+00,9.820187165561214404e-02
-7.293366298102222922e-01,2.207752737858634795e-01,1.049999999999999822e+00,9.950195864208343233e-01,0.000000000000000000e+00,0.000000000000000000e+00,9.967959991348136761e-02
-7.284156693370691382e-01,2.190559931315218256e-01,1.050000000000000044e+00,9.948704636434111404e-01,0.000000000000000000e+00,0.000000000000000000e+00,1.011571083510402619e-01
-7.274896066186460342e-01,2.173394553361175097e-01,1.050000000000000044e+00,9.947191469092085958e-01,0.000000000000000000e+00,0.000000000000000000e+00,1.026343937099856995e-01
-7.265584498238166766e-01,2.156256755413516191e-01,1.049999999999999822e+00,9.945656365519206510e-01,0.000000000000000000e+00,0.000000000000000000e+00,1.041114527325063543e-01
-7.256222071663808171e-01,2.139146688645961192e-01,1.050000000000000044e+00,9.944099329100790641e-01,0.000000000000000000e+00,0.000000000000000000e+00,1.055882821612900146e-01
-7.246808869050014312e-01,2.122064503987608486e-01,1.049999999999999822e+00,9.942520363270519468e-01,0.000000000000000000e+00,0.000000000000000000e+00,1.070648787395308832e-01
-7.237344973431292239e-01,2.105010352121613193e-01,1.050000000000000044e+00,9.940919471510440975e-01,0.000000000000000000e+00,0.000000000000000000e+00,1.085412392109366408e-01
-7.227830468289345722e-01,2.087984383483844353e-01,1.050000000000000044e+00,9.939296657350948916e-01,0.000000000000000000e+00,0.000000000000000000e+00,1.100173603197355660e-01
-7.218265437552283670e-01,2.070986748261567922e-01,1.050000000000000044e+00,9.937651924370786150e-01,0.000000000000000000e+00,0.000000000000000000e+00,1.114932388106839034e-01
-7.208649965593919573e-01,2.054017596392122280e-01,1.050000000000000044e+00,9.935985276197029092e-01,0.000000000000000000e+00,0.000000000000000000e+00,1.129688714290728174e-01
-7.198984137233001013e-01,2.037077077561586791e-01,1.050000000000000044e+00,9.934296716505087721e-01,0.000000000000000000e+00,0.000000000000000000e+00,1.144442549207358578e-01
-7.189268037732484684e-01,2.020165341203467579e-01,1.050000000000000044e+00,9.932586249018687807e-01,0.000000000000000000e+00,0.000000000000000000e+00,1.159193860320557878e-01
-7.179501752798763681e-01,2.003282536497380251e-01,1.050000000000000044e+00,9.930853877509870919e-01,0.000000000000000000e+00,0.000000000000000000e+00,1.173942615099720227e-01
-7.169685368580932527e-01,1.986428812367733443e-01,1.049999999999999822e+00,9.929099605798981099e-01,0.000000000000000000e+00,0.000000000000000000e+00,1.188688781019877211e-01
-7.159818971669993370e-01,1.969604317482407663e-01,1.050000000000000266e+00,9.927323437754660418e-01,0.000000000000000000e+00,0.000000000000000000e+00,1.203432325561769600e-01
-7.149902649098133223e-01,1.952809200251460209e-01,1.050000000000000044e+00,9.925525377293834550e-01,0.000000000000000000e+00,0.000000000000000000e+00,1.218173216211918264e-01
-7.139936488337932374e-01,1.936043608825795959e-01,1.050000000000000044e+00,9.923705428381711657e-01,0.000000000000000000e+00,0.000000000000000000e+00,1.232911420462697583e-01
-7.129920577301593898e-01,1.919307691095878954e-01,1.050000000000000044e+00,9.921863595031769067e-01,0.000000000000000000e+00,0.000000000000000000e+00,1.247646905812405532e-01
-7.119855004340172044e-01,1.902601594690413178e-01,1.050000000000000044e+00,9.919999881305742173e-01,0.000000000000000000e+00,0.000000000000000000e+00,1.262379639765336681e-01
-7.109739858242791755e-01,1.885925466975049702e-01,1.049999999999999822e+00,9.918114291313622211e-01,0.000000000000000000e+00,0.000000000000000000e+00,1.277109589831852410e-01
-7.099575228235870394e-01,1.869279455051082450e-01,1.050000000000000044e+00,9.916206829213641827e-01,0.000000000000000000e+00,0.000000000000000000e+00,1.291836723528453634e-01
-7.089361203982323945e-01,1.852663705754154788e-01,1.050000000000000044e+00,9.914277499212267308e-01,0.000000000000000000e+00,0.000000000000000000e+00,1.306561008377851996e-01
-7.079097875580775412e-01,1.836078365652955569e-01,1.050000000000000044e+00,9.912326305564189699e-01,0.000000000000000000e+00,0.000000000000000000e+00,1.321282411909041887e-01
-7.068785333564764350e-01,1.819523581047938765e-01,1.050000000000000266e+00,9.910353252572317029e-01,0.000000000000000000e+00,0.000000000000000000e+00,1.336000901657371509e-01
-7.058423668901951942e-01,1.802999497970021736e-01,1.050000000000000266e+00,9.908358344587759881e-01,0.000000000000000000e+00,0.000000000000000000e+00,1.350716445164615032e-01
-7.048012972993317193e-01,1.786506262179301530e-01,1.050000000000000044e+00,9.906341586009824729e-01,0.000000000000000000e+00,0.000000000000000000e+00,1.365429009979043373e-01
-7.037553337672326492e-01,1.770044019163771187e-01,1.050000000000000266e+00,9.904302981286009500e-01,0.000000000000000000e+00,0.000000000000000000e+00,1.380138563655496642e-01
-7.027044855204167551e-01,1.753612914138033274e-01,1.049999999999999822e+00,9.902242534911985805e-01,0.000000000000000000e+00,0.000000000000000000e+00,1.394845073755455744e-01
-7.016487618284900085e-01,1.737213092042020346e-01,1.050000000000000044e+00,9.900160251431588954e-01,0.000000000000000000e+00,0.000000000000000000e+00,1.409548507847112331e-01
-7.005881720040653127e-01,1.720844697539713475e-01,1.050000000000000044e+00,9.898056135436815728e-01,0.000000000000000000e+00,0.000000000000000000e+00,1.424248833505442902e-01
-6.995227254026801234e-01,1.704507875017875207e-01,1.049999999999999822e+00,9.895930191567806622e-01,0.000000000000000000e+00,0.000000000000000000e+00,1.438946018312277364e-01
-6.984524314227135156e-01,1.688202768584760594e-01,1.050000000000000044e+00,9.893782424512839180e-01,0.000000000000000000e+00,0.000000000000000000e+00,1.453640029856373417e-01
-6.973772995053039159e-01,1.671929522068861529e-01,1.049999999999999822e+00,9.891612839008318003e-01,0.000000000000000000e+00,0.000000000000000000e+00,1.468330835733486217e-01
-6.962973391342657248e-01,1.655688279017630271e-01,1.050000000000000044e+00,9.889421439838762540e-01,0.000000000000000000e+00,0.000000000000000000e+00,1.483018403546439157e-01
-6.952125598360056058e-01,1.639479182696210458e-01,1.050000000000000044e+00,9.887208231836794869e-01,0.000000000000000000e+00,0.000000000000000000e+00,1.497702700905197692e-01
-6.941229711794373314e-01,1.623302376086182275e-01,1.050000000000000044e+00,9.884973219883135265e-01,0.000000000000000000e+00,0.000000000000000000e+00,1.512383695426939845e-01
-6.930285827758992934e-01,1.607158001884293197e-01,1.050000000000000266e+00,9.882716408906585537e-01,0.000000000000000000e+00,0.000000000000000000e+00,1.527061354736126697e-01
-6.919294042790690158e-01,1.591046202501202600e-01,1.049999999999999822e+00,9.880437803884019043e-01,0.000000000000000000e+00,0.000000000000000000e+00,1.541735646464573450e-01
-6.908254453848760024e-01,1.574967120060224157e-01,1.050000000000000266e+00,9.878137409840375138e-01,0.000000000000000000e+00,0.000000000000000000e+00,1.556406538251523530e-01
-6.897167158314208013e-01,1.558920896396077393e-01,1.049999999999999822e+00,9.875815231848638076e-01,0.000000000000000000e+00,0.000000000000000000e+00,1.571073997743716311e-01
-6.886032253988837448e-01,1.542907673053624251e-01,1.050000000000000044e+00,9.873471275029837013e-01,0.000000000000000000e+00,0.000000000000000000e+00,1.585737992595461776e-01
-6.874849839094420156e-01,1.526927591286635078e-01,1.049999999999999822e+00,9.871105544553024913e-01,0.000000000000000000e+00,0.000000000000000000e+00,1.600398490468710189e-01
-6.863620012271831605e-01,1.510980792056536015e-01,1.049999999999999822e+00,9.868718045635274105e-01,0.000000000000000000e+00,0.000000000000000000e+00,1.615055459033122032e-01
-6.852342872580160504e-01,1.495067416031162777e-01,1.050000000000000044e+00,9.866308783541661853e-01,0.000000000000000000e+00,0.000000000000000000e+00,1.629708865966143227e-01
-6.841018519495843941e-01,1.479187603583523303e-01,1.050000000000000044e+00,9.863877763585258140e-01,0.000000000000000000e+00,0.000000000000000000e+00,1.644358678953072306e-01
-6.829647052911800298e-01,1.463341494790558195e-01,1.050000000000000044e+00,9.861424991127114570e-01,0.000000000000000000e+00,0.000000000000000000e+00,1.659004865687134234e-01
-6.818228573136538850e-01,1.447529229431909481e-01,1.050000000000000044e+00,9.858950471576255481e-01,0.000000000000000000e+00,0.000000000000000000e+00,1.673647393869548972e-01
-6.806763180893267151e-01,1.431750946988678830e-01,1.050000000000000044e+00,9.856454210389660187e-01,0.000000000000000000e+00,0.000000000000000000e+00,1.688286231209609189e-01
-6.795250977319018393e-01,1.416006786642206861e-01,1.049999999999999822e+00,9.853936213072255201e-01,0.000000000000000000e+00,0.000000000000000000e+00,1.702921345424741328e-01
-6.783692063963744356e-01,1.400296887272834689e-01,1.049999999999999822e+00,9.851396485176904250e-01,0.000000000000000000e+00,0.000000000000000000e+00,1.717552704240586092e-01
-6.772086542789441665e-01,1.384621387458690733e-01,1.049999999999999822e+00,9.848835032304384951e-01,0.000000000000000000e+00,0.000000000000000000e+00,1.732180275391064506e-01
-6.760434516169215868e-01,1.368980425474462248e-01,1.050000000000000044e+00,9.846251860103395481e-01,0.000000000000000000e+00,0.000000000000000000e+00,1.746804026618449801e-01
-6.748736086886422125e-01,1.353374139290172973e-01,1.050000000000000044e+00,9.843646974270520156e-01,0.000000000000000000e+00,0.000000000000000000e+00,1.761423925673440138e-01
-6.736991358133728180e-01,1.337802666569967436e-01,1.050000000000000044e+00,9.841020380550233870e-01,0.000000000000000000e+00,0.000000000000000000e+00,1.776039940315229104e-01
-6.725200433512209530e-01,1.322266144670906918e-01,1.049999999999999822e+00,9.838372084734882117e-01,0.000000000000000000e+00,0.000000000000000000e+00,1.790652038311574823e-01
-6.713363417030432378e-01,1.306764710641735994e-01,1.050000000000000044e+00,9.835702092664668772e-01,0.000000000000000000e+00,0.000000000000000000e+00,1.805260187438875175e-01
-6.701480413103563238e-01,1.291298501221700146e-01,1.049999999999999822e+00,9.833010410227643883e-01,0.000000000000000000e+00,0.000000000000000000e+00,1.819864355482232743e-01
-6.689551526552409699e-01,1.275867652839316468e-01,1.049999999999999822e+00,9.830297043359691456e-01,0.000000000000000000e+00,0.000000000000000000e+00,1.834464510235532808e-01
-6.677576862602516705e-01,1.260472301611182955e-01,1.049999999999999822e+00,9.827561998044513913e-01,0.000000000000000000e+00,0.000000000000000000e+00,1.849060619501510516e-01
-6.665556526883242849e-01,1.245112583340774459e-01,1.049999999999999822e+00,9.824805280313620992e-01,0.000000000000000000e+00,0.000000000000000000e+00,1.863652651091820822e-01
-6.653490625426803362e-01,1.229788633517244212e-01,1.050000000000000266e+00,9.822026896246318639e-01,0.000000000000000000e+00,0.000000000000000000e+00,1.878240572827112320e-01
-6.641379264667375271e-01,1.214500587314232272e-01,1.050000000000000044e+00,9.819226851969686809e-01,0.000000000000000000e+00,0.000000000000000000e+00,1.892824352537095800e-01
-6.629222551440118183e-01,1.199248579588670371e-01,1.050000000000000044e+00,9.816405153658578353e-01,0.000000000000000000e+00,0.000000000000000000e+00,1.907403958060617244e-01
-6.617020592980249472e-01,1.184032744879587873e-01,1.050000000000000044e+00,9.813561807535594594e-01,0.000000000000000000e+00,0.000000000000000000e+00,1.921979357245728603e-01
-6.604773496922108356e-01,1.168853217406934375e-01,1.049999999999999822e+00,9.810696819871080887e-01,0.000000000000000000e+00,0.000000000000000000e+00,1.936550517949756078e-01
-6.592481371298182236e-01,1.153710131070383449e-01,1.050000000000000266e+00,9.807810196983102191e-01,0.000000000000000000e+00,0.000000000000000000e+00,1.951117408039375334e-01
-6.580144324538185208e-01,1.138603619448172455e-01,1.050000000000000266e+00,9.804901945237439742e-01,0.000000000000000000e+00,0.000000000000000000e+00,1.965679995390676449e-01
-6.567762465468065525e-01,1.123533815795894064e-01,1.050000000000000266e+00,9.801972071047568846e-01,0.000000000000000000e+00,0.000000000000000000e+00,1.980238247889240799e-01
-6.555335903309080781e-01,1.108500853045349954e-01,1.050000000000000044e+00,9.799020580874649999e-01,0.000000000000000000e+00,0.000000000000000000e+00,1.994792133430208503e-01
-6.542864747676800929e-01,1.093504863803360094e-01,1.050000000000000044e+00,9.796047481227513343e-01,0.000000000000000000e+00,0.000000000000000000e+00,2.009341619918350308e-01
-6.530349108580166817e-01,1.078545980350597011e-01,1.050000000000000266e+00,9.793052778662642011e-01,0.000000000000000000e+00,0.000000000000000000e+00,2.023886675268137814e-01
-6.517789096420515405e-01,1.063624334640426716e-01,1.050000000000000266e+00,9.790036479784159917e-01,0.000000000000000000e+00,0.000000000000000000e+00,2.038427267403814525e-01
-6.505184821990597221e-01,1.048740058297734090e-01,1.050000000000000044e+00,9.786998591243816215e-01,0.000000000000000000e+00,0.000000000000000000e+00,2.052963364259466073e-01
-6.492536396473597149e-01,1.033893282617764364e-01,1.050000000000000044e+00,9.783939119740974188e-01,0.000000000000000000e+00,0.000000000000000000e+00,2.067494933779090993e-01
-6.479843931442166305e-01,1.019084138564969599e-01,1.049999999999999822e+00,9.780858072022587946e-01,0.000000000000000000e+00,0.000000000000000000e+00,2.082021943916675388e-01
-6.467107538857433946e-01,1.004312756771854054e-01,1.050000000000000044e+00,9.777755454883197972e-01,0.000000000000000000e+00,0.000000000000000000e+00,2.096544362636254544e-01
-6.454327331068014928e-01,9.895792675378084491e-02,1.049999999999999822e+00,9.774631275164907818e-01,0.000000000000000000e+00,0.000000000000000000e+00,2.111062157911992865e-01
-6.441503420809013836e-01,9.748838008279830936e-02,1.050000000000000044e+00,9.771485539757374106e-01,0.000000000000000000e+00,0.000000000000000000e+00,2.125575297728249935e-01
-6.428635921201052428e-01,9.602264862721199279e-02,1.050000000000000044e+00,9.768318255597788768e-01,0.000000000000000000e+00,0.000000000000000000e+00,2.140083750079650182e-01
-6.415724945749248231e-01,9.456074531634189873e-02,1.049999999999999822e+00,9.765129429670863503e-01,0.000000000000000000e+00,0.000000000000000000e+00,2.154587482971157542e-01
-6.402770608342216452e-01,9.310268304574004228e-02,1.050000000000000044e+00,9.761919069008818672e-01,0.000000000000000000e+00,0.000000000000000000e+00,2.169086464418142901e-01
-6.389773023251079653e-01,9.164847467707631923e-02,1.050000000000000044e+00,9.758687180691361096e-01,0.000000000000000000e+00,0.000000000000000000e+00,2.183580662446454879e-01
-6.376732305128453016e-01,9.019813303802476367e-02,1.050000000000000266e+00,9.755433771845674062e-01,0.000000000000000000e+00,0.000000000000000000e+00,2.198070045092490044e-01
-6.363648569007428479e-01,8.875167092215097142e-02,1.050000000000000044e+00,9.752158849646396233e-01,0.000000000000000000e+00,0.000000000000000000e+00,2.212554580403265914e-01
-6.350521930300562223e-01,8.730910108879902376e-02,1.049999999999999822e+00,9.748862421315613869e-01,0.000000000000000000e+00,0.000000000000000000e+00,2.227034236436487846e-01
-6.337352504798847708e-01,8.587043626297830023e-02,1.050000000000000044e+00,9.745544494122837520e-01,0.000000000000000000e+00,0.000000000000000000e+00,2.241508981260624811e-01
-6.324140408670719804e-01,8.443568913525312247e-02,1.050000000000000044e+00,9.742205075384987589e-01,0.000000000000000000e+00,0.000000000000000000e+00,2.255978782954971007e-01
-6.310885758461011186e-01,8.300487236162812366e-02,1.049999999999999822e+00,9.738844172466378790e-01,0.000000000000000000e+00,0.000000000000000000e+00,2.270443609609726909e-01
-6.297588671089912049e-01,8.157799856343894707e-02,1.050000000000000044e+00,9.735461792778707935e-01,0.000000000000000000e+00,0.000000000000000000e+00,2.284903429326060054e-01
-6.284249263851975353e-01,8.015508032723944742e-02,1.050000000000000044e+00,9.732057943781029508e-01,0.000000000000000000e+00,0.000000000000000000e+00,2.299358210216181364e-01
-6.270867654415039905e-01,7.873613020469172330e-02,1.050000000000000044e+00,9.728632632979745676e-01,0.000000000000000000e+00,0.000000000000000000e+00,2.313807920403414820e-01
-6.257443960819235595e-01,7.732116071245404010e-02,1.049999999999999822e+00,9.725185867928587413e-01,0.000000000000000000e+00,0.000000000000000000e+00,2.328252528022264900e-01
-6.243978301475894277e-01,7.591018433207208371e-02,1.049999999999999822e+00,9.721717656228600069e-01,0.000000000000000000e+00,0.000000000000000000e+00,2.342692001218489861e-01
-6.230470795166552778e-01,7.450321350986760516e-02,1.049999999999999822e+00,9.718228005528120050e-01,0.000000000000000000e+00,0.000000000000000000e+00,2.357126308149169736e-01
-6.216921561041863775e-01,7.310026065682895258e-02,1.050000000000000266e+00,9.714716923522767056e-01,0.000000000000000000e+00,0.000000000000000000e+00,2.371555416982777664e-01
-6.203330718620585493e-01,7.170133814850210285e-02,1.050000000000000044e+00,9.711184417955417425e-01,0.000000000000000000e+00,0.000000000000000000e+00,2.385979295899251229e-01
-6.189698387788482581e-01,7.030645832488052749e-02,1.050000000000000266e+00,9.707630496616200810e-01,0.000000000000000000e+00,0.000000000000000000e+00,2.400397913090059065e-01
-6.176024688797313589e-01,6.891563349029744545e-02,1.050000000000000266e+00,9.704055167342464649e-01,0.000000000000000000e+00,0.000000000000000000e+00,2.414811236758276081e-01
-6.162309742263731849e-01,6.752887591331646622e-02,1.050000000000000266e+00,9.700458438018770835e-01,0.000000000000000000e+00,0.000000000000000000e+00,2.429219235118649789e-01
-6.148553669168248526e-01,6.614619782662323200e-02,1.050000000000000266e+00,9.696840316576876839e-01,0.000000000000000000e+00,0.000000000000000000e+00,2.443621876397669701e-01
-6.134756590854147928e-01,6.476761142691872530e-02,1.049999999999999822e+00,9.693200810995710182e-01,0.000000000000000000e+00,0.000000000000000000e+00,2.458019128833641431e-01
-6.120918629026430580e-01,6.339312887481068914e-02,1.049999999999999822e+00,9.689539929301362875e-01,0.000000000000000000e+00,0.000000000000000000e+00,2.472410960676752478e-01
-6.107039905750724085e-01,6.202276229470560232e-02,1.050000000000000044e+00,9.685857679567059231e-01,0.000000000000000000e+00,0.000000000000000000e+00,2.486797340189147720e-01
-6.093120543452227311e-01,6.065652377470381884e-02,1.050000000000000044e+00,9.682154069913151417e-01,0.000000000000000000e+00,0.000000000000000000e+00,2.501178235644991865e-01
-6.079160664914614598e-01,5.929442536649143225e-02,1.050000000000000044e+00,9.678429108507093925e-01,0.000000000000000000e+00,0.000000000000000000e+00,2.515553615330544668e-01
-6.065160393278951068e-01,5.793647908523397172e-02,1.050000000000000044e+00,9.674682803563428024e-01,0.000000000000000000e+00,0.000000000000000000e+00,2.529923447544231152e-01
-6.051119852042619041e-01,5.658269690947104191e-02,1.049999999999999822e+00,9.670915163343761778e-01,0.000000000000000000e+00,0.000000000000000000e+00,2.544287700596707391e-01
-6.037039165058217804e-01,5.523309078101051872e-02,1.049999999999999822e+00,9.667126196156757834e-01,0.000000000000000000e+00,0.000000000000000000e+00,2.558646342810935725e-01
-6.022918456532480036e-01,5.388767260482280053e-02,1.050000000000000044e+00,9.663315910358103444e-01,0.000000000000000000e+00,0.000000000000000000e+00,2.572999342522250821e-01
-6.008757851025170460e-01,5.254645424893633621e-02,1.049999999999999822e+00,9.659484314350504919e-01,0.000000000000000000e+00,0.000000000000000000e+00,2.587346668078429612e-01
-5.994557473447977847e-01,5.120944754433232049e-02,1.050000000000000044e+00,9.655631416583660975e-01,0.000000000000000000e+00,0.000000000000000000e+00,2.601688287839763469e-01
-5.980317449063431434e-01,4.987666428484077707e-02,1.050000000000000044e+00,9.651757225554247199e-01,0.000000000000000000e+00,0.000000000000000000e+00,2.616024170179124808e-01
-5.966037903483796256e-01,4.854811622703708585e-02,1.050000000000000044e+00,9.647861749805894949e-01,0.000000000000000000e+00,0.000000000000000000e+00,2.630354283482042033e-01
-5.951718962669937385e-01,4.722381509013606760e-02,1.049999999999999822e+00,9.643944997929176921e-01,0.000000000000000000e+00,0.000000000000000000e+00,2.644678596146761707e-01
-5.937360752930241903e-01,4.590377255589200844e-02,1.049999999999999822e+00,9.640006978561581619e-01,0.000000000000000000e+00,0.000000000000000000e+00,2.658997076584324604e-01
-5.922963400919487587e-01,4.458800026849224496e-02,1.050000000000000044e+00,9.636047700387503356e-01,0.000000000000000000e+00,0.000000000000000000e+00,2.673309693218633987e-01
-5.908527033637728243e-01,4.327650983445702204e-02,1.050000000000000044e+00,9.632067172138212285e-01,0.000000000000000000e+00,0.000000000000000000e+00,2.687616414486521110e-01
-5.894051778429171273e-01,4.196931282253552054e-02,1.050000000000000266e+00,9.628065402591844402e-01,0.000000000000000000e+00,0.000000000000000000e+00,2.701917208837821271e-01
-5.879537762981067450e-01,4.066642076360427183e-02,1.050000000000000044e+00,9.624042400573374900e-01,0.000000000000000000e+00,0.000000000000000000e+00,2.716212044735439313e-01
-5.864985115322561837e-01,3.936784515056607203e-02,1.049999999999999822e+00,9.619998174954605963e-01,0.000000000000000000e+00,0.000000000000000000e+00,2.730500890655419011e-01
-5.850393963823578014e-01,3.807359743824717535e-02,1.050000000000000044e+00,9.615932734654144554e-01,0.000000000000000000e+00,0.000000000000000000e+00,2.744783715087015241e-01
-5.835764437193696752e-01,3.678368904329781808e-02,1.050000000000000266e+00,9.611846088637375773e-01,0.000000000000000000e+00,0.000000000000000000e+00,2.759060486532760592e-01
-5.821096664480996941e-01,3.549813134409085524e-02,1.050000000000000044e+00,9.607738245916452868e-01,0.000000000000000000e+00,0.000000000000000000e+00,2.773331173508536973e-01
-5.806390775070934263e-01,3.421693568062089685e-02,1.050000000000000044e+00,9.603609215550275024e-01,0.000000000000000000e+00,0.000000000000000000e+00,2.787595744543643894e-01
-5.791646898685189893e-01,3.294011335440505395e-02,1.050000000000000266e+00,9.599459006644462944e-01,0.000000000000000000e+00,0.000000000000000000e+00,2.801854168180868410e-01
-5.776865165380535849e-01,3.166767562838251893e-02,1.050000000000000044e+00,9.595287628351343301e-01,0.000000000000000000e+00,0.000000000000000000e+00,2.816106412976552287e-01
-5.762045705547679253e-01,3.039963372681592224e-02,1.050000000000000044e+00,9.591095089869925427e-01,0.000000000000000000e+00,0.000000000000000000e+00,2.830352447500666391e-01
-5.747188649910123237e-01,2.913599883519224498e-02,1.049999999999999822e+00,9.586881400445883550e-01,0.000000000000000000e+00,0.000000000000000000e+00,2.844592240336875633e-01
-5.732294129522986781e-01,2.787678210012367597e-02,1.050000000000000044e+00,9.582646569371537915e-01,0.000000000000000000e+00,0.000000000000000000e+00,2.858825760082608358e-01
-5.717362275771887825e-01,2.662199462924935700e-02,1.050000000000000266e+00,9.578390605985825923e-01,0.000000000000000000e+00,0.000000000000000000e+00,2.873052975349129623e-01
-5.702393220371765326e-01,2.537164749113779427e-02,1.049999999999999822e+00,9.574113519674292139e-01,0.000000000000000000e+00,0.000000000000000000e+00,2.887273854761602809e-01
-5.687387095365694645e-01,2.412575171518938077e-02,1.050000000000000044e+00,9.569815319869062753e-01,0.000000000000000000e+00,0.000000000000000000e+00,2.901488366959169007e-01
-5.672344033123767337e-01,2.288431829153703134e-02,1.050000000000000044e+00,9.565496016048822270e-01,0.000000000000000000e+00,0.000000000000000000e+00,2.915696480595006967e-01
-5.657264166341894329e-01,2.164735817095392312e-02,1.049999999999999822e+00,9.561155617738795742e-01,0.000000000000000000e+00,0.000000000000000000e+00,2.929898164336406929e-01
-5.642147628040635743e-01,2.041488226475096646e-02,1.050000000000000044e+00,9.556794134510731009e-01,0.000000000000000000e+00,0.000000000000000000e+00,2.944093386864840012e-01
-5.626994551564039604e-01,1.918690144468565562e-02,1.050000000000000044e+00,9.552411575982868719e-01,0.000000000000000000e+00,0.000000000000000000e+00,2.958282116876024270e-01
-5.611805070578459453e-01,1.796342654286231522e-02,1.050000000000000044e+00,9.548007951819927897e-01,0.000000000000000000e+00,0.000000000000000000e+00,2.972464323079996862e-01
-5.596579319071371961e-01,1.674446835163950764e-02,1.050000000000000044e+00,9.543583271733084850e-01,0.000000000000000000e+00,0.000000000000000000e+00,2.986639974201180658e-01
-5.581317431350206748e-01,1.553003762353305506e-02,1.050000000000000266e+00,9.539137545479948743e-01,0.000000000000000000e+00,0.000000000000000000e+00,3.000809038978454746e-01
-5.566019542041142909e-01,1.432014507112139290e-02,1.050000000000000044e+00,9.534670782864538285e-01,0.000000000000000000e+00,0.000000000000000000e+00,3.014971486165223258e-01
-5.550685786087939944e-01,1.311480136695225562e-02,1.050000000000000044e+00,9.530182993737268404e-01,0.000000000000000000e+00,0.000000000000000000e+00,3.029127284529483100e-01
-5.535316298750734276e-01,1.191401714344680896e-02,1.050000000000000044e+00,9.525674187994919162e-01,0.000000000000000000e+00,0.000000000000000000e+00,3.043276402853894447e-01
-5.519911215604854648e-01,1.071780299280744586e-02,1.050000000000000044e+00,9.521144375580620212e-01,0.000000000000000000e+00,0.000000000000000000e+00,3.057418809935847914e-01
-5.504470672539626408e-01,9.526169466922751461e-03,1.050000000000000044e+00,9.516593566483823041e-01,0.000000000000000000e+00,0.000000000000000000e+00,3.071554474587534500e-01
-5.488994805757156925e-01,8.339127077276131672e-03,1.050000000000000266e+00,9.512021770740287652e-01,0.000000000000000000e+00,0.000000000000000000e+00,3.085683365636014419e-01
-5.473483751771162087e-01,7.156686294852221408e-03,1.050000000000000044e+00,9.507428998432051470e-01,0.000000000000000000e+00,0.000000000000000000e+00,3.099805451923284827e-01
-5.457937647405733950e-01,5.978857550043570335e-03,1.050000000000000044e+00,9.502815259687411586e-01,0.000000000000000000e+00,0.000000000000000000e+00,3.113920702306350319e-01
-5.442356629794155021e-01,4.805651232560825825e-03,1.050000000000000044e+00,9.498180564680902549e-01,0.000000000000000000e+00,0.000000000000000000e+00,3.128029085657289543e-01
-5.426740836377678123e-01,3.637077691339141161e-03,1.050000000000000266e+00,9.493524923633271939e-01,0.000000000000000000e+00,0.000000000000000000e+00,3.142130570863326255e-01
-5.411090404904310702e-01,2.473147234448136444e-03,1.050000000000000044e+00,9.488848346811459278e-01,0.000000000000000000e+00,0.000000000000000000e+00,3.156225126826893157e-01
-5.395405473427608012e-01,1.313870128999750087e-03,1.050000000000000266e+00,9.484150844528576041e-01,0.000000000000000000e+00,0.000000000000000000e+00,3.170312722465706279e-01
-5.379686180305460752e-01,1.592566010593099435e-04,1.050000000000000044e+00,9.479432427143873463e-01,0.000000000000000000e+00,0.000000000000000000e+00,3.184393326712831596e-01
-5.363932664198847178e-01,-9.906831644466151943e-04,1.050000000000000266e+00,9.474693105062732545e-01,0.000000000000000000e+00,0.000000000000000000e+00,3.198466908516752749e-01
-5.348145064070648491e-01,-2.135939023818256288e-03,1.050000000000000044e+00,9.469932888736632970e-01,0.000000000000000000e+00,0.000000000000000000e+00,3.212533436841437662e-01
-5.332323519184393179e-01,-3.276500874673460295e-03,1.050000000000000044e+00,9.465151788663128674e-01,0.000000000000000000e+00,0.000000000000000000e+00,3.226592880666411256e-01
-5.316468169103033548e-01,-4.412358656035397786e-03,1.050000000000000266e+00,9.460349815385833416e-01,0.000000000000000000e+00,0.000000000000000000e+00,3.240645208986819847e-01
-5.300579153687736689e-01,-5.543502348423601234e-03,1.050000000000000044e+00,9.455526979494387474e-01,0.000000000000000000e+00,0.000000000000000000e+00,3.254690390813502754e-01
-5.284656613096622157e-01,-6.669921973939119120e-03,1.050000000000000044e+00,9.450683291624439875e-01,0.000000000000000000e+00,0.000000000000000000e+00,3.268728395173060020e-01
-5.268700687783535175e-01,-7.791607596355887289e-03,1.049999999999999822e+00,9.445818762457623974e-01,0.000000000000000000e+00,0.000000000000000000e+00,3.282759191107918473e-01
-5.252711518496818721e-01,-8.908549321206549187e-03,1.050000000000000044e+00,9.440933402721536361e-01,0.000000000000000000e+00,0.000000000000000000e+00,3.296782747676400560e-01
-5.236689246278056764e-01,-1.002073729586827611e-02,1.050000000000000044e+00,9.436027223189705770e-01,0.000000000000000000e+00,0.000000000000000000e+00,3.310799033952795956e-01
-5.220634012460837470e-01,-1.112816170965402751e-02,1.050000000000000044e+00,9.431100234681578653e-01,0.000000000000000000e+00,0.000000000000000000e+00,3.324808019027426509e-01
-5.204545958669507533e-01,-1.223081279389492959e-02,1.050000000000000266e+00,9.426152448062488087e-01,0.000000000000000000e+00,0.000000000000000000e+00,3.338809672006713969e-01
-5.188425226817922065e-01,-1.332868082202853799e-02,1.050000000000000044e+00,9.421183874243632683e-01,0.000000000000000000e+00,0.000000000000000000e+00,3.352803962013248817e-01
-5.172271959108188932e-01,-1.442175610968321475e-02,1.050000000000000044e+00,9.416194524182054382e-01,0.000000000000000000e+00,0.000000000000000000e+00,3.366790858185861879e-01
-5.156086298029417536e-01,-1.551002901476494777e-02,1.050000000000000044e+00,9.411184408880611807e-01,0.000000000000000000e+00,0.000000000000000000e+00,3.380770329679687047e-01
-5.139868386356457597e-01,-1.659348993754228285e-02,1.050000000000000044e+00,9.406153539387953622e-01,0.000000000000000000e+00,0.000000000000000000e+00,3.394742345666232342e-01
-5.123618367148655706e-01,-1.767212932073058962e-02,1.049999999999999822e+00,9.401101926798500763e-01,0.000000000000000000e+00,0.000000000000000000e+00,3.408706875333446518e-01
-5.107336383748567465e-01,-1.874593764957599440e-02,1.050000000000000044e+00,9.396029582252417578e-01,0.000000000000000000e+00,0.000000000000000000e+00,3.422663887885788458e-01
-5.091022579780712931e-01,-1.981490545193886899e-02,1.050000000000000044e+00,9.390936516935585177e-01,0.000000000000000000e+00,0.000000000000000000e+00,3.436613352544294897e-01
-5.074677099150307624e-01,-2.087902329838009496e-02,1.049999999999999822e+00,9.385822742079582559e-01,0.000000000000000000e+00,0.000000000000000000e+00,3.450555238546645920e-01
-5.058300086041982446e-01,-2.193828180224111080e-02,1.050000000000000044e+00,9.380688268961658860e-01,0.000000000000000000e+00,0.000000000000000000e+00,3.464489515147234910e-01
-5.041891684918519134e-01,-2.299267161972806672e-02,1.050000000000000266e+00,9.375533108904705593e-01,0.000000000000000000e+00,0.000000000000000000e+00,3.478416151617238494e-01
-5.025452040519582386e-01,-2.404218344999420331e-02,1.050000000000000044e+00,9.370357273277236665e-01,0.000000000000000000e+00,0.000000000000000000e+00,3.492335117244678155e-01
-5.008981297860420900e-01,-2.508680803522234104e-02,1.050000000000000266e+00,9.365160773493361734e-01,0.000000000000000000e+00,0.000000000000000000e+00,3.506246381334494622e-01
-4.992479602230625035e-01,-2.612653616070503837e-02,1.050000000000000266e+00,9.359943621012758452e-01,0.000000000000000000e+00,0.000000000000000000e+00,3.520149913208610593e-01
-4.975947099192805645e-01,-2.716135865492796952e-02,1.050000000000000044e+00,9.354705827340649149e-01,0.000000000000000000e+00,0.000000000000000000e+00,3.534045682206002903e-01
-4.959383934581337305e-01,-2.819126638964830622e-02,1.050000000000000266e+00,9.349447404027780850e-01,0.000000000000000000e+00,0.000000000000000000e+00,3.547933657682763031e-01
-4.942790254501052694e-01,-2.921625027997865054e-02,1.049999999999999822e+00,9.344168362670387529e-01,0.000000000000000000e+00,0.000000000000000000e+00,3.561813809012173149e-01
-4.926166205325976932e-01,-3.023630128446341825e-02,1.050000000000000044e+00,9.338868714910174562e-01,0.000000000000000000e+00,0.000000000000000000e+00,3.575686105584770513e-01
-4.909511933698008646e-01,-3.125141040516099533e-02,1.050000000000000044e+00,9.333548472434289867e-01,0.000000000000000000e+00,0.000000000000000000e+00,3.589550516808411307e-01
-4.892827586525654304e-01,-3.226156868772289688e-02,1.050000000000000044e+00,9.328207646975298362e-01,0.000000000000000000e+00,0.000000000000000000e+00,3.603407012108342800e-01
-4.876113310982711502e-01,-3.326676722147170473e-02,1.050000000000000266e+00,9.322846250311155325e-01,0.000000000000000000e+00,0.000000000000000000e+00,3.617255560927267188e-01
-4.859369254506981095e-01,-3.426699713948022641e-02,1.050000000000000044e+00,9.317464294265180857e-01,0.000000000000000000e+00,0.000000000000000000e+00,3.631096132725412651e-01
-4.842595564798961583e-01,-3.526224961865032093e-02,1.049999999999999822e+00,9.312061790706035458e-01,0.000000000000000000e+00,0.000000000000000000e+00,3.644928696980599403e-01
-4.825792389820539041e-01,-3.625251587979005929e-02,1.050000000000000044e+00,9.306638751547692268e-01,0.000000000000000000e+00,0.000000000000000000e+00,3.658753223188304093e-01
-4.808959877793717030e-01,-3.723778718769055196e-02,1.049999999999999822e+00,9.301195188749409315e-01,0.000000000000000000e+00,0.000000000000000000e+00,3.672569680861730301e-01
-4.792098177199256570e-01,-3.821805485120544077e-02,1.050000000000000044e+00,9.295731114315706201e-01,0.000000000000000000e+00,0.000000000000000000e+00,3.686378039531875705e-01
-4.775207436775407155e-01,-3.919331022332361858e-02,1.049999999999999822e+00,9.290246540296335231e-01,0.000000000000000000e+00,0.000000000000000000e+00,3.700178268747597032e-01
-4.758287805516572266e-01,-4.016354470124949838e-02,1.050000000000000266e+00,9.284741478786258106e-01,0.000000000000000000e+00,0.000000000000000000e+00,3.713970338075681665e-01
-4.741339432672020404e-01,-4.112874972647673211e-02,1.050000000000000044e+00,9.279215941925610389e-01,0.000000000000000000e+00,0.000000000000000000e+00,3.727754217100907597e-01
-4.724362467744526173e-01,-4.208891678486337273e-02,1.050000000000000044e+00,9.273669941899691516e-01,0.000000000000000000e+00,0.000000000000000000e+00,3.741529875426117258e-01
-4.707357060489093525e-01,-4.304403740670859069e-02,1.050000000000000044e+00,9.268103490938919276e-01,0.000000000000000000e+00,0.000000000000000000e+00,3.755297282672281911e-01
-4.690323360911624606e-01,-4.399410316682672573e-02,1.050000000000000044e+00,9.262516601318814269e-01,0.000000000000000000e+00,0.000000000000000000e+00,3.769056408478567155e-01
-4.673261519267569719e-01,-4.493910568462033961e-02,1.050000000000000044e+00,9.256909285359971040e-01,0.000000000000000000e+00,0.000000000000000000e+00,3.782807222502403421e-01
-4.656171686060632808e-01,-4.587903662415582229e-02,1.050000000000000044e+00,9.251281555428028103e-01,0.000000000000000000e+00,0.000000000000000000e+00,3.796549694419549259e-01
-4.639054012041442521e-01,-4.681388769423655560e-02,1.050000000000000044e+00,9.245633423933641293e-01,0.000000000000000000e+00,0.000000000000000000e+00,3.810283793924159612e-01
-4.621908648206194403e-01,-4.774365064847563289e-02,1.050000000000000266e+00,9.239964903332460455e-01,0.000000000000000000e+00,0.000000000000000000e+00,3.824009490728855765e-01
-4.604735745795355273e-01,-4.866831728536802348e-02,1.050000000000000044e+00,9.234276006125096137e-01,0.000000000000000000e+00,0.000000000000000000e+00,3.837726754564783627e-01
-4.587535456292300973e-01,-4.958787944836540174e-02,1.050000000000000044e+00,9.228566744857096271e-01,0.000000000000000000e+00,0.000000000000000000e+00,3.851435555181691450e-01
-4.570307931421994097e-01,-5.050232902594442574e-02,1.050000000000000044e+00,9.222837132118916204e-01,0.000000000000000000e+00,0.000000000000000000e+00,3.865135862347989226e-01
-4.553053323149645060e-01,-5.141165795168145536e-02,1.049999999999999822e+00,9.217087180545890934e-01,0.000000000000000000e+00,0.000000000000000000e+00,3.878827645850816408e-01
-4.535771783679365399e-01,-5.231585820432205214e-02,1.050000000000000044e+00,9.211316902818211805e-01,0.000000000000000000e+00,0.000000000000000000e+00,3.892510875496111300e-01
-4.518463465452822181e-01,-5.321492180785236670e-02,1.050000000000000266e+00,9.205526311660890970e-01,0.000000000000000000e+00,0.000000000000000000e+00,3.906185521108674341e-01
-4.501128521147919059e-01,-5.410884083156874969e-02,1.050000000000000044e+00,9.199715419843736974e-01,0.000000000000000000e+00,0.000000000000000000e+00,3.919851552532235273e-01
-4.483767103677409605e-01,-5.499760739014902811e-02,1.050000000000000044e+00,9.193884240181329215e-01,0.000000000000000000e+00,0.000000000000000000e+00,3.933508939629523082e-01
-4.466379366187573918e-01,-5.588121364372145017e-02,1.050000000000000266e+00,9.188032785532987967e-01,0.000000000000000000e+00,0.000000000000000000e+00,3.947157652282327067e-01
-4.448965462056880815e-01,-5.675965179793196480e-02,1.050000000000000044e+00,9.182161068802739967e-01,0.000000000000000000e+00,0.000000000000000000e+00,3.960797660391568442e-01
-4.431525544894588942e-01,-5.763291410401683024e-02,1.050000000000000044e+00,9.176269102939301758e-01,0.000000000000000000e+00,0.000000000000000000e+00,3.974428933877361958e-01
-4.414059768539434492e-01,-5.850099285886800615e-02,1.050000000000000044e+00,9.170356900936039724e-01,0.000000000000000000e+00,0.000000000000000000e+00,3.988051442679086955e-01
-4.396568287058266744e-01,-5.936388040509998909e-02,1.050000000000000044e+00,9.164424475830951211e-01,0.000000000000000000e+00,0.000000000000000000e+00,4.001665156755447872e-01
-4.379051254744668054e-01,-6.022156913112353127e-02,1.050000000000000044e+00,9.158471840706624567e-01,0.000000000000000000e+00,0.000000000000000000e+00,4.015270046084548072e-01
-4.361508826117608262e-01,-6.107405147120459343e-02,1.050000000000000044e+00,9.152499008690222482e-01,0.000000000000000000e+00,0.000000000000000000e+00,4.028866080663949800e-01
-4.343941155920085784e-01,-6.192131990553706444e-02,1.050000000000000266e+00,9.146505992953444242e-01,0.000000000000000000e+00,0.000000000000000000e+00,4.042453230510740791e-01
-4.326348399117756482e-01,-6.276336696030626605e-02,1.050000000000000266e+00,9.140492806712502416e-01,0.000000000000000000e+00,0.000000000000000000e+00,4.056031465661604773e-01
-4.308730710897566984e-01,-6.360018520775612139e-02,1.050000000000000044e+00,9.134459463228083997e-01,0.000000000000000000e+00,0.000000000000000000e+00,4.069600756172883083e-01
-4.291088246666373562e-01,-6.443176726625421402e-02,1.049999999999999822e+00,9.128405975805337080e-01,0.000000000000000000e+00,0.000000000000000000e+00,4.083161072120643498e-01
-4.273421162049600985e-01,-6.525810580035662500e-02,1.050000000000000044e+00,9.122332357793828672e-01,0.000000000000000000e+00,0.000000000000000000e+00,4.096712383600744078e-01
-4.255729612889842528e-01,-6.607919352087232578e-02,1.050000000000000044e+00,9.116238622587518048e-01,0.000000000000000000e+00,0.000000000000000000e+00,4.110254660728899223e-01
-4.238013755245495506e-01,-6.689502318493056876e-02,1.050000000000000044e+00,9.110124783624727884e-01,0.000000000000000000e+00,0.000000000000000000e+00,4.123787873640750723e-01
-4.220273745389385711e-01,-6.770558759603895194e-02,1.050000000000000044e+00,9.103990854388117615e-01,0.000000000000000000e+00,0.000000000000000000e+00,4.137311992491926049e-01
-4.202509739807387401e-01,-6.851087960415225275e-02,1.049999999999999822e+00,9.097836848404651233e-01,0.000000000000000000e+00,0.000000000000000000e+00,4.150826987458104966e-01
-4.184721895197038855e-01,-6.931089210573360138e-02,1.049999999999999822e+00,9.091662779245562875e-01,0.000000000000000000e+00,0.000000000000000000e+00,4.164332828735095582e-01
-4.166910368466172354e-01,-7.010561804381576501e-02,1.050000000000000044e+00,9.085468660526337947e-01,0.000000000000000000e+00,0.000000000000000000e+00,4.177829486538884307e-01
-4.149075316731515306e-01,-7.089505040806598490e-02,1.050000000000000044e+00,9.079254505906670936e-01,0.000000000000000000e+00,0.000000000000000000e+00,4.191316931105713572e-01
-4.131216897317310233e-01,-7.167918223484559537e-02,1.050000000000000266e+00,9.073020329090443203e-01,0.000000000000000000e+00,0.000000000000000000e+00,4.204795132692144000e-01
-4.113335267753934765e-01,-7.245800660727286235e-02,1.050000000000000044e+00,9.066766143825690794e-01,0.000000000000000000e+00,0.000000000000000000e+00,4.218264061575117130e-01
-4.095430585776493881e-01,-7.323151665528282450e-02,1.050000000000000266e+00,9.060491963904575563e-01,0.000000000000000000e+00,0.000000000000000000e+00,4.231723688052024812e-01
-4.077503009323455441e-01,-7.399970555568946562e-02,1.050000000000000044e+00,9.054197803163345215e-01,0.000000000000000000e+00,0.000000000000000000e+00,4.245173982440773597e-01
-4.059552696535221328e-01,-7.476256653224377935e-02,1.050000000000000044e+00,9.047883675482321086e-01,0.000000000000000000e+00,0.000000000000000000e+00,4.258614915079846908e-01
-4.041579805752766319e-01,-7.552009285569671881e-02,1.049999999999999822e+00,9.041549594785848187e-01,0.000000000000000000e+00,0.000000000000000000e+00,4.272046456328378317e-01
-4.023584495516219217e-01,-7.627227784385415266e-02,1.050000000000000266e+00,9.035195575042280769e-01,0.000000000000000000e+00,0.000000000000000000e+00,4.285468576566209276e-01
-4.005566924563481734e-01,-7.701911486164003673e-02,1.050000000000000044e+00,9.028821630263935694e-01,0.000000000000000000e+00,0.000000000000000000e+00,4.298881246193954619e-01
-3.987527251828814068e-01,-7.776059732115236933e-02,1.049999999999999822e+00,9.022427774507076892e-01,0.000000000000000000e+00,0.000000000000000000e+00,4.312284435633074176e-01
-3.969465636441432688e-01,-7.849671868172225508e-02,1.050000000000000044e+00,9.016014021871876505e-01,0.000000000000000000e+00,0.000000000000000000e+00,4.325678115325932160e-01
-3.951382237724115898e-01,-7.922747244997174754e-02,1.050000000000000044e+00,9.009580386502380467e-01,0.000000000000000000e+00,0.000000000000000000e+00,4.339062255735864904e-01
-3.933277215191799403e-01,-7.995285217986980442e-02,1.050000000000000044e+00,9.003126882586485191e-01,0.000000000000000000e+00,0.000000000000000000e+00,4.352436827347245796e-01
-3.915150728550154113e-01,-8.067285147279190660e-02,1.050000000000000266e+00,8.996653524355900933e-01,0.000000000000000000e+00,0.000000000000000000e+00,4.365801800665549681e-01
-3.897002937694199476e-01,-8.138746397757257167e-02,1.050000000000000044e+00,8.990160326086122922e-01,0.000000000000000000e+00,0.000000000000000000e+00,4.379157146217416141e-01
-3.878834002706873507e-01,-8.209668339056519493e-02,1.049999999999999822e+00,8.983647302096396947e-01,0.000000000000000000e+00,0.000000000000000000e+00,4.392502834550718882e-01
-3.860644083857615039e-01,-8.280050345569578418e-02,1.050000000000000044e+00,8.977114466749696042e-01,0.000000000000000000e+00,0.000000000000000000e+00,4.405838836234631239e-01
-3.842433341600992591e-01,-8.349891796451769377e-02,1.050000000000000044e+00,8.970561834452672745e-01,0.000000000000000000e+00,0.000000000000000000e+00,4.419165121859682244e-01
-3.824201936575236660e-01,-8.419192075626769078e-02,1.050000000000000044e+00,8.963989419655644664e-01,0.000000000000000000e+00,0.000000000000000000e+00,4.432481662037831005e-01
-3.805950029600854156e-01,-8.487950571791857968e-02,1.050000000000000044e+00,8.957397236852554512e-01,0.000000000000000000e+00,0.000000000000000000e+00,4.445788427402526111e-01
-3.787677781679197331e-01,-8.556166678423648975e-02,1.050000000000000044e+00,8.950785300580934578e-01,0.000000000000000000e+00,0.000000000000000000e+00,4.459085388608775014e-01
-3.769385353991050458e-01,-8.623839793783005803e-02,1.050000000000000044e+00,8.944153625421883413e-01,0.000000000000000000e+00,0.000000000000000000e+00,4.472372516333202874e-01
-3.751072907895205422e-01,-8.690969320920571839e-02,1.049999999999999822e+00,8.937502226000026972e-01,0.000000000000000000e+00,0.000000000000000000e+00,4.485649781274120840e-01
-3.732740604927032857e-01,-8.757554667682154736e-02,1.050000000000000044e+00,8.930831116983487528e-01,0.000000000000000000e+00,0.000000000000000000e+00,4.498917154151593767e-01
-3.714388606797064396e-01,-8.823595246713644702e-02,1.050000000000000266e+00,8.924140313083855913e-01,0.000000000000000000e+00,0.000000000000000000e+00,4.512174605707495179e-01
-3.696017075389570472e-01,-8.889090475466543406e-02,1.050000000000000044e+00,8.917429829056149337e-01,0.000000000000000000e+00,0.000000000000000000e+00,4.525422106705583869e-01
-3.677626172761121470e-01,-8.954039776202782352e-02,1.050000000000000044e+00,8.910699679698793618e-01,0.000000000000000000e+00,0.000000000000000000e+00,4.538659627931556639e-01
-3.659216061139155540e-01,-9.018442576000018640e-02,1.050000000000000044e+00,8.903949879853573224e-01,0.000000000000000000e+00,0.000000000000000000e+00,4.551887140193123793e-01
-3.640786902920564172e-01,-9.082298306756630968e-02,1.050000000000000044e+00,8.897180444405614619e-01,0.000000000000000000e+00,0.000000000000000000e+00,4.565104614320062426e-01
-3.622338860670248906e-01,-9.145606405196782251e-02,1.050000000000000044e+00,8.890391388283337415e-01,0.000000000000000000e+00,0.000000000000000000e+00,4.578312021164293588e-01
-3.603872097119688034e-01,-9.208366312875149173e-02,1.049999999999999822e+00,8.883582726458438827e-01,0.000000000000000000e+00,0.000000000000000000e+00,4.591509331599930577e-01
-3.585386775165492201e-01,-9.270577476182328969e-02,1.050000000000000266e+00,8.876754473945849266e-01,0.000000000000000000e+00,0.000000000000000000e+00,4.604696516523360539e-01
-3.566883057867994422e-01,-9.332239346349180398e-02,1.050000000000000044e+00,8.869906645803696810e-01,0.000000000000000000e+00,0.000000000000000000e+00,4.617873546853294431e-01
-3.548361108449785695e-01,-9.393351379452086203e-02,1.050000000000000266e+00,8.863039257133286108e-01,0.000000000000000000e+00,0.000000000000000000e+00,4.631040393530838073e-01
-3.529821090294278374e-01,-9.453913036417449511e-02,1.050000000000000044e+00,8.856152323079053978e-01,0.000000000000000000e+00,0.000000000000000000e+00,4.644197027519555987e-01
-3.511263166944278424e-01,-9.513923783026667635e-02,1.050000000000000044e+00,8.849245858828541644e-01,0.000000000000000000e+00,0.000000000000000000e+00,4.657343419805534124e-01
-3.492687502100532138e-01,-9.573383089920683986e-02,1.050000000000000044e+00,8.842319879612359212e-01,0.000000000000000000e+00,0.000000000000000000e+00,4.670479541397443146e-01
-3.474094259620281733e-01,-9.632290432604850849e-02,1.049999999999999822e+00,8.835374400704152364e-01,0.000000000000000000e+00,0.000000000000000000e+00,4.683605363326604487e-01
-3.455483603515828728e-01,-9.690645291453292565e-02,1.049999999999999822e+00,8.828409437420567940e-01,0.000000000000000000e+00,0.000000000000000000e+00,4.696720856647054188e-01
-3.436855697953077327e-01,-9.748447151713723891e-02,1.050000000000000044e+00,8.821425005121223961e-01,0.000000000000000000e+00,0.000000000000000000e+00,4.709825992435602848e-01
-3.418210707250090019e-01,-9.805695503511868694e-02,1.050000000000000044e+00,8.814421119208668554e-01,0.000000000000000000e+00,0.000000000000000000e+00,4.722920741791905574e-01
-3.399548795875643181e-01,-9.862389841855967454e-02,1.050000000000000044e+00,8.807397795128355522e-01,0.000000000000000000e+00,0.000000000000000000e+00,4.736005075838516376e-01
-3.380870128447769352e-01,-9.918529666641351383e-02,1.050000000000000044e+00,8.800355048368599942e-01,0.000000000000000000e+00,0.000000000000000000e+00,4.749078965720964218e-01
-3.362174869732302840e-01,-9.974114482654583558e-02,1.050000000000000266e+00,8.793292894460552622e-01,0.000000000000000000e+00,0.000000000000000000e+00,4.762142382607808533e-01
-3.343463184641440877e-01,-1.002914379957816626e-01,1.049999999999999822e+00,8.786211348978159030e-01,0.000000000000000000e+00,0.000000000000000000e+00,4.775195297690700835e-01
-3.324735238232262580e-01,-1.008361713199462661e-01,1.050000000000000044e+00,8.779110427538133754e-01,0.000000000000000000e+00,0.000000000000000000e+00,4.788237682184460220e-01
-3.305991195705311192e-01,-1.013753399939079092e-01,1.050000000000000044e+00,8.771990145799914984e-01,0.000000000000000000e+00,0.000000000000000000e+00,4.801269507327117769e-01
-3.287231222403092512e-01,-1.019089392616231438e-01,1.050000000000000044e+00,8.764850519465638978e-01,0.000000000000000000e+00,0.000000000000000000e+00,4.814290744379999265e-01
-3.268455483808660467e-01,-1.024369644161741144e-01,1.050000000000000044e+00,8.757691564280100094e-01,0.000000000000000000e+00,0.000000000000000000e+00,4.827301364627775149e-01
-3.249664145544114424e-01,-1.029594107998139663e-01,1.050000000000000044e+00,8.750513296030717481e-01,0.000000000000000000e+00,0.000000000000000000e+00,4.840301339378532686e-01
-3.230857373369173113e-01,-1.034762738040074792e-01,1.049999999999999822e+00,8.743315730547503994e-01,0.000000000000000000e+00,0.000000000000000000e+00,4.853290639963834252e-01
-3.212035333179699692e-01,-1.039875488694685934e-01,1.049999999999999822e+00,8.736098883703025120e-01,0.000000000000000000e+00,0.000000000000000000e+00,4.866269237738777842e-01
-3.193198191006228481e-01,-1.044932314862047074e-01,1.050000000000000044e+00,8.728862771412370103e-01,0.000000000000000000e+00,0.000000000000000000e+00,4.879237104082067567e-01
-3.174346113012517789e-01,-1.049933171935533149e-01,1.050000000000000044e+00,8.721607409633108654e-01,0.000000000000000000e+00,0.000000000000000000e+00,4.892194210396073606e-01
-3.155479265494068319e-01,-1.054878015802240832e-01,1.050000000000000044e+00,8.714332814365264301e-01,0.000000000000000000e+00,0.000000000000000000e+00,4.905140528106893827e-01
-3.136597814876673218e-01,-1.059766802843344902e-01,1.050000000000000044e+00,8.707039001651275534e-01,0.000000000000000000e+00,0.000000000000000000e+00,4.918076028664417065e-01
-3.117701927714930932e-01,-1.064599489934523469e-01,1.050000000000000044e+00,8.699725987575959163e-01,0.000000000000000000e+00,0.000000000000000000e+00,4.931000683542388630e-01
-3.098791770690795255e-01,-1.069376034446294366e-01,1.050000000000000044e+00,8.692393788266478127e-01,0.000000000000000000e+00,0.000000000000000000e+00,4.943914464238468587e-01
-3.079867510612083192e-01,-1.074096394244424824e-01,1.050000000000000266e+00,8.685042419892301524e-01,0.000000000000000000e+00,0.000000000000000000e+00,4.956817342274302818e-01
-3.060929314411033331e-01,-1.078760527690291182e-01,1.050000000000000044e+00,8.677671898665173522e-01,0.000000000000000000e+00,0.000000000000000000e+00,4.969709289195572977e-01
-3.041977349142799270e-01,-1.083368393641239713e-01,1.049999999999999822e+00,8.670282240839072285e-01,0.000000000000000000e+00,0.000000000000000000e+00,4.982590276572073651e-01
-3.023011781983985791e-01,-1.087919951450970757e-01,1.050000000000000266e+00,8.662873462710184436e-01,0.000000000000000000e+00,0.000000000000000000e+00,4.995460275997766764e-01
-3.004032780231216671e-01,-1.092415160969860688e-01,1.049999999999999822e+00,8.655445580616851764e-01,0.000000000000000000e+00,0.000000000000000000e+00,5.008319259090838749e-01
-2.985040511299589250e-01,-1.096853982545362705e-01,1.049999999999999822e+00,8.647998610939552355e-01,0.000000000000000000e+00,0.000000000000000000e+00,5.021167197493782153e-01
-2.966035142721243356e-01,-1.101236377022309920e-01,1.049999999999999822e+00,8.640532570100856180e-01,0.000000000000000000e+00,0.000000000000000000e+00,5.034004062873437269e-01
-2.947016842143862503e-01,-1.105562305743298390e-01,1.050000000000000266e+00,8.633047474565392898e-01,0.000000000000000000e+00,0.000000000000000000e+00,5.046829826921065409e-01
-2.927985777329230044e-01,-1.109831730549004636e-01,1.049999999999999822e+00,8.625543340839805229e-01,0.000000000000000000e+00,0.000000000000000000e+00,5.059644461352406086e-01
-2.908942116151691515e-01,-1.114044613778530923e-01,1.050000000000000044e+00,8.618020185472728967e-01,0.000000000000000000e+00,0.000000000000000000e+00,5.072447937907751392e-01
-2.889886026596724111e-01,-1.118200918269743882e-01,1.050000000000000266e+00,8.610478025054741913e-01,0.000000000000000000e+00,0.000000000000000000e+00,5.085240228351991520e-01
-2.870817676759443438e-01,-1.122300607359580926e-01,1.050000000000000044e+00,8.602916876218333897e-01,0.000000000000000000e+00,0.000000000000000000e+00,5.098021304474685822e-01
-2.851737234843091384e-01,-1.126343644884403306e-01,1.050000000000000044e+00,8.595336755637874582e-01,0.000000000000000000e+00,0.000000000000000000e+00,5.110791138090127195e-01
-2.832644869157586731e-01,-1.130329995180290314e-01,1.050000000000000266e+00,8.587737680029563503e-01,0.000000000000000000e+00,0.000000000000000000e+00,5.123549701037404258e-01
-2.813540748118040224e-01,-1.134259623083367918e-01,1.049999999999999822e+00,8.580119666151404534e-01,0.000000000000000000e+00,0.000000000000000000e+00,5.136296965180450202e-01
-2.794425040243230796e-01,-1.138132493930107403e-01,1.050000000000000044e+00,8.572482730803168138e-01,0.000000000000000000e+00,0.000000000000000000e+00,5.149032902408127166e-01
-2.775297914154176704e-01,-1.141948573557648450e-01,1.049999999999999822e+00,8.564826890826348071e-01,0.000000000000000000e+00,0.000000000000000000e+00,5.161757484634265092e-01
-2.756159538572587331e-01,-1.145707828304080023e-01,1.049999999999999822e+00,8.557152163104131404e-01,0.000000000000000000e+00,0.000000000000000000e+00,5.174470683797742776e-01
-2.737010082319429327e-01,-1.149410225008754560e-01,1.050000000000000044e+00,8.549458564561353002e-01,0.000000000000000000e+00,0.000000000000000000e+00,5.187172471862538936e-01
-2.717849714313395060e-01,-1.153055731012571083e-01,1.050000000000000044e+00,8.541746112164467775e-01,0.000000000000000000e+00,0.000000000000000000e+00,5.199862820817796605e-01
-2.698678603569443779e-01,-1.156644314158261633e-01,1.050000000000000044e+00,8.534014822921504040e-01,0.000000000000000000e+00,0.000000000000000000e+00,5.212541702677884192e-01
-2.679496919197283389e-01,-1.160175942790683257e-01,1.050000000000000044e+00,8.526264713882033552e-01,0.000000000000000000e+00,0.000000000000000000e+00,5.225209089482460989e-01
-2.660304830399902731e-01,-1.163650585757096678e-01,1.050000000000000044e+00,8.518495802137130424e-01,0.000000000000000000e+00,0.000000000000000000e+00,5.237864953296532677e-01
-2.641102506472075562e-01,-1.167068212407422756e-01,1.050000000000000044e+00,8.510708104819333375e-01,0.000000000000000000e+00,0.000000000000000000e+00,5.250509266210517945e-01
-2.621890116798836212e-01,-1.170428792594547796e-01,1.050000000000000044e+00,8.502901639102606879e-01,0.000000000000000000e+00,0.000000000000000000e+00,5.263142000340309545e-01
-2.602667830854030750e-01,-1.173732296674544484e-01,1.049999999999999822e+00,8.495076422202307853e-01,0.000000000000000000e+00,0.000000000000000000e+00,5.275763127827332033e-01
-2.583435818198794309e-01,-1.176978695506980532e-01,1.050000000000000044e+00,8.487232471375141252e-01,0.000000000000000000e+00,0.000000000000000000e+00,5.288372620838608373e-01
-2.564194248480060057e-01,-1.180167960455142939e-01,1.049999999999999822e+00,8.479369803919126758e-01,0.000000000000000000e+00,0.000000000000000000e+00,5.300970451566816566e-01
-2.544943291429066501e-01,-1.183300063386297785e-01,1.050000000000000266e+00,8.471488437173562147e-01,0.000000000000000000e+00,0.000000000000000000e+00,5.313556592230354036e-01
-2.525683116859863686e-01,-1.186374976671950021e-01,1.050000000000000044e+00,8.463588388518976657e-01,0.000000000000000000e+00,0.000000000000000000e+00,5.326131015073395369e-01
-2.506413894667802178e-01,-1.189392673188071070e-01,1.050000000000000044e+00,8.455669675377101013e-01,0.000000000000000000e+00,0.000000000000000000e+00,5.338693692365962251e-01
-2.487135794828045365e-01,-1.192353126315344181e-01,1.050000000000000266e+00,8.447732315210830789e-01,0.000000000000000000e+00,0.000000000000000000e+00,5.351244596403968989e-01
-2.467848987394066773e-01,-1.195256309939409789e-01,1.049999999999999822e+00,8.439776325524172007e-01,0.000000000000000000e+00,0.000000000000000000e+00,5.363783699509303560e-01
-2.448553642496147376e-01,-1.198102198451074241e-01,1.050000000000000044e+00,8.431801723862223374e-01,0.000000000000000000e+00,0.000000000000000000e+00,5.376310974029872014e-01
-2.429249930339885122e-01,-1.200890766746564031e-01,1.050000000000000044e+00,8.423808527811126323e-01,0.000000000000000000e+00,0.000000000000000000e+00,5.388826392339667315e-01
-2.409938021204681702e-01,-1.203621990227715655e-01,1.049999999999999822e+00,8.415796754998025042e-01,0.000000000000000000e+00,0.000000000000000000e+00,5.401329926838824846e-01
-2.390618085442239860e-01,-1.206295844802217632e-01,1.050000000000000044e+00,8.407766423091030950e-01,0.000000000000000000e+00,0.000000000000000000e+00,5.413821549953696799e-01
-2.371290293475069588e-01,-1.208912306883810350e-01,1.050000000000000044e+00,8.399717549799187166e-01,0.000000000000000000e+00,0.000000000000000000e+00,5.426301234136891027e-01
-2.351954815794993214e-01,-1.211471353392495898e-01,1.050000000000000044e+00,8.391650152872420776e-01,0.000000000000000000e+00,0.000000000000000000e+00,5.438768951867350987e-01
-2.332611822961607739e-01,-1.213972961754750113e-01,1.050000000000000044e+00,8.383564250101510629e-01,0.000000000000000000e+00,0.000000000000000000e+00,5.451224675650407914e-01
-2.313261485600818790e-01,-1.216417109903703553e-01,1.050000000000000044e+00,8.375459859318046263e-01,0.000000000000000000e+00,0.000000000000000000e+00,5.463668378017842997e-01
-2.293903974403308510e-01,-1.218803776279360207e-01,1.050000000000000044e+00,8.367336998394387937e-01,0.000000000000000000e+00,0.000000000000000000e+00,5.476100031527948442e-01
-2.274539460123042312e-01,-1.221132939828761810e-01,1.050000000000000044e+00,8.359195685243625551e-01,0.000000000000000000e+00,0.000000000000000000e+00,5.488519608765587421e-01
-2.255168113575764521e-01,-1.223404580006197673e-01,1.050000000000000044e+00,8.351035937819544230e-01,0.000000000000000000e+00,0.000000000000000000e+00,5.500927082342251806e-01
-2.235790105637484038e-01,-1.225618676773366778e-01,1.050000000000000044e+00,8.342857774116581027e-01,0.000000000000000000e+00,0.000000000000000000e+00,5.513322424896128782e-01
-2.216405607242973863e-01,-1.227775210599567624e-01,1.050000000000000044e+00,8.334661212169783839e-01,0.000000000000000000e+00,0.000000000000000000e+00,5.525705609092155246e-01
-2.197014789384248434e-01,-1.229874162461864762e-01,1.050000000000000044e+00,8.326446270054774779e-01,0.000000000000000000e+00,0.000000000000000000e+00,5.538076607622083314e-01
-2.177617823109081474e-01,-1.231915513845253107e-01,1.050000000000000044e+00,8.318212965887709087e-01,0.000000000000000000e+00,0.000000000000000000e+00,5.550435393204535828e-01
-2.158214879519475549e-01,-1.233899246742832245e-01,1.049999999999999822e+00,8.309961317825237392e-01,0.000000000000000000e+00,0.000000000000000000e+00,5.562781938585066310e-01
-2.138806129770150499e-01,-1.235825343655955200e-01,1.050000000000000044e+00,8.301691344064460187e-01,0.000000000000000000e+00,0.000000000000000000e+00,5.575116216536227798e-01
-2.119391745067066291e-01,-1.237693787594381645e-01,1.050000000000000266e+00,8.293403062842892304e-01,0.000000000000000000e+00,0.000000000000000000e+00,5.587438199857618359e-01
-2.099971896665864812e-01,-1.239504562076439997e-01,1.050000000000000044e+00,8.285096492438421834e-01,0.000000000000000000e+00,0.000000000000000000e+00,5.599747861375954372e-01
-2.080546755870401610e-01,-1.241257651129158424e-01,1.050000000000000044e+00,8.276771651169267940e-01,0.000000000000000000e+00,0.000000000000000000e+00,5.612045173945123810e-01
-2.061116494031201007e-01,-1.242953039288415829e-01,1.050000000000000266e+00,8.268428557393946443e-01,0.000000000000000000e+00,0.000000000000000000e+00,5.624330110446245090e-01
-2.041681282543969522e-01,-1.244590711599079524e-01,1.049999999999999822e+00,8.260067229511217635e-01,0.000000000000000000e+00,0.000000000000000000e+00,5.636602643787733680e-01
-2.022241292848080962e-01,-1.246170653615115143e-01,1.050000000000000044e+00,8.251687685960060747e-01,0.000000000000000000e+00,0.000000000000000000e+00,5.648862746905353172e-01
-2.002796696425041545e-01,-1.247692851399757608e-01,1.049999999999999822e+00,8.243289945219619552e-01,0.000000000000000000e+00,0.000000000000000000e+00,5.661110392762281895e-01
-1.983347664797004972e-01,-1.249157291525578861e-01,1.050000000000000044e+00,8.234874025809169051e-01,0.000000000000000000e+00,0.000000000000000000e+00,5.673345554349169539e-01
-1.963894369525250871e-01,-1.250563961074662167e-01,1.049999999999999822e+00,8.226439946288074401e-01,0.000000000000000000e+00,0.000000000000000000e+00,5.685568204684193772e-01
-1.944436982208657683e-01,-1.251912847638667614e-01,1.049999999999999822e+00,8.217987725255747611e-01,0.000000000000000000e+00,0.000000000000000000e+00,5.697778316813127963e-01
-1.924975674482208299e-01,-1.253203939318978666e-01,1.050000000000000044e+00,8.209517381351609799e-01,0.000000000000000000e+00,0.000000000000000000e+00,5.709975863809391150e-01
-1.905510618015467394e-01,-1.254437224726784317e-01,1.050000000000000044e+00,8.201028933255043452e-01,0.000000000000000000e+00,0.000000000000000000e+00,5.722160818774114643e-01
-1.886041984511067637e-01,-1.255612692983176792e-01,1.050000000000000044e+00,8.192522399685359114e-01,0.000000000000000000e+00,0.000000000000000000e+00,5.734333154836196433e-01
-1.866569945703188127e-01,-1.256730333719281445e-01,1.050000000000000044e+00,8.183997799401749873e-01,0.000000000000000000e+00,0.000000000000000000e+00,5.746492845152364470e-01
-1.847094673356058925e-01,-1.257790137076305603e-01,1.050000000000000044e+00,8.175455151203250281e-01,0.000000000000000000e+00,0.000000000000000000e+00,5.758639862907233287e-01
-1.827616339262422840e-01,-1.258792093705644044e-01,1.049999999999999822e+00,8.166894473928696385e-01,0.000000000000000000e+00,0.000000000000000000e+00,5.770774181313362838e-01
-1.808135115242033297e-01,-1.259736194768976691e-01,1.050000000000000044e+00,8.158315786456682428e-01,0.000000000000000000e+00,0.000000000000000000e+00,5.782895773611321788e-01
-1.788651173140132777e-01,-1.260622431938315247e-01,1.050000000000000044e+00,8.149719107705518661e-01,0.000000000000000000e+00,0.000000000000000000e+00,5.795004613069739685e-01
-1.769164684825953460e-01,-1.261450797396103107e-01,1.050000000000000044e+00,8.141104456633194708e-01,0.000000000000000000e+00,0.000000000000000000e+00,5.807100672985370249e-01
-1.749675822191167907e-01,-1.262221283835264218e-01,1.049999999999999822e+00,8.132471852237330712e-01,0.000000000000000000e+00,0.000000000000000000e+00,5.819183926683149100e-01
-1.730184757148405250e-01,-1.262933884459292999e-01,1.050000000000000044e+00,8.123821313555138479e-01,0.000000000000000000e+00,0.000000000000000000e+00,5.831254347516259262e-01
-1.710691661629727967e-01,-1.263588592982278769e-01,1.049999999999999822e+00,8.115152859663381513e-01,0.000000000000000000e+00,0.000000000000000000e+00,5.843311908866172244e-01
-1.691196707585090331e-01,-1.264185403629002336e-01,1.050000000000000044e+00,8.106466509678332821e-01,0.000000000000000000e+00,0.000000000000000000e+00,5.855356584142727971e-01
-1.671700066980861266e-01,-1.264724311134945989e-01,1.050000000000000044e+00,8.097762282755726071e-01,0.000000000000000000e+00,0.000000000000000000e+00,5.867388346784178088e-01
-1.652201911798275025e-01,-1.265205310746372325e-01,1.050000000000000044e+00,8.089040198090723388e-01,0.000000000000000000e+00,0.000000000000000000e+00,5.879407170257253679e-01
-1.632702414031927396e-01,-1.265628398220349782e-01,1.050000000000000044e+00,8.080300274917863179e-01,0.000000000000000000e+00,0.000000000000000000e+00,5.891413028057217449e-01
-1.613201745688263022e-01,-1.265993569824790388e-01,1.050000000000000044e+00,8.071542532511027934e-01,0.000000000000000000e+00,0.000000000000000000e+00,5.903405893707924790e-01
-1.593700078784035523e-01,-1.266300822338501941e-01,1.050000000000000044e+00,8.062766990183392046e-01,0.000000000000000000e+00,0.000000000000000000e+00,5.915385740761885947e-01
-1.574197585344832562e-01,-1.266550153051172467e-01,1.050000000000000044e+00,8.053973667287385174e-01,0.000000000000000000e+00,0.000000000000000000e+00,5.927352542800317092e-01
-1.554694437403517093e-01,-1.266741559763451264e-01,1.050000000000000044e+00,8.045162583214648944e-01,0.000000000000000000e+00,0.000000000000000000e+00,5.939306273433202499e-01
-1.535190806998719126e-01,-1.266875040786918927e-01,1.050000000000000044e+00,8.036333757395991428e-01,0.000000000000000000e+00,0.000000000000000000e+00,5.951246906299354489e-01
-1.515686866173345249e-01,-1.266950594944130648e-01,1.050000000000000044e+00,8.027487209301344961e-01,0.000000000000000000e+00,0.000000000000000000e+00,5.963174415066467837e-01
-1.496182786973014323e-01,-1.266968221568617325e-01,1.050000000000000266e+00,8.018622958439728388e-01,0.000000000000000000e+00,0.000000000000000000e+00,5.975088773431179723e-01
-1.476678741444596432e-01,-1.266927920504901106e-01,1.050000000000000044e+00,8.009741024359195993e-01,0.000000000000000000e+00,0.000000000000000000e+00,5.986989955119124129e-01
-1.457174901634641362e-01,-1.266829692108467631e-01,1.049999999999999822e+00,8.000841426646799759e-01,0.000000000000000000e+00,0.000000000000000000e+00,5.998877933885001790e-01
-1.437671439587876465e-01,-1.266673537245809333e-01,1.050000000000000044e+00,7.991924184928546060e-01,0.000000000000000000e+00,0.000000000000000000e+00,6.010752683512623484e-01
-1.418168527345732843e-01,-1.266459457294369928e-01,1.050000000000000044e+00,7.982989318869349038e-01,0.000000000000000000e+00,0.000000000000000000e+00,6.022614177814969993e-01
-1.398666336944757727e-01,-1.266187454142566615e-01,1.050000000000000044e+00,7.974036848172990632e-01,0.000000000000000000e+00,0.000000000000000000e+00,6.034462390634262041e-01
-1.379165040415150645e-01,-1.265857530189756774e-01,1.050000000000000044e+00,7.965066792582072841e-01,0.000000000000000000e+00,0.000000000000000000e+00,6.046297295842004704e-01
-1.359664809779208006e-01,-1.265469688346223531e-01,1.050000000000000044e+00,7.956079171877979972e-01,0.000000000000000000e+00,0.000000000000000000e+00,6.058118867339052915e-01
-1.340165817049844832e-01,-1.265023932033151333e-01,1.050000000000000044e+00,7.947074005880832015e-01,0.000000000000000000e+00,0.000000000000000000e+00,6.069927079055660313e-01
-1.320668234229042115e-01,-1.264520265182585979e-01,1.049999999999999822e+00,7.938051314449441342e-01,0.000000000000000000e+00,0.000000000000000000e+00,6.081721904951548074e-01
-1.301172233306345238e-01,-1.263958692237407977e-01,1.050000000000000044e+00,7.929011117481266080e-01,0.000000000000000000e+00,0.000000000000000000e+00,6.093503319015957098e-01
-1.281677986257353796e-01,-1.263339218151288135e-01,1.050000000000000044e+00,7.919953434912371248e-01,0.000000000000000000e+00,0.000000000000000000e+00,6.105271295267699072e-01
-1.262185665042191984e-01,-1.262661848388652031e-01,1.050000000000000044e+00,7.910878286717382135e-01,0.000000000000000000e+00,0.000000000000000000e+00,6.117025807755225308e-01
-1.242695441603992312e-01,-1.261926588924632275e-01,1.050000000000000044e+00,7.901785692909437664e-01,0.000000000000000000e+00,0.000000000000000000e+00,6.128766830556675593e-01
-1.223207487867381260e-01,-1.261133446244994127e-01,1.050000000000000044e+00,7.892675673540153758e-01,0.000000000000000000e+00,0.000000000000000000e+00,6.140494337779939249e-01
-1.203721975736977146e-01,-1.260282427346112177e-01,1.050000000000000044e+00,7.883548248699570049e-01,0.000000000000000000e+00,0.000000000000000000e+00,6.152208303562709535e-01
-1.184239077095844694e-01,-1.259373539734884861e-01,1.050000000000000044e+00,7.874403438516111020e-01,0.000000000000000000e+00,0.000000000000000000e+00,6.163908702072545820e-01
-1.164758963804006231e-01,-1.258406791428666738e-01,1.049999999999999822e+00,7.865241263156544926e-01,0.000000000000000000e+00,0.000000000000000000e+00,6.175595507506917992e-01
-1.145281807696910126e-01,-1.257382190955220747e-01,1.050000000000000044e+00,7.856061742825926064e-01,0.000000000000000000e+00,0.000000000000000000e+00,6.187268694093288612e-01
-1.125807780583917839e-01,-1.256299747352607188e-01,1.050000000000000044e+00,7.846864897767567015e-01,0.000000000000000000e+00,0.000000000000000000e+00,6.198928236089137345e-01
-1.106337054246786245e-01,-1.255159470169149305e-01,1.050000000000000044e+00,7.837650748262983136e-01,0.000000000000000000e+00,0.000000000000000000e+00,6.210574107782041997e-01
-1.086869800438170774e-01,-1.253961369463311160e-01,1.050000000000000044e+00,7.828419314631848147e-01,0.000000000000000000e+00,0.000000000000000000e+00,6.222206283489725154e-01
-1.067406190880079986e-01,-1.252705455803619916e-01,1.050000000000000044e+00,7.819170617231957499e-01,0.000000000000000000e+00,0.000000000000000000e+00,6.233824737560111906e-01
-1.047946397262376761e-01,-1.251391740268578134e-01,1.050000000000000044e+00,7.809904676459175077e-01,0.000000000000000000e+00,0.000000000000000000e+00,6.245429444371388694e-01
-1.028490591241278118e-01,-1.250020234446559408e-01,1.050000000000000266e+00,7.800621512747388797e-01,0.000000000000000000e+00,0.000000000000000000e+00,6.257020378332058819e-01
-1.009038944437812835e-01,-1.248590950435722879e-01,1.050000000000000044e+00,7.791321146568468414e-01,0.000000000000000000e+00,0.000000000000000000e+00,6.268597513880995731e-01
-9.895916284363237558e-02,-1.247103900843877788e-01,1.050000000000000044e+00,7.782003598432226665e-01,0.000000000000000000e+00,0.000000000000000000e+00,6.280160825487502985e-01
-9.701488147829470665e-02,-1.245559098788389107e-01,1.050000000000000044e+00,7.772668888886355987e-01,0.000000000000000000e+00,0.000000000000000000e+00,6.291710287651374189e-01
-9.507106749841215398e-02,-1.243956557896072068e-01,1.050000000000000044e+00,7.763317038516404089e-01,0.000000000000000000e+00,0.000000000000000000e+00,6.303245874902937418e-01
-9.312773805050256204e-02,-1.242296292303047833e-01,1.050000000000000044e+00,7.753948067945711786e-01,0.000000000000000000e+00,0.000000000000000000e+00,6.314767561803124041e-01
-9.118491027681333017e-02,-1.240578316654633584e-01,1.050000000000000044e+00,7.744561997835377465e-01,0.000000000000000000e+00,0.000000000000000000e+00,6.326275322943517576e-01
-8.924260131516378869e-02,-1.238802646105218175e-01,1.050000000000000044e+00,7.735158848884211569e-01,0.000000000000000000e+00,0.000000000000000000e+00,6.337769132946409201e-01
-8.730082829879803885e-02,-1.236969296318112255e-01,1.050000000000000044e+00,7.725738641828682196e-01,0.000000000000000000e+00,0.000000000000000000e+00,6.349248966464861033e-01
-8.535960835623246368e-02,-1.235078283465429472e-01,1.050000000000000044e+00,7.716301397442878462e-01,0.000000000000000000e+00,0.000000000000000000e+00,6.360714798182754981e-01
-8.341895861110454335e-02,-1.233129624227919940e-01,1.050000000000000044e+00,7.706847136538461651e-01,0.000000000000000000e+00,0.000000000000000000e+00,6.372166602814848257e-01
-8.147889618202211470e-02,-1.231123335794844786e-01,1.050000000000000044e+00,7.697375879964616363e-01,0.000000000000000000e+00,0.000000000000000000e+00,6.383604355106834438e-01
-7.953943818241168695e-02,-1.229059435863824046e-01,1.050000000000000266e+00,7.687887648608011659e-01,0.000000000000000000e+00,0.000000000000000000e+00,6.395028029835396755e-01
-7.760060172036950532e-02,-1.226937942640652368e-01,1.050000000000000266e+00,7.678382463392745549e-01,0.000000000000000000e+00,0.000000000000000000e+00,6.406437601808260274e-01
-7.566240389850789616e-02,-1.224758874839172451e-01,1.050000000000000044e+00,7.668860345280308355e-01,0.000000000000000000e+00,0.000000000000000000e+00,6.417833045864249630e-01
-7.372486181380596970e-02,-1.222522251681104066e-01,1.050000000000000044e+00,7.659321315269529418e-01,0.000000000000000000e+00,0.000000000000000000e+00,6.429214336873351199e-01
-7.178799255745826891e-02,-1.220228092895845329e-01,1.050000000000000044e+00,7.649765394396532692e-01,0.000000000000000000e+00,0.000000000000000000e+00,6.440581449736759723e-01
-6.985181321472469507e-02,-1.217876418720337250e-01,1.050000000000000044e+00,7.640192603734693444e-01,0.000000000000000000e+00,0.000000000000000000e+00,6.451934359386933826e-01
-6.791634086477973953e-02,-1.215467249898865010e-01,1.050000000000000044e+00,7.630602964394587184e-01,0.000000000000000000e+00,0.000000000000000000e+00,6.463273040787658186e-01
-6.598159258056093823e-02,-1.213000607682879206e-01,1.050000000000000044e+00,7.620996497523946367e-01,0.000000000000000000e+00,0.000000000000000000e+00,6.474597468934091271e-01
-6.404758542861888060e-02,-1.210476513830790468e-01,1.050000000000000044e+00,7.611373224307613761e-01,0.000000000000000000e+00,0.000000000000000000e+00,6.485907618852825296e-01
-6.211433646896646898e-02,-1.207894990607824015e-01,1.050000000000000044e+00,7.601733165967492489e-01,0.000000000000000000e+00,0.000000000000000000e+00,6.497203465601939509e-01
-6.018186275492876103e-02,-1.205256060785766525e-01,1.049999999999999822e+00,7.592076343762501622e-01,0.000000000000000000e+00,0.000000000000000000e+00,6.508484984271054596e-01
-5.825018133299186829e-02,-1.202559747642811816e-01,1.050000000000000044e+00,7.582402778988530656e-01,0.000000000000000000e+00,0.000000000000000000e+00,6.519752149981393741e-01
-5.631930924265404759e-02,-1.199806074963316593e-01,1.050000000000000044e+00,7.572712492978390664e-01,0.000000000000000000e+00,0.000000000000000000e+00,6.531004937885823702e-01
-5.438926351627226818e-02,-1.196995067037630589e-01,1.050000000000000044e+00,7.563005507101764335e-01,0.000000000000000000e+00,0.000000000000000000e+00,6.542243323168925873e-01
-5.246006117891802156e-02,-1.194126748661852311e-01,1.049999999999999822e+00,7.553281842765167120e-01,0.000000000000000000e+00,0.000000000000000000e+00,6.553467281047036241e-01
-5.053171924821811545e-02,-1.191201145137614770e-01,1.050000000000000044e+00,7.543541521411892825e-01,0.000000000000000000e+00,0.000000000000000000e+00,6.564676786768313121e-01
-4.860425473421323139e-02,-1.188218282271872317e-01,1.050000000000000266e+00,7.533784564521965876e-01,0.000000000000000000e+00,0.000000000000000000e+00,6.575871815612784888e-01
-4.667768463920443645e-02,-1.185178186376674159e-01,1.050000000000000044e+00,7.524010993612099130e-01,0.000000000000000000e+00,0.000000000000000000e+00,6.587052342892401047e-01
-4.475202595760027768e-02,-1.182080884268911225e-01,1.050000000000000044e+00,7.514220830235645021e-01,0.000000000000000000e+00,0.000000000000000000e+00,6.598218343951095521e-01
-4.282729567577200913e-02,-1.178926403270110779e-01,1.050000000000000044e+00,7.504414095982544497e-01,0.000000000000000000e+00,0.000000000000000000e+00,6.609369794164833278e-01
-4.090351077190104712e-02,-1.175714771206163300e-01,1.050000000000000044e+00,7.494590812479281494e-01,0.000000000000000000e+00,0.000000000000000000e+00,6.620506668941671391e-01
-3.898068821582809096e-02,-1.172446016407113767e-01,1.050000000000000044e+00,7.484751001388838532e-01,0.000000000000000000e+00,0.000000000000000000e+00,6.631628943721805669e-01
-3.705884496890721191e-02,-1.169120167706863000e-01,1.050000000000000266e+00,7.474894684410642309e-01,0.000000000000000000e+00,0.000000000000000000e+00,6.642736593977631721e-01
-3.513799798385287831e-02,-1.165737254442964499e-01,1.049999999999999822e+00,7.465021883280519299e-01,0.000000000000000000e+00,0.000000000000000000e+00,6.653829595213793802e-01
-3.321816420459038077e-02,-1.162297306456336887e-01,1.050000000000000044e+00,7.455132619770653557e-01,0.000000000000000000e+00,0.000000000000000000e+00,6.664907922967244769e-01
-3.129936056610874151e-02,-1.158800354090996354e-01,1.049999999999999822e+00,7.445226915689527880e-01,0.000000000000000000e+00,0.000000000000000000e+00,6.675971552807290488e-01
-2.938160399431084813e-02,-1.155246428193805741e-01,1.049999999999999822e+00,7.435304792881881619e-01,0.000000000000000000e+00,0.000000000000000000e+00,6.687020460335657557e-01
-2.746491140585929913e-02,-1.151635560114201429e-01,1.050000000000000266e+00,7.425366273228662939e-01,0.000000000000000000e+00,0.000000000000000000e+00,6.698054621186534385e-01
-2.554929970803736239e-02,-1.147967781703892465e-01,1.050000000000000044e+00,7.415411378646977747e-01,0.000000000000000000e+00,0.000000000000000000e+00,6.709074011026627815e-01
-2.363478579858846462e-02,-1.144243125316622978e-01,1.050000000000000044e+00,7.405440131090046396e-01,0.000000000000000000e+00,0.000000000000000000e+00,6.720078605555224183e-01
-2.172138656557551228e-02,-1.140461623807842440e-01,1.050000000000000044e+00,7.395452552547147063e-01,0.000000000000000000e+00,0.000000000000000000e+00,6.731068380504233728e-01
-1.980911888722729219e-02,-1.136623310534444764e-01,1.050000000000000044e+00,7.385448665043579108e-01,0.000000000000000000e+00,0.000000000000000000e+00,6.742043311638247216e-01
-1.789799963179020126e-02,-1.132728219354454113e-01,1.049999999999999822e+00,7.375428490640597579e-01,0.000000000000000000e+00,0.000000000000000000e+00,6.753003374754593668e-01
-1.598804565738309869e-02,-1.128776384626754004e-01,1.050000000000000044e+00,7.365392051435387666e-01,0.000000000000000000e+00,0.000000000000000000e+00,6.763948545683388103e-01
-1.407927381184320703e-02,-1.124767841210750907e-01,1.050000000000000044e+00,7.355339369560989216e-01,0.000000000000000000e+00,0.000000000000000000e+00,6.774878800287585934e-01
-1.217170093258246322e-02,-1.120702624466084485e-01,1.049999999999999822e+00,7.345270467186268970e-01,0.000000000000000000e+00,0.000000000000000000e+00,6.785794114463037374e-01
-1.026534384643372488e-02,-1.116580770252323385e-01,1.050000000000000044e+00,7.335185366515867278e-01,0.000000000000000000e+00,0.000000000000000000e+00,6.796694464138540726e-01
-8.360219369507732035e-03,-1.112402314928627733e-01,1.050000000000000044e+00,7.325084089790137032e-01,0.000000000000000000e+00,0.000000000000000000e+00,6.807579825275895669e-01
-6.456344307040576269e-03,-1.108167295353447157e-01,1.050000000000000044e+00,7.314966659285110362e-01,0.000000000000000000e+00,0.000000000000000000e+00,6.818450173869956554e-01
-4.553735453249121989e-03,-1.103875748884193264e-01,1.049999999999999822e+00,7.304833097312440904e-01,0.000000000000000000e+00,0.000000000000000000e+00,6.829305485948677923e-01
-2.652409591178517267e-03,-1.099527713376888816e-01,1.050000000000000044e+00,7.294683426219356059e-01,0.000000000000000000e+00,0.000000000000000000e+00,6.840145737573187779e-01
-7.523834925592665090e-04,-1.095123227185871295e-01,1.049999999999999822e+00,7.284517668388608147e-01,0.000000000000000000e+00,0.000000000000000000e+00,6.850970904837808684e-01
1.146326082346299513e-03,-1.090662329163407662e-01,1.050000000000000044e+00,7.274335846238428882e-01,0.000000000000000000e+00,0.000000000000000000e+00,6.861780963870141026e-01
3.043702384886631807e-03,-1.086145058659412355e-01,1.050000000000000044e+00,7.264137982222467205e-01,0.000000000000000000e+00,0.000000000000000000e+00,6.872575890831101875e-01
4.939728678171925735e-03,-1.081571455521029845e-01,1.050000000000000044e+00,7.253924098829761524e-01,0.000000000000000000e+00,0.000000000000000000e+00,6.883355661914967172e-01
6.834388237222294160e-03,-1.076941560092347094e-01,1.050000000000000266e+00,7.243694218584664224e-01,0.000000000000000000e+00,0.000000000000000000e+00,6.894120253349453886e-01
8.727664349110590691e-03,-1.072255413213989428e-01,1.050000000000000044e+00,7.233448364046812795e-01,0.000000000000000000e+00,0.000000000000000000e+00,6.904869641395736668e-01
1.061954031311727192e-02,-1.067513056222793022e-01,1.050000000000000044e+00,7.223186557811069886e-01,0.000000000000000000e+00,0.000000000000000000e+00,6.915603802348532225e-01
1.250999944087005655e-02,-1.062714530951411884e-01,1.050000000000000044e+00,7.212908822507477780e-01,0.000000000000000000e+00,0.000000000000000000e+00,6.926322712536125970e-01
1.439902505649638675e-02,-1.057859879727985897e-01,1.049999999999999822e+00,7.202615180801203998e-01,0.000000000000000000e+00,0.000000000000000000e+00,6.937026348320440849e-01
1.628660049676892985e-02,-1.052949145375730033e-01,1.050000000000000044e+00,7.192305655392494668e-01,0.000000000000000000e+00,0.000000000000000000e+00,6.947714686097087311e-01
1.817270911125237753e-02,-1.047982371212574648e-01,1.050000000000000044e+00,7.181980269016626783e-01,0.000000000000000000e+00,0.000000000000000000e+00,6.958387702295399935e-01
2.005733426244903084e-02,-1.042959601050785778e-01,1.050000000000000044e+00,7.171639044443851585e-01,0.000000000000000000e+00,0.000000000000000000e+00,6.969045373378514041e-01
2.194045932594778509e-02,-1.037880879196576567e-01,1.049999999999999822e+00,7.161282004479349039e-01,0.000000000000000000e+00,0.000000000000000000e+00,6.979687675843398997e-01
2.382206769057237938e-02,-1.032746250449708691e-01,1.050000000000000044e+00,7.150909171963174549e-01,0.000000000000000000e+00,0.000000000000000000e+00,6.990314586220920390e-01
2.570214275852076430e-02,-1.027555760103092686e-01,1.050000000000000044e+00,7.140520569770213433e-01,0.000000000000000000e+00,0.000000000000000000e+00,7.000926081075878882e-01
2.758066794551952000e-02,-1.022309453942419344e-01,1.050000000000000044e+00,7.130116220810125416e-01,0.000000000000000000e+00,0.000000000000000000e+00,7.011522137007080158e-01
2.945762668096599257e-02,-1.017007378245724514e-01,1.050000000000000044e+00,7.119696148027296889e-01,0.000000000000000000e+00,0.000000000000000000e+00,7.022102730647371560e-01
3.133300240807518344e-02,-1.011649579782984976e-01,1.050000000000000044e+00,7.109260374400788729e-01,0.000000000000000000e+00,0.000000000000000000e+00,7.032667838663699822e-01
3.320677858402676375e-02,-1.006236105815714321e-01,1.050000000000000044e+00,7.098808922944285227e-01,0.000000000000000000e+00,0.000000000000000000e+00,7.043217437757165467e-01
3.507893868010793920e-02,-1.000767004096556612e-01,1.050000000000000044e+00,7.088341816706049681e-01,0.000000000000000000e+00,0.000000000000000000e+00,7.053751504663060556e-01
3.694946618186417675e-02,-9.952423228688389578e-02,1.050000000000000044e+00,7.077859078768861112e-01,0.000000000000000000e+00,0.000000000000000000e+00,7.064270016150939746e-01
3.881834458924010578e-02,-9.896621108661551869e-02,1.050000000000000044e+00,7.067360732249976518e-01,0.000000000000000000e+00,0.000000000000000000e+00,7.074772949024659141e-01
4.068555741672809367e-02,-9.840264173119595004e-02,1.050000000000000266e+00,7.056846800301072031e-01,0.000000000000000000e+00,0.000000000000000000e+00,7.085260280122427368e-01
4.255108819351258176e-02,-9.783352919190957397e-02,1.050000000000000044e+00,7.046317306108190737e-01,0.000000000000000000e+00,0.000000000000000000e+00,7.095731986316859974e-01
4.441492046361619761e-02,-9.725887848893766119e-02,1.050000000000000044e+00,7.035772272891699375e-01,0.000000000000000000e+00,0.000000000000000000e+00,7.106188044515031610e-01
4.627703778604282808e-02,-9.667869469131507021e-02,1.049999999999999822e+00,7.025211723906231720e-01,0.000000000000000000e+00,0.000000000000000000e+00,7.116628431658521547e-01
4.813742373492417570e-02,-9.609298291688361804e-02,1.050000000000000044e+00,7.014635682440635289e-01,0.000000000000000000e+00,0.000000000000000000e+00,7.127053124723471411e-01
4.999606189966626646e-02,-9.550174833224811533e-02,1.050000000000000044e+00,7.004044171817924713e-01,0.000000000000000000e+00,0.000000000000000000e+00,7.137462100720631808e-01
5.185293588509057999e-02,-9.490499615272984801e-02,1.050000000000000044e+00,6.993437215395228446e-01,0.000000000000000000e+00,0.000000000000000000e+00,7.147855336695408957e-01
5.370802931158102922e-02,-9.430273164232294558e-02,1.050000000000000044e+00,6.982814836563735472e-01,0.000000000000000000e+00,0.000000000000000000e+00,7.158232809727927970e-01
5.556132581522820607e-02,-9.369496011364364385e-02,1.050000000000000044e+00,6.972177058748644241e-01,0.000000000000000000e+00,0.000000000000000000e+00,7.168594496933070603e-01
5.741280904797396722e-02,-9.308168692788809651e-02,1.050000000000000044e+00,6.961523905409118251e-01,0.000000000000000000e+00,0.000000000000000000e+00,7.178940375460530765e-01
5.926246267775371612e-02,-9.246291749478163791e-02,1.050000000000000266e+00,6.950855400038221665e-01,0.000000000000000000e+00,0.000000000000000000e+00,7.189270422494865587e-01
6.111027038864323691e-02,-9.183865727253393008e-02,1.049999999999999822e+00,6.940171566162876005e-01,0.000000000000000000e+00,0.000000000000000000e+00,7.199584615255544273e-01
6.295621588100133725e-02,-9.120891176778733733e-02,1.050000000000000044e+00,6.929472427343806862e-01,0.000000000000000000e+00,0.000000000000000000e+00,7.209882930997003614e-01
6.480028287161168632e-02,-9.057368653557140714e-02,1.049999999999999822e+00,6.918758007175492830e-01,0.000000000000000000e+00,0.000000000000000000e+00,7.220165347008681289e-01
6.664245509383145971e-02,-8.993298717925257701e-02,1.050000000000000044e+00,6.908028329286109992e-01,0.000000000000000000e+00,0.000000000000000000e+00,7.230431840615092476e-01
6.848271629772891000e-02,-8.928681935048510265e-02,1.049999999999999822e+00,6.897283417337478628e-01,0.000000000000000000e+00,0.000000000000000000e+00,7.240682389175858713e-01
7.032105025023116518e-02,-8.863518874916065382e-02,1.050000000000000044e+00,6.886523295025022140e-01,0.000000000000000000e+00,0.000000000000000000e+00,7.250916970085764524e-01
7.215744073526476898e-02,-8.797810112335813226e-02,1.050000000000000044e+00,6.875747986077700435e-01,0.000000000000000000e+00,0.000000000000000000e+00,7.261135560774805153e-01
7.399187155390030135e-02,-8.731556226929448883e-02,1.050000000000000266e+00,6.864957514257965521e-01,0.000000000000000000e+00,0.000000000000000000e+00,7.271338138708246523e-01
7.582432652449530575e-02,-8.664757803127098867e-02,1.050000000000000044e+00,6.854151903361708209e-01,0.000000000000000000e+00,0.000000000000000000e+00,7.281524681386658537e-01
7.765478948283416338e-02,-8.597415430162380634e-02,1.049999999999999822e+00,6.843331177218204830e-01,0.000000000000000000e+00,0.000000000000000000e+00,7.291695166345977253e-01
7.948324428227586391e-02,-8.529529702067062402e-02,1.049999999999999822e+00,6.832495359690066161e-01,0.000000000000000000e+00,0.000000000000000000e+00,7.301849571157549290e-01
8.130967479389147878e-02,-8.461101217665967233e-02,1.049999999999999822e+00,6.821644474673180802e-01,0.000000000000000000e+00,0.000000000000000000e+00,7.311987873428186235e-01
8.313406490661012782e-02,-8.392130580571555143e-02,1.050000000000000044e+00,6.810778546096668551e-01,0.000000000000000000e+00,0.000000000000000000e+00,7.322110050800203496e-01
8.495639852735631381e-02,-8.322618399178582926e-02,1.050000000000000044e+00,6.799897597922820447e-01,0.000000000000000000e+00,0.000000000000000000e+00,7.332216080951478032e-01
8.677665958119962220e-02,-8.252565286659041544e-02,1.050000000000000266e+00,6.789001654147054365e-01,0.000000000000000000e+00,0.000000000000000000e+00,7.342305941595499430e-01
8.859483201148690701e-02,-8.181971860956238629e-02,1.049999999999999822e+00,6.778090738797851733e-01,0.000000000000000000e+00,0.000000000000000000e+00,7.352379610481409866e-01
9.041089977999372529e-02,-8.110838744779813592e-02,1.050000000000000266e+00,6.767164875936719781e-01,0.000000000000000000e+00,0.000000000000000000e+00,7.362437065394065172e-01
9.222484686705684220e-02,-8.039166565599908942e-02,1.050000000000000044e+00,6.756224089658113829e-01,0.000000000000000000e+00,0.000000000000000000e+00,7.372478284154073691e-01
9.403665727172200173e-02,-7.966955955641896736e-02,1.049999999999999822e+00,6.745268404089415082e-01,0.000000000000000000e+00,0.000000000000000000e+00,7.382503244617846239e-01
9.584631501188306535e-02,-7.894207551880672025e-02,1.050000000000000044e+00,6.734297843390852911e-01,0.000000000000000000e+00,0.000000000000000000e+00,7.392511924677653834e-01
9.765380412442105362e-02,-7.820921996035001822e-02,1.050000000000000044e+00,6.723312431755461560e-01,0.000000000000000000e+00,0.000000000000000000e+00,7.402504302261665448e-01
9.945910866534742045e-02,-7.747099934561829659e-02,1.050000000000000044e+00,6.712312193409027961e-01,0.000000000000000000e+00,0.000000000000000000e+00,7.412480355334001292e-01
1.012622127099441632e-01,-7.672742018650902107e-02,1.049999999999999822e+00,6.701297152610031782e-01,0.000000000000000000e+00,0.000000000000000000e+00,7.422440061894785002e-01
1.030631003529049322e-01,-7.597848904218518218e-02,1.050000000000000044e+00,6.690267333649603243e-01,0.000000000000000000e+00,0.000000000000000000e+00,7.432383399980185823e-01
1.048617557084713658e-01,-7.522421251902111639e-02,1.049999999999999822e+00,6.679222760851453167e-01,0.000000000000000000e+00,0.000000000000000000e+00,7.442310347662470793e-01
1.066581629105791684e-01,-7.446459727054366429e-02,1.050000000000000044e+00,6.668163458571837454e-01,0.000000000000000000e+00,0.000000000000000000e+00,7.452220883050050260e-01
1.084523061129937099e-01,-7.369964999737210753e-02,1.050000000000000044e+00,6.657089451199486030e-01,0.000000000000000000e+00,0.000000000000000000e+00,7.462114984287532282e-01
1.102441694894521346e-01,-7.292937744715943804e-02,1.049999999999999822e+00,6.646000763155565094e-01,0.000000000000000000e+00,0.000000000000000000e+00,7.471992629555762599e-01
1.120337372338020554e-01,-7.215378641453429331e-02,1.049999999999999822e+00,6.634897418893608290e-01,0.000000000000000000e+00,0.000000000000000000e+00,7.481853797071881251e-01
1.138209935601395689e-01,-7.137288374104033828e-02,1.049999999999999822e+00,6.623779442899478953e-01,0.000000000000000000e+00,0.000000000000000000e+00,7.491698465089359216e-01
1.156059227029522241e-01,-7.058667631507398177e-02,1.050000000000000044e+00,6.612646859691299062e-01,0.000000000000000000e+00,0.000000000000000000e+00,7.501526611898060581e-01
1.173885089172529705e-01,-6.979517107182664493e-02,1.049999999999999822e+00,6.601499693819408154e-01,0.000000000000000000e+00,0.000000000000000000e+00,7.511338215824278075e-01
1.191687364787247794e-01,-6.899837499322225565e-02,1.050000000000000044e+00,6.590337969866303380e-01,0.000000000000000000e+00,0.000000000000000000e+00,7.521133255230789683e-01
1.209465896838556181e-01,-6.819629510785385484e-02,1.050000000000000044e+00,6.579161712446585097e-01,0.000000000000000000e+00,0.000000000000000000e+00,7.530911708516899727e-01
1.227220528500761465e-01,-6.738893849092508770e-02,1.050000000000000044e+00,6.567970946206904692e-01,0.000000000000000000e+00,0.000000000000000000e+00,7.540673554118489941e-01
1.244951103159015193e-01,-6.657631226418569970e-02,1.049999999999999822e+00,6.556765695825911289e-01,0.000000000000000000e+00,0.000000000000000000e+00,7.550418770508066091e-01
1.262657464410675001e-01,-6.575842359586814290e-02,1.049999999999999822e+00,6.545545986014194018e-01,0.000000000000000000e+00,0.000000000000000000e+00,7.560147336194809053e-01
1.280339456066679482e-01,-6.493527970062640264e-02,1.049999999999999822e+00,6.534311841514227615e-01,0.000000000000000000e+00,0.000000000000000000e+00,7.569859229724614780e-01
1.297996922152938049e-01,-6.410688783947027236e-02,1.050000000000000266e+00,6.523063287100321350e-01,0.000000000000000000e+00,0.000000000000000000e+00,7.579554429680148697e-01
1.315629706911709551e-01,-6.327325531970262595e-02,1.050000000000000044e+00,6.511800347578557968e-01,0.000000000000000000e+00,0.000000000000000000e+00,7.589232914680889008e-01
1.333237654802949534e-01,-6.243438949485435874e-02,1.050000000000000044e+00,6.500523047786748165e-01,0.000000000000000000e+00,0.000000000000000000e+00,7.598894663383174430e-01
1.350820610505720498e-01,-6.159029776462054961e-02,1.050000000000000044e+00,6.489231412594371751e-01,0.000000000000000000e+00,0.000000000000000000e+00,7.608539654480250825e-01
1.368378418919521111e-01,-6.074098757479251542e-02,1.050000000000000044e+00,6.477925466902516582e-01,0.000000000000000000e+00,0.000000000000000000e+00,7.618167866702322266e-01
1.385910925165705354e-01,-5.988646641719619357e-02,1.050000000000000044e+00,6.466605235643833050e-01,0.000000000000000000e+00,0.000000000000000000e+00,7.627779278816591013e-01
1.403417974588796469e-01,-5.902674182962264204e-02,1.050000000000000266e+00,6.455270743782473009e-01,0.000000000000000000e+00,0.000000000000000000e+00,7.637373869627314127e-01
1.420899412757880009e-01,-5.816182139576231425e-02,1.049999999999999822e+00,6.443922016314036494e-01,0.000000000000000000e+00,0.000000000000000000e+00,7.646951617975834559e-01
1.438355085467969419e-01,-5.729171274513944478e-02,1.050000000000000044e+00,6.432559078265520647e-01,0.000000000000000000e+00,0.000000000000000000e+00,7.656512502740644432e-01
1.455784838741339127e-01,-5.641642355304365974e-02,1.050000000000000044e+00,6.421181954695255323e-01,0.000000000000000000e+00,0.000000000000000000e+00,7.666056502837428344e-01
1.473188518828910110e-01,-5.553596154046225308e-02,1.050000000000000044e+00,6.409790670692857573e-01,0.000000000000000000e+00,0.000000000000000000e+00,7.675583597219094445e-01
1.490565972211600199e-01,-5.465033447401290712e-02,1.049999999999999600e+00,6.398385251379171690e-01,0.000000000000000000e+00,0.000000000000000000e+00,7.685093764875836619e-01
1.507917045601670503e-01,-5.375955016587363744e-02,1.050000000000000044e+00,6.386965721906211479e-01,0.000000000000000000e+00,0.000000000000000000e+00,7.694586984835187771e-01
1.525241585944091538e-01,-5.286361647371584649e-02,1.050000000000000044e+00,6.375532107457106967e-01,0.000000000000000000e+00,0.000000000000000000e+00,7.704063236162042028e-01
1.542539440417878271e-01,-5.196254130063338028e-02,1.050000000000000266e+00,6.364084433246054440e-01,0.000000000000000000e+00,0.000000000000000000e+00,7.713522497958715807e-01
1.559810456437404347e-01,-5.105633259507358357e-02,1.050000000000000044e+00,6.352622724518249830e-01,0.000000000000000000e+00,0.000000000000000000e+00,7.722964749364995551e-01
1.577054481653873130e-01,-5.014499835076791090e-02,1.050000000000000044e+00,6.341147006549843201e-01,0.000000000000000000e+00,0.000000000000000000e+00,7.732389969558181031e-01
1.594271363956491494e-01,-4.922854660665854087e-02,1.049999999999999600e+00,6.329657304647875460e-01,0.000000000000000000e+00,0.000000000000000000e+00,7.741798137753125308e-01
1.611460951473950576e-01,-4.830698544683209583e-02,1.050000000000000044e+00,6.318153644150232839e-01,0.000000000000000000e+00,0.000000000000000000e+00,7.751189233202292472e-01
1.628623092575686160e-01,-4.738032300044314749e-02,1.050000000000000044e+00,6.306636050425571405e-01,0.000000000000000000e+00,0.000000000000000000e+00,7.760563235195790943e-01
1.645757635873232316e-01,-4.644856744164671536e-02,1.050000000000000044e+00,6.295104548873285966e-01,0.000000000000000000e+00,0.000000000000000000e+00,7.769920123061424544e-01
1.662864430221593914e-01,-4.551172698952399287e-02,1.050000000000000044e+00,6.283559164923435691e-01,0.000000000000000000e+00,0.000000000000000000e+00,7.779259876164743570e-01
1.679943324720530595e-01,-4.456980990801095999e-02,1.050000000000000044e+00,6.271999924036694152e-01,0.000000000000000000e+00,0.000000000000000000e+00,7.788582473909082537e-01
1.696994168715913742e-01,-4.362282450582344318e-02,1.050000000000000044e+00,6.260426851704297135e-01,0.000000000000000000e+00,0.000000000000000000e+00,7.797887895735602370e-01
1.714016811801044871e-01,-4.267077913638694930e-02,1.049999999999999822e+00,6.248839973447977147e-01,0.000000000000000000e+00,0.000000000000000000e+00,7.807176121123352575e-01
1.731011103818006214e-01,-4.171368219776017128e-02,1.050000000000000044e+00,6.237239314819916780e-01,0.000000000000000000e+00,0.000000000000000000e+00,7.816447129589297882e-01
1.747976894858941921e-01,-4.075154213256293456e-02,1.050000000000000044e+00,6.225624901402685429e-01,0.000000000000000000e+00,0.000000000000000000e+00,7.825700900688372652e-01
1.764914035267417247e-01,-3.978436742790014691e-02,1.050000000000000044e+00,6.213996758809186005e-01,0.000000000000000000e+00,0.000000000000000000e+00,7.834937414013524171e-01
1.781822375639735279e-01,-3.881216661528785750e-02,1.050000000000000044e+00,6.202354912682600530e-01,0.000000000000000000e+00,0.000000000000000000e+00,7.844156649195757058e-01
1.798701766826225901e-01,-3.783494827057776178e-02,1.050000000000000044e+00,6.190699388696327965e-01,0.000000000000000000e+00,0.000000000000000000e+00,7.853358585904181011e-01
1.815552059932603601e-01,-3.685272101388115118e-02,1.050000000000000044e+00,6.179030212553929813e-01,0.000000000000000000e+00,0.000000000000000000e+00,7.862543203846051876e-01
1.832373106321236178e-01,-3.586549350949452819e-02,1.050000000000000044e+00,6.167347409989077933e-01,0.000000000000000000e+00,0.000000000000000000e+00,7.871710482766818284e-01
1.849164757612501986e-01,-3.487327446582044743e-02,1.050000000000000044e+00,6.155651006765493483e-01,0.000000000000000000e+00,0.000000000000000000e+00,7.880860402450164948e-01
1.865926865686063918e-01,-3.387607263529290869e-02,1.050000000000000044e+00,6.143941028676885852e-01,0.000000000000000000e+00,0.000000000000000000e+00,7.889992942718061508e-01
1.882659282682187241e-01,-3.287389681429975230e-02,1.050000000000000266e+00,6.132217501546906036e-01,0.000000000000000000e+00,0.000000000000000000e+00,7.899108083430802507e-01
1.899361861003041330e-01,-3.186675584310327825e-02,1.050000000000000044e+00,6.120480451229080021e-01,0.000000000000000000e+00,0.000000000000000000e+00,7.908205804487051793e-01
1.916034453314010289e-01,-3.085465860576630526e-02,1.050000000000000044e+00,6.108729903606763267e-01,0.000000000000000000e+00,0.000000000000000000e+00,7.917286085823885822e-01
1.932676912544989967e-01,-2.983761403006846002e-02,1.050000000000000044e+00,6.096965884593069651e-01,0.000000000000000000e+00,0.000000000000000000e+00,7.926348907416848055e-01
1.949289091891675263e-01,-2.881563108743190327e-02,1.050000000000000044e+00,6.085188420130821507e-01,0.000000000000000000e+00,0.000000000000000000e+00,7.935394249279978940e-01
1.965870844816864083e-01,-2.778871879284050550e-02,1.050000000000000044e+00,6.073397536192495227e-01,0.000000000000000000e+00,0.000000000000000000e+00,7.944422091465869196e-01
1.982422025051756298e-01,-2.675688620475868973e-02,1.050000000000000044e+00,6.061593258780157978e-01,0.000000000000000000e+00,0.000000000000000000e+00,7.953432414065699785e-01
1.998942486597210244e-01,-2.572014242505482606e-02,1.050000000000000044e+00,6.049775613925415518e-01,0.000000000000000000e+00,0.000000000000000000e+00,7.962425197209289651e-01
2.015432083725094137e-01,-2.467849659891852010e-02,1.050000000000000044e+00,6.037944627689350030e-01,0.000000000000000000e+00,0.000000000000000000e+00,7.971400421065129027e-01
2.031890670979497604e-01,-2.363195791478145402e-02,1.050000000000000266e+00,6.026100326162467935e-01,0.000000000000000000e+00,0.000000000000000000e+00,7.980358065840442716e-01
2.048318103178075056e-01,-2.258053560423389783e-02,1.050000000000000044e+00,6.014242735464634393e-01,0.000000000000000000e+00,0.000000000000000000e+00,7.989298111781214518e-01
2.064714235413279697e-01,-2.152423894194643861e-02,1.050000000000000044e+00,6.002371881745028892e-01,0.000000000000000000e+00,0.000000000000000000e+00,7.998220539172237187e-01
2.081078923053693575e-01,-2.046307724558638075e-02,1.050000000000000044e+00,5.990487791182067534e-01,0.000000000000000000e+00,0.000000000000000000e+00,8.007125328337167947e-01
2.097412021745244659e-01,-1.939705987573514534e-02,1.050000000000000044e+00,5.978590489983373057e-01,0.000000000000000000e+00,0.000000000000000000e+00,8.016012459638541809e-01
2.113713387412527733e-01,-1.832619623580700186e-02,1.049999999999999822e+00,5.966680004385683800e-01,0.000000000000000000e+00,0.000000000000000000e+00,8.024881913477858175e-01
2.129982876260047286e-01,-1.725049577196580142e-02,1.050000000000000044e+00,5.954756360654828162e-01,0.000000000000000000e+00,0.000000000000000000e+00,8.033733670295578611e-01
2.146220344773500932e-01,-1.616996797304048883e-02,1.050000000000000044e+00,5.942819585085644674e-01,0.000000000000000000e+00,0.000000000000000000e+00,8.042567710571201234e-01
2.162425649721044507e-01,-1.508462237044294607e-02,1.050000000000000044e+00,5.930869704001927589e-01,0.000000000000000000e+00,0.000000000000000000e+00,8.051384014823296242e-01
2.178598648154524420e-01,-1.399446853808283819e-02,1.050000000000000044e+00,5.918906743756382483e-01,0.000000000000000000e+00,0.000000000000000000e+00,8.060182563609536999e-01
2.194739197410805476e-01,-1.289951609228390250e-02,1.050000000000000266e+00,5.906930730730547419e-01,0.000000000000000000e+00,0.000000000000000000e+00,8.068963337526766644e-01
2.210847155112946605e-01,-1.179977469169823934e-02,1.049999999999999822e+00,5.894941691334752987e-01,0.000000000000000000e+00,0.000000000000000000e+00,8.077726317211010310e-01
2.226922379171554778e-01,-1.069525403722249024e-02,1.050000000000000044e+00,5.882939652008051246e-01,0.000000000000000000e+00,0.000000000000000000e+00,8.086471483337549504e-01
2.242964727785917711e-01,-9.585963871911240552e-03,1.050000000000000044e+00,5.870924639218165764e-01,0.000000000000000000e+00,0.000000000000000000e+00,8.095198816620940985e-01
2.258974059445356675e-01,-8.471913980890088958e-03,1.050000000000000044e+00,5.858896679461431667e-01,0.000000000000000000e+00,0.000000000000000000e+00,8.103908297815062278e-01
2.274950232930436078e-01,-7.353114191271936662e-03,1.050000000000000044e+00,5.846855799262731246e-01,0.000000000000000000e+00,0.000000000000000000e+00,8.112599907713171632e-01
2.290893107314222465e-01,-6.229574372068724664e-03,1.050000000000000044e+00,5.834802025175439555e-01,0.000000000000000000e+00,0.000000000000000000e+00,8.121273627147935770e-01
2.306802541963467457e-01,-5.101304434103504093e-03,1.050000000000000044e+00,5.822735383781371121e-01,0.000000000000000000e+00,0.000000000000000000e+00,8.129929436991467639e-01
2.322678396539955559e-01,-3.968314329924504946e-03,1.050000000000000044e+00,5.810655901690715552e-01,0.000000000000000000e+00,0.000000000000000000e+00,8.138567318155379704e-01
2.338520531001652136e-01,-2.830614053717983580e-03,1.049999999999999822e+00,5.798563605541969812e-01,0.000000000000000000e+00,0.000000000000000000e+00,8.147187251590827239e-01
2.354328805603964070e-01,-1.688213641217406469e-03,1.050000000000000044e+00,5.786458522001906024e-01,0.000000000000000000e+00,0.000000000000000000e+00,8.155789218288534981e-01
2.370103080901013737e-01,-5.411231696170748506e-04,1.050000000000000044e+00,5.774340677765481544e-01,0.000000000000000000e+00,0.000000000000000000e+00,8.164373199278857074e-01
2.385843217746794198e-01,6.106472425165820894e-04,1.050000000000000044e+00,5.762210099555803433e-01,0.000000000000000000e+00,0.000000000000000000e+00,8.172939175631805941e-01
2.401549077296442070e-01,1.767087435336933687e-03,1.050000000000000044e+00,5.750066814124052961e-01,0.000000000000000000e+00,0.000000000000000000e+00,8.181487128457104463e-01
2.417220521007483192e-01,2.928187207802968040e-03,1.050000000000000044e+00,5.737910848249442308e-01,0.000000000000000000e+00,0.000000000000000000e+00,8.190017038904215951e-01
2.432857410641009466e-01,4.093936317772217670e-03,1.049999999999999822e+00,5.725742228739142403e-01,0.000000000000000000e+00,0.000000000000000000e+00,8.198528888162394113e-01
2.448459608262908427e-01,5.264324482090132484e-03,1.049999999999999822e+00,5.713560982428230739e-01,0.000000000000000000e+00,0.000000000000000000e+00,8.207022657460727455e-01
2.464026976245111134e-01,6.439341376680118856e-03,1.049999999999999822e+00,5.701367136179628092e-01,0.000000000000000000e+00,0.000000000000000000e+00,8.215498328068170375e-01
2.479559377266760123e-01,7.618976636635466093e-03,1.050000000000000044e+00,5.689160716884044122e-01,0.000000000000000000e+00,0.000000000000000000e+00,8.223955881293589787e-01
2.495056674315462852e-01,8.803219856311161884e-03,1.050000000000000044e+00,5.676941751459914087e-01,0.000000000000000000e+00,0.000000000000000000e+00,8.232395298485808421e-01
2.510518730688470201e-01,9.992060589414264449e-03,1.050000000000000044e+00,5.664710266853338894e-01,0.000000000000000000e+00,0.000000000000000000e+00,8.240816561033643683e-01
2.525945409993892721e-01,1.118548834909627310e-02,1.050000000000000044e+00,5.652466290038034025e-01,0.000000000000000000e+00,0.000000000000000000e+00,8.249219650365946510e-01
2.541336576151909110e-01,1.238349260804905150e-02,1.050000000000000044e+00,5.640209848015254046e-01,0.000000000000000000e+00,0.000000000000000000e+00,8.257604547951648000e-01
2.556692093395960819e-01,1.358606279859086996e-02,1.050000000000000044e+00,5.627940967813752637e-01,0.000000000000000000e+00,0.000000000000000000e+00,8.265971235299793829e-01
2.572011826273953861e-01,1.479318831276654755e-02,1.050000000000000044e+00,5.615659676489704877e-01,0.000000000000000000e+00,0.000000000000000000e+00,8.274319693959590882e-01
2.587295639649450085e-01,1.600485850243660302e-02,1.050000000000000044e+00,5.603366001126662832e-01,0.000000000000000000e+00,0.000000000000000000e+00,8.282649905520442779e-01
2.602543398702850674e-01,1.722106267937384416e-02,1.050000000000000044e+00,5.591059968835483396e-01,0.000000000000000000e+00,0.000000000000000000e+00,8.290961851611992062e-01
2.617754968932605730e-01,1.844179011535462820e-02,1.050000000000000266e+00,5.578741606754273885e-01,0.000000000000000000e+00,0.000000000000000000e+00,8.299255513904169046e-01
2.632930216156378345e-01,1.966703004225767160e-02,1.050000000000000266e+00,5.566410942048335420e-01,0.000000000000000000e+00,0.000000000000000000e+00,8.307530874107216246e-01
2.648069006512263623e-01,2.089677165215475529e-02,1.050000000000000266e+00,5.554068001910097419e-01,0.000000000000000000e+00,0.000000000000000000e+00,8.315787913971736112e-01
2.663171206459899465e-01,2.213100409740886843e-02,1.050000000000000044e+00,5.541712813559060979e-01,0.000000000000000000e+00,0.000000000000000000e+00,8.324026615288739883e-01
2.678236682781751088e-01,2.336971649076868829e-02,1.050000000000000044e+00,5.529345404241735595e-01,0.000000000000000000e+00,0.000000000000000000e+00,8.332246959889679783e-01
2.693265302584169074e-01,2.461289790546572487e-02,1.050000000000000044e+00,5.516965801231585864e-01,0.000000000000000000e+00,0.000000000000000000e+00,8.340448929646481213e-01
2.708256933298650027e-01,2.586053737530880081e-02,1.050000000000000044e+00,5.504574031828960434e-01,0.000000000000000000e+00,0.000000000000000000e+00,8.348632506471599379e-01
2.723211442682968442e-01,2.711262389478275026e-02,1.050000000000000044e+00,5.492170123361045375e-01,0.000000000000000000e+00,0.000000000000000000e+00,8.356797672318045933e-01
2.738128698822348550e-01,2.836914641914412005e-02,1.050000000000000044e+00,5.479754103181788683e-01,0.000000000000000000e+00,0.000000000000000000e+00,8.364944409179440044e-01
2.753008570130616173e-01,2.963009386451931348e-02,1.050000000000000044e+00,5.467325998671856979e-01,0.000000000000000000e+00,0.000000000000000000e+00,8.373072699090029491e-01
2.767850925351376667e-01,3.089545510800262296e-02,1.049999999999999822e+00,5.454885837238556689e-01,0.000000000000000000e+00,0.000000000000000000e+00,8.381182524124755062e-01
2.782655633559196762e-01,3.216521898775337451e-02,1.050000000000000044e+00,5.442433646315790741e-01,0.000000000000000000e+00,0.000000000000000000e+00,8.389273866399273860e-01
2.797422564160665925e-01,3.343937430309562586e-02,1.050000000000000044e+00,5.429969453363985288e-01,0.000000000000000000e+00,0.000000000000000000e+00,8.397346708069999277e-01
2.812151586895695887e-01,3.471790981461542192e-02,1.050000000000000044e+00,5.417493285870036424e-01,0.000000000000000000e+00,0.000000000000000000e+00,8.405401031334143180e-01
2.826842571838509288e-01,3.600081424426082588e-02,1.050000000000000044e+00,5.405005171347245785e-01,0.000000000000000000e+00,0.000000000000000000e+00,8.413436818429763653e-01
2.841495389398904781e-01,3.728807627544217240e-02,1.050000000000000044e+00,5.392505137335263932e-01,0.000000000000000000e+00,0.000000000000000000e+00,8.421454051635786087e-01
2.856109910323355594e-01,3.857968455313076639e-02,1.050000000000000044e+00,5.379993211400028175e-01,0.000000000000000000e+00,0.000000000000000000e+00,8.429452713272055364e-01
2.870686005696139187e-01,3.987562768395869206e-02,1.050000000000000044e+00,5.367469421133692631e-01,0.000000000000000000e+00,0.000000000000000000e+00,8.437432785699376936e-01
2.885223546940487993e-01,4.117589423632084245e-02,1.050000000000000044e+00,5.354933794154584925e-01,0.000000000000000000e+00,0.000000000000000000e+00,8.445394251319543466e-01
2.899722405819745719e-01,4.248047274047417332e-02,1.050000000000000044e+00,5.342386358107129585e-01,0.000000000000000000e+00,0.000000000000000000e+00,8.453337092575384792e-01
2.914182454438441483e-01,4.378935168864084293e-02,1.050000000000000044e+00,5.329827140661799190e-01,0.000000000000000000e+00,0.000000000000000000e+00,8.461261291950797903e-01
2.928603565243479423e-01,4.510251953510691081e-02,1.050000000000000044e+00,5.317256169515041098e-01,0.000000000000000000e+00,0.000000000000000000e+00,8.469166831970795783e-01
2.942985611025229487e-01,4.641996469632658773e-02,1.050000000000000044e+00,5.304673472389225264e-01,0.000000000000000000e+00,0.000000000000000000e+00,8.477053695201538508e-01
2.957328464918644872e-01,4.774167555102382110e-02,1.050000000000000044e+00,5.292079077032584289e-01,0.000000000000000000e+00,0.000000000000000000e+00,8.484921864250368762e-01
2.971632000404416662e-01,4.906764044029432448e-02,1.050000000000000044e+00,5.279473011219140144e-01,0.000000000000000000e+00,0.000000000000000000e+00,8.492771321765864023e-01
2.985896091310048517e-01,5.039784766770794011e-02,1.050000000000000266e+00,5.266855302748660872e-01,0.000000000000000000e+00,0.000000000000000000e+00,8.500602050437858770e-01
3.000120611810987992e-01,5.173228549941455423e-02,1.050000000000000266e+00,5.254225979446580652e-01,0.000000000000000000e+00,0.000000000000000000e+00,8.508414032997491105e-01
3.014305436431734542e-01,5.307094216424279587e-02,1.050000000000000044e+00,5.241585069163956501e-01,0.000000000000000000e+00,0.000000000000000000e+00,8.516207252217238288e-01
3.028450440046968062e-01,5.441380585380917179e-02,1.050000000000000044e+00,5.228932599777388335e-01,0.000000000000000000e+00,0.000000000000000000e+00,8.523981690910963360e-01
3.042555497882609705e-01,5.576086472261776450e-02,1.050000000000000044e+00,5.216268599188977895e-01,0.000000000000000000e+00,0.000000000000000000e+00,8.531737331933928470e-01
3.056620485516950980e-01,5.711210688816881209e-02,1.050000000000000044e+00,5.203593095326245477e-01,0.000000000000000000e+00,0.000000000000000000e+00,8.539474158182869257e-01
3.070645278881749540e-01,5.846752043105918339e-02,1.049999999999999822e+00,5.190906116142087745e-01,0.000000000000000000e+00,0.000000000000000000e+00,8.547192152596000403e-01
3.084629754263326085e-01,5.982709339509129087e-02,1.050000000000000044e+00,5.178207689614698905e-01,0.000000000000000000e+00,0.000000000000000000e+00,8.554891298153074475e-01
3.098573788303624066e-01,6.119081378737600829e-02,1.050000000000000044e+00,5.165497843747529627e-01,0.000000000000000000e+00,0.000000000000000000e+00,8.562571577875400797e-01
3.112477258001348779e-01,6.255866957844047338e-02,1.050000000000000044e+00,5.152776606569201556e-01,0.000000000000000000e+00,0.000000000000000000e+00,8.570232974825898742e-01
3.126340040713019297e-01,6.393064870233211572e-02,1.050000000000000044e+00,5.140044006133460686e-01,0.000000000000000000e+00,0.000000000000000000e+00,8.577875472109133259e-01
3.140162014154052050e-01,6.530673905672756963e-02,1.050000000000000044e+00,5.127300070519116293e-01,0.000000000000000000e+00,0.000000000000000000e+00,8.585499052871341519e-01
3.153943056399839406e-01,6.668692850303614694e-02,1.049999999999999822e+00,5.114544827829970997e-01,0.000000000000000000e+00,0.000000000000000000e+00,8.593103700300472880e-01
3.167683045886856008e-01,6.807120486650963809e-02,1.049999999999999822e+00,5.101778306194764134e-01,0.000000000000000000e+00,0.000000000000000000e+00,8.600689397626243293e-01
3.181381861413674628e-01,6.945955593634944858e-02,1.050000000000000044e+00,5.089000533767105150e-01,0.000000000000000000e+00,0.000000000000000000e+00,8.608256128120149731e-01
3.195039382142090267e-01,7.085196946581340249e-02,1.050000000000000044e+00,5.076211538725420302e-01,0.000000000000000000e+00,0.000000000000000000e+00,8.615803875095515707e-01
3.208655487598149336e-01,7.224843317232354512e-02,1.050000000000000044e+00,5.063411349272876061e-01,0.000000000000000000e+00,0.000000000000000000e+00,8.623332621907532358e-01
3.222230057673221570e-01,7.364893473757538889e-02,1.049999999999999822e+00,5.050599993637335805e-01,0.000000000000000000e+00,0.000000000000000000e+00,8.630842351953286196e-01
3.235762972625076950e-01,7.505346180764649322e-02,1.049999999999999822e+00,5.037777500071277670e-01,0.000000000000000000e+00,0.000000000000000000e+00,8.638333048671807957e-01
3.249254113078931527e-01,7.646200199310437817e-02,1.050000000000000044e+00,5.024943896851751246e-01,0.000000000000000000e+00,0.000000000000000000e+00,8.645804695544095919e-01
3.262703360028469390e-01,7.787454286911732471e-02,1.049999999999999822e+00,5.012099212280298755e-01,0.000000000000000000e+00,0.000000000000000000e+00,8.653257276093159200e-01
3.276110594836943446e-01,7.929107197556317654e-02,1.050000000000000044e+00,4.999243474682900090e-01,0.000000000000000000e+00,0.000000000000000000e+00,8.660690773884057725e-01
3.289475699238199047e-01,8.071157681713869714e-02,1.050000000000000044e+00,4.986376712409915646e-01,0.000000000000000000e+00,0.000000000000000000e+00,8.668105172523927759e-01
3.302798555337707609e-01,8.213604486347159117e-02,1.050000000000000044e+00,4.973498953836011371e-01,0.000000000000000000e+00,0.000000000000000000e+00,8.675500455662030763e-01
3.316079045613615772e-01,8.356446354922808517e-02,1.050000000000000044e+00,4.960610227360110480e-01,0.000000000000000000e+00,0.000000000000000000e+00,8.682876606989775592e-01
3.329317052917791786e-01,8.499682027422739150e-02,1.050000000000000044e+00,4.947710561405313512e-01,0.000000000000000000e+00,0.000000000000000000e+00,8.690233610240769568e-01
3.342512460476834701e-01,8.643310240354984408e-02,1.049999999999999822e+00,4.934799984418857255e-01,0.000000000000000000e+00,0.000000000000000000e+00,8.697571449190839576e-01
3.355665151893148512e-01,8.787329726765014115e-02,1.050000000000000266e+00,4.921878524872029259e-01,0.000000000000000000e+00,0.000000000000000000e+00,8.704890107658083132e-01
3.368775011145880294e-01,8.931739216246759039e-02,1.049999999999999822e+00,4.908946211260123427e-01,0.000000000000000000e+00,0.000000000000000000e+00,8.712189569502886144e-01
3.381841922592072613e-01,9.076537434953990680e-02,1.050000000000000044e+00,4.896003072102366183e-01,0.000000000000000000e+00,0.000000000000000000e+00,8.719469818627976210e-01
3.394865770967564478e-01,9.221723105611445703e-02,1.050000000000000044e+00,4.883049135941860963e-01,0.000000000000000000e+00,0.000000000000000000e+00,8.726730838978445925e-01
3.407846441388082126e-01,9.367294947526150217e-02,1.050000000000000266e+00,4.870084431345516052e-01,0.000000000000000000e+00,0.000000000000000000e+00,8.733972614541795076e-01
3.420783819350211585e-01,9.513251676598633022e-02,1.050000000000000044e+00,4.857108986903988512e-01,0.000000000000000000e+00,0.000000000000000000e+00,8.741195129347960613e-01
3.433677790732443946e-01,9.659592005334294296e-02,1.049999999999999822e+00,4.844122831231624793e-01,0.000000000000000000e+00,0.000000000000000000e+00,8.748398367469356618e-01
3.446528241796141256e-01,9.806314642854863095e-02,1.050000000000000044e+00,4.831125992966384675e-01,0.000000000000000000e+00,0.000000000000000000e+00,8.755582313020908725e-01
3.459335059186580130e-01,9.953418294909610609e-02,1.050000000000000044e+00,4.818118500769794643e-01,0.000000000000000000e+00,0.000000000000000000e+00,8.762746950160082982e-01
3.472098129933916533e-01,1.010090166388690758e-01,1.049999999999999822e+00,4.805100383326865732e-01,0.000000000000000000e+00,0.000000000000000000e+00,8.769892263086930262e-01
3.484817341454217177e-01,1.024876344882553747e-01,1.050000000000000044e+00,4.792071669346051332e-01,0.000000000000000000e+00,0.000000000000000000e+00,8.777018236044115129e-01
3.497492581550413759e-01,1.039700234542638713e-01,1.050000000000000044e+00,4.779032387559162265e-01,0.000000000000000000e+00,0.000000000000000000e+00,8.784124853316952475e-01
3.510123738413308825e-01,1.054561704606364891e-01,1.050000000000000044e+00,4.765982566721325697e-01,0.000000000000000000e+00,0.000000000000000000e+00,8.791212099233438604e-01
3.522710700622614932e-01,1.069460623979670011e-01,1.050000000000000044e+00,4.752922235610898549e-01,0.000000000000000000e+00,0.000000000000000000e+00,8.798279958164294534e-01
3.535253357147826181e-01,1.084396861238126064e-01,1.050000000000000044e+00,4.739851423029426414e-01,0.000000000000000000e+00,0.000000000000000000e+00,8.805328414522988201e-01
3.547751597349296793e-01,1.099370284628142791e-01,1.050000000000000044e+00,4.726770157801560845e-01,0.000000000000000000e+00,0.000000000000000000e+00,8.812357452765781085e-01
3.560205310979175919e-01,1.114380762068104547e-01,1.050000000000000266e+00,4.713678468775007735e-01,0.000000000000000000e+00,0.000000000000000000e+00,8.819367057391755971e-01
3.572614388182366874e-01,1.129428161149524934e-01,1.050000000000000044e+00,4.700576384820462361e-01,0.000000000000000000e+00,0.000000000000000000e+00,8.826357212942845809e-01
3.584978719497545763e-01,1.144512349138244733e-01,1.050000000000000044e+00,4.687463934831538892e-01,0.000000000000000000e+00,0.000000000000000000e+00,8.833327904003882569e-01
3.597298195858064096e-01,1.159633192975579874e-01,1.050000000000000044e+00,4.674341147724715428e-01,0.000000000000000000e+00,0.000000000000000000e+00,8.840279115202618332e-01
3.609572708592955759e-01,1.174790559279507152e-01,1.050000000000000044e+00,4.661208052439263505e-01,0.000000000000000000e+00,0.000000000000000000e+00,8.847210831209764148e-01
3.621802149427886808e-01,1.189984314345827743e-01,1.050000000000000044e+00,4.648064677937193689e-01,0.000000000000000000e+00,0.000000000000000000e+00,8.854123036739020014e-01
3.633986410486094720e-01,1.205214324149366245e-01,1.050000000000000044e+00,4.634911053203170650e-01,0.000000000000000000e+00,0.000000000000000000e+00,8.861015716547120391e-01
3.646125384289358728e-01,1.220480454345133081e-01,1.050000000000000044e+00,4.621747207244479849e-01,0.000000000000000000e+00,0.000000000000000000e+00,8.867888855433848638e-01
3.658218963758944620e-01,1.235782570269521319e-01,1.050000000000000044e+00,4.608573169090934840e-01,0.000000000000000000e+00,0.000000000000000000e+00,8.874742438242089193e-01
3.670267042216522890e-01,1.251120536941487948e-01,1.050000000000000044e+00,4.595388967794835078e-01,0.000000000000000000e+00,0.000000000000000000e+00,8.881576449857847555e-01
3.682269513385163506e-01,1.266494219063751814e-01,1.050000000000000044e+00,4.582194632430887093e-01,0.000000000000000000e+00,0.000000000000000000e+00,8.888390875210291364e-01
3.694226271390211869e-01,1.281903481023985991e-01,1.050000000000000044e+00,4.568990192096141767e-01,0.000000000000000000e+00,0.000000000000000000e+00,8.895185699271784818e-01
3.706137210760274137e-01,1.297348186896005728e-01,1.050000000000000044e+00,4.555775675909946587e-01,0.000000000000000000e+00,0.000000000000000000e+00,8.901960907057908656e-01
3.718002226428106516e-01,1.312828200440980808e-01,1.050000000000000044e+00,4.542551113013855169e-01,0.000000000000000000e+00,0.000000000000000000e+00,8.908716483627514560e-01
3.729821213731582263e-01,1.328343385108611274e-01,1.050000000000000044e+00,4.529316532571589504e-01,0.000000000000000000e+00,0.000000000000000000e+00,8.915452414082735144e-01
3.741594068414580976e-01,1.343893604038371992e-01,1.049999999999999822e+00,4.516071963768949482e-01,0.000000000000000000e+00,0.000000000000000000e+00,8.922168683569038361e-01
3.753320686627923397e-01,1.359478720060685042e-01,1.050000000000000044e+00,4.502817435813777913e-01,0.000000000000000000e+00,0.000000000000000000e+00,8.928865277275239709e-01
3.765000964930279581e-01,1.375098595698152071e-01,1.050000000000000044e+00,4.489552977935863387e-01,0.000000000000000000e+00,0.000000000000000000e+00,8.935542180433553305e-01
3.776634800289099259e-01,1.390753093166744447e-01,1.050000000000000044e+00,4.476278619386905855e-01,0.000000000000000000e+00,0.000000000000000000e+00,8.942199378319611869e-01
3.788222090081515558e-01,1.406442074377047824e-01,1.050000000000000044e+00,4.462994389440431697e-01,0.000000000000000000e+00,0.000000000000000000e+00,8.948836856252505578e-01
3.799762732095210982e-01,1.422165400935446744e-01,1.050000000000000044e+00,4.449700317391740989e-01,0.000000000000000000e+00,0.000000000000000000e+00,8.955454599594809828e-01
3.811256624529383297e-01,1.437922934145381415e-01,1.050000000000000266e+00,4.436396432557834224e-01,0.000000000000000000e+00,0.000000000000000000e+00,8.962052593752624086e-01
3.822703665995587086e-01,1.453714535008544528e-01,1.050000000000000044e+00,4.423082764277350698e-01,0.000000000000000000e+00,0.000000000000000000e+00,8.968630824175596317e-01
3.834103755518679657e-01,1.469540064226105835e-01,1.050000000000000266e+00,4.409759341910513553e-01,0.000000000000000000e+00,0.000000000000000000e+00,8.975189276356959622e-01
3.845456792537662594e-01,1.485399382199967810e-01,1.049999999999999822e+00,4.396426194839043178e-01,0.000000000000000000e+00,0.000000000000000000e+00,8.981727935833565546e-01
3.856762676906597687e-01,1.501292349033969131e-01,1.050000000000000044e+00,4.383083352466118909e-01,0.000000000000000000e+00,0.000000000000000000e+00,8.988246788185912939e-01
3.868021308895491783e-01,1.517218824535129240e-01,1.049999999999999822e+00,4.369730844216289101e-01,0.000000000000000000e+00,0.000000000000000000e+00,8.994745819038177936e-01
3.879232589191153879e-01,1.533178668214896234e-01,1.050000000000000044e+00,4.356368699535429490e-01,0.000000000000000000e+00,0.000000000000000000e+00,9.001225014058252816e-01
3.890396418898098840e-01,1.549171739290365890e-01,1.050000000000000266e+00,4.342996947890654380e-01,0.000000000000000000e+00,0.000000000000000000e+00,9.007684358957771531e-01
3.901512699539384510e-01,1.565197896685527335e-01,1.050000000000000044e+00,4.329615618770276120e-01,0.000000000000000000e+00,0.000000000000000000e+00,9.014123839492138579e-01
3.912581333057532085e-01,1.581256999032525368e-01,1.049999999999999822e+00,4.316224741683716282e-01,0.000000000000000000e+00,0.000000000000000000e+00,9.020543441460571188e-01
3.923602221815344349e-01,1.597348904672886150e-01,1.049999999999999822e+00,4.302824346161462921e-01,0.000000000000000000e+00,0.000000000000000000e+00,9.026943150706122632e-01
3.934575268596788300e-01,1.613473471658781744e-01,1.050000000000000044e+00,4.289414461754988417e-01,0.000000000000000000e+00,0.000000000000000000e+00,9.033322953115711096e-01
3.945500376607852244e-01,1.629630557754273568e-01,1.050000000000000044e+00,4.275995118036691744e-01,0.000000000000000000e+00,0.000000000000000000e+00,9.039682834620160756e-01
3.956377449477378461e-01,1.645820020436569164e-01,1.050000000000000044e+00,4.262566344599833523e-01,0.000000000000000000e+00,0.000000000000000000e+00,9.046022781194220652e-01
3.967206391257945830e-01,1.662041716897282306e-01,1.049999999999999822e+00,4.249128171058465520e-01,0.000000000000000000e+00,0.000000000000000000e+00,9.052342778856605765e-01
3.977987106426711383e-01,1.678295504043681996e-01,1.050000000000000044e+00,4.235680627047378466e-01,0.000000000000000000e+00,0.000000000000000000e+00,9.058642813670021443e-01
3.988719499886201891e-01,1.694581238499980325e-01,1.050000000000000044e+00,4.222223742222014908e-01,0.000000000000000000e+00,0.000000000000000000e+00,9.064922871741200039e-01
3.999403476965252002e-01,1.710898776608555938e-01,1.050000000000000044e+00,4.208757546258428128e-01,0.000000000000000000e+00,0.000000000000000000e+00,9.071182939220923114e-01
4.010038943419719226e-01,1.727247974431272981e-01,1.050000000000000044e+00,4.195282068853196100e-01,0.000000000000000000e+00,0.000000000000000000e+00,9.077423002304060295e-01
4.020625805433434286e-01,1.743628687750691242e-01,1.050000000000000044e+00,4.181797339723370421e-01,0.000000000000000000e+00,0.000000000000000000e+00,9.083643047229593703e-01
4.031163969618921650e-01,1.760040772071403969e-01,1.049999999999999822e+00,4.168303388606401927e-01,0.000000000000000000e+00,0.000000000000000000e+00,9.089843060280655695e-01
4.041653343018312139e-01,1.776484082621249128e-01,1.050000000000000044e+00,4.154800245260084068e-01,0.000000000000000000e+00,0.000000000000000000e+00,9.096023027784546633e-01
4.052093833104084553e-01,1.792958474352636111e-01,1.049999999999999822e+00,4.141287939462471868e-01,0.000000000000000000e+00,0.000000000000000000e+00,9.102182936112780398e-01
4.062485347779962730e-01,1.809463801943799188e-01,1.050000000000000044e+00,4.127766501011833067e-01,0.000000000000000000e+00,0.000000000000000000e+00,9.108322771681103269e-01
4.072827795381656069e-01,1.825999919800075366e-01,1.050000000000000044e+00,4.114235959726575964e-01,0.000000000000000000e+00,0.000000000000000000e+00,9.114442520949526116e-01
4.083121084677706625e-01,1.842566682055215566e-01,1.050000000000000044e+00,4.100696345445177804e-01,0.000000000000000000e+00,0.000000000000000000e+00,9.120542170422357708e-01
4.093365124870277372e-01,1.859163942572639172e-01,1.049999999999999822e+00,4.087147688026130932e-01,0.000000000000000000e+00,0.000000000000000000e+00,9.126621706648229138e-01
4.103559825595998189e-01,1.875791554946747985e-01,1.050000000000000266e+00,4.073590017347863967e-01,0.000000000000000000e+00,0.000000000000000000e+00,9.132681116220134898e-01
4.113705096926668636e-01,1.892449372504205196e-01,1.050000000000000044e+00,4.060023363308685185e-01,0.000000000000000000e+00,0.000000000000000000e+00,9.138720385775441768e-01
4.123800849370151678e-01,1.909137248305229351e-01,1.050000000000000044e+00,4.046447755826712567e-01,0.000000000000000000e+00,0.000000000000000000e+00,9.144739501995940989e-01
4.133846993871099773e-01,1.925855035144896643e-01,1.050000000000000266e+00,4.032863224839812744e-01,0.000000000000000000e+00,0.000000000000000000e+00,9.150738451607861590e-01
4.143843441811764228e-01,1.942602585554433769e-01,1.050000000000000044e+00,4.019269800305523832e-01,0.000000000000000000e+00,0.000000000000000000e+00,9.156717221381907024e-01
4.153790105012787892e-01,1.959379751802517999e-01,1.050000000000000044e+00,4.005667512201004365e-01,0.000000000000000000e+00,0.000000000000000000e+00,9.162675798133284033e-01
4.163686895733930138e-01,1.976186385896592790e-01,1.049999999999999822e+00,3.992056390522953913e-01,0.000000000000000000e+00,0.000000000000000000e+00,9.168614168721728186e-01
4.173533726674933941e-01,1.993022339584158420e-01,1.050000000000000044e+00,3.978436465287553125e-01,0.000000000000000000e+00,0.000000000000000000e+00,9.174532320051539402e-01
4.183330510976197569e-01,2.009887464354077613e-01,1.050000000000000044e+00,3.964807766530399902e-01,0.000000000000000000e+00,0.000000000000000000e+00,9.180430239071599718e-01
4.193077162219598364e-01,2.026781611437904473e-01,1.050000000000000044e+00,3.951170324306436110e-01,0.000000000000000000e+00,0.000000000000000000e+00,9.186307912775413254e-01
4.202773594429248805e-01,2.043704631811177341e-01,1.050000000000000044e+00,3.937524168689890969e-01,0.000000000000000000e+00,0.000000000000000000e+00,9.192165328201129526e-01
4.212419722072222594e-01,2.060656376194746620e-01,1.049999999999999822e+00,3.923869329774200554e-01,0.000000000000000000e+00,0.000000000000000000e+00,9.198002472431574539e-01
4.222015460059360681e-01,2.077636695056080396e-01,1.050000000000000044e+00,3.910205837671960061e-01,0.000000000000000000e+00,0.000000000000000000e+00,9.203819332594275204e-01
4.231560723745982910e-01,2.094645438610598931e-01,1.050000000000000044e+00,3.896533722514837761e-01,0.000000000000000000e+00,0.000000000000000000e+00,9.209615895861491541e-01
4.241055428932646310e-01,2.111682456822972509e-01,1.050000000000000044e+00,3.882853014453526708e-01,0.000000000000000000e+00,0.000000000000000000e+00,9.215392149450242210e-01
4.250499491865892265e-01,2.128747599408470914e-01,1.050000000000000044e+00,3.869163743657660359e-01,0.000000000000000000e+00,0.000000000000000000e+00,9.221148080622338927e-01
4.259892829238973722e-01,2.145840715834269052e-01,1.050000000000000044e+00,3.855465940315764839e-01,0.000000000000000000e+00,0.000000000000000000e+00,9.226883676684403124e-01
4.269235358192597918e-01,2.162961655320785881e-01,1.050000000000000044e+00,3.841759634635176224e-01,0.000000000000000000e+00,0.000000000000000000e+00,9.232598924987903688e-01
4.278526996315678010e-01,2.180110266843015010e-01,1.050000000000000044e+00,3.828044856841982257e-01,0.000000000000000000e+00,0.000000000000000000e+00,9.238293812929184723e-01
4.287767661646002537e-01,2.197286399131844203e-01,1.050000000000000266e+00,3.814321637180955182e-01,0.000000000000000000e+00,0.000000000000000000e+00,9.243968327949485531e-01
4.296957272671013683e-01,2.214489900675408185e-01,1.050000000000000044e+00,3.800590005915480685e-01,0.000000000000000000e+00,0.000000000000000000e+00,9.249622457534976139e-01
4.306095748328518935e-01,2.231720619720405918e-01,1.050000000000000044e+00,3.786849993327501274e-01,0.000000000000000000e+00,0.000000000000000000e+00,9.255256189216779505e-01
4.315183008007369425e-01,2.248978404273457299e-01,1.050000000000000044e+00,3.773101629717433014e-01,0.000000000000000000e+00,0.000000000000000000e+00,9.260869510571004826e-01
4.324218971548218216e-01,2.266263102102428761e-01,1.050000000000000044e+00,3.759344945404117788e-01,0.000000000000000000e+00,0.000000000000000000e+00,9.266462409218769736e-01
4.333203559244200864e-01,2.283574560737788861e-01,1.050000000000000044e+00,3.745579970724735586e-01,0.000000000000000000e+00,0.000000000000000000e+00,9.272034872826228069e-01
4.342136691841623763e-01,2.300912627473941097e-01,1.050000000000000044e+00,3.731806736034762872e-01,0.000000000000000000e+00,0.000000000000000000e+00,9.277586889104599832e-01
4.351018290540697997e-01,2.318277149370585044e-01,1.050000000000000044e+00,3.718025271707877111e-01,0.000000000000000000e+00,0.000000000000000000e+00,9.283118445810198960e-01
4.359848276996228789e-01,2.335667973254048069e-01,1.050000000000000044e+00,3.704235608135917901e-01,0.000000000000000000e+00,0.000000000000000000e+00,9.288629530744453300e-01
4.368626573318268314e-01,2.353084945718652010e-01,1.050000000000000044e+00,3.690437775728795944e-01,0.000000000000000000e+00,0.000000000000000000e+00,9.294120131753941250e-01
4.377353102072865099e-01,2.370527913128060993e-01,1.050000000000000044e+00,3.676631804914439750e-01,0.000000000000000000e+00,0.000000000000000000e+00,9.299590236730411741e-01
4.386027786282694629e-01,2.387996721616629237e-01,1.050000000000000044e+00,3.662817726138729024e-01,0.000000000000000000e+00,0.000000000000000000e+00,9.305039833610810884e-01
4.394650549427743247e-01,2.405491217090774403e-01,1.050000000000000266e+00,3.648995569865416400e-01,0.000000000000000000e+00,0.000000000000000000e+00,9.310468910377316387e-01
4.403221315446019801e-01,2.423011245230316524e-01,1.050000000000000044e+00,3.635165366576077473e-01,0.000000000000000000e+00,0.000000000000000000e+00,9.315877455057350875e-01
4.411740008734194030e-01,2.440556651489860784e-01,1.050000000000000044e+00,3.621327146770021432e-01,0.000000000000000000e+00,0.000000000000000000e+00,9.321265455723621862e-01
4.420206554148274902e-01,2.458127281100143668e-01,1.050000000000000266e+00,3.607480940964247762e-01,0.000000000000000000e+00,0.000000000000000000e+00,9.326632900494139511e-01
4.428620877004266765e-01,2.475722979069409635e-01,1.050000000000000044e+00,3.593626779693356865e-01,0.000000000000000000e+00,0.000000000000000000e+00,9.331979777532244391e-01
4.436982903078842133e-01,2.493343590184763925e-01,1.050000000000000044e+00,3.579764693509503992e-01,0.000000000000000000e+00,0.000000000000000000e+00,9.337306075046635234e-01
4.445292558609980071e-01,2.510988959013563115e-01,1.050000000000000044e+00,3.565894712982308201e-01,0.000000000000000000e+00,0.000000000000000000e+00,9.342611781291397799e-01
4.453549770297613453e-01,2.528658929904762376e-01,1.050000000000000044e+00,3.552016868698811836e-01,0.000000000000000000e+00,0.000000000000000000e+00,9.347896884566019304e-01
4.461754465304315076e-01,2.546353346990314348e-01,1.050000000000000044e+00,3.538131191263388375e-01,0.000000000000000000e+00,0.000000000000000000e+00,9.353161373215428398e-01
4.469906571255890526e-01,2.564072054186520844e-01,1.049999999999999822e+00,3.524237711297685816e-01,0.000000000000000000e+00,0.000000000000000000e+00,9.358405235630012919e-01
4.478006016242028764e-01,2.581814895195412851e-01,1.050000000000000044e+00,3.510336459440567825e-01,0.000000000000000000e+00,0.000000000000000000e+00,9.363628460245646545e-01
4.486052728816966040e-01,2.599581713506153857e-01,1.049999999999999822e+00,3.496427466348024371e-01,0.000000000000000000e+00,0.000000000000000000e+00,9.368831035543715435e-01
4.494046638000085414e-01,2.617372352396382107e-01,1.050000000000000044e+00,3.482510762693131756e-01,0.000000000000000000e+00,0.000000000000000000e+00,9.374012950051141546e-01
4.501987673276545143e-01,2.635186654933627248e-01,1.050000000000000044e+00,3.468586379165954914e-01,0.000000000000000000e+00,0.000000000000000000e+00,9.379174192340411498e-01
4.509875764597917058e-01,2.653024463976670355e-01,1.050000000000000044e+00,3.454654346473507442e-01,0.000000000000000000e+00,0.000000000000000000e+00,9.384314751029597668e-01
4.517710842382799408e-01,2.670885622176948360e-01,1.049999999999999822e+00,3.440714695339661677e-01,0.000000000000000000e+00,0.000000000000000000e+00,9.389434614782388167e-01
4.525492837517418598e-01,2.688769971979924622e-01,1.050000000000000266e+00,3.426767456505100395e-01,0.000000000000000000e+00,0.000000000000000000e+00,9.394533772308105712e-01
4.533221681356239818e-01,2.706677355626497250e-01,1.050000000000000044e+00,3.412812660727227443e-01,0.000000000000000000e+00,0.000000000000000000e+00,9.399612212361738717e-01
4.540897305722600974e-01,2.724607615154372997e-01,1.050000000000000044e+00,3.398850338780124991e-01,0.000000000000000000e+00,0.000000000000000000e+00,9.404669923743960158e-01
4.548519642909267802e-01,2.742560592399474473e-01,1.049999999999999822e+00,3.384880521454462499e-01,0.000000000000000000e+00,0.000000000000000000e+00,9.409706895301157559e-01
4.556088625679083348e-01,2.760536128997329586e-01,1.050000000000000044e+00,3.370903239557441200e-01,0.000000000000000000e+00,0.000000000000000000e+00,9.414723115925457408e-01
4.563604187265503098e-01,2.778534066384459877e-01,1.049999999999999822e+00,3.356918523912726382e-01,0.000000000000000000e+00,0.000000000000000000e+00,9.419718574554740709e-01
4.571066261373242234e-01,2.796554245799803828e-01,1.050000000000000266e+00,3.342926405360372999e-01,0.000000000000000000e+00,0.000000000000000000e+00,9.424693260172682940e-01
4.578474782178808544e-01,2.814596508286084653e-01,1.050000000000000266e+00,3.328926914756767386e-01,0.000000000000000000e+00,0.000000000000000000e+00,9.429647161808759614e-01
4.585829684331128586e-01,2.832660694691242487e-01,1.050000000000000044e+00,3.314920082974542881e-01,0.000000000000000000e+00,0.000000000000000000e+00,9.434580268538290682e-01
4.593130902952090588e-01,2.850746645669812729e-01,1.050000000000000044e+00,3.300905940902534863e-01,0.000000000000000000e+00,0.000000000000000000e+00,9.439492569482448303e-01
4.600378373637137308e-01,2.868854201684359895e-01,1.050000000000000044e+00,3.286884519445687491e-01,0.000000000000000000e+00,0.000000000000000000e+00,9.444384053808289048e-01
4.607572032455807820e-01,2.886983203006852627e-01,1.050000000000000044e+00,3.272855849525010408e-01,0.000000000000000000e+00,0.000000000000000000e+00,9.449254710728773876e-01
4.614711815952339258e-01,2.905133489720099216e-01,1.050000000000000044e+00,3.258819962077484922e-01,0.000000000000000000e+00,0.000000000000000000e+00,9.454104529502797005e-01
4.621797661146205272e-01,2.923304901719143700e-01,1.050000000000000044e+00,3.244776888056020714e-01,0.000000000000000000e+00,0.000000000000000000e+00,9.458933499435202563e-01
4.628829505532662258e-01,2.941497278712683627e-01,1.050000000000000044e+00,3.230726658429368681e-01,0.000000000000000000e+00,0.000000000000000000e+00,9.463741609876814564e-01
4.635807287083316686e-01,2.959710460224486694e-01,1.050000000000000266e+00,3.216669304182059319e-01,0.000000000000000000e+00,0.000000000000000000e+00,9.468528850224459115e-01
4.642730944246665770e-01,2.977944285594791851e-01,1.050000000000000044e+00,3.202604856314340553e-01,0.000000000000000000e+00,0.000000000000000000e+00,9.473295209920981064e-01
4.649600415948645926e-01,2.996198593981750369e-01,1.050000000000000044e+00,3.188533345842097799e-01,0.000000000000000000e+00,0.000000000000000000e+00,9.478040678455278423e-01
4.656415641593155685e-01,3.014473224362821391e-01,1.050000000000000044e+00,3.174454803796796232e-01,0.000000000000000000e+00,0.000000000000000000e+00,9.482765245362316797e-01
4.663176561062629677e-01,3.032768015536208006e-01,1.050000000000000266e+00,3.160369261225401960e-01,0.000000000000000000e+00,0.000000000000000000e+00,9.487468900223158252e-01
4.669883114718504924e-01,3.051082806122270008e-01,1.050000000000000266e+00,3.146276749190326516e-01,0.000000000000000000e+00,0.000000000000000000e+00,9.492151632664975747e-01
4.676535243401810371e-01,3.069417434564954417e-01,1.050000000000000044e+00,3.132177298769343032e-01,0.000000000000000000e+00,0.000000000000000000e+00,9.496813432361087548e-01
4.683132888433645391e-01,3.087771739133210458e-01,1.050000000000000044e+00,3.118070941055532397e-01,0.000000000000000000e+00,0.000000000000000000e+00,9.501454289030972777e-01
4.689675991615717132e-01,3.106145557922437295e-01,1.050000000000000044e+00,3.103957707157201651e-01,0.000000000000000000e+00,0.000000000000000000e+00,9.506074192440295834e-01
4.696164495230853442e-01,3.124538728855876246e-01,1.049999999999999822e+00,3.089837628197827923e-01,0.000000000000000000e+00,0.000000000000000000e+00,9.510673132400925267e-01
4.702598342043515789e-01,3.142951089686079613e-01,1.050000000000000044e+00,3.075710735315981270e-01,0.000000000000000000e+00,0.000000000000000000e+00,9.515251098770963756e-01
4.708977475300278881e-01,3.161382477996321216e-01,1.049999999999999822e+00,3.061577059665253064e-01,0.000000000000000000e+00,0.000000000000000000e+00,9.519808081454764759e-01
4.715301838730374673e-01,3.179832731202022478e-01,1.050000000000000044e+00,3.047436632414201596e-01,0.000000000000000000e+00,0.000000000000000000e+00,9.524344070402958051e-01
4.721571376546129795e-01,3.198301686552210699e-01,1.050000000000000044e+00,3.033289484746266029e-01,0.000000000000000000e+00,0.000000000000000000e+00,9.528859055612467488e-01
4.727786033443531766e-01,3.216789181130928488e-01,1.050000000000000044e+00,3.019135647859713667e-01,0.000000000000000000e+00,0.000000000000000000e+00,9.533353027126537649e-01
4.733945754602632006e-01,3.235295051858687598e-01,1.049999999999999822e+00,3.004975152967555019e-01,0.000000000000000000e+00,0.000000000000000000e+00,9.537825975034751602e-01
4.740050485688114268e-01,3.253819135493899450e-01,1.050000000000000044e+00,2.990808031297491620e-01,0.000000000000000000e+00,0.000000000000000000e+00,9.542277889473059771e-01
4.746100172849715415e-01,3.272361268634327858e-01,1.050000000000000266e+00,2.976634314091829991e-01,0.000000000000000000e+00,0.000000000000000000e+00,9.546708760623793255e-01
4.752094762722711696e-01,3.290921287718502342e-01,1.050000000000000266e+00,2.962454032607431120e-01,0.000000000000000000e+00,0.000000000000000000e+00,9.551118578715688257e-01
4.758034202428407244e-01,3.309499029027200279e-01,1.049999999999999822e+00,2.948267218115622201e-01,0.000000000000000000e+00,0.000000000000000000e+00,9.555507334023911614e-01
4.763918439574590380e-01,3.328094328684852998e-01,1.050000000000000044e+00,2.934073901902147230e-01,0.000000000000000000e+00,0.000000000000000000e+00,9.559875016870079678e-01
4.769747422255992131e-01,3.346707022661015718e-01,1.050000000000000266e+00,2.919874115267081516e-01,0.000000000000000000e+00,0.000000000000000000e+00,9.564221617622277183e-01
4.775521099054736984e-01,3.365336946771813609e-01,1.050000000000000044e+00,2.905667889524768399e-01,0.000000000000000000e+00,0.000000000000000000e+00,9.568547126695080562e-01
4.781239419040830274e-01,3.383983936681368987e-01,1.050000000000000044e+00,2.891455256003758745e-01,0.000000000000000000e+00,0.000000000000000000e+00,9.572851534549579045e-01
4.786902331772560082e-01,3.402647827903281241e-01,1.050000000000000044e+00,2.877236246046725454e-01,0.000000000000000000e+00,0.000000000000000000e+00,9.577134831693399075e-01
4.792509787296980184e-01,3.421328455802044033e-01,1.050000000000000044e+00,2.863010891010412395e-01,0.000000000000000000e+00,0.000000000000000000e+00,9.581397008680715421e-01
4.798061736150327494e-01,3.440025655594534659e-01,1.050000000000000266e+00,2.848779222265543920e-01,0.000000000000000000e+00,0.000000000000000000e+00,9.585638056112286698e-01
4.803558129358470596e-01,3.458739262351433474e-01,1.049999999999999822e+00,2.834541271196782120e-01,0.000000000000000000e+00,0.000000000000000000e+00,9.589857964635457588e-01
4.808998918437347170e-01,3.477469110998706037e-01,1.050000000000000044e+00,2.820297069202630791e-01,0.000000000000000000e+00,0.000000000000000000e+00,9.594056724944201031e-01
4.814384055393362560e-01,3.496215036319036407e-01,1.050000000000000044e+00,2.806046647695388252e-01,0.000000000000000000e+00,0.000000000000000000e+00,9.598234327779119335e-01
4.819713492723847192e-01,3.514976872953299858e-01,1.049999999999999822e+00,2.791790038101061855e-01,0.000000000000000000e+00,0.000000000000000000e+00,9.602390763927475259e-01
4.824987183417464021e-01,3.533754455402021155e-01,1.049999999999999822e+00,2.777527271859306368e-01,0.000000000000000000e+00,0.000000000000000000e+00,9.606526024223209781e-01
4.830205080954615982e-01,3.552547618026820619e-01,1.050000000000000044e+00,2.763258380423357363e-01,0.000000000000000000e+00,0.000000000000000000e+00,9.610640099546964299e-01
4.835367139307868989e-01,3.571356195051896276e-01,1.050000000000000044e+00,2.748983395259954055e-01,0.000000000000000000e+00,0.000000000000000000e+00,9.614732980826095066e-01
4.840473312942329409e-01,3.590180020565459929e-01,1.050000000000000266e+00,2.734702347849277682e-01,0.000000000000000000e+00,0.000000000000000000e+00,9.618804659034700943e-01
4.845523556816092592e-01,3.609018928521232628e-01,1.050000000000000044e+00,2.720415269684873794e-01,0.000000000000000000e+00,0.000000000000000000e+00,9.622855125193633397e-01
4.850517826380597031e-01,3.627872752739875750e-01,1.050000000000000044e+00,2.706122192273592852e-01,0.000000000000000000e+00,0.000000000000000000e+00,9.626884370370528687e-01
4.855456077581034036e-01,3.646741326910485914e-01,1.050000000000000266e+00,2.691823147135508632e-01,0.000000000000000000e+00,0.000000000000000000e+00,9.630892385679817869e-01
4.860338266856751854e-01,3.665624484592039933e-01,1.050000000000000044e+00,2.677518165803863259e-01,0.000000000000000000e+00,0.000000000000000000e+00,9.634879162282748988e-01
4.865164351141618715e-01,3.684522059214882517e-01,1.050000000000000044e+00,2.663207279824981732e-01,0.000000000000000000e+00,0.000000000000000000e+00,9.638844691387408181e-01
4.869934287864396971e-01,3.703433884082175664e-01,1.050000000000000044e+00,2.648890520758217515e-01,0.000000000000000000e+00,0.000000000000000000e+00,9.642788964248738548e-01
4.874648034949141673e-01,3.722359792371381926e-01,1.050000000000000044e+00,2.634567920175870936e-01,0.000000000000000000e+00,0.000000000000000000e+00,9.646711972168557914e-01
4.879305550815565828e-01,3.741299617135737110e-01,1.050000000000000044e+00,2.620239509663123689e-01,0.000000000000000000e+00,0.000000000000000000e+00,9.650613706495579924e-01
4.883906794379373473e-01,3.760253191305714671e-01,1.050000000000000044e+00,2.605905320817977211e-01,0.000000000000000000e+00,0.000000000000000000e+00,9.654494158625430700e-01
4.888451725052703756e-01,3.779220347690508408e-01,1.050000000000000044e+00,2.591565385251164977e-01,0.000000000000000000e+00,0.000000000000000000e+00,9.658353320000671038e-01
4.892940302744374081e-01,3.798200918979491303e-01,1.050000000000000044e+00,2.577219734586104760e-01,0.000000000000000000e+00,0.000000000000000000e+00,9.662191182110811960e-01
4.897372487860353063e-01,3.817194737743717647e-01,1.050000000000000266e+00,2.562868400458807594e-01,0.000000000000000000e+00,0.000000000000000000e+00,9.666007736492338021e-01
4.901748241303997000e-01,3.836201636437371887e-01,1.050000000000000044e+00,2.548511414517826701e-01,0.000000000000000000e+00,0.000000000000000000e+00,9.669802974728717304e-01
4.906067524476489528e-01,3.855221447399269086e-01,1.050000000000000044e+00,2.534148808424172006e-01,0.000000000000000000e+00,0.000000000000000000e+00,9.673576888450432509e-01
4.910330299277129162e-01,3.874254002854314871e-01,1.049999999999999822e+00,2.519780613851252404e-01,0.000000000000000000e+00,0.000000000000000000e+00,9.677329469334987611e-01
4.914536528103691237e-01,3.893299134915005344e-01,1.050000000000000044e+00,2.505406862484796382e-01,0.000000000000000000e+00,0.000000000000000000e+00,9.681060709106935613e-01
4.918686173852719890e-01,3.912356675582888133e-01,1.049999999999999822e+00,2.491027586022792895e-01,0.000000000000000000e+00,0.000000000000000000e+00,9.684770599537887437e-01
4.922779199919895543e-01,3.931426456750057863e-01,1.050000000000000044e+00,2.476642816175409212e-01,0.000000000000000000e+00,0.000000000000000000e+00,9.688459132446538558e-01
4.926815570200363537e-01,3.950508310200639972e-01,1.050000000000000266e+00,2.462252584664927357e-01,0.000000000000000000e+00,0.000000000000000000e+00,9.692126299698683445e-01
4.930795249089017229e-01,3.969602067612255647e-01,1.050000000000000044e+00,2.447856923225679993e-01,0.000000000000000000e+00,0.000000000000000000e+00,9.695772093207229991e-01
4.934718201480814415e-01,3.988707560557537835e-01,1.050000000000000044e+00,2.433455863603965486e-01,0.000000000000000000e+00,0.000000000000000000e+00,9.699396504932226160e-01
4.938584392771117049e-01,4.007824620505582303e-01,1.050000000000000044e+00,2.419049437557995730e-01,0.000000000000000000e+00,0.000000000000000000e+00,9.702999526880867753e-01
4.942393788855999892e-01,4.026953078823465315e-01,1.050000000000000044e+00,2.404637676857807604e-01,0.000000000000000000e+00,0.000000000000000000e+00,9.706581151107525063e-01
4.946146356132496980e-01,4.046092766777709127e-01,1.050000000000000266e+00,2.390220613285211904e-01,0.000000000000000000e+00,0.000000000000000000e+00,9.710141369713752857e-01
4.949842061498946899e-01,4.065243515535783003e-01,1.050000000000000044e+00,2.375798278633704241e-01,0.000000000000000000e+00,0.000000000000000000e+00,9.713680174848311477e-01
4.953480872355277009e-01,4.084405156167583151e-01,1.050000000000000044e+00,2.361370704708413426e-01,0.000000000000000000e+00,0.000000000000000000e+00,9.717197558707185712e-01
4.957062756603287657e-01,4.103577519646934846e-01,1.050000000000000266e+00,2.346937923326013753e-01,0.000000000000000000e+00,0.000000000000000000e+00,9.720693513533599228e-01
4.960587682646917518e-01,4.122760436853067367e-01,1.049999999999999822e+00,2.332499966314671713e-01,0.000000000000000000e+00,0.000000000000000000e+00,9.724168031618029007e-01
4.964055619392547802e-01,4.141953738572123345e-01,1.050000000000000044e+00,2.318056865513960785e-01,0.000000000000000000e+00,0.000000000000000000e+00,9.727621105298231985e-01
4.967466536249262044e-01,4.161157255498641461e-01,1.050000000000000266e+00,2.303608652774798982e-01,0.000000000000000000e+00,0.000000000000000000e+00,9.731052726959251720e-01
4.970820403129130316e-01,4.180370818237043040e-01,1.050000000000000044e+00,2.289155359959382241e-01,0.000000000000000000e+00,0.000000000000000000e+00,9.734462889033438371e-01
4.974117190447452375e-01,4.199594257303149170e-01,1.050000000000000044e+00,2.274697018941102267e-01,0.000000000000000000e+00,0.000000000000000000e+00,9.737851584000469796e-01
4.977356869123032990e-01,4.218827403125643971e-01,1.050000000000000044e+00,2.260233661604491573e-01,0.000000000000000000e+00,0.000000000000000000e+00,9.741218804387362651e-01
4.980539410578445070e-01,4.238070086047604490e-01,1.050000000000000044e+00,2.245765319845136054e-01,0.000000000000000000e+00,0.000000000000000000e+00,9.744564542768490156e-01
4.983664786740271690e-01,4.257322136327963413e-01,1.050000000000000266e+00,2.231292025569622528e-01,0.000000000000000000e+00,0.000000000000000000e+00,9.747888791765600969e-01
4.986732970039334800e-01,4.276583384143042288e-01,1.050000000000000266e+00,2.216813810695450748e-01,0.000000000000000000e+00,0.000000000000000000e+00,9.751191544047831394e-01
4.989743933410978327e-01,4.295853659588012019e-01,1.050000000000000044e+00,2.202330707150980948e-01,0.000000000000000000e+00,0.000000000000000000e+00,9.754472792331724262e-01
4.992697650295290224e-01,4.315132792678424423e-01,1.049999999999999822e+00,2.187842746875343636e-01,0.000000000000000000e+00,0.000000000000000000e+00,9.757732529381247799e-01
4.995594094637324512e-01,4.334420613351686602e-01,1.050000000000000044e+00,2.173349961818391296e-01,0.000000000000000000e+00,0.000000000000000000e+00,9.760970748007802289e-01
4.998433240887337758e-01,4.353716951468578622e-01,1.050000000000000044e+00,2.158852383940607356e-01,0.000000000000000000e+00,0.000000000000000000e+00,9.764187441070247830e-01
5.001215064001023336e-01,4.373021636814749535e-01,1.050000000000000266e+00,2.144350045213045952e-01,0.000000000000000000e+00,0.000000000000000000e+00,9.767382601474910997e-01
5.003939539439717921e-01,4.392334499102207301e-01,1.049999999999999822e+00,2.129842977617265598e-01,0.000000000000000000e+00,0.000000000000000000e+00,9.770556222175603711e-01
5.006606643170647963e-01,4.411655367970842567e-01,1.049999999999999822e+00,2.115331213145246469e-01,0.000000000000000000e+00,0.000000000000000000e+00,9.773708296173641008e-01
5.009216351667092892e-01,4.430984072989906375e-01,1.050000000000000266e+00,2.100814783799333230e-01,0.000000000000000000e+00,0.000000000000000000e+00,9.776838816517851027e-01
5.011768641908623811e-01,4.450320443659541714e-01,1.050000000000000044e+00,2.086293721592150652e-01,0.000000000000000000e+00,0.000000000000000000e+00,9.779947776304593887e-01
5.014263491381324434e-01,4.469664309412253456e-01,1.050000000000000044e+00,2.071768058546547553e-01,0.000000000000000000e+00,0.000000000000000000e+00,9.783035168677779447e-01
5.016700878077945402e-01,4.489015499614452120e-01,1.050000000000000266e+00,2.057237826695511584e-01,0.000000000000000000e+00,0.000000000000000000e+00,9.786100986828878412e-01
5.019080780498116345e-01,4.508373843567922146e-01,1.049999999999999822e+00,2.042703058082113443e-01,0.000000000000000000e+00,0.000000000000000000e+00,9.789145223996933431e-01
5.021403177648581240e-01,4.527739170511354549e-01,1.050000000000000044e+00,2.028163784759420829e-01,0.000000000000000000e+00,0.000000000000000000e+00,9.792167873468589079e-01
5.023668049043270578e-01,4.547111309621837405e-01,1.050000000000000044e+00,2.013620038790442934e-01,0.000000000000000000e+00,0.000000000000000000e+00,9.795168928578086298e-01
5.025875374703628884e-01,4.566490090016370185e-01,1.050000000000000044e+00,1.999071852248047731e-01,0.000000000000000000e+00,0.000000000000000000e+00,9.798148382707293491e-01
5.028025135158662451e-01,4.585875340753372553e-01,1.050000000000000044e+00,1.984519257214893140e-01,0.000000000000000000e+00,0.000000000000000000e+00,9.801106229285715399e-01
5.030117311445189143e-01,4.605266890834181504e-01,1.050000000000000044e+00,1.969962285783368183e-01,0.000000000000000000e+00,0.000000000000000000e+00,9.804042461790501983e-01
5.032151885107990497e-01,4.624664569204574027e-01,1.050000000000000044e+00,1.955400970055503340e-01,0.000000000000000000e+00,0.000000000000000000e+00,9.806957073746473963e-01
5.034128838199917189e-01,4.644068204756261475e-01,1.050000000000000044e+00,1.940835342142917253e-01,0.000000000000000000e+00,0.000000000000000000e+00,9.809850058726126143e-01
5.036048153282138840e-01,4.663477626328416115e-01,1.050000000000000044e+00,1.926265434166730961e-01,0.000000000000000000e+00,0.000000000000000000e+00,9.812721410349651840e-01
5.037909813424260586e-01,4.682892662709162157e-01,1.050000000000000266e+00,1.911691278257511561e-01,0.000000000000000000e+00,0.000000000000000000e+00,9.815571122284947325e-01
5.039713802204424109e-01,4.702313142637100651e-01,1.050000000000000044e+00,1.897112906555185607e-01,0.000000000000000000e+00,0.000000000000000000e+00,9.818399188247630693e-01
5.041460103709534124e-01,4.721738894802813280e-01,1.050000000000000044e+00,1.882530351208986374e-01,0.000000000000000000e+00,0.000000000000000000e+00,9.821205602001058521e-01
5.043148702535330541e-01,4.741169747850377258e-01,1.049999999999999822e+00,1.867943644377362544e-01,0.000000000000000000e+00,0.000000000000000000e+00,9.823990357356333636e-01
5.044779583786570543e-01,4.760605530378866357e-01,1.050000000000000044e+00,1.853352818227929077e-01,0.000000000000000000e+00,0.000000000000000000e+00,9.826753448172320660e-01
5.046352733077139607e-01,4.780046070943882452e-01,1.050000000000000266e+00,1.838757904937376453e-01,0.000000000000000000e+00,0.000000000000000000e+00,9.829494868355662662e-01
5.047868136530173633e-01,4.799491198059050445e-01,1.050000000000000044e+00,1.824158936691408495e-01,0.000000000000000000e+00,0.000000000000000000e+00,9.832214611860792264e-01
5.049325780778178840e-01,4.818940740197533157e-01,1.050000000000000044e+00,1.809555945684679645e-01,0.000000000000000000e+00,0.000000000000000000e+00,9.834912672689942736e-01
5.050725652963192758e-01,4.838394525793558998e-01,1.050000000000000044e+00,1.794948964120705315e-01,0.000000000000000000e+00,0.000000000000000000e+00,9.837589044893164658e-01
5.052067740736844170e-01,4.857852383243911887e-01,1.050000000000000266e+00,1.780338024211810810e-01,0.000000000000000000e+00,0.000000000000000000e+00,9.840243722568338125e-01
5.053352032260464144e-01,4.877314140909468909e-01,1.050000000000000266e+00,1.765723158179040853e-01,0.000000000000000000e+00,0.000000000000000000e+00,9.842876699861187184e-01
5.054578516205233685e-01,4.896779627116691902e-01,1.049999999999999822e+00,1.751104398252108230e-01,0.000000000000000000e+00,0.000000000000000000e+00,9.845487970965284275e-01
5.055747181752271446e-01,4.916248670159165113e-01,1.050000000000000266e+00,1.736481776669303312e-01,0.000000000000000000e+00,0.000000000000000000e+00,9.848077530122080203e-01
