-9.999999999999997780e-02,5.499999999999999334e-01,1.000000000000000000e+00,1.000000000000000000e+00,0.000000000000000000e+00,0.000000000000000000e+00,0.000000000000000000e+00
-1.000837541963623956e-01,5.490706598790010551e-01,1.000000000000000000e+00,9.999996556912464918e-01,0.000000000000000000e+00,0.000000000000000000e+00,-8.298297345906027831e-04
-1.001690506649761669e-01,5.481414600413190286e-01,1.000000000000000222e+00,9.999986227652232218e-01,0.000000000000000000e+00,0.000000000000000000e+00,-1.659658897745922576e-03
-1.002558891708952293e-01,5.472124030464062816e-01,1.000000000000000000e+00,9.999969012226412879e-01,0.000000000000000000e+00,0.000000000000000000e+00,-2.489486918031069956e-03
-1.003442694749255848e-01,5.462834914533221120e-01,1.000000000000000000e+00,9.999944910646862972e-01,0.000000000000000000e+00,0.000000000000000000e+00,-3.319313224011941760e-03
-1.004341913336260772e-01,5.453547278207253601e-01,9.999999999999998890e-01,9.999913922930179222e-01,0.000000000000000000e+00,0.000000000000000000e+00,-4.149137244255617259e-03
-1.005256544993096135e-01,5.444261147068670814e-01,9.999999999999998890e-01,9.999876049097699005e-01,0.000000000000000000e+00,0.000000000000000000e+00,-4.978958407330746731e-03
-1.006186587200440519e-01,5.434976546695837740e-01,1.000000000000000000e+00,9.999831289175504789e-01,0.000000000000000000e+00,0.000000000000000000e+00,-5.808776141807950669e-03
-1.007132037396519797e-01,5.425693502662904955e-01,9.999999999999998890e-01,9.999779643194418588e-01,0.000000000000000000e+00,0.000000000000000000e+00,-6.638589876260208786e-03
-1.008092892977118238e-01,5.416412040539732020e-01,1.000000000000000000e+00,9.999721111190003064e-01,0.000000000000000000e+00,0.000000000000000000e+00,-7.468399039263258141e-03
-1.009069151295590716e-01,5.407132185891825316e-01,1.000000000000000000e+00,9.999655693202567086e-01,0.000000000000000000e+00,0.000000000000000000e+00,-8.298203059395979977e-03
-1.010060809662863823e-01,5.397853964280263650e-01,1.000000000000000000e+00,9.999583389277155732e-01,0.000000000000000000e+00,0.000000000000000000e+00,-9.128001365240797846e-03
-1.011067865347439199e-01,5.388577401261622768e-01,1.000000000000000000e+00,9.999504199463561394e-01,0.000000000000000000e+00,0.000000000000000000e+00,-9.957793385384073118e-03
-1.012090315575420174e-01,5.379302522387914287e-01,1.000000000000000000e+00,9.999418123816313786e-01,0.000000000000000000e+00,0.000000000000000000e+00,-1.078757854841649010e-02
-1.013128157530495121e-01,5.370029353206511313e-01,1.000000000000000000e+00,9.999325162394686606e-01,0.000000000000000000e+00,0.000000000000000000e+00,-1.161735628293346367e-02
-1.014181388353959656e-01,5.360757919260072946e-01,9.999999999999998890e-01,9.999225315262695313e-01,0.000000000000000000e+00,0.000000000000000000e+00,-1.244712601753551404e-02
-1.015250005144723300e-01,5.351488246086484324e-01,9.999999999999998890e-01,9.999118582489096019e-01,0.000000000000000000e+00,0.000000000000000000e+00,-1.327688718082867952e-02
-1.016334004959310588e-01,5.342220359218777803e-01,1.000000000000000000e+00,9.999004964147386598e-01,0.000000000000000000e+00,0.000000000000000000e+00,-1.410663920142489307e-02
-1.017433384811879948e-01,5.332954284185064120e-01,1.000000000000000000e+00,9.998884460315806688e-01,0.000000000000000000e+00,0.000000000000000000e+00,-1.493638150794238811e-02
-1.018548141674221474e-01,5.323690046508464668e-01,9.999999999999998890e-01,9.998757071077337688e-01,0.000000000000000000e+00,0.000000000000000000e+00,-1.576611352900608720e-02
-1.019678272475772474e-01,5.314427671707042666e-01,1.000000000000000000e+00,9.998622796519700540e-01,0.000000000000000000e+00,0.000000000000000000e+00,-1.659583469324799401e-02
-1.020823774103620796e-01,5.305167185293724330e-01,1.000000000000000000e+00,9.998481636735361278e-01,0.000000000000000000e+00,0.000000000000000000e+00,-1.742554442930758368e-02
-1.021984643402519266e-01,5.295908612776238922e-01,1.000000000000000000e+00,9.998333591821523259e-01,0.000000000000000000e+00,0.000000000000000000e+00,-1.825524216583221393e-02
-1.023160877174885686e-01,5.286651979657043254e-01,1.000000000000000000e+00,9.998178661880133822e-01,0.000000000000000000e+00,0.000000000000000000e+00,-1.908492733147749629e-02
-1.024352472180821705e-01,5.277397311433250637e-01,1.000000000000000000e+00,9.998016847017879849e-01,0.000000000000000000e+00,0.000000000000000000e+00,-1.991459935490770203e-02
-1.025559425138115044e-01,5.268144633596563153e-01,1.000000000000000000e+00,9.997848147346189984e-01,0.000000000000000000e+00,0.000000000000000000e+00,-2.074425766479614380e-02
-1.026781732722251705e-01,5.258893971633199493e-01,1.000000000000000000e+00,9.997672562981234634e-01,0.000000000000000000e+00,0.000000000000000000e+00,-2.157390168982558851e-02
-1.028019391566419305e-01,5.249645351023827233e-01,1.000000000000000000e+00,9.997490094043923747e-01,0.000000000000000000e+00,0.000000000000000000e+00,-2.240353085868863545e-02
-1.029272398261528165e-01,5.240398797243489559e-01,1.000000000000000000e+00,9.997300740659907925e-01,0.000000000000000000e+00,0.000000000000000000e+00,-2.323314460008811880e-02
-1.030540749356205765e-01,5.231154335761538654e-01,1.000000000000000000e+00,9.997104502959579531e-01,0.000000000000000000e+00,0.000000000000000000e+00,-2.406274234273748577e-02
-1.031824441356822275e-01,5.221911992041561312e-01,9.999999999999998890e-01,9.996901381078071580e-01,0.000000000000000000e+00,0.000000000000000000e+00,-2.489232351536120949e-02
-1.033123470727481674e-01,5.212671791541312327e-01,1.000000000000000000e+00,9.996691375155257742e-01,0.000000000000000000e+00,0.000000000000000000e+00,-2.572188754669517408e-02
-1.034437833890051728e-01,5.203433759712641216e-01,1.000000000000000000e+00,9.996474485335751226e-01,0.000000000000000000e+00,0.000000000000000000e+00,-2.655143386548706325e-02
-1.035767527224155105e-01,5.194197922001426715e-01,1.000000000000000000e+00,9.996250711768905894e-01,0.000000000000000000e+00,0.000000000000000000e+00,-2.738096190049675582e-02
-1.037112547067197132e-01,5.184964303847503508e-01,1.000000000000000000e+00,9.996020054608816263e-01,0.000000000000000000e+00,0.000000000000000000e+00,-2.821047108049672819e-02
-1.038472889714354697e-01,5.175732930684588950e-01,1.000000000000000000e+00,9.995782514014317499e-01,0.000000000000000000e+00,0.000000000000000000e+00,-2.903996083427242900e-02
-1.039848551418611766e-01,5.166503827940220894e-01,1.000000000000000000e+00,9.995538090148984312e-01,0.000000000000000000e+00,0.000000000000000000e+00,-2.986943059062270242e-02
-1.041239528390747182e-01,5.157277021035683306e-01,1.000000000000000000e+00,9.995286783181129842e-01,0.000000000000000000e+00,0.000000000000000000e+00,-3.069887977836014900e-02
-1.042645816799359082e-01,5.148052535385931883e-01,1.000000000000000000e+00,9.995028593283810103e-01,0.000000000000000000e+00,0.000000000000000000e+00,-3.152830782631153850e-02
-1.044067412770864900e-01,5.138830396399534095e-01,1.000000000000000000e+00,9.994763520634818432e-01,0.000000000000000000e+00,0.000000000000000000e+00,-3.235771416331818806e-02
-1.045504312389526902e-01,5.129610629478590367e-01,1.000000000000000000e+00,9.994491565416687706e-01,0.000000000000000000e+00,0.000000000000000000e+00,-3.318709821823638551e-02
-1.046956511697443304e-01,5.120393260018665238e-01,1.000000000000000000e+00,9.994212727816692565e-01,0.000000000000000000e+00,0.000000000000000000e+00,-3.401645941993773625e-02
-1.048424006694580468e-01,5.111178313408727414e-01,1.000000000000000000e+00,9.993927008026844971e-01,0.000000000000000000e+00,0.000000000000000000e+00,-3.484579719730961089e-02
-1.049906793338766242e-01,5.101965815031062057e-01,1.000000000000000000e+00,9.993634406243895318e-01,0.000000000000000000e+00,0.000000000000000000e+00,-3.567511097925549213e-02
-1.051404867545707722e-01,5.092755790261217497e-01,1.000000000000000000e+00,9.993334922669336873e-01,0.000000000000000000e+00,0.000000000000000000e+00,-3.650440019469539110e-02
-1.052918225189007906e-01,5.083548264467927513e-01,1.000000000000000222e+00,9.993028557509396892e-01,0.000000000000000000e+00,0.000000000000000000e+00,-3.733366427256623599e-02
-1.054446862100169025e-01,5.074343263013039174e-01,1.000000000000000000e+00,9.992715310975044396e-01,0.000000000000000000e+00,0.000000000000000000e+00,-3.816290264182225361e-02
-1.055990774068606974e-01,5.065140811251450659e-01,9.999999999999998890e-01,9.992395183281986837e-01,0.000000000000000000e+00,0.000000000000000000e+00,-3.899211473143540663e-02
-1.057549956841662420e-01,5.055940934531034658e-01,1.000000000000000000e+00,9.992068174650670098e-01,0.000000000000000000e+00,0.000000000000000000e+00,-3.982129997039571961e-02
-1.059124406124613005e-01,5.046743658192569537e-01,9.999999999999998890e-01,9.991734285306277386e-01,0.000000000000000000e+00,0.000000000000000000e+00,-4.065045778771172319e-02
-1.060714117580687788e-01,5.037549007569677162e-01,1.000000000000000222e+00,9.991393515478731446e-01,0.000000000000000000e+00,0.000000000000000000e+00,-4.147958761241082870e-02
-1.062319086831075010e-01,5.028357007988738525e-01,1.000000000000000000e+00,9.991045865402690129e-01,0.000000000000000000e+00,0.000000000000000000e+00,-4.230868887353972374e-02
-1.063939309454935422e-01,5.019167684768839344e-01,1.000000000000000222e+00,9.990691335317555266e-01,0.000000000000000000e+00,0.000000000000000000e+00,-4.313776100016475379e-02
-1.065574780989415604e-01,5.009981063221691233e-01,1.000000000000000000e+00,9.990329925467458239e-01,0.000000000000000000e+00,0.000000000000000000e+00,-4.396680342137235936e-02
-1.067225496929657957e-01,5.000797168651558433e-01,1.000000000000000000e+00,9.989961636101275522e-01,0.000000000000000000e+00,0.000000000000000000e+00,-4.479581556626940214e-02
-1.068891452728816249e-01,4.991616026355205071e-01,1.000000000000000000e+00,9.989586467472616471e-01,0.000000000000000000e+00,0.000000000000000000e+00,-4.562479686398360212e-02
-1.070572643798066714e-01,4.982437661621805236e-01,1.000000000000000000e+00,9.989204419839827764e-01,0.000000000000000000e+00,0.000000000000000000e+00,-4.645374674366393314e-02
-1.072269065506616936e-01,4.973262099732884689e-01,1.000000000000000000e+00,9.988815493465995621e-01,0.000000000000000000e+00,0.000000000000000000e+00,-4.728266463448099061e-02
-1.073980713181729163e-01,4.964089365962250922e-01,9.999999999999998890e-01,9.988419688618940251e-01,0.000000000000000000e+00,0.000000000000000000e+00,-4.811154996562741482e-02
-1.075707582108718086e-01,4.954919485575917104e-01,1.000000000000000000e+00,9.988017005571221407e-01,0.000000000000000000e+00,0.000000000000000000e+00,-4.894040216631823786e-02
-1.077449667530978594e-01,4.945752483832043800e-01,1.000000000000000000e+00,9.987607444600131723e-01,0.000000000000000000e+00,0.000000000000000000e+00,-4.976922066579132775e-02
-1.079206964649987999e-01,4.936588385980854587e-01,9.999999999999998890e-01,9.987191005987703374e-01,0.000000000000000000e+00,0.000000000000000000e+00,-5.059800489330777001e-02
-1.080979468625324902e-01,4.927427217264578885e-01,1.000000000000000000e+00,9.986767690020703636e-01,0.000000000000000000e+00,0.000000000000000000e+00,-5.142675427815221467e-02
-1.082767174574681412e-01,4.918269002917377564e-01,1.000000000000000000e+00,9.986337496990633777e-01,0.000000000000000000e+00,0.000000000000000000e+00,-5.225546824963334808e-02
-1.084570077573875357e-01,4.909113768165272451e-01,1.000000000000000000e+00,9.985900427193733497e-01,0.000000000000000000e+00,0.000000000000000000e+00,-5.308414623708420516e-02
-1.086388172656866935e-01,4.899961538226079716e-01,1.000000000000000222e+00,9.985456480930976486e-01,0.000000000000000000e+00,0.000000000000000000e+00,-5.391278766986261350e-02
-1.088221454815768707e-01,4.890812338309338259e-01,9.999999999999998890e-01,9.985005658508070425e-01,0.000000000000000000e+00,0.000000000000000000e+00,-5.474139197735159584e-02
-1.090069919000857812e-01,4.881666193616239213e-01,1.000000000000000000e+00,9.984547960235462538e-01,0.000000000000000000e+00,0.000000000000000000e+00,-5.556995858895970308e-02
-1.091933560120598168e-01,4.872523129339562109e-01,1.000000000000000000e+00,9.984083386428329598e-01,0.000000000000000000e+00,0.000000000000000000e+00,-5.639848693412146535e-02
-1.093812373041646024e-01,4.863383170663596045e-01,1.000000000000000000e+00,9.983611937406585701e-01,0.000000000000000000e+00,0.000000000000000000e+00,-5.722697644229775976e-02
-1.095706352588868837e-01,4.854246342764081956e-01,1.000000000000000000e+00,9.983133613494878933e-01,0.000000000000000000e+00,0.000000000000000000e+00,-5.805542654297619898e-02
-1.097615493545359699e-01,4.845112670808132682e-01,1.000000000000000000e+00,9.982648415022591371e-01,0.000000000000000000e+00,0.000000000000000000e+00,-5.888383666567155450e-02
-1.099539790652445115e-01,4.835982179954168569e-01,9.999999999999998890e-01,9.982156342323839082e-01,0.000000000000000000e+00,0.000000000000000000e+00,-5.971220623992609666e-02
-1.101479238609707201e-01,4.826854895351849750e-01,1.000000000000000000e+00,9.981657395737473237e-01,0.000000000000000000e+00,0.000000000000000000e+00,-6.054053469531005260e-02
-1.103433832074997012e-01,4.817730842142004533e-01,9.999999999999998890e-01,9.981151575607075666e-01,0.000000000000000000e+00,0.000000000000000000e+00,-6.136882146142193240e-02
-1.105403565664446752e-01,4.808610045456558346e-01,9.999999999999998890e-01,9.980638882280963298e-01,0.000000000000000000e+00,0.000000000000000000e+00,-6.219706596788896619e-02
-1.107388433952483098e-01,4.799492530418467684e-01,1.000000000000000000e+00,9.980119316112187056e-01,0.000000000000000000e+00,0.000000000000000000e+00,-6.302526764436749973e-02
-1.109388431471849401e-01,4.790378322141652934e-01,1.000000000000000000e+00,9.979592877458527411e-01,0.000000000000000000e+00,0.000000000000000000e+00,-6.385342592054335520e-02
-1.111403552713611242e-01,4.781267445730918997e-01,1.000000000000000000e+00,9.979059566682499938e-01,0.000000000000000000e+00,0.000000000000000000e+00,-6.468154022613223364e-02
-1.113433792127180855e-01,4.772159926281900888e-01,1.000000000000000000e+00,9.978519384151351979e-01,0.000000000000000000e+00,0.000000000000000000e+00,-6.550960999088015213e-02
-1.115479144120321564e-01,4.763055788880983243e-01,1.000000000000000000e+00,9.977972330237062648e-01,0.000000000000000000e+00,0.000000000000000000e+00,-6.633763464456374215e-02
-1.117539603059176656e-01,4.753955058605233708e-01,1.000000000000000000e+00,9.977418405316342831e-01,0.000000000000000000e+00,0.000000000000000000e+00,-6.716561361699073529e-02
-1.119615163268277147e-01,4.744857760522338541e-01,9.999999999999998890e-01,9.976857609770634072e-01,0.000000000000000000e+00,0.000000000000000000e+00,-6.799354633800035186e-02
-1.121705819030549556e-01,4.735763919690526569e-01,1.000000000000000000e+00,9.976289943986111908e-01,0.000000000000000000e+00,0.000000000000000000e+00,-6.882143223746359229e-02
-1.123811564587350320e-01,4.726673561158506454e-01,1.000000000000000000e+00,9.975715408353679203e-01,0.000000000000000000e+00,0.000000000000000000e+00,-6.964927074528372286e-02
-1.125932394138465797e-01,4.717586709965395086e-01,1.000000000000000000e+00,9.975134003268971705e-01,0.000000000000000000e+00,0.000000000000000000e+00,-7.047706129139669207e-02
-1.128068301842137799e-01,4.708503391140644867e-01,1.000000000000000000e+00,9.974545729132355820e-01,0.000000000000000000e+00,0.000000000000000000e+00,-7.130480330577140813e-02
-1.130219281815071364e-01,4.699423629703983751e-01,9.999999999999998890e-01,9.973950586348926395e-01,0.000000000000000000e+00,0.000000000000000000e+00,-7.213249621841022474e-02
-1.132385328132456959e-01,4.690347450665335316e-01,1.000000000000000000e+00,9.973348575328510046e-01,0.000000000000000000e+00,0.000000000000000000e+00,-7.296013945934934353e-02
-1.134566434827988246e-01,4.681274879024761026e-01,1.000000000000000000e+00,9.972739696485661831e-01,0.000000000000000000e+00,0.000000000000000000e+00,-7.378773245865911934e-02
-1.136762595893872074e-01,4.672205939772382521e-01,1.000000000000000000e+00,9.972123950239666357e-01,0.000000000000000000e+00,0.000000000000000000e+00,-7.461527464644453211e-02
-1.138973805280849572e-01,4.663140657888314444e-01,1.000000000000000000e+00,9.971501337014536670e-01,0.000000000000000000e+00,0.000000000000000000e+00,-7.544276545284551994e-02
-1.141200056898213910e-01,4.654079058342602826e-01,9.999999999999998890e-01,9.970871857239016478e-01,0.000000000000000000e+00,0.000000000000000000e+00,-7.627020430803745088e-02
-1.143441344613819188e-01,4.645021166095146814e-01,1.000000000000000000e+00,9.970235511346574597e-01,0.000000000000000000e+00,0.000000000000000000e+00,-7.709759064223142833e-02
-1.145697662254108184e-01,4.635967006095634835e-01,1.000000000000000000e+00,9.969592299775411615e-01,0.000000000000000000e+00,0.000000000000000000e+00,-7.792492388567474892e-02
-1.147969003604124572e-01,4.626916603283475204e-01,9.999999999999998890e-01,9.968942222968453226e-01,0.000000000000000000e+00,0.000000000000000000e+00,-7.875220346865126342e-02
-1.150255362407522908e-01,4.617869982587725075e-01,1.000000000000000000e+00,9.968285281373355788e-01,0.000000000000000000e+00,0.000000000000000000e+00,-7.957942882148175134e-02
-1.152556732366603054e-01,4.608827168927027151e-01,9.999999999999998890e-01,9.967621475442497436e-01,0.000000000000000000e+00,0.000000000000000000e+00,-8.040659937452435124e-02
-1.154873107142309063e-01,4.599788187209537527e-01,1.000000000000000000e+00,9.966950805632989185e-01,0.000000000000000000e+00,0.000000000000000000e+00,-8.123371455817494924e-02
-1.157204480354258047e-01,4.590753062332853518e-01,1.000000000000000000e+00,9.966273272406664940e-01,0.000000000000000000e+00,0.000000000000000000e+00,-8.206077380286755374e-02
-1.159550845580749057e-01,4.581721819183953714e-01,1.000000000000000222e+00,9.965588876230087045e-01,0.000000000000000000e+00,0.000000000000000000e+00,-8.288777653907468401e-02
-1.161912196358797500e-01,4.572694482639121372e-01,1.000000000000000000e+00,9.964897617574540734e-01,0.000000000000000000e+00,0.000000000000000000e+00,-8.371472219730777264e-02
-1.164288526184128481e-01,4.563671077563880019e-01,1.000000000000000222e+00,9.964199496916040788e-01,0.000000000000000000e+00,0.000000000000000000e+00,-8.454161020811756799e-02
-1.166679828511218986e-01,4.554651628812924624e-01,1.000000000000000000e+00,9.963494514735323770e-01,0.000000000000000000e+00,0.000000000000000000e+00,-8.536844000209450889e-02
-1.169086096753295667e-01,4.545636161230053318e-01,1.000000000000000000e+00,9.962782671517853572e-01,0.000000000000000000e+00,0.000000000000000000e+00,-8.619521100986911322e-02
-1.171507324282369256e-01,4.536624699648094672e-01,9.999999999999998890e-01,9.962063967753816973e-01,0.000000000000000000e+00,0.000000000000000000e+00,-8.702192266211240812e-02
-1.173943504429236784e-01,4.527617268888846080e-01,1.000000000000000000e+00,9.961338403938128083e-01,0.000000000000000000e+00,0.000000000000000000e+00,-8.784857438953626307e-02
-1.176394630483520443e-01,4.518613893763001599e-01,9.999999999999998890e-01,9.960605980570420570e-01,0.000000000000000000e+00,0.000000000000000000e+00,-8.867516562289383397e-02
-1.178860695693664251e-01,4.509614599070084773e-01,1.000000000000000000e+00,9.959866698155055431e-01,0.000000000000000000e+00,0.000000000000000000e+00,-8.950169579297992395e-02
-1.181341693266968473e-01,4.500619409598377585e-01,9.999999999999998890e-01,9.959120557201114332e-01,0.000000000000000000e+00,0.000000000000000000e+00,-9.032816433063139971e-02
-1.183837616369598500e-01,4.491628350124856617e-01,1.000000000000000222e+00,9.958367558222405158e-01,0.000000000000000000e+00,0.000000000000000000e+00,-9.115457066672752462e-02
-1.186348458126613714e-01,4.482641445415119774e-01,1.000000000000000000e+00,9.957607701737453132e-01,0.000000000000000000e+00,0.000000000000000000e+00,-9.198091423219047214e-02
-1.188874211621974153e-01,4.473658720223324670e-01,1.000000000000000000e+00,9.956840988269510806e-01,0.000000000000000000e+00,0.000000000000000000e+00,-9.280719445798556178e-02
-1.191414869898571594e-01,4.464680199292112572e-01,9.999999999999998890e-01,9.956067418346550291e-01,0.000000000000000000e+00,0.000000000000000000e+00,-9.363341077512177257e-02
-1.193970425958235104e-01,4.455705907352545680e-01,1.000000000000000222e+00,9.955286992501264365e-01,0.000000000000000000e+00,0.000000000000000000e+00,-9.445956261465209003e-02
-1.196540872761767682e-01,4.446735869124039953e-01,1.000000000000000000e+00,9.954499711271068696e-01,0.000000000000000000e+00,0.000000000000000000e+00,-9.528564940767389468e-02
-1.199126203228950693e-01,4.437770109314291833e-01,1.000000000000000000e+00,9.953705575198098510e-01,0.000000000000000000e+00,0.000000000000000000e+00,-9.611167058532936458e-02
-1.201726410238570519e-01,4.428808652619212749e-01,1.000000000000000000e+00,9.952904584829210810e-01,0.000000000000000000e+00,0.000000000000000000e+00,-9.693762557880582220e-02
-1.204341486628434099e-01,4.419851523722861941e-01,1.000000000000000000e+00,9.952096740715981049e-01,0.000000000000000000e+00,0.000000000000000000e+00,-9.776351381933623408e-02
-1.206971425195395575e-01,4.410898747297380962e-01,1.000000000000000000e+00,9.951282043414704237e-01,0.000000000000000000e+00,0.000000000000000000e+00,-9.858933473819950222e-02
-1.209616218695369616e-01,4.401950348002917623e-01,9.999999999999998890e-01,9.950460493486394942e-01,0.000000000000000000e+00,0.000000000000000000e+00,-9.941508776672083880e-02
-1.212275859843350290e-01,4.393006350487566047e-01,9.999999999999998890e-01,9.949632091496788400e-01,0.000000000000000000e+00,0.000000000000000000e+00,-1.002407723362723074e-01
-1.214950341313437709e-01,4.384066779387294499e-01,1.000000000000000000e+00,9.948796838016336075e-01,0.000000000000000000e+00,0.000000000000000000e+00,-1.010663878782730313e-01
-1.217639655738854687e-01,4.375131659325879885e-01,1.000000000000000000e+00,9.947954733620207879e-01,0.000000000000000000e+00,0.000000000000000000e+00,-1.018919338241897066e-01
-1.220343795711967827e-01,4.366201014914838918e-01,1.000000000000000000e+00,9.947105778888291061e-01,0.000000000000000000e+00,0.000000000000000000e+00,-1.027174096055369079e-01
-1.223062753784306400e-01,4.357274870753359286e-01,1.000000000000000000e+00,9.946249974405191319e-01,0.000000000000000000e+00,0.000000000000000000e+00,-1.035428146538776017e-01
-1.225796522466578997e-01,4.348353251428231925e-01,1.000000000000000000e+00,9.945387320760231686e-01,0.000000000000000000e+00,0.000000000000000000e+00,-1.043681484008234100e-01
-1.228545094228705725e-01,4.339436181513788293e-01,1.000000000000000000e+00,9.944517818547448096e-01,0.000000000000000000e+00,0.000000000000000000e+00,-1.051934102780350405e-01
-1.231308461499830420e-01,4.330523685571823767e-01,1.000000000000000000e+00,9.943641468365597147e-01,0.000000000000000000e+00,0.000000000000000000e+00,-1.060185997172227446e-01
-1.234086616668339520e-01,4.321615788151537130e-01,1.000000000000000000e+00,9.942758270818148336e-01,0.000000000000000000e+00,0.000000000000000000e+00,-1.068437161501466504e-01
-1.236879552081890932e-01,4.312712513789463409e-01,1.000000000000000000e+00,9.941868226513286277e-01,0.000000000000000000e+00,0.000000000000000000e+00,-1.076687590086170543e-01
-1.239687260047429573e-01,4.303813887009396710e-01,1.000000000000000000e+00,9.940971336063911812e-01,0.000000000000000000e+00,0.000000000000000000e+00,-1.084937277244950871e-01
-1.242509732831208469e-01,4.294919932322337486e-01,9.999999999999998890e-01,9.940067600087638677e-01,0.000000000000000000e+00,0.000000000000000000e+00,-1.093186217296927970e-01
-1.245346962658809842e-01,4.286030674226409265e-01,1.000000000000000000e+00,9.939157019206796839e-01,0.000000000000000000e+00,0.000000000000000000e+00,-1.101434404561737468e-01
-1.248198941715175092e-01,4.277146137206805920e-01,1.000000000000000000e+00,9.938239594048425829e-01,0.000000000000000000e+00,0.000000000000000000e+00,-1.109681833359533326e-01
-1.251065662144612567e-01,4.268266345735712841e-01,9.999999999999998890e-01,9.937315325244282516e-01,0.000000000000000000e+00,0.000000000000000000e+00,-1.117928498010991589e-01
-1.253947116050826427e-01,4.259391324272244761e-01,9.999999999999998890e-01,9.936384213430834444e-01,0.000000000000000000e+00,0.000000000000000000e+00,-1.126174392837314686e-01
-1.256843295496942181e-01,4.250521097262379144e-01,1.000000000000000000e+00,9.935446259249260947e-01,0.000000000000000000e+00,0.000000000000000000e+00,-1.134419512160234761e-01
-1.259754192505520010e-01,4.241655689138886798e-01,1.000000000000000000e+00,9.934501463345454253e-01,0.000000000000000000e+00,0.000000000000000000e+00,-1.142663850302018669e-01
-1.262679799058584740e-01,4.232795124321262481e-01,1.000000000000000000e+00,9.933549826370016156e-01,0.000000000000000000e+00,0.000000000000000000e+00,-1.150907401585470613e-01
-1.265620107097642499e-01,4.223939427215663289e-01,9.999999999999998890e-01,9.932591348978261347e-01,0.000000000000000000e+00,0.000000000000000000e+00,-1.159150160333936863e-01
-1.268575108523699591e-01,4.215088622214837599e-01,1.000000000000000000e+00,9.931626031830215195e-01,0.000000000000000000e+00,0.000000000000000000e+00,-1.167392120871309641e-01
-1.271544795197299127e-01,4.206242733698057901e-01,1.000000000000000000e+00,9.930653875590610413e-01,0.000000000000000000e+00,0.000000000000000000e+00,-1.175633277522030729e-01
-1.274529158938527695e-01,4.197401786031055293e-01,1.000000000000000000e+00,9.929674880928891501e-01,0.000000000000000000e+00,0.000000000000000000e+00,-1.183873624611094660e-01
-1.277528191527048662e-01,4.188565803565949541e-01,9.999999999999998890e-01,9.928689048519210303e-01,0.000000000000000000e+00,0.000000000000000000e+00,-1.192113156464054968e-01
-1.280541884702113276e-01,4.179734810641186904e-01,1.000000000000000222e+00,9.927696379040430452e-01,0.000000000000000000e+00,0.000000000000000000e+00,-1.200351867407025291e-01
-1.283570230162600634e-01,4.170908831581467968e-01,1.000000000000000000e+00,9.926696873176119595e-01,0.000000000000000000e+00,0.000000000000000000e+00,-1.208589751766685344e-01
-1.286613219567023236e-01,4.162087890697683257e-01,1.000000000000000000e+00,9.925690531614554946e-01,0.000000000000000000e+00,0.000000000000000000e+00,-1.216826803870283552e-01
-1.289670844533558070e-01,4.153272012286844950e-01,9.999999999999998890e-01,9.924677355048722172e-01,0.000000000000000000e+00,0.000000000000000000e+00,-1.225063018045641633e-01
-1.292743096640072142e-01,4.144461220632023601e-01,1.000000000000000000e+00,9.923657344176312067e-01,0.000000000000000000e+00,0.000000000000000000e+00,-1.233298388621158481e-01
-1.295829967424139140e-01,4.135655540002275976e-01,1.000000000000000000e+00,9.922630499699721662e-01,0.000000000000000000e+00,0.000000000000000000e+00,-1.241532909925813499e-01
-1.298931448383069398e-01,4.126854994652581210e-01,9.999999999999998890e-01,9.921596822326053111e-01,0.000000000000000000e+00,0.000000000000000000e+00,-1.249766576289171177e-01
-1.302047530973926559e-01,4.118059608823771423e-01,1.000000000000000000e+00,9.920556312767117024e-01,0.000000000000000000e+00,0.000000000000000000e+00,-1.257999382041385117e-01
-1.305178206613555325e-01,4.109269406742472874e-01,1.000000000000000000e+00,9.919508971739424696e-01,0.000000000000000000e+00,0.000000000000000000e+00,-1.266231321513200669e-01
-1.308323466678606994e-01,4.100484412621026031e-01,1.000000000000000000e+00,9.918454799964193658e-01,0.000000000000000000e+00,0.000000000000000000e+00,-1.274462389035960486e-01
-1.311483302505556114e-01,4.091704650657432274e-01,1.000000000000000000e+00,9.917393798167345453e-01,0.000000000000000000e+00,0.000000000000000000e+00,-1.282692578941607153e-01
-1.314657705390733788e-01,4.082930145035277292e-01,1.000000000000000000e+00,9.916325967079504533e-01,0.000000000000000000e+00,0.000000000000000000e+00,-1.290921885562687776e-01
-1.317846666590340998e-01,4.074160919923669466e-01,1.000000000000000000e+00,9.915251307435998251e-01,0.000000000000000000e+00,0.000000000000000000e+00,-1.299150303232358139e-01
-1.321050177320485242e-01,4.065396999477173812e-01,1.000000000000000000e+00,9.914169819976855758e-01,0.000000000000000000e+00,0.000000000000000000e+00,-1.307377826284385203e-01
-1.324268228757189414e-01,4.056638407835740923e-01,1.000000000000000000e+00,9.913081505446807995e-01,0.000000000000000000e+00,0.000000000000000000e+00,-1.315604449053152936e-01
-1.327500812036430666e-01,4.047885169124645355e-01,1.000000000000000000e+00,9.911986364595287702e-01,0.000000000000000000e+00,0.000000000000000000e+00,-1.323830165873665088e-01
-1.330747918254155948e-01,4.039137307454417902e-01,1.000000000000000222e+00,9.910884398176428300e-01,0.000000000000000000e+00,0.000000000000000000e+00,-1.332054971081548800e-01
-1.334009538466313094e-01,4.030394846920775098e-01,9.999999999999998890e-01,9.909775606949062787e-01,0.000000000000000000e+00,0.000000000000000000e+00,-1.340278859013058488e-01
-1.337285663688865256e-01,4.021657811604557597e-01,1.000000000000000000e+00,9.908659991676723733e-01,0.000000000000000000e+00,0.000000000000000000e+00,-1.348501824005082783e-01
-1.340576284897825321e-01,4.012926225571666894e-01,1.000000000000000222e+00,9.907537553127644392e-01,0.000000000000000000e+00,0.000000000000000000e+00,-1.356723860395142034e-01
-1.343881393029281446e-01,4.004200112872988715e-01,1.000000000000000000e+00,9.906408292074754263e-01,0.000000000000000000e+00,0.000000000000000000e+00,-1.364944962521399130e-01
-1.347200978979407049e-01,3.995479497544332514e-01,1.000000000000000000e+00,9.905272209295684638e-01,0.000000000000000000e+00,0.000000000000000000e+00,-1.373165124722659225e-01
-1.350535033604509660e-01,3.986764403606372076e-01,1.000000000000000000e+00,9.904129305572759723e-01,0.000000000000000000e+00,0.000000000000000000e+00,-1.381384341338374178e-01
-1.353883547721034253e-01,3.978054855064565576e-01,1.000000000000000000e+00,9.902979581693003297e-01,0.000000000000000000e+00,0.000000000000000000e+00,-1.389602606708648103e-01
-1.357246512105603209e-01,3.969350875909099519e-01,1.000000000000000000e+00,9.901823038448136494e-01,0.000000000000000000e+00,0.000000000000000000e+00,-1.397819915174239314e-01
-1.360623917495029644e-01,3.960652490114819901e-01,1.000000000000000000e+00,9.900659676634574469e-01,0.000000000000000000e+00,0.000000000000000000e+00,-1.406036261076565042e-01
-1.364015754586357376e-01,3.951959721641167267e-01,1.000000000000000000e+00,9.899489497053428622e-01,0.000000000000000000e+00,0.000000000000000000e+00,-1.414251638757706153e-01
-1.367422014036869804e-01,3.943272594432103983e-01,1.000000000000000222e+00,9.898312500510505485e-01,0.000000000000000000e+00,0.000000000000000000e+00,-1.422466042560409927e-01
-1.370842686464133209e-01,3.934591132416060399e-01,1.000000000000000000e+00,9.897128687816304504e-01,0.000000000000000000e+00,0.000000000000000000e+00,-1.430679466828093382e-01
-1.374277762446010076e-01,3.925915359505859348e-01,9.999999999999998890e-01,9.895938059786020258e-01,0.000000000000000000e+00,0.000000000000000000e+00,-1.438891905904848834e-01
-1.377727232520682410e-01,3.917245299598650643e-01,1.000000000000000000e+00,9.894740617239541347e-01,0.000000000000000000e+00,0.000000000000000000e+00,-1.447103354135447772e-01
-1.381191087186695032e-01,3.908580976575852794e-01,1.000000000000000000e+00,9.893536361001445956e-01,0.000000000000000000e+00,0.000000000000000000e+00,-1.455313805865342536e-01
-1.384669316902965575e-01,3.899922414303076956e-01,9.999999999999998890e-01,9.892325291901006290e-01,0.000000000000000000e+00,0.000000000000000000e+00,-1.463523255440672688e-01
-1.388161912088813343e-01,3.891269636630073636e-01,9.999999999999998890e-01,9.891107410772186359e-01,0.000000000000000000e+00,0.000000000000000000e+00,-1.471731697208266965e-01
-1.391668863123991517e-01,3.882622667390651650e-01,1.000000000000000000e+00,9.889882718453640864e-01,0.000000000000000000e+00,0.000000000000000000e+00,-1.479939125515648823e-01
-1.395190160348713793e-01,3.873981530402625939e-01,1.000000000000000000e+00,9.888651215788712978e-01,0.000000000000000000e+00,0.000000000000000000e+00,-1.488145534711040052e-01
-1.398725794063672145e-01,3.865346249467745965e-01,9.999999999999998890e-01,9.887412903625437677e-01,0.000000000000000000e+00,0.000000000000000000e+00,-1.496350919143362990e-01
-1.402275754530069030e-01,3.856716848371629647e-01,9.999999999999998890e-01,9.886167782816538407e-01,0.000000000000000000e+00,0.000000000000000000e+00,-1.504555273162246354e-01
-1.405840031969648463e-01,3.848093350883698971e-01,1.000000000000000000e+00,9.884915854219427089e-01,0.000000000000000000e+00,0.000000000000000000e+00,-1.512758591118028850e-01
-1.409418616564718230e-01,3.839475780757115042e-01,1.000000000000000000e+00,9.883657118696204114e-01,0.000000000000000000e+00,0.000000000000000000e+00,-1.520960867361761115e-01
-1.413011498458173199e-01,3.830864161728713135e-01,1.000000000000000000e+00,9.882391577113656123e-01,0.000000000000000000e+00,0.000000000000000000e+00,-1.529162096245212932e-01
-1.416618667753529737e-01,3.822258517518936083e-01,1.000000000000000000e+00,9.881119230343258231e-01,0.000000000000000000e+00,0.000000000000000000e+00,-1.537362272120874340e-01
-1.420240114514953467e-01,3.813658871831767105e-01,1.000000000000000000e+00,9.879840079261169583e-01,0.000000000000000000e+00,0.000000000000000000e+00,-1.545561389341960634e-01
-1.423875828767275920e-01,3.805065248354669860e-01,9.999999999999998890e-01,9.878554124748235576e-01,0.000000000000000000e+00,0.000000000000000000e+00,-1.553759442262415968e-01
-1.427525800496033392e-01,3.796477670758519052e-01,1.000000000000000000e+00,9.877261367689988969e-01,0.000000000000000000e+00,0.000000000000000000e+00,-1.561956425236918078e-01
-1.431190019647489153e-01,3.787896162697533819e-01,1.000000000000000000e+00,9.875961808976643219e-01,0.000000000000000000e+00,0.000000000000000000e+00,-1.570152332620880498e-01
-1.434868476128666748e-01,3.779320747809219450e-01,1.000000000000000000e+00,9.874655449503096927e-01,0.000000000000000000e+00,0.000000000000000000e+00,-1.578347158770458392e-01
-1.438561159807365541e-01,3.770751449714291881e-01,1.000000000000000222e+00,9.873342290168934943e-01,0.000000000000000000e+00,0.000000000000000000e+00,-1.586540898042550218e-01
-1.442268060512204020e-01,3.762188292016624969e-01,1.000000000000000000e+00,9.872022331878418377e-01,0.000000000000000000e+00,0.000000000000000000e+00,-1.594733544794804114e-01
-1.445989168032636440e-01,3.753631298303173880e-01,1.000000000000000000e+00,9.870695575540494593e-01,0.000000000000000000e+00,0.000000000000000000e+00,-1.602925093385620392e-01
-1.449724472118982810e-01,3.745080492143917916e-01,1.000000000000000000e+00,9.869362022068792761e-01,0.000000000000000000e+00,0.000000000000000000e+00,-1.611115538174155148e-01
-1.453473962482463300e-01,3.736535897091791680e-01,1.000000000000000000e+00,9.868021672381619425e-01,0.000000000000000000e+00,0.000000000000000000e+00,-1.619304873520324151e-01
-1.457237628795223783e-01,3.727997536682623458e-01,1.000000000000000000e+00,9.866674527401962935e-01,0.000000000000000000e+00,0.000000000000000000e+00,-1.627493093784808387e-01
-1.461015460690354706e-01,3.719465434435066387e-01,1.000000000000000000e+00,9.865320588057492346e-01,0.000000000000000000e+00,0.000000000000000000e+00,-1.635680193329056009e-01
-1.464807447761936610e-01,3.710939613850535723e-01,1.000000000000000222e+00,9.863959855280552969e-01,0.000000000000000000e+00,0.000000000000000000e+00,-1.643866166515286498e-01
-1.468613579565055671e-01,3.702420098413145566e-01,1.000000000000000000e+00,9.862592330008168595e-01,0.000000000000000000e+00,0.000000000000000000e+00,-1.652051007706495656e-01
-1.472433845615838122e-01,3.693906911589640574e-01,9.999999999999998890e-01,9.861218013182042608e-01,0.000000000000000000e+00,0.000000000000000000e+00,-1.660234711266458107e-01
-1.476268235391478001e-01,3.685400076829336014e-01,1.000000000000000000e+00,9.859836905748551317e-01,0.000000000000000000e+00,0.000000000000000000e+00,-1.668417271559733406e-01
-1.480116738330262693e-01,3.676899617564047817e-01,1.000000000000000222e+00,9.858449008658752843e-01,0.000000000000000000e+00,0.000000000000000000e+00,-1.676598682951666586e-01
-1.483979343831611786e-01,3.668405557208035406e-01,9.999999999999998890e-01,9.857054322868373797e-01,0.000000000000000000e+00,0.000000000000000000e+00,-1.684778939808393994e-01
-1.487856041256092610e-01,3.659917919157924526e-01,1.000000000000000000e+00,9.855652849337822596e-01,0.000000000000000000e+00,0.000000000000000000e+00,-1.692958036496848284e-01
-1.491746819925461320e-01,3.651436726792660625e-01,1.000000000000000000e+00,9.854244589032176149e-01,0.000000000000000000e+00,0.000000000000000000e+00,-1.701135967384760361e-01
-1.495651669122688432e-01,3.642962003473426691e-01,1.000000000000000000e+00,9.852829542921187622e-01,0.000000000000000000e+00,0.000000000000000000e+00,-1.709312726840663266e-01
-1.499570578091983242e-01,3.634493772543589962e-01,1.000000000000000000e+00,9.851407711979283111e-01,0.000000000000000000e+00,0.000000000000000000e+00,-1.717488309233897725e-01
-1.503503536038830468e-01,3.626032057328636982e-01,1.000000000000000000e+00,9.849979097185559418e-01,0.000000000000000000e+00,0.000000000000000000e+00,-1.725662708934614653e-01
-1.507450532130019116e-01,3.617576881136103095e-01,9.999999999999998890e-01,9.848543699523786277e-01,0.000000000000000000e+00,0.000000000000000000e+00,-1.733835920313778756e-01
-1.511411555493666903e-01,3.609128267255513611e-01,1.000000000000000000e+00,9.847101519982404128e-01,0.000000000000000000e+00,0.000000000000000000e+00,-1.742007937743174084e-01
-1.515386595219256893e-01,3.600686238958318852e-01,9.999999999999998890e-01,9.845652559554521899e-01,0.000000000000000000e+00,0.000000000000000000e+00,-1.750178755595406255e-01
-1.519375640357661927e-01,3.592250819497828096e-01,1.000000000000000000e+00,9.844196819237920337e-01,0.000000000000000000e+00,0.000000000000000000e+00,-1.758348368243906890e-01
-1.523378679921177925e-01,3.583822032109149069e-01,1.000000000000000000e+00,9.842734300035046457e-01,0.000000000000000000e+00,0.000000000000000000e+00,-1.766516770062937780e-01
-1.527395702883556083e-01,3.575399900009116338e-01,1.000000000000000000e+00,9.841265002953017982e-01,0.000000000000000000e+00,0.000000000000000000e+00,-1.774683955427594773e-01
-1.531426698180028412e-01,3.566984446396241348e-01,1.000000000000000000e+00,9.839788929003617790e-01,0.000000000000000000e+00,0.000000000000000000e+00,-1.782849918713810544e-01
-1.535471654707342148e-01,3.558575694450630822e-01,1.000000000000000000e+00,9.838306079203296139e-01,0.000000000000000000e+00,0.000000000000000000e+00,-1.791014654298359876e-01
-1.539530561323785296e-01,3.550173667333938465e-01,1.000000000000000000e+00,9.836816454573169555e-01,0.000000000000000000e+00,0.000000000000000000e+00,-1.799178156558863262e-01
-1.543603406849225479e-01,3.541778388189291138e-01,9.999999999999998890e-01,9.835320056139018607e-01,0.000000000000000000e+00,0.000000000000000000e+00,-1.807340419873789683e-01
-1.547690180065131038e-01,3.533389880141229455e-01,1.000000000000000000e+00,9.833816884931291247e-01,0.000000000000000000e+00,0.000000000000000000e+00,-1.815501438622462160e-01
-1.551790869714612109e-01,3.525008166295642842e-01,1.000000000000000000e+00,9.832306941985097248e-01,0.000000000000000000e+00,0.000000000000000000e+00,-1.823661207185059974e-01
-1.555905464502442825e-01,3.516633269739707357e-01,1.000000000000000000e+00,9.830790228340208214e-01,0.000000000000000000e+00,0.000000000000000000e+00,-1.831819719942623936e-01
-1.560033953095097958e-01,3.508265213541821859e-01,9.999999999999998890e-01,9.829266745041060904e-01,0.000000000000000000e+00,0.000000000000000000e+00,-1.839976971277059170e-01
-1.564176324120779560e-01,3.499904020751541944e-01,9.999999999999998890e-01,9.827736493136752793e-01,0.000000000000000000e+00,0.000000000000000000e+00,-1.848132955571139269e-01
-1.568332566169454712e-01,3.491549714399516668e-01,1.000000000000000000e+00,9.826199473681042074e-01,0.000000000000000000e+00,0.000000000000000000e+00,-1.856287667208511016e-01
-1.572502667792879949e-01,3.483202317497430811e-01,1.000000000000000000e+00,9.824655687732346543e-01,0.000000000000000000e+00,0.000000000000000000e+00,-1.864441100573697441e-01
-1.576686617504639010e-01,3.474861853037933823e-01,9.999999999999998890e-01,9.823105136353743605e-01,0.000000000000000000e+00,0.000000000000000000e+00,-1.872593250052101144e-01
-1.580884403780166148e-01,3.466528343994582095e-01,1.000000000000000000e+00,9.821547820612972490e-01,0.000000000000000000e+00,0.000000000000000000e+00,-1.880744110030009297e-01
-1.585096015056790542e-01,3.458201813321770679e-01,1.000000000000000000e+00,9.819983741582425374e-01,0.000000000000000000e+00,0.000000000000000000e+00,-1.888893674894597807e-01
-1.589321439733757391e-01,3.449882283954677220e-01,1.000000000000000000e+00,9.818412900339157368e-01,0.000000000000000000e+00,0.000000000000000000e+00,-1.897041939033932145e-01
-1.593560666172258999e-01,3.441569778809190905e-01,9.999999999999998890e-01,9.816835297964874307e-01,0.000000000000000000e+00,0.000000000000000000e+00,-1.905188896836975954e-01
-1.597813682695479187e-01,3.433264320781851953e-01,1.000000000000000000e+00,9.815250935545942745e-01,0.000000000000000000e+00,0.000000000000000000e+00,-1.913334542693591878e-01
-1.602080477588612162e-01,3.424965932749795550e-01,1.000000000000000000e+00,9.813659814173381069e-01,0.000000000000000000e+00,0.000000000000000000e+00,-1.921478870994544619e-01
-1.606361039098901378e-01,3.416674637570676909e-01,1.000000000000000000e+00,9.812061934942865049e-01,0.000000000000000000e+00,0.000000000000000000e+00,-1.929621876131507596e-01
-1.610655355435668401e-01,3.408390458082614649e-01,1.000000000000000000e+00,9.810457298954720073e-01,0.000000000000000000e+00,0.000000000000000000e+00,-1.937763552497065445e-01
-1.614963414770353989e-01,3.400113417104132507e-01,1.000000000000000000e+00,9.808845907313928913e-01,0.000000000000000000e+00,0.000000000000000000e+00,-1.945903894484715679e-01
-1.619285205236535852e-01,3.391843537434083844e-01,1.000000000000000000e+00,9.807227761130122845e-01,0.000000000000000000e+00,0.000000000000000000e+00,-1.954042896488878134e-01
-1.623620714929975284e-01,3.383580841851604459e-01,1.000000000000000000e+00,9.805602861517584978e-01,0.000000000000000000e+00,0.000000000000000000e+00,-1.962180552904892183e-01
-1.627969931908643808e-01,3.375325353116034877e-01,9.999999999999998890e-01,9.803971209595251368e-01,0.000000000000000000e+00,0.000000000000000000e+00,-1.970316858129025905e-01
-1.632332844192753152e-01,3.367077093966868162e-01,1.000000000000000000e+00,9.802332806486704353e-01,0.000000000000000000e+00,0.000000000000000000e+00,-1.978451806558476633e-01
-1.636709439764798546e-01,3.358836087123682757e-01,9.999999999999998890e-01,9.800687653320176995e-01,0.000000000000000000e+00,0.000000000000000000e+00,-1.986585392591377341e-01
-1.641099706569575378e-01,3.350602355286083078e-01,9.999999999999998890e-01,9.799035751228551971e-01,0.000000000000000000e+00,0.000000000000000000e+00,-1.994717610626796922e-01
-1.645503632514230263e-01,3.342375921133630134e-01,1.000000000000000000e+00,9.797377101349358242e-01,0.000000000000000000e+00,0.000000000000000000e+00,-2.002848455064748789e-01
-1.649921205468284358e-01,3.334156807325787120e-01,9.999999999999998890e-01,9.795711704824768828e-01,0.000000000000000000e+00,0.000000000000000000e+00,-2.010977920306190603e-01
-1.654352413263665555e-01,3.325945036501854468e-01,1.000000000000000000e+00,9.794039562801607479e-01,0.000000000000000000e+00,0.000000000000000000e+00,-2.019106000753030372e-01
-1.658797243694746237e-01,3.317740631280902130e-01,1.000000000000000000e+00,9.792360676431338673e-01,0.000000000000000000e+00,0.000000000000000000e+00,-2.027232690808129789e-01
-1.663255684518378796e-01,3.309543614261716837e-01,1.000000000000000000e+00,9.790675046870074283e-01,0.000000000000000000e+00,0.000000000000000000e+00,-2.035357984875307280e-01
-1.667727723453922284e-01,3.301354008022731601e-01,1.000000000000000000e+00,9.788982675278566914e-01,0.000000000000000000e+00,0.000000000000000000e+00,-2.043481877359343557e-01
-1.672213348183281267e-01,3.293171835121965763e-01,1.000000000000000000e+00,9.787283562822214344e-01,0.000000000000000000e+00,0.000000000000000000e+00,-2.051604362665984393e-01
-1.676712546350941357e-01,3.284997118096967816e-01,1.000000000000000000e+00,9.785577710671055085e-01,0.000000000000000000e+00,0.000000000000000000e+00,-2.059725435201943122e-01
-1.681225305563993633e-01,3.276829879464746575e-01,1.000000000000000000e+00,9.783865119999768378e-01,0.000000000000000000e+00,0.000000000000000000e+00,-2.067845089374907852e-01
-1.685751613392184600e-01,3.268670141721711775e-01,1.000000000000000000e+00,9.782145791987674199e-01,0.000000000000000000e+00,0.000000000000000000e+00,-2.075963319593542578e-01
-1.690291457367935068e-01,3.260517927343611899e-01,1.000000000000000000e+00,9.780419727818732145e-01,0.000000000000000000e+00,0.000000000000000000e+00,-2.084080120267491343e-01
-1.694844824986383447e-01,3.252373258785474786e-01,1.000000000000000222e+00,9.778686928681540325e-01,0.000000000000000000e+00,0.000000000000000000e+00,-2.092195485807383515e-01
-1.699411703705417942e-01,3.244236158481540455e-01,9.999999999999998890e-01,9.776947395769334248e-01,0.000000000000000000e+00,0.000000000000000000e+00,-2.100309410624836004e-01
-1.703992080945709864e-01,3.236106648845205602e-01,1.000000000000000000e+00,9.775201130279985717e-01,0.000000000000000000e+00,0.000000000000000000e+00,-2.108421889132458538e-01
-1.708585944090748043e-01,3.227984752268955315e-01,1.000000000000000000e+00,9.773448133416006156e-01,0.000000000000000000e+00,0.000000000000000000e+00,-2.116532915743856158e-01
-1.713193280486877690e-01,3.219870491124306455e-01,1.000000000000000000e+00,9.771688406384537728e-01,0.000000000000000000e+00,0.000000000000000000e+00,-2.124642484873633941e-01
-1.717814077443330367e-01,3.211763887761745484e-01,1.000000000000000000e+00,9.769921950397361110e-01,0.000000000000000000e+00,0.000000000000000000e+00,-2.132750590937400603e-01
-1.722448322232263962e-01,3.203664964510665181e-01,9.999999999999998890e-01,9.768148766670886607e-01,0.000000000000000000e+00,0.000000000000000000e+00,-2.140857228351772112e-01
-1.727096002088787108e-01,3.195573743679299694e-01,1.000000000000000000e+00,9.766368856426161926e-01,0.000000000000000000e+00,0.000000000000000000e+00,-2.148962391534376681e-01
-1.731757104211013587e-01,3.187490247554674583e-01,1.000000000000000000e+00,9.764582220888862185e-01,0.000000000000000000e+00,0.000000000000000000e+00,-2.157066074903856157e-01
-1.736431615760075653e-01,3.179414498402531319e-01,9.999999999999998890e-01,9.762788861289297682e-01,0.000000000000000000e+00,0.000000000000000000e+00,-2.165168272879872957e-01
-1.741119523860171769e-01,3.171346518467275666e-01,1.000000000000000222e+00,9.760988778862407234e-01,0.000000000000000000e+00,0.000000000000000000e+00,-2.173268979883112018e-01
-1.745820815598606579e-01,3.163286329971912725e-01,1.000000000000000000e+00,9.759181974847757068e-01,0.000000000000000000e+00,0.000000000000000000e+00,-2.181368190335283563e-01
-1.750535478025810887e-01,3.155233955117985878e-01,1.000000000000000000e+00,9.757368450489546374e-01,0.000000000000000000e+00,0.000000000000000000e+00,-2.189465898659130327e-01
-1.755263498155392732e-01,3.147189416085516833e-01,1.000000000000000000e+00,9.755548207036598418e-01,0.000000000000000000e+00,0.000000000000000000e+00,-2.197562099278428660e-01
-1.760004862964166250e-01,3.139152735032944563e-01,1.000000000000000000e+00,9.753721245742364987e-01,0.000000000000000000e+00,0.000000000000000000e+00,-2.205656786617992415e-01
-1.764759559392182764e-01,3.131123934097059802e-01,1.000000000000000000e+00,9.751887567864924167e-01,0.000000000000000000e+00,0.000000000000000000e+00,-2.213749955103679057e-01
-1.769527574342777410e-01,3.123103035392952309e-01,1.000000000000000222e+00,9.750047174666978123e-01,0.000000000000000000e+00,0.000000000000000000e+00,-2.221841599162389935e-01
-1.774308894682599114e-01,3.115090061013944256e-01,1.000000000000000000e+00,9.748200067415853098e-01,0.000000000000000000e+00,0.000000000000000000e+00,-2.229931713222078338e-01
-1.779103507241646120e-01,3.107085033031525834e-01,1.000000000000000000e+00,9.746346247383500527e-01,0.000000000000000000e+00,0.000000000000000000e+00,-2.238020291711750043e-01
-1.783911398813303739e-01,3.099087973495306403e-01,9.999999999999998890e-01,9.744485715846494811e-01,0.000000000000000000e+00,0.000000000000000000e+00,-2.246107329061466928e-01
-1.788732556154379871e-01,3.091098904432942329e-01,9.999999999999998890e-01,9.742618474086026659e-01,0.000000000000000000e+00,0.000000000000000000e+00,-2.254192819702355022e-01
-1.793566965985143868e-01,3.083117847850078697e-01,1.000000000000000000e+00,9.740744523387915299e-01,0.000000000000000000e+00,0.000000000000000000e+00,-2.262276758066603666e-01
-1.798414614989363169e-01,3.075144825730296017e-01,9.999999999999998890e-01,9.738863865042592938e-01,0.000000000000000000e+00,0.000000000000000000e+00,-2.270359138587471071e-01
-1.803275489814333277e-01,3.067179860035040839e-01,1.000000000000000000e+00,9.736976500345115859e-01,0.000000000000000000e+00,0.000000000000000000e+00,-2.278439955699288200e-01
-1.808149577070926606e-01,3.059222972703565246e-01,9.999999999999998890e-01,9.735082430595155545e-01,0.000000000000000000e+00,0.000000000000000000e+00,-2.286519203837463765e-01
-1.813036863333612470e-01,3.051274185652875781e-01,1.000000000000000000e+00,9.733181657097003114e-01,0.000000000000000000e+00,0.000000000000000000e+00,-2.294596877438485061e-01
-1.817937335140513699e-01,3.043333520777665169e-01,1.000000000000000000e+00,9.731274181159561554e-01,0.000000000000000000e+00,0.000000000000000000e+00,-2.302672970939925179e-01
-1.822850978993429960e-01,3.035400999950251255e-01,1.000000000000000000e+00,9.729360004096354597e-01,0.000000000000000000e+00,0.000000000000000000e+00,-2.310747478780445230e-01
-1.827777781357877718e-01,3.027476645020521495e-01,1.000000000000000000e+00,9.727439127225516735e-01,0.000000000000000000e+00,0.000000000000000000e+00,-2.318820395399796841e-01
-1.832717728663127987e-01,3.019560477815870225e-01,1.000000000000000000e+00,9.725511551869798765e-01,0.000000000000000000e+00,0.000000000000000000e+00,-2.326891715238828540e-01
-1.837670807302250742e-01,3.011652520141140377e-01,9.999999999999998890e-01,9.723577279356561132e-01,0.000000000000000000e+00,0.000000000000000000e+00,-2.334961432739488807e-01
-1.842637003632137116e-01,3.003752793778559083e-01,1.000000000000000000e+00,9.721636311017779475e-01,0.000000000000000000e+00,0.000000000000000000e+00,-2.343029542344828020e-01
-1.847616303973552698e-01,2.995861320487682167e-01,1.000000000000000000e+00,9.719688648190037972e-01,0.000000000000000000e+00,0.000000000000000000e+00,-2.351096038499005114e-01
-1.852608694611166396e-01,2.987978122005333081e-01,1.000000000000000000e+00,9.717734292214530445e-01,0.000000000000000000e+00,0.000000000000000000e+00,-2.359160915647289802e-01
-1.857614161793591512e-01,2.980103220045541845e-01,1.000000000000000000e+00,9.715773244437061473e-01,0.000000000000000000e+00,0.000000000000000000e+00,-2.367224168236065907e-01
-1.862632691733417944e-01,2.972236636299486201e-01,1.000000000000000000e+00,9.713805506208043061e-01,0.000000000000000000e+00,0.000000000000000000e+00,-2.375285790712836909e-01
-1.867664270607261034e-01,2.964378392435430554e-01,1.000000000000000000e+00,9.711831078882493529e-01,0.000000000000000000e+00,0.000000000000000000e+00,-2.383345777526228726e-01
-1.872708884555787101e-01,2.956528510098669904e-01,1.000000000000000000e+00,9.709849963820038621e-01,0.000000000000000000e+00,0.000000000000000000e+00,-2.391404123125992764e-01
-1.877766519683762292e-01,2.948687010911466566e-01,9.999999999999998890e-01,9.707862162384908178e-01,0.000000000000000000e+00,0.000000000000000000e+00,-2.399460821963011470e-01
-1.882837162060083669e-01,2.940853916472988550e-01,1.000000000000000000e+00,9.705867675945938355e-01,0.000000000000000000e+00,0.000000000000000000e+00,-2.407515868489300825e-01
-1.887920797717823618e-01,2.933029248359260155e-01,1.000000000000000000e+00,9.703866505876566073e-01,0.000000000000000000e+00,0.000000000000000000e+00,-2.415569257158014793e-01
-1.893017412654258713e-01,2.925213028123087033e-01,9.999999999999998890e-01,9.701858653554832346e-01,0.000000000000000000e+00,0.000000000000000000e+00,-2.423620982423449477e-01
-1.898126992830919679e-01,2.917405277294012889e-01,1.000000000000000000e+00,9.699844120363381172e-01,0.000000000000000000e+00,0.000000000000000000e+00,-2.431671038741044788e-01
-1.903249524173625806e-01,2.909606017378247866e-01,1.000000000000000000e+00,9.697822907689452876e-01,0.000000000000000000e+00,0.000000000000000000e+00,-2.439719420567391939e-01
-1.908384992572518257e-01,2.901815269858617485e-01,1.000000000000000000e+00,9.695795016924890763e-01,0.000000000000000000e+00,0.000000000000000000e+00,-2.447766122360234275e-01
-1.913533383882104477e-01,2.894033056194497688e-01,1.000000000000000000e+00,9.693760449466136686e-01,0.000000000000000000e+00,0.000000000000000000e+00,-2.455811138578471442e-01
-1.918694683921300381e-01,2.886259397821759332e-01,1.000000000000000000e+00,9.691719206714228818e-01,0.000000000000000000e+00,0.000000000000000000e+00,-2.463854463682164653e-01
-1.923868878473461441e-01,2.878494316152706567e-01,1.000000000000000000e+00,9.689671290074801657e-01,0.000000000000000000e+00,0.000000000000000000e+00,-2.471896092132540024e-01
-1.929055953286424874e-01,2.870737832576023552e-01,1.000000000000000000e+00,9.687616700958088245e-01,0.000000000000000000e+00,0.000000000000000000e+00,-2.479936018391990515e-01
-1.934255894072550719e-01,2.862989968456702838e-01,1.000000000000000000e+00,9.685555440778914615e-01,0.000000000000000000e+00,0.000000000000000000e+00,-2.487974236924083149e-01
-1.939468686508762918e-01,2.855250745136005963e-01,1.000000000000000000e+00,9.683487510956698685e-01,0.000000000000000000e+00,0.000000000000000000e+00,-2.496010742193559007e-01
-1.944694316236580400e-01,2.847520183931384619e-01,1.000000000000000000e+00,9.681412912915454694e-01,0.000000000000000000e+00,0.000000000000000000e+00,-2.504045528666340448e-01
-1.949932768862167598e-01,2.839798306136435690e-01,9.999999999999998890e-01,9.679331648083786543e-01,0.000000000000000000e+00,0.000000000000000000e+00,-2.512078590809532219e-01
-1.955184029956364977e-01,2.832085133020835754e-01,1.000000000000000000e+00,9.677243717894890018e-01,0.000000000000000000e+00,0.000000000000000000e+00,-2.520109923091427562e-01
-1.960448085054735112e-01,2.824380685830285009e-01,1.000000000000000000e+00,9.675149123786550565e-01,0.000000000000000000e+00,0.000000000000000000e+00,-2.528139519981510985e-01
-1.965724919657596548e-01,2.816684985786449547e-01,9.999999999999998890e-01,9.673047867201142180e-01,0.000000000000000000e+00,0.000000000000000000e+00,-2.536167375950460490e-01
-1.971014519230068762e-01,2.808998054086900287e-01,1.000000000000000000e+00,9.670939949585626305e-01,0.000000000000000000e+00,0.000000000000000000e+00,-2.544193485470154226e-01
-1.976316869202115467e-01,2.801319911905057469e-01,9.999999999999998890e-01,9.668825372391551820e-01,0.000000000000000000e+00,0.000000000000000000e+00,-2.552217843013673271e-01
-1.981631954968568476e-01,2.793650580390127924e-01,1.000000000000000000e+00,9.666704137075055048e-01,0.000000000000000000e+00,0.000000000000000000e+00,-2.560240443055303294e-01
-1.986959761889191545e-01,2.785990080667054003e-01,1.000000000000000000e+00,9.664576245096854201e-01,0.000000000000000000e+00,0.000000000000000000e+00,-2.568261280070542329e-01
-1.992300275288697020e-01,2.778338433836445853e-01,1.000000000000000222e+00,9.662441697922254935e-01,0.000000000000000000e+00,0.000000000000000000e+00,-2.576280348536102438e-01
-1.997653480456809683e-01,2.770695660974535901e-01,1.000000000000000000e+00,9.660300497021141464e-01,0.000000000000000000e+00,0.000000000000000000e+00,-2.584297642929910821e-01
-2.003019362648283952e-01,2.763061783133106686e-01,1.000000000000000000e+00,9.658152643867983222e-01,0.000000000000000000e+00,0.000000000000000000e+00,-2.592313157731119255e-01
-2.008397907082963840e-01,2.755436821339443676e-01,9.999999999999998890e-01,9.655998139941829317e-01,0.000000000000000000e+00,0.000000000000000000e+00,-2.600326887420103539e-01
-2.013789098945810707e-01,2.747820796596269766e-01,9.999999999999998890e-01,9.653836986726309632e-01,0.000000000000000000e+00,0.000000000000000000e+00,-2.608338826478469596e-01
-2.019192923386950445e-01,2.740213729881695870e-01,9.999999999999998890e-01,9.651669185709631504e-01,0.000000000000000000e+00,0.000000000000000000e+00,-2.616348969389055701e-01
-2.024609365521713444e-01,2.732615642149152646e-01,1.000000000000000000e+00,9.649494738384580828e-01,0.000000000000000000e+00,0.000000000000000000e+00,-2.624357310635937468e-01
-2.030038410430675677e-01,2.725026554327344419e-01,1.000000000000000000e+00,9.647313646248519836e-01,0.000000000000000000e+00,0.000000000000000000e+00,-2.632363844704430078e-01
-2.035480043159697550e-01,2.717446487320181459e-01,1.000000000000000000e+00,9.645125910803387104e-01,0.000000000000000000e+00,0.000000000000000000e+00,-2.640368566081094936e-01
-2.040934248719968314e-01,2.709875462006727798e-01,1.000000000000000000e+00,9.642931533555695323e-01,0.000000000000000000e+00,0.000000000000000000e+00,-2.648371469253739674e-01
-2.046401012088044924e-01,2.702313499241141281e-01,9.999999999999998890e-01,9.640730516016530194e-01,0.000000000000000000e+00,0.000000000000000000e+00,-2.656372548711426473e-01
-2.051880318205890341e-01,2.694760619852618611e-01,9.999999999999998890e-01,9.638522859701552647e-01,0.000000000000000000e+00,0.000000000000000000e+00,-2.664371798944470404e-01
-2.057372151980926822e-01,2.687216844645334279e-01,1.000000000000000222e+00,9.636308566130993292e-01,0.000000000000000000e+00,0.000000000000000000e+00,-2.672369214444449970e-01
-2.062876498286064786e-01,2.679682194398390060e-01,1.000000000000000000e+00,9.634087636829652412e-01,0.000000000000000000e+00,0.000000000000000000e+00,-2.680364789704202111e-01
-2.068393341959748888e-01,2.672156689865750057e-01,1.000000000000000000e+00,9.631860073326901084e-01,0.000000000000000000e+00,0.000000000000000000e+00,-2.688358519217835529e-01
-2.073922667806002429e-01,2.664640351776188520e-01,9.999999999999998890e-01,9.629625877156677838e-01,0.000000000000000000e+00,0.000000000000000000e+00,-2.696350397480727357e-01
-2.079464460594463993e-01,2.657133200833227682e-01,1.000000000000000000e+00,9.627385049857490884e-01,0.000000000000000000e+00,0.000000000000000000e+00,-2.704340418989530925e-01
-2.085018705060434629e-01,2.649635257715086678e-01,1.000000000000000000e+00,9.625137592972412559e-01,0.000000000000000000e+00,0.000000000000000000e+00,-2.712328578242177435e-01
-2.090585385904918381e-01,2.642146543074622156e-01,9.999999999999998890e-01,9.622883508049080437e-01,0.000000000000000000e+00,0.000000000000000000e+00,-2.720314869737879837e-01
-2.096164487794661691e-01,2.634667077539269431e-01,9.999999999999998890e-01,9.620622796639697327e-01,0.000000000000000000e+00,0.000000000000000000e+00,-2.728299287977138388e-01
-2.101755995362197815e-01,2.627196881710990306e-01,1.000000000000000000e+00,9.618355460301029058e-01,0.000000000000000000e+00,0.000000000000000000e+00,-2.736281827461743421e-01
-2.107359893205887902e-01,2.619735976166211455e-01,1.000000000000000000e+00,9.616081500594402254e-01,0.000000000000000000e+00,0.000000000000000000e+00,-2.744262482694777572e-01
-2.112976165889968727e-01,2.612284381455767801e-01,1.000000000000000000e+00,9.613800919085706553e-01,0.000000000000000000e+00,0.000000000000000000e+00,-2.752241248180623545e-01
-2.118604797944588225e-01,2.604842118104853110e-01,1.000000000000000000e+00,9.611513717345387953e-01,0.000000000000000000e+00,0.000000000000000000e+00,-2.760218118424961342e-01
-2.124245773865848230e-01,2.597409206612953936e-01,1.000000000000000000e+00,9.609219896948456574e-01,0.000000000000000000e+00,0.000000000000000000e+00,-2.768193087934780472e-01
-2.129899078115853328e-01,2.589985667453797991e-01,1.000000000000000000e+00,9.606919459474475564e-01,0.000000000000000000e+00,0.000000000000000000e+00,-2.776166151218376621e-01
-2.135564695122751377e-01,2.582571521075299192e-01,1.000000000000000000e+00,9.604612406507566646e-01,0.000000000000000000e+00,0.000000000000000000e+00,-2.784137302785358314e-01
-2.141242609280770148e-01,2.575166787899497711e-01,9.999999999999998890e-01,9.602298739636406788e-01,0.000000000000000000e+00,0.000000000000000000e+00,-2.792106537146651912e-01
-2.146932804950267837e-01,2.567771488322503903e-01,1.000000000000000000e+00,9.599978460454228202e-01,0.000000000000000000e+00,0.000000000000000000e+00,-2.800073848814502164e-01
-2.152635266457776364e-01,2.560385642714447241e-01,9.999999999999998890e-01,9.597651570558815015e-01,0.000000000000000000e+00,0.000000000000000000e+00,-2.808039232302480537e-01
-2.158349978096034683e-01,2.553009271419415249e-01,1.000000000000000000e+00,9.595318071552505490e-01,0.000000000000000000e+00,0.000000000000000000e+00,-2.816002682125482437e-01
-2.164076924124047063e-01,2.545642394755395777e-01,1.000000000000000000e+00,9.592977965042186472e-01,0.000000000000000000e+00,0.000000000000000000e+00,-2.823964192799737760e-01
-2.169816088767116402e-01,2.538285033014227032e-01,1.000000000000000000e+00,9.590631252639296722e-01,0.000000000000000000e+00,0.000000000000000000e+00,-2.831923758842811445e-01
-2.175567456216884743e-01,2.530937206461539302e-01,1.000000000000000000e+00,9.588277935959823584e-01,0.000000000000000000e+00,0.000000000000000000e+00,-2.839881374773605693e-01
-2.181331010631388234e-01,2.523598935336694438e-01,9.999999999999998890e-01,9.585918016624301874e-01,0.000000000000000000e+00,0.000000000000000000e+00,-2.847837035112368298e-01
-2.187106736135088769e-01,2.516270239852738677e-01,9.999999999999998890e-01,9.583551496257814994e-01,0.000000000000000000e+00,0.000000000000000000e+00,-2.855790734380691531e-01
-2.192894616818928943e-01,2.508951140196341578e-01,9.999999999999998890e-01,9.581178376489987158e-01,0.000000000000000000e+00,0.000000000000000000e+00,-2.863742467101518252e-01
-2.198694636740364805e-01,2.501641656527737734e-01,1.000000000000000000e+00,9.578798658954993384e-01,0.000000000000000000e+00,0.000000000000000000e+00,-2.871692227799146901e-01
-2.204506779923423032e-01,2.494341808980679587e-01,1.000000000000000000e+00,9.576412345291546169e-01,0.000000000000000000e+00,0.000000000000000000e+00,-2.879640010999233168e-01
-2.210331030358727578e-01,2.487051617662373593e-01,1.000000000000000222e+00,9.574019437142905486e-01,0.000000000000000000e+00,0.000000000000000000e+00,-2.887585811228793875e-01
-2.216167372003560176e-01,2.479771102653430259e-01,1.000000000000000000e+00,9.571619936156867681e-01,0.000000000000000000e+00,0.000000000000000000e+00,-2.895529623016212528e-01
-2.222015788781896428e-01,2.472500284007808080e-01,1.000000000000000000e+00,9.569213843985771017e-01,0.000000000000000000e+00,0.000000000000000000e+00,-2.903471440891240429e-01
-2.227876264584446320e-01,2.465239181752753028e-01,9.999999999999998890e-01,9.566801162286494575e-01,0.000000000000000000e+00,0.000000000000000000e+00,-2.911411259385003336e-01
-2.233748783268710292e-01,2.457987815888750260e-01,1.000000000000000222e+00,9.564381892720452694e-01,0.000000000000000000e+00,0.000000000000000000e+00,-2.919349073030003128e-01
-2.239633328659015321e-01,2.450746206389469162e-01,1.000000000000000000e+00,9.561956036953594973e-01,0.000000000000000000e+00,0.000000000000000000e+00,-2.927284876360121690e-01
-2.245529884546558219e-01,2.443514373201698398e-01,1.000000000000000000e+00,9.559523596656410716e-01,0.000000000000000000e+00,0.000000000000000000e+00,-2.935218663910627024e-01
-2.251438434689457813e-01,2.436292336245305945e-01,1.000000000000000222e+00,9.557084573503918934e-01,0.000000000000000000e+00,0.000000000000000000e+00,-2.943150430218174352e-01
-2.257358962812790470e-01,2.429080115413171370e-01,1.000000000000000000e+00,9.554638969175673902e-01,0.000000000000000000e+00,0.000000000000000000e+00,-2.951080169820809451e-01
-2.263291452608642840e-01,2.421877730571138088e-01,1.000000000000000000e+00,9.552186785355762932e-01,0.000000000000000000e+00,0.000000000000000000e+00,-2.959007877257974206e-01
-2.269235887736151813e-01,2.414685201557953409e-01,1.000000000000000000e+00,9.549728023732800830e-01,0.000000000000000000e+00,0.000000000000000000e+00,-2.966933547070512156e-01
-2.275192251821552825e-01,2.407502548185223024e-01,1.000000000000000000e+00,9.547262685999935439e-01,0.000000000000000000e+00,0.000000000000000000e+00,-2.974857173800667387e-01
-2.281160528458219261e-01,2.400329790237345495e-01,1.000000000000000000e+00,9.544790773854840982e-01,0.000000000000000000e+00,0.000000000000000000e+00,-2.982778751992091748e-01
-2.287140701206719084e-01,2.393166947471462302e-01,1.000000000000000000e+00,9.542312288999719172e-01,0.000000000000000000e+00,0.000000000000000000e+00,-2.990698276189849292e-01
-2.293132753594844808e-01,2.386014039617407323e-01,1.000000000000000000e+00,9.539827233141299212e-01,0.000000000000000000e+00,0.000000000000000000e+00,-2.998615740940414609e-01
-2.299136669117673448e-01,2.378871086377648547e-01,1.000000000000000000e+00,9.537335607990832242e-01,0.000000000000000000e+00,0.000000000000000000e+00,-3.006531140791684487e-01
-2.305152431237602051e-01,2.371738107427231457e-01,1.000000000000000000e+00,9.534837415264095783e-01,0.000000000000000000e+00,0.000000000000000000e+00,-3.014444470292975686e-01
-2.311180023384395987e-01,2.364615122413729620e-01,1.000000000000000000e+00,9.532332656681389293e-01,0.000000000000000000e+00,0.000000000000000000e+00,-3.022355723995031052e-01
-2.317219428955237248e-01,2.357502150957191400e-01,1.000000000000000000e+00,9.529821333967533059e-01,0.000000000000000000e+00,0.000000000000000000e+00,-3.030264896450022283e-01
-2.323270631314764967e-01,2.350399212650073899e-01,9.999999999999998890e-01,9.527303448851868195e-01,0.000000000000000000e+00,0.000000000000000000e+00,-3.038171982211555489e-01
-2.329333613795128155e-01,2.343306327057210203e-01,9.999999999999998890e-01,9.524779003068254424e-01,0.000000000000000000e+00,0.000000000000000000e+00,-3.046076975834672296e-01
-2.335408359696025116e-01,2.336223513715736111e-01,1.000000000000000222e+00,9.522247998355070076e-01,0.000000000000000000e+00,0.000000000000000000e+00,-3.053979871875855956e-01
-2.341494852284755623e-01,2.329150792135044057e-01,1.000000000000000000e+00,9.519710436455207647e-01,0.000000000000000000e+00,0.000000000000000000e+00,-3.061880664893033566e-01
-2.347593074796259227e-01,2.322088181796731488e-01,1.000000000000000000e+00,9.517166319116077133e-01,0.000000000000000000e+00,0.000000000000000000e+00,-3.069779349445581618e-01
-2.353703010433167431e-01,2.315035702154542574e-01,1.000000000000000000e+00,9.514615648089602695e-01,0.000000000000000000e+00,0.000000000000000000e+00,-3.077675920094327666e-01
-2.359824642365849212e-01,2.307993372634318252e-01,1.000000000000000000e+00,9.512058425132221551e-01,0.000000000000000000e+00,0.000000000000000000e+00,-3.085570371401553658e-01
-2.365957953732457097e-01,2.300961212633940711e-01,1.000000000000000000e+00,9.509494652004880644e-01,0.000000000000000000e+00,0.000000000000000000e+00,-3.093462697931003702e-01
-2.372102927638968795e-01,2.293939241523282879e-01,9.999999999999998890e-01,9.506924330473041085e-01,0.000000000000000000e+00,0.000000000000000000e+00,-3.101352894247881298e-01
-2.378259547159242149e-01,2.286927478644146805e-01,1.000000000000000000e+00,9.504347462306670380e-01,0.000000000000000000e+00,0.000000000000000000e+00,-3.109240954918861544e-01
-2.384427795335056777e-01,2.279925943310220360e-01,1.000000000000000000e+00,9.501764049280244651e-01,0.000000000000000000e+00,0.000000000000000000e+00,-3.117126874512086698e-01
-2.390607655176160695e-01,2.272934654807019506e-01,1.000000000000000000e+00,9.499174093172746414e-01,0.000000000000000000e+00,0.000000000000000000e+00,-3.125010647597176172e-01
-2.396799109660316951e-01,2.265953632391838890e-01,1.000000000000000000e+00,9.496577595767667912e-01,0.000000000000000000e+00,0.000000000000000000e+00,-3.132892268745222641e-01
-2.403002141733353025e-01,2.258982895293688564e-01,1.000000000000000222e+00,9.493974558853000012e-01,0.000000000000000000e+00,0.000000000000000000e+00,-3.140771732528805371e-01
-2.409216734309207464e-01,2.252022462713252349e-01,1.000000000000000000e+00,9.491364984221239975e-01,0.000000000000000000e+00,0.000000000000000000e+00,-3.148649033521987994e-01
-2.415442870269973175e-01,2.245072353822831768e-01,1.000000000000000000e+00,9.488748873669387018e-01,0.000000000000000000e+00,0.000000000000000000e+00,-3.156524166300322398e-01
-2.421680532465947944e-01,2.238132587766288317e-01,1.000000000000000000e+00,9.486126228998940091e-01,0.000000000000000000e+00,0.000000000000000000e+00,-3.164397125440855385e-01
-2.427929703715682175e-01,2.231203183658995726e-01,1.000000000000000000e+00,9.483497052015898987e-01,0.000000000000000000e+00,0.000000000000000000e+00,-3.172267905522129228e-01
-2.434190366806022188e-01,2.224284160587788328e-01,1.000000000000000000e+00,9.480861344530761015e-01,0.000000000000000000e+00,0.000000000000000000e+00,-3.180136501124186110e-01
-2.440462504492163509e-01,2.217375537610903335e-01,1.000000000000000000e+00,9.478219108358519884e-01,0.000000000000000000e+00,0.000000000000000000e+00,-3.188002906828573679e-01
-2.446746099497692506e-01,2.210477333757934204e-01,1.000000000000000000e+00,9.475570345318665710e-01,0.000000000000000000e+00,0.000000000000000000e+00,-3.195867117218347264e-01
-2.453041134514639676e-01,2.203589568029770684e-01,1.000000000000000000e+00,9.472915057235182790e-01,0.000000000000000000e+00,0.000000000000000000e+00,-3.203729126878074318e-01
-2.459347592203521282e-01,2.196712259398556633e-01,1.000000000000000000e+00,9.470253245936550712e-01,0.000000000000000000e+00,0.000000000000000000e+00,-3.211588930393836083e-01
-2.465665455193393196e-01,2.189845426807626172e-01,1.000000000000000000e+00,9.467584913255737700e-01,0.000000000000000000e+00,0.000000000000000000e+00,-3.219446522353237028e-01
-2.471994706081895310e-01,2.182989089171462616e-01,1.000000000000000000e+00,9.464910061030203936e-01,0.000000000000000000e+00,0.000000000000000000e+00,-3.227301897345399295e-01
-2.478335327435293722e-01,2.176143265375639069e-01,1.000000000000000000e+00,9.462228691101901568e-01,0.000000000000000000e+00,0.000000000000000000e+00,-3.235155049960974361e-01
-2.484687301788544578e-01,2.169307974276769579e-01,9.999999999999998890e-01,9.459540805317266932e-01,0.000000000000000000e+00,0.000000000000000000e+00,-3.243005974792144142e-01
-2.491050611645325707e-01,2.162483234702452517e-01,9.999999999999998890e-01,9.456846405527226107e-01,0.000000000000000000e+00,0.000000000000000000e+00,-3.250854666432624884e-01
-2.497425239478094916e-01,2.155669065451227828e-01,1.000000000000000000e+00,9.454145493587190474e-01,0.000000000000000000e+00,0.000000000000000000e+00,-3.258701119477669939e-01
-2.503811167728133280e-01,2.148865485292514865e-01,1.000000000000000000e+00,9.451438071357054493e-01,0.000000000000000000e+00,0.000000000000000000e+00,-3.266545328524074199e-01
-2.510208378805595664e-01,2.142072512966571862e-01,1.000000000000000000e+00,9.448724140701195706e-01,0.000000000000000000e+00,0.000000000000000000e+00,-3.274387288170177435e-01
-2.516616855089560123e-01,2.135290167184431542e-01,1.000000000000000000e+00,9.446003703488475844e-01,0.000000000000000000e+00,0.000000000000000000e+00,-3.282226993015869843e-01
-2.523036578928072871e-01,2.128518466627860595e-01,1.000000000000000000e+00,9.443276761592235280e-01,0.000000000000000000e+00,0.000000000000000000e+00,-3.290064437662592600e-01
-2.529467532638199900e-01,2.121757429949299167e-01,1.000000000000000000e+00,9.440543316890293024e-01,0.000000000000000000e+00,0.000000000000000000e+00,-3.297899616713344528e-01
-2.535909698506076393e-01,2.115007075771817568e-01,1.000000000000000000e+00,9.437803371264947838e-01,0.000000000000000000e+00,0.000000000000000000e+00,-3.305732524772685421e-01
-2.542363058786951124e-01,2.108267422689063531e-01,1.000000000000000000e+00,9.435056926602973792e-01,0.000000000000000000e+00,0.000000000000000000e+00,-3.313563156446735491e-01
-2.548827595705240312e-01,2.101538489265205034e-01,9.999999999999998890e-01,9.432303984795620266e-01,0.000000000000000000e+00,0.000000000000000000e+00,-3.321391506343185362e-01
-2.555303291454574244e-01,2.094820294034883124e-01,1.000000000000000000e+00,9.429544547738613058e-01,0.000000000000000000e+00,0.000000000000000000e+00,-3.329217569071296623e-01
-2.561790128197844463e-01,2.088112855503163612e-01,9.999999999999998890e-01,9.426778617332147725e-01,0.000000000000000000e+00,0.000000000000000000e+00,-3.337041339241905158e-01
-2.568288088067257613e-01,2.081416192145480459e-01,9.999999999999998890e-01,9.424006195480890691e-01,0.000000000000000000e+00,0.000000000000000000e+00,-3.344862811467426700e-01
-2.574797153164380958e-01,2.074730322407588035e-01,9.999999999999998890e-01,9.421227284093983689e-01,0.000000000000000000e+00,0.000000000000000000e+00,-3.352681980361857939e-01
-2.581317305560194564e-01,2.068055264705513374e-01,1.000000000000000000e+00,9.418441885085030441e-01,0.000000000000000000e+00,0.000000000000000000e+00,-3.360498840540782073e-01
-2.587848527295136258e-01,2.061391037425499562e-01,9.999999999999998890e-01,9.415650000372106643e-01,0.000000000000000000e+00,0.000000000000000000e+00,-3.368313386621372141e-01
-2.594390800379152151e-01,2.054737658923955212e-01,1.000000000000000000e+00,9.412851631877754421e-01,0.000000000000000000e+00,0.000000000000000000e+00,-3.376125613222395461e-01
-2.600944106791752142e-01,2.048095147527411175e-01,1.000000000000000000e+00,9.410046781528977888e-01,0.000000000000000000e+00,0.000000000000000000e+00,-3.383935514964215852e-01
-2.607508428482053775e-01,2.041463521532462799e-01,1.000000000000000000e+00,9.407235451257245362e-01,0.000000000000000000e+00,0.000000000000000000e+00,-3.391743086468798074e-01
-2.614083747368833865e-01,2.034842799205721087e-01,9.999999999999998890e-01,9.404417642998489368e-01,0.000000000000000000e+00,0.000000000000000000e+00,-3.399548322359712271e-01
-2.620670045340573462e-01,2.028232998783763841e-01,1.000000000000000000e+00,9.401593358693102198e-01,0.000000000000000000e+00,0.000000000000000000e+00,-3.407351217262135634e-01
-2.627267304255517799e-01,2.021634138473084596e-01,1.000000000000000000e+00,9.398762600285934798e-01,0.000000000000000000e+00,0.000000000000000000e+00,-3.415151765802859063e-01
-2.633875505941716821e-01,2.015046236450047656e-01,1.000000000000000000e+00,9.395925369726296772e-01,0.000000000000000000e+00,0.000000000000000000e+00,-3.422949962610286057e-01
-2.640494632197080138e-01,2.008469310860821477e-01,1.000000000000000222e+00,9.393081668967955267e-01,0.000000000000000000e+00,0.000000000000000000e+00,-3.430745802314444370e-01
-2.647124664789429205e-01,2.001903379821353135e-01,1.000000000000000000e+00,9.390231499969131645e-01,0.000000000000000000e+00,0.000000000000000000e+00,-3.438539279546981575e-01
-2.653765585456537845e-01,1.995348461417296715e-01,1.000000000000000000e+00,9.387374864692502596e-01,0.000000000000000000e+00,0.000000000000000000e+00,-3.446330388941172274e-01
-2.660417375906191095e-01,1.988804573703976675e-01,1.000000000000000000e+00,9.384511765105197911e-01,0.000000000000000000e+00,0.000000000000000000e+00,-3.454119125131921986e-01
-2.667080017816235160e-01,1.982271734706332333e-01,1.000000000000000000e+00,9.381642203178798267e-01,0.000000000000000000e+00,0.000000000000000000e+00,-3.461905482755771035e-01
-2.673753492834629597e-01,1.975749962418867911e-01,1.000000000000000000e+00,9.378766180889333004e-01,0.000000000000000000e+00,0.000000000000000000e+00,-3.469689456450897325e-01
-2.680437782579487282e-01,1.969239274805610340e-01,1.000000000000000000e+00,9.375883700217281236e-01,0.000000000000000000e+00,0.000000000000000000e+00,-3.477471040857120221e-01
-2.687132868639137140e-01,1.962739689800047094e-01,1.000000000000000000e+00,9.372994763147570740e-01,0.000000000000000000e+00,0.000000000000000000e+00,-3.485250230615904998e-01
-2.693838732572167438e-01,1.956251225305088437e-01,1.000000000000000000e+00,9.370099371669573518e-01,0.000000000000000000e+00,0.000000000000000000e+00,-3.493027020370364499e-01
-2.700555355907481303e-01,1.949773899193013027e-01,1.000000000000000000e+00,9.367197527777106902e-01,0.000000000000000000e+00,0.000000000000000000e+00,-3.500801404765265246e-01
-2.707282720144341681e-01,1.943307729305417397e-01,1.000000000000000000e+00,9.364289233468431339e-01,0.000000000000000000e+00,0.000000000000000000e+00,-3.508573378447030211e-01
-2.714020806752430182e-01,1.936852733453169884e-01,1.000000000000000000e+00,9.361374490746250387e-01,0.000000000000000000e+00,0.000000000000000000e+00,-3.516342936063742708e-01
-2.720769597171894816e-01,1.930408929416360109e-01,1.000000000000000000e+00,9.358453301617705167e-01,0.000000000000000000e+00,0.000000000000000000e+00,-3.524110072265148608e-01
-2.727529072813393851e-01,1.923976334944249023e-01,1.000000000000000000e+00,9.355525668094378799e-01,0.000000000000000000e+00,0.000000000000000000e+00,-3.531874781702663002e-01
-2.734299215058160759e-01,1.917554967755224493e-01,9.999999999999998890e-01,9.352591592192289749e-01,0.000000000000000000e+00,0.000000000000000000e+00,-3.539637059029369648e-01
-2.741080005258041408e-01,1.911144845536744130e-01,1.000000000000000222e+00,9.349651075931896260e-01,0.000000000000000000e+00,0.000000000000000000e+00,-3.547396898900029294e-01
-2.747871424735559009e-01,1.904745985945298092e-01,9.999999999999998890e-01,9.346704121338086368e-01,0.000000000000000000e+00,0.000000000000000000e+00,-3.555154295971080236e-01
-2.754673454783953535e-01,1.898358406606347470e-01,1.000000000000000000e+00,9.343750730440186780e-01,0.000000000000000000e+00,0.000000000000000000e+00,-3.562909244900643313e-01
-2.761486076667239997e-01,1.891982125114284874e-01,1.000000000000000000e+00,9.340790905271953992e-01,0.000000000000000000e+00,0.000000000000000000e+00,-3.570661740348523572e-01
-2.768309271620260081e-01,1.885617159032385581e-01,1.000000000000000000e+00,9.337824647871574291e-01,0.000000000000000000e+00,0.000000000000000000e+00,-3.578411776976219150e-01
-2.775143020848729325e-01,1.879263525892752584e-01,1.000000000000000000e+00,9.334851960281665972e-01,0.000000000000000000e+00,0.000000000000000000e+00,-3.586159349446917943e-01
-2.781987305529295407e-01,1.872921243196277175e-01,1.000000000000000000e+00,9.331872844549272683e-01,0.000000000000000000e+00,0.000000000000000000e+00,-3.593904452425505380e-01
-2.788842106809584220e-01,1.866590328412582878e-01,1.000000000000000000e+00,9.328887302725865638e-01,0.000000000000000000e+00,0.000000000000000000e+00,-3.601647080578568860e-01
-2.795707405808253720e-01,1.860270798979981599e-01,1.000000000000000000e+00,9.325895336867341401e-01,0.000000000000000000e+00,0.000000000000000000e+00,-3.609387228574398310e-01
-2.802583183615048323e-01,1.853962672305424220e-01,1.000000000000000000e+00,9.322896949034019665e-01,0.000000000000000000e+00,0.000000000000000000e+00,-3.617124891082993954e-01
-2.809469421290843871e-01,1.847665965764455076e-01,1.000000000000000000e+00,9.319892141290644361e-01,0.000000000000000000e+00,0.000000000000000000e+00,-3.624860062776063541e-01
-2.816366099867712580e-01,1.841380696701159780e-01,1.000000000000000000e+00,9.316880915706376998e-01,0.000000000000000000e+00,0.000000000000000000e+00,-3.632592738327033999e-01
-2.823273200348960232e-01,1.835106882428119701e-01,1.000000000000000000e+00,9.313863274354801103e-01,0.000000000000000000e+00,0.000000000000000000e+00,-3.640322912411049217e-01
-2.830190703709190014e-01,1.828844540226366444e-01,1.000000000000000000e+00,9.310839219313916670e-01,0.000000000000000000e+00,0.000000000000000000e+00,-3.648050579704976148e-01
-2.837118590894350256e-01,1.822593687345331337e-01,9.999999999999998890e-01,9.307808752666141272e-01,0.000000000000000000e+00,0.000000000000000000e+00,-3.655775734887407036e-01
-2.844056842821784392e-01,1.816354341002796025e-01,1.000000000000000000e+00,9.304771876498307837e-01,0.000000000000000000e+00,0.000000000000000000e+00,-3.663498372638666067e-01
-2.851005440380291467e-01,1.810126518384853611e-01,1.000000000000000000e+00,9.301728592901662429e-01,0.000000000000000000e+00,0.000000000000000000e+00,-3.671218487640808825e-01
-2.857964364430168325e-01,1.803910236645849263e-01,1.000000000000000000e+00,9.298678903971862031e-01,0.000000000000000000e+00,0.000000000000000000e+00,-3.678936074577628945e-01
-2.864933595803274002e-01,1.797705512908342462e-01,1.000000000000000000e+00,9.295622811808976760e-01,0.000000000000000000e+00,0.000000000000000000e+00,-3.686651128134660893e-01
-2.871913115303069697e-01,1.791512364263055934e-01,9.999999999999998890e-01,9.292560318517485429e-01,0.000000000000000000e+00,0.000000000000000000e+00,-3.694363642999184405e-01
-2.878902903704682603e-01,1.785330807768827355e-01,1.000000000000000000e+00,9.289491426206274438e-01,0.000000000000000000e+00,0.000000000000000000e+00,-3.702073613860226153e-01
-2.885902941754953654e-01,1.779160860452568271e-01,1.000000000000000000e+00,9.286416136988636660e-01,0.000000000000000000e+00,0.000000000000000000e+00,-3.709781035408565852e-01
-2.892913210172491367e-01,1.773002539309210257e-01,1.000000000000000000e+00,9.283334452982269225e-01,0.000000000000000000e+00,0.000000000000000000e+00,-3.717485902336737369e-01
-2.899933689647723467e-01,1.766855861301661612e-01,1.000000000000000000e+00,9.280246376309275735e-01,0.000000000000000000e+00,0.000000000000000000e+00,-3.725188209339033718e-01
-2.906964360842953510e-01,1.760720843360758514e-01,1.000000000000000000e+00,9.277151909096158500e-01,0.000000000000000000e+00,0.000000000000000000e+00,-3.732887951111512614e-01
-2.914005204392414727e-01,1.754597502385222274e-01,1.000000000000000000e+00,9.274051053473820749e-01,0.000000000000000000e+00,0.000000000000000000e+00,-3.740585122351997027e-01
-2.921056200902311106e-01,1.748485855241608267e-01,1.000000000000000000e+00,9.270943811577568860e-01,0.000000000000000000e+00,0.000000000000000000e+00,-3.748279717760080176e-01
-2.928117330950896768e-01,1.742385918764262076e-01,9.999999999999998890e-01,9.267830185547100141e-01,0.000000000000000000e+00,0.000000000000000000e+00,-3.755971732037129418e-01
-2.935188575088495400e-01,1.736297709755275642e-01,1.000000000000000000e+00,9.264710177526516155e-01,0.000000000000000000e+00,0.000000000000000000e+00,-3.763661159886287355e-01
-2.942269913837584627e-01,1.730221244984431750e-01,1.000000000000000000e+00,9.261583789664306066e-01,0.000000000000000000e+00,0.000000000000000000e+00,-3.771347996012480719e-01
-2.949361327692831547e-01,1.724156541189170166e-01,1.000000000000000000e+00,9.258451024113356631e-01,0.000000000000000000e+00,0.000000000000000000e+00,-3.779032235122418704e-01
-2.956462797121152120e-01,1.718103615074532131e-01,1.000000000000000000e+00,9.255311883030944431e-01,0.000000000000000000e+00,0.000000000000000000e+00,-3.786713871924600183e-01
-2.963574302561766682e-01,1.712062483313118721e-01,1.000000000000000000e+00,9.252166368578736977e-01,0.000000000000000000e+00,0.000000000000000000e+00,-3.794392901129316487e-01
-2.970695824426248799e-01,1.706033162545041448e-01,1.000000000000000000e+00,9.249014482922790492e-01,0.000000000000000000e+00,0.000000000000000000e+00,-3.802069317448652508e-01
-2.977827343098583546e-01,1.700015669377883398e-01,1.000000000000000000e+00,9.245856228233549912e-01,0.000000000000000000e+00,0.000000000000000000e+00,-3.809743115596493368e-01
-2.984968838935218027e-01,1.694010020386644833e-01,1.000000000000000000e+00,9.242691606685843331e-01,0.000000000000000000e+00,0.000000000000000000e+00,-3.817414290288528300e-01
-2.992120292265122439e-01,1.688016232113703774e-01,1.000000000000000000e+00,9.239520620458885336e-01,0.000000000000000000e+00,0.000000000000000000e+00,-3.825082836242251205e-01
-2.999281683389833919e-01,1.682034321068766602e-01,1.000000000000000000e+00,9.236343271736271454e-01,0.000000000000000000e+00,0.000000000000000000e+00,-3.832748748176967313e-01
-3.006452992583522610e-01,1.676064303728825311e-01,1.000000000000000000e+00,9.233159562705980372e-01,0.000000000000000000e+00,0.000000000000000000e+00,-3.840412020813796512e-01
-3.013634200093030513e-01,1.670106196538111432e-01,1.000000000000000000e+00,9.229969495560370607e-01,0.000000000000000000e+00,0.000000000000000000e+00,-3.848072648875673907e-01
-3.020825286137942545e-01,1.664160015908051071e-01,1.000000000000000222e+00,9.226773072496177175e-01,0.000000000000000000e+00,0.000000000000000000e+00,-3.855730627087357032e-01
-3.028026230910632610e-01,1.658225778217216617e-01,1.000000000000000000e+00,9.223570295714512701e-01,0.000000000000000000e+00,0.000000000000000000e+00,-3.863385950175428074e-01
-3.035237014576314674e-01,1.652303499811282883e-01,1.000000000000000000e+00,9.220361167420866311e-01,0.000000000000000000e+00,0.000000000000000000e+00,-3.871038612868297757e-01
-3.042457617273105486e-01,1.646393197002987696e-01,1.000000000000000000e+00,9.217145689825100296e-01,0.000000000000000000e+00,0.000000000000000000e+00,-3.878688609896208672e-01
-3.049688019112078430e-01,1.640494886072080827e-01,1.000000000000000000e+00,9.213923865141446790e-01,0.000000000000000000e+00,0.000000000000000000e+00,-3.886335935991239166e-01
-3.056928200177305710e-01,1.634608583265280135e-01,9.999999999999998890e-01,9.210695695588512200e-01,0.000000000000000000e+00,0.000000000000000000e+00,-3.893980585887305557e-01
-3.064178140525931626e-01,1.628734304796224941e-01,1.000000000000000000e+00,9.207461183389271664e-01,0.000000000000000000e+00,0.000000000000000000e+00,-3.901622554320168801e-01
-3.071437820188216428e-01,1.622872066845437722e-01,1.000000000000000000e+00,9.204220330771064607e-01,0.000000000000000000e+00,0.000000000000000000e+00,-3.909261836027435599e-01
-3.078707219167595155e-01,1.617021885560275818e-01,1.000000000000000000e+00,9.200973139965600289e-01,0.000000000000000000e+00,0.000000000000000000e+00,-3.916898425748562840e-01
-3.085986317440728155e-01,1.611183777054884247e-01,1.000000000000000000e+00,9.197719613208950040e-01,0.000000000000000000e+00,0.000000000000000000e+00,-3.924532318224860927e-01
-3.093275094957561033e-01,1.605357757410154629e-01,1.000000000000000000e+00,9.194459752741550584e-01,0.000000000000000000e+00,0.000000000000000000e+00,-3.932163508199499335e-01
-3.100573531641378500e-01,1.599543842673681882e-01,1.000000000000000000e+00,9.191193560808197383e-01,0.000000000000000000e+00,0.000000000000000000e+00,-3.939791990417504941e-01
-3.107881607388856549e-01,1.593742048859716487e-01,9.999999999999998890e-01,9.187921039658049072e-01,0.000000000000000000e+00,0.000000000000000000e+00,-3.947417759625772571e-01
-3.115199302070125187e-01,1.587952391949123410e-01,1.000000000000000000e+00,9.184642191544620804e-01,0.000000000000000000e+00,0.000000000000000000e+00,-3.955040810573062227e-01
-3.122526595528816173e-01,1.582174887889336579e-01,1.000000000000000000e+00,9.181357018725784247e-01,0.000000000000000000e+00,0.000000000000000000e+00,-3.962661138010009632e-01
-3.129863467582124636e-01,1.576409552594311703e-01,1.000000000000000000e+00,9.178065523463765363e-01,0.000000000000000000e+00,0.000000000000000000e+00,-3.970278736689124566e-01
-3.137209898020857368e-01,1.570656401944494074e-01,1.000000000000000000e+00,9.174767708025148849e-01,0.000000000000000000e+00,0.000000000000000000e+00,-3.977893601364792531e-01
-3.144565866609497218e-01,1.564915451786760836e-01,1.000000000000000000e+00,9.171463574680865927e-01,0.000000000000000000e+00,0.000000000000000000e+00,-3.985505726793285852e-01
-3.151931353086253051e-01,1.559186717934381572e-01,1.000000000000000000e+00,9.168153125706199891e-01,0.000000000000000000e+00,0.000000000000000000e+00,-3.993115107732762015e-01
-3.159306337163116374e-01,1.553470216166982221e-01,1.000000000000000000e+00,9.164836363380786111e-01,0.000000000000000000e+00,0.000000000000000000e+00,-4.000721738943267547e-01
-3.166690798525914619e-01,1.547765962230491232e-01,1.000000000000000000e+00,9.161513289988604258e-01,0.000000000000000000e+00,0.000000000000000000e+00,-4.008325615186743018e-01
-3.174084716834377762e-01,1.542073971837102375e-01,1.000000000000000000e+00,9.158183907817980529e-01,0.000000000000000000e+00,0.000000000000000000e+00,-4.015926731227026925e-01
-3.181488071722182176e-01,1.536394260665231992e-01,1.000000000000000000e+00,9.154848219161585421e-01,0.000000000000000000e+00,0.000000000000000000e+00,-4.023525081829856243e-01
-3.188900842797012802e-01,1.530726844359470151e-01,1.000000000000000000e+00,9.151506226316432624e-01,0.000000000000000000e+00,0.000000000000000000e+00,-4.031120661762874757e-01
-3.196323009640613111e-01,1.525071738530541232e-01,1.000000000000000000e+00,9.148157931583877911e-01,0.000000000000000000e+00,0.000000000000000000e+00,-4.038713465795633617e-01
-3.203754551808856155e-01,1.519428958755263404e-01,1.000000000000000000e+00,9.144803337269615806e-01,0.000000000000000000e+00,0.000000000000000000e+00,-4.046303488699592998e-01
-3.211195448831783428e-01,1.513798520576501438e-01,1.000000000000000000e+00,9.141442445683677365e-01,0.000000000000000000e+00,0.000000000000000000e+00,-4.053890725248132099e-01
-3.218645680213668703e-01,1.508180439503127301e-01,9.999999999999998890e-01,9.138075259140432394e-01,0.000000000000000000e+00,0.000000000000000000e+00,-4.061475170216546360e-01
-3.226105225433078538e-01,1.502574731009971853e-01,1.000000000000000000e+00,9.134701779958582790e-01,0.000000000000000000e+00,0.000000000000000000e+00,-4.069056818382055241e-01
-3.233574063942921129e-01,1.496981410537789881e-01,1.000000000000000000e+00,9.131322010461168093e-01,0.000000000000000000e+00,0.000000000000000000e+00,-4.076635664523801661e-01
-3.241052175170511251e-01,1.491400493493212354e-01,1.000000000000000000e+00,9.127935952975554379e-01,0.000000000000000000e+00,0.000000000000000000e+00,-4.084211703422859774e-01
-3.248539538517615233e-01,1.485831995248705351e-01,1.000000000000000000e+00,9.124543609833440927e-01,0.000000000000000000e+00,0.000000000000000000e+00,-4.091784929862237186e-01
-3.256036133360521445e-01,1.480275931142526757e-01,1.000000000000000000e+00,9.121144983370855774e-01,0.000000000000000000e+00,0.000000000000000000e+00,-4.099355338626876621e-01
-3.263541939050087493e-01,1.474732316478687966e-01,1.000000000000000000e+00,9.117740075928150167e-01,0.000000000000000000e+00,0.000000000000000000e+00,-4.106922924503662586e-01
-3.271056934911799052e-01,1.469201166526903912e-01,1.000000000000000000e+00,9.114328889850005222e-01,0.000000000000000000e+00,0.000000000000000000e+00,-4.114487682281424141e-01
-3.278581100245828717e-01,1.463682496522560328e-01,1.000000000000000000e+00,9.110911427485423042e-01,0.000000000000000000e+00,0.000000000000000000e+00,-4.122049606750934347e-01
-3.286114414327091504e-01,1.458176321666665998e-01,1.000000000000000000e+00,9.107487691187726719e-01,0.000000000000000000e+00,0.000000000000000000e+00,-4.129608692704921369e-01
-3.293656856405305922e-01,1.452682657125812793e-01,1.000000000000000000e+00,9.104057683314562555e-01,0.000000000000000000e+00,0.000000000000000000e+00,-4.137164934938065142e-01
-3.301208405705042814e-01,1.447201518032130152e-01,1.000000000000000000e+00,9.100621406227892285e-01,0.000000000000000000e+00,0.000000000000000000e+00,-4.144718328247006811e-01
-3.308769041425790314e-01,1.441732919483250108e-01,9.999999999999998890e-01,9.097178862293997526e-01,0.000000000000000000e+00,0.000000000000000000e+00,-4.152268867430345400e-01
-3.316338742742007129e-01,1.436276876542261216e-01,1.000000000000000000e+00,9.093730053883475328e-01,0.000000000000000000e+00,0.000000000000000000e+00,-4.159816547288647803e-01
-3.323917488803180276e-01,1.430833404237666917e-01,1.000000000000000000e+00,9.090274983371233741e-01,0.000000000000000000e+00,0.000000000000000000e+00,-4.167361362624450449e-01
-3.331505258733887254e-01,1.425402517563346128e-01,1.000000000000000000e+00,9.086813653136496249e-01,0.000000000000000000e+00,0.000000000000000000e+00,-4.174903308242260414e-01
-3.339102031633845447e-01,1.419984231478509940e-01,1.000000000000000000e+00,9.083346065562794003e-01,0.000000000000000000e+00,0.000000000000000000e+00,-4.182442378948563744e-01
-3.346707786577974297e-01,1.414578560907664428e-01,1.000000000000000000e+00,9.079872223037969148e-01,0.000000000000000000e+00,0.000000000000000000e+00,-4.189978569551822130e-01
-3.354322502616454704e-01,1.409185520740564024e-01,1.000000000000000000e+00,9.076392127954170386e-01,0.000000000000000000e+00,0.000000000000000000e+00,-4.197511874862484005e-01
-3.361946158774781757e-01,1.403805125832172096e-01,1.000000000000000000e+00,9.072905782707852973e-01,0.000000000000000000e+00,0.000000000000000000e+00,-4.205042289692982882e-01
-3.369578734053828017e-01,1.398437391002624874e-01,1.000000000000000000e+00,9.069413189699774280e-01,0.000000000000000000e+00,0.000000000000000000e+00,-4.212569808857744014e-01
-3.377220207429897370e-01,1.393082331037182042e-01,9.999999999999998890e-01,9.065914351334994903e-01,0.000000000000000000e+00,0.000000000000000000e+00,-4.220094427173184948e-01
-3.384870557854781081e-01,1.387739960686194540e-01,1.000000000000000000e+00,9.062409270022877550e-01,0.000000000000000000e+00,0.000000000000000000e+00,-4.227616139457722189e-01
-3.392529764255827751e-01,1.382410294665059602e-01,1.000000000000000000e+00,9.058897948177080384e-01,0.000000000000000000e+00,0.000000000000000000e+00,-4.235134940531773973e-01
-3.400197805535980500e-01,1.377093347654178013e-01,1.000000000000000000e+00,9.055380388215563681e-01,0.000000000000000000e+00,0.000000000000000000e+00,-4.242650825217760824e-01
-3.407874660573856906e-01,1.371789134298920798e-01,1.000000000000000000e+00,9.051856592560578729e-01,0.000000000000000000e+00,0.000000000000000000e+00,-4.250163788340113880e-01
-3.415560308223789532e-01,1.366497669209581489e-01,1.000000000000000000e+00,9.048326563638674491e-01,0.000000000000000000e+00,0.000000000000000000e+00,-4.257673824725273781e-01
-3.423254727315901413e-01,1.361218966961337817e-01,1.000000000000000000e+00,9.044790303880688720e-01,0.000000000000000000e+00,0.000000000000000000e+00,-4.265180929201700111e-01
-3.430957896656144923e-01,1.355953042094216188e-01,1.000000000000000000e+00,9.041247815721753511e-01,0.000000000000000000e+00,0.000000000000000000e+00,-4.272685096599868060e-01
-3.438669795026377818e-01,1.350699909113045050e-01,1.000000000000000222e+00,9.037699101601287532e-01,0.000000000000000000e+00,0.000000000000000000e+00,-4.280186321752277312e-01
-3.446390401184409313e-01,1.345459582487421035e-01,1.000000000000000000e+00,9.034144163962997132e-01,0.000000000000000000e+00,0.000000000000000000e+00,-4.287684599493451487e-01
-3.454119693864065033e-01,1.340232076651662885e-01,1.000000000000000000e+00,9.030583005254875228e-01,0.000000000000000000e+00,0.000000000000000000e+00,-4.295179924659947024e-01
-3.461857651775240852e-01,1.335017406004776475e-01,1.000000000000000000e+00,9.027015627929197983e-01,0.000000000000000000e+00,0.000000000000000000e+00,-4.302672292090349293e-01
-3.469604253603971178e-01,1.329815584910414294e-01,1.000000000000000000e+00,9.023442034442523685e-01,0.000000000000000000e+00,0.000000000000000000e+00,-4.310161696625285921e-01
-3.477359478012477800e-01,1.324626627696832148e-01,1.000000000000000000e+00,9.019862227255691645e-01,0.000000000000000000e+00,0.000000000000000000e+00,-4.317648133107420128e-01
-3.485123303639226511e-01,1.319450548656856959e-01,1.000000000000000000e+00,9.016276208833819972e-01,0.000000000000000000e+00,0.000000000000000000e+00,-4.325131596381460719e-01
-3.492895709099000934e-01,1.314287362047839580e-01,1.000000000000000000e+00,9.012683981646302245e-01,0.000000000000000000e+00,0.000000000000000000e+00,-4.332612081294164308e-01
-3.500676672982943050e-01,1.309137082091620385e-01,1.000000000000000000e+00,9.009085548166810842e-01,0.000000000000000000e+00,0.000000000000000000e+00,-4.340089582694337533e-01
-3.508466173858625914e-01,1.303999722974489295e-01,1.000000000000000000e+00,9.005480910873289169e-01,0.000000000000000000e+00,0.000000000000000000e+00,-4.347564095432842612e-01
-3.516264190270106949e-01,1.298875298847144144e-01,1.000000000000000000e+00,9.001870072247953880e-01,0.000000000000000000e+00,0.000000000000000000e+00,-4.355035614362599006e-01
-3.524070700737989004e-01,1.293763823824657377e-01,9.999999999999998890e-01,8.998253034777290438e-01,0.000000000000000000e+00,0.000000000000000000e+00,-4.362504134338587858e-01
-3.531885683759473649e-01,1.288665311986428863e-01,1.000000000000000000e+00,8.994629800952056442e-01,0.000000000000000000e+00,0.000000000000000000e+00,-4.369969650217855883e-01
-3.539709117808430561e-01,1.283579777376155917e-01,1.000000000000000000e+00,8.991000373267272749e-01,0.000000000000000000e+00,0.000000000000000000e+00,-4.377432156859517587e-01
-3.547540981335446375e-01,1.278507234001788895e-01,1.000000000000000000e+00,8.987364754222226804e-01,0.000000000000000000e+00,0.000000000000000000e+00,-4.384891649124760260e-01
-3.555381252767893518e-01,1.273447695835493443e-01,1.000000000000000000e+00,8.983722946320469305e-01,0.000000000000000000e+00,0.000000000000000000e+00,-4.392348121876847866e-01
-3.563229910509982390e-01,1.268401176813613862e-01,1.000000000000000000e+00,8.980074952069813099e-01,0.000000000000000000e+00,0.000000000000000000e+00,-4.399801569981121596e-01
-3.571086932942825753e-01,1.263367690836632029e-01,1.000000000000000000e+00,8.976420773982330958e-01,0.000000000000000000e+00,0.000000000000000000e+00,-4.407251988305007639e-01
-3.578952298424491474e-01,1.258347251769132980e-01,9.999999999999998890e-01,8.972760414574354471e-01,0.000000000000000000e+00,0.000000000000000000e+00,-4.414699371718016629e-01
-3.586825985290069130e-01,1.253339873439761609e-01,1.000000000000000000e+00,8.969093876366471818e-01,0.000000000000000000e+00,0.000000000000000000e+00,-4.422143715091749749e-01
-3.594707971851732742e-01,1.248345569641192698e-01,1.000000000000000222e+00,8.965421161883523338e-01,0.000000000000000000e+00,0.000000000000000000e+00,-4.429585013299902618e-01
-3.602598236398789067e-01,1.243364354130079841e-01,1.000000000000000000e+00,8.961742273654604851e-01,0.000000000000000000e+00,0.000000000000000000e+00,-4.437023261218267511e-01
-3.610496757197740325e-01,1.238396240627032130e-01,1.000000000000000000e+00,8.958057214213064334e-01,0.000000000000000000e+00,0.000000000000000000e+00,-4.444458453724735025e-01
-3.618403512492354701e-01,1.233441242816565309e-01,1.000000000000000000e+00,8.954365986096498586e-01,0.000000000000000000e+00,0.000000000000000000e+00,-4.451890585699303515e-01
-3.626318480503717412e-01,1.228499374347071793e-01,1.000000000000000000e+00,8.950668591846749900e-01,0.000000000000000000e+00,0.000000000000000000e+00,-4.459319652024074654e-01
-3.634241639430286219e-01,1.223570648830776264e-01,1.000000000000000000e+00,8.946965034009910500e-01,0.000000000000000000e+00,0.000000000000000000e+00,-4.466745647583264534e-01
-3.642172967447963039e-01,1.218655079843703470e-01,1.000000000000000000e+00,8.943255315136314776e-01,0.000000000000000000e+00,0.000000000000000000e+00,-4.474168567263202556e-01
-3.650112442710145011e-01,1.213752680925640481e-01,1.000000000000000000e+00,8.939539437780539277e-01,0.000000000000000000e+00,0.000000000000000000e+00,-4.481588405952335319e-01
-3.658060043347791668e-01,1.208863465580092278e-01,1.000000000000000000e+00,8.935817404501402716e-01,0.000000000000000000e+00,0.000000000000000000e+00,-4.489005158541233831e-01
-3.666015747469477115e-01,1.203987447274256217e-01,9.999999999999998890e-01,8.932089217861962638e-01,0.000000000000000000e+00,0.000000000000000000e+00,-4.496418819922590737e-01
-3.673979533161455535e-01,1.199124639438974294e-01,1.000000000000000000e+00,8.928354880429514306e-01,0.000000000000000000e+00,0.000000000000000000e+00,-4.503829384991229201e-01
-3.681951378487724469e-01,1.194275055468705382e-01,1.000000000000000000e+00,8.924614394775586268e-01,0.000000000000000000e+00,0.000000000000000000e+00,-4.511236848644105679e-01
-3.689931261490076997e-01,1.189438708721478610e-01,1.000000000000000000e+00,8.920867763475942569e-01,0.000000000000000000e+00,0.000000000000000000e+00,-4.518641205780309922e-01
-3.697919160188170018e-01,1.184615612518864491e-01,1.000000000000000000e+00,8.917114989110580536e-01,0.000000000000000000e+00,0.000000000000000000e+00,-4.526042451301071634e-01
-3.705915052579576985e-01,1.179805780145936067e-01,1.000000000000000000e+00,8.913356074263725226e-01,0.000000000000000000e+00,0.000000000000000000e+00,-4.533440580109764917e-01
-3.713918916639858958e-01,1.175009224851226719e-01,9.999999999999998890e-01,8.909591021523830534e-01,0.000000000000000000e+00,0.000000000000000000e+00,-4.540835587111907712e-01
-3.721930730322613456e-01,1.170225959846705743e-01,9.999999999999998890e-01,8.905819833483579195e-01,0.000000000000000000e+00,0.000000000000000000e+00,-4.548227467215169018e-01
-3.729950471559542735e-01,1.165455998307728391e-01,1.000000000000000000e+00,8.902042512739877234e-01,0.000000000000000000e+00,0.000000000000000000e+00,-4.555616215329370000e-01
-3.737978118260518179e-01,1.160699353373009224e-01,1.000000000000000000e+00,8.898259061893852850e-01,0.000000000000000000e+00,0.000000000000000000e+00,-4.563001826366491209e-01
-3.746013648313628597e-01,1.155956038144584364e-01,1.000000000000000000e+00,8.894469483550856426e-01,0.000000000000000000e+00,0.000000000000000000e+00,-4.570384295240669803e-01
-3.754057039585250166e-01,1.151226065687767086e-01,1.000000000000000000e+00,8.890673780320459407e-01,0.000000000000000000e+00,0.000000000000000000e+00,-4.577763616868209540e-01
-3.762108269920106940e-01,1.146509449031123395e-01,1.000000000000000000e+00,8.886871954816448760e-01,0.000000000000000000e+00,0.000000000000000000e+00,-4.585139786167580223e-01
-3.770167317141333019e-01,1.141806201166433166e-01,1.000000000000000000e+00,8.883064009656826965e-01,0.000000000000000000e+00,0.000000000000000000e+00,-4.592512798059421586e-01
-3.778234159050524177e-01,1.137116335048646842e-01,1.000000000000000000e+00,8.879249947463813131e-01,0.000000000000000000e+00,0.000000000000000000e+00,-4.599882647466549956e-01
-3.786308773427812802e-01,1.132439863595858798e-01,9.999999999999998890e-01,8.875429770863836332e-01,0.000000000000000000e+00,0.000000000000000000e+00,-4.607249329313956587e-01
-3.794391138031916189e-01,1.127776799689266252e-01,1.000000000000000000e+00,8.871603482487537828e-01,0.000000000000000000e+00,0.000000000000000000e+00,-4.614612838528817096e-01
-3.802481230600212037e-01,1.123127156173138186e-01,9.999999999999998890e-01,8.867771084969766626e-01,0.000000000000000000e+00,0.000000000000000000e+00,-4.621973170040488132e-01
-3.810579028848782301e-01,1.118490945854775376e-01,1.000000000000000000e+00,8.863932580949579476e-01,0.000000000000000000e+00,0.000000000000000000e+00,-4.629330318780517928e-01
-3.818684510472490912e-01,1.113868181504478194e-01,1.000000000000000000e+00,8.860087973070235323e-01,0.000000000000000000e+00,0.000000000000000000e+00,-4.636684279682644627e-01
-3.826797653145033729e-01,1.109258875855509974e-01,1.000000000000000000e+00,8.856237263979199748e-01,0.000000000000000000e+00,0.000000000000000000e+00,-4.644035047682803508e-01
-3.834918434519006269e-01,1.104663041604063700e-01,1.000000000000000000e+00,8.852380456328139413e-01,0.000000000000000000e+00,0.000000000000000000e+00,-4.651382617719123092e-01
-3.843046832225965881e-01,1.100080691409222045e-01,1.000000000000000000e+00,8.848517552772917627e-01,0.000000000000000000e+00,0.000000000000000000e+00,-4.658726984731942355e-01
-3.851182823876486694e-01,1.095511837892932938e-01,1.000000000000000000e+00,8.844648555973598780e-01,0.000000000000000000e+00,0.000000000000000000e+00,-4.666068143663799073e-01
-3.859326387060227348e-01,1.090956493639961833e-01,1.000000000000000000e+00,8.840773468594441686e-01,0.000000000000000000e+00,0.000000000000000000e+00,-4.673406089459443691e-01
-3.867477499345990943e-01,1.086414671197867277e-01,1.000000000000000000e+00,8.836892293303898471e-01,0.000000000000000000e+00,0.000000000000000000e+00,-4.680740817065837667e-01
-3.875636138281786658e-01,1.081886383076958724e-01,1.000000000000000000e+00,8.833005032774615684e-01,0.000000000000000000e+00,0.000000000000000000e+00,-4.688072321432159573e-01
-3.883802281394893585e-01,1.077371641750269893e-01,1.000000000000000000e+00,8.829111689683427633e-01,0.000000000000000000e+00,0.000000000000000000e+00,-4.695400597509807317e-01
-3.891975906191919021e-01,1.072870459653518793e-01,9.999999999999998890e-01,8.825212266711358611e-01,0.000000000000000000e+00,0.000000000000000000e+00,-4.702725640252401473e-01
-3.900156990158860082e-01,1.068382849185073313e-01,9.999999999999998890e-01,8.821306766543620670e-01,0.000000000000000000e+00,0.000000000000000000e+00,-4.710047444615789169e-01
-3.908345510761171981e-01,1.063908822705919022e-01,9.999999999999998890e-01,8.817395191869609183e-01,0.000000000000000000e+00,0.000000000000000000e+00,-4.717366005558047970e-01
-3.916541445443821878e-01,1.059448392539626971e-01,1.000000000000000000e+00,8.813477545382902845e-01,0.000000000000000000e+00,0.000000000000000000e+00,-4.724681318039488098e-01
-3.924744771631361040e-01,1.055001570972315950e-01,1.000000000000000000e+00,8.809553829781261447e-01,0.000000000000000000e+00,0.000000000000000000e+00,-4.731993377022658542e-01
-3.932955466727972582e-01,1.050568370252621397e-01,1.000000000000000000e+00,8.805624047766624773e-01,0.000000000000000000e+00,0.000000000000000000e+00,-4.739302177472345945e-01
-3.941173508117551405e-01,1.046148802591657656e-01,9.999999999999998890e-01,8.801688202045109266e-01,0.000000000000000000e+00,0.000000000000000000e+00,-4.746607714355583485e-01
-3.949398873163749712e-01,1.041742880162990215e-01,1.000000000000000000e+00,8.797746295327005805e-01,0.000000000000000000e+00,0.000000000000000000e+00,-4.753909982641650878e-01
-3.957631539210050287e-01,1.037350615102599072e-01,9.999999999999998890e-01,8.793798330326783041e-01,0.000000000000000000e+00,0.000000000000000000e+00,-4.761208977302076595e-01
-3.965871483579826440e-01,1.032972019508843209e-01,1.000000000000000000e+00,8.789844309763076291e-01,0.000000000000000000e+00,0.000000000000000000e+00,-4.768504693310647857e-01
-3.974118683576400857e-01,1.028607105442432834e-01,9.999999999999998890e-01,8.785884236358694199e-01,0.000000000000000000e+00,0.000000000000000000e+00,-4.775797125643403973e-01
-3.982373116483112763e-01,1.024255884926390525e-01,9.999999999999998890e-01,8.781918112840613189e-01,0.000000000000000000e+00,0.000000000000000000e+00,-4.783086269278650215e-01
-3.990634759563378431e-01,1.019918369946016812e-01,1.000000000000000000e+00,8.777945941939975238e-01,0.000000000000000000e+00,0.000000000000000000e+00,-4.790372119196953937e-01
-3.998903590060752244e-01,1.015594572448870192e-01,1.000000000000000000e+00,8.773967726392086774e-01,0.000000000000000000e+00,0.000000000000000000e+00,-4.797654670381151787e-01
-4.007179585198993865e-01,1.011284504344717172e-01,1.000000000000000000e+00,8.769983468936416449e-01,0.000000000000000000e+00,0.000000000000000000e+00,-4.804933917816350264e-01
-4.015462722182127631e-01,1.006988177505505622e-01,1.000000000000000000e+00,8.765993172316592918e-01,0.000000000000000000e+00,0.000000000000000000e+00,-4.812209856489935156e-01
-4.023752978194503060e-01,1.002705603765342568e-01,9.999999999999998890e-01,8.761996839280404847e-01,0.000000000000000000e+00,0.000000000000000000e+00,-4.819482481391564321e-01
-4.032050330400860361e-01,9.984367949204442372e-02,1.000000000000000222e+00,8.757994472579798684e-01,0.000000000000000000e+00,0.000000000000000000e+00,-4.826751787513182679e-01
-4.040354755946398702e-01,9.941817627291149595e-02,1.000000000000000000e+00,8.753986074970872000e-01,0.000000000000000000e+00,0.000000000000000000e+00,-4.834017769849017765e-01
-4.048666231956831729e-01,9.899405189117105319e-02,1.000000000000000000e+00,8.749971649213877933e-01,0.000000000000000000e+00,0.000000000000000000e+00,-4.841280423395588062e-01
-4.056984735538448072e-01,9.857130751506104627e-02,1.000000000000000000e+00,8.745951198073221855e-01,0.000000000000000000e+00,0.000000000000000000e+00,-4.848539743151702441e-01
-4.065310243778185173e-01,9.814994430901768929e-02,1.000000000000000000e+00,8.741924724317455819e-01,0.000000000000000000e+00,0.000000000000000000e+00,-4.855795724118466827e-01
-4.073642733743685351e-01,9.772996343367323924e-02,9.999999999999998890e-01,8.737892230719278563e-01,0.000000000000000000e+00,0.000000000000000000e+00,-4.863048361299285305e-01
-4.081982182483354094e-01,9.731136604585222116e-02,1.000000000000000000e+00,8.733853720055538838e-01,0.000000000000000000e+00,0.000000000000000000e+00,-4.870297649699864562e-01
-4.090328567026439988e-01,9.689415329856843062e-02,1.000000000000000000e+00,8.729809195107223196e-01,0.000000000000000000e+00,0.000000000000000000e+00,-4.877543584328219439e-01
-4.098681864383075246e-01,9.647832634102160299e-02,1.000000000000000000e+00,8.725758658659464873e-01,0.000000000000000000e+00,0.000000000000000000e+00,-4.884786160194669602e-01
-4.107042051544362860e-01,9.606388631859430483e-02,1.000000000000000000e+00,8.721702113501530462e-01,0.000000000000000000e+00,0.000000000000000000e+00,-4.892025372311853970e-01
-4.115409105482412122e-01,9.565083437284938039e-02,1.000000000000000000e+00,8.717639562426832134e-01,0.000000000000000000e+00,0.000000000000000000e+00,-4.899261215694720728e-01
-4.123783003150437998e-01,9.523917164152551074e-02,1.000000000000000000e+00,8.713571008232910975e-01,0.000000000000000000e+00,0.000000000000000000e+00,-4.906493685360543977e-01
-4.132163721482787766e-01,9.482889925853521529e-02,1.000000000000000000e+00,8.709496453721445874e-01,0.000000000000000000e+00,0.000000000000000000e+00,-4.913722776328917075e-01
-4.140551237395030948e-01,9.442001835396107712e-02,1.000000000000000000e+00,8.705415901698245751e-01,0.000000000000000000e+00,0.000000000000000000e+00,-4.920948483621762626e-01
-4.148945527784010379e-01,9.401253005405363350e-02,1.000000000000000000e+00,8.701329354973249552e-01,0.000000000000000000e+00,0.000000000000000000e+00,-4.928170802263331374e-01
-4.157346569527905489e-01,9.360643548122649094e-02,1.000000000000000222e+00,8.697236816360527367e-01,0.000000000000000000e+00,0.000000000000000000e+00,-4.935389727280208305e-01
-4.165754339486307245e-01,9.320173575405510391e-02,9.999999999999998890e-01,8.693138288678269321e-01,0.000000000000000000e+00,0.000000000000000000e+00,-4.942605253701315426e-01
-4.174168814500264779e-01,9.279843198727233400e-02,1.000000000000000000e+00,8.689033774748796679e-01,0.000000000000000000e+00,0.000000000000000000e+00,-4.949817376557914539e-01
-4.182589971392365880e-01,9.239652529176622942e-02,1.000000000000000000e+00,8.684923277398548525e-01,0.000000000000000000e+00,0.000000000000000000e+00,-4.957026090883612790e-01
-4.191017786966789727e-01,9.199601677457658333e-02,1.000000000000000000e+00,8.680806799458083978e-01,0.000000000000000000e+00,0.000000000000000000e+00,-4.964231391714361008e-01
-4.199452238009375171e-01,9.159690753889193626e-02,1.000000000000000000e+00,8.676684343762082197e-01,0.000000000000000000e+00,0.000000000000000000e+00,-4.971433274088465359e-01
-4.207893301287682353e-01,9.119919868404624541e-02,1.000000000000000000e+00,8.672555913149340157e-01,0.000000000000000000e+00,0.000000000000000000e+00,-4.978631733046582908e-01
-4.216340953551061532e-01,9.080289130551677523e-02,1.000000000000000000e+00,8.668421510462765989e-01,0.000000000000000000e+00,0.000000000000000000e+00,-4.985826763631727720e-01
-4.224795171530709714e-01,9.040798649491998962e-02,1.000000000000000000e+00,8.664281138549381200e-01,0.000000000000000000e+00,0.000000000000000000e+00,-4.993018360889276419e-01
-4.233255931939741146e-01,9.001448534000910939e-02,9.999999999999997780e-01,8.660134800260319565e-01,0.000000000000000000e+00,0.000000000000000000e+00,-5.000206519866968735e-01
-4.241723211473248933e-01,8.962238892467111473e-02,1.000000000000000000e+00,8.655982498450822682e-01,0.000000000000000000e+00,0.000000000000000000e+00,-5.007391235614914171e-01
-4.250196986808369992e-01,8.923169832892396958e-02,9.999999999999998890e-01,8.651824235980236644e-01,0.000000000000000000e+00,0.000000000000000000e+00,-5.014572503185589225e-01
-4.258677234604347772e-01,8.884241462891251384e-02,1.000000000000000000e+00,8.647660015712015369e-01,0.000000000000000000e+00,0.000000000000000000e+00,-5.021750317633849603e-01
-4.267163931502598873e-01,8.845453889690702010e-02,1.000000000000000000e+00,8.643489840513712830e-01,0.000000000000000000e+00,0.000000000000000000e+00,-5.028924674016925778e-01
-4.275657054126773549e-01,8.806807220129964087e-02,1.000000000000000000e+00,8.639313713256984162e-01,0.000000000000000000e+00,0.000000000000000000e+00,-5.036095567394429651e-01
-4.284156579082825100e-01,8.768301560660085592e-02,1.000000000000000000e+00,8.635131636817584555e-01,0.000000000000000000e+00,0.000000000000000000e+00,-5.043262992828358993e-01
-4.292662482959070935e-01,8.729937017343747385e-02,9.999999999999997780e-01,8.630943614075364811e-01,0.000000000000000000e+00,0.000000000000000000e+00,-5.050426945383099664e-01
-4.301174742326257516e-01,8.691713695854885735e-02,1.000000000000000000e+00,8.626749647914271346e-01,0.000000000000000000e+00,0.000000000000000000e+00,-5.057587420125428945e-01
-4.309693333737625309e-01,8.653631701478503579e-02,1.000000000000000000e+00,8.622549741222341746e-01,0.000000000000000000e+00,0.000000000000000000e+00,-5.064744412124517758e-01
-4.318218233728974287e-01,8.615691139110293051e-02,1.000000000000000000e+00,8.618343896891705880e-01,0.000000000000000000e+00,0.000000000000000000e+00,-5.071897916451935107e-01
-4.326749418818724990e-01,8.577892113256380124e-02,1.000000000000000000e+00,8.614132117818582568e-01,0.000000000000000000e+00,0.000000000000000000e+00,-5.079047928181653626e-01
-4.335286865507990695e-01,8.540234728033024858e-02,1.000000000000000000e+00,8.609914406903274031e-01,0.000000000000000000e+00,0.000000000000000000e+00,-5.086194442390050696e-01
-4.343830550280633473e-01,8.502719087166343837e-02,1.000000000000000000e+00,8.605690767050172552e-01,0.000000000000000000e+00,0.000000000000000000e+00,-5.093337454155910660e-01
-4.352380449603331924e-01,8.465345293992043718e-02,1.000000000000000000e+00,8.601461201167749371e-01,0.000000000000000000e+00,0.000000000000000000e+00,-5.100476958560430374e-01
-4.360936539925650002e-01,8.428113451455077065e-02,1.000000000000000000e+00,8.597225712168558021e-01,0.000000000000000000e+00,0.000000000000000000e+00,-5.107612950687222542e-01
-4.369498797680098079e-01,8.391023662109431402e-02,1.000000000000000000e+00,8.592984302969228771e-01,0.000000000000000000e+00,0.000000000000000000e+00,-5.114745425622319042e-01
-4.378067199282198452e-01,8.354076028117829456e-02,9.999999999999998890e-01,8.588736976490471964e-01,0.000000000000000000e+00,0.000000000000000000e+00,-5.121874378454170929e-01
-4.386641721130547511e-01,8.317270651251340574e-02,1.000000000000000000e+00,8.584483735657071346e-01,0.000000000000000000e+00,0.000000000000000000e+00,-5.128999804273657315e-01
-4.395222339606886797e-01,8.280607632889314118e-02,1.000000000000000000e+00,8.580224583397880744e-01,0.000000000000000000e+00,0.000000000000000000e+00,-5.136121698174086481e-01
-4.403809031076165170e-01,8.244087074018879857e-02,1.000000000000000000e+00,8.575959522645828503e-01,0.000000000000000000e+00,0.000000000000000000e+00,-5.143240055251195875e-01
-4.412401771886601543e-01,8.207709075234836948e-02,1.000000000000000000e+00,8.571688556337910825e-01,0.000000000000000000e+00,0.000000000000000000e+00,-5.150354870603160995e-01
-4.421000538369752042e-01,8.171473736739254257e-02,1.000000000000000000e+00,8.567411687415188437e-01,0.000000000000000000e+00,0.000000000000000000e+00,-5.157466139330594279e-01
-4.429605306840576073e-01,8.135381158341270513e-02,1.000000000000000000e+00,8.563128918822789926e-01,0.000000000000000000e+00,0.000000000000000000e+00,-5.164573856536552876e-01
-4.438216053597502375e-01,8.099431439456805659e-02,1.000000000000000000e+00,8.558840253509902851e-01,0.000000000000000000e+00,0.000000000000000000e+00,-5.171678017326537535e-01
-4.446832754922492859e-01,8.063624679108249982e-02,1.000000000000000000e+00,8.554545694429777081e-01,0.000000000000000000e+00,0.000000000000000000e+00,-5.178778616808500379e-01
-4.455455387081101448e-01,8.027960975924242071e-02,1.000000000000000000e+00,8.550245244539722567e-01,0.000000000000000000e+00,0.000000000000000000e+00,-5.185875650092841571e-01
-4.464083926322552909e-01,7.992440428139369057e-02,1.000000000000000000e+00,8.545938906801104906e-01,0.000000000000000000e+00,0.000000000000000000e+00,-5.192969112292421530e-01
-4.472718348879798356e-01,7.957063133593900162e-02,1.000000000000000000e+00,8.541626684179342011e-01,0.000000000000000000e+00,0.000000000000000000e+00,-5.200058998522557596e-01
-4.481358630969584089e-01,7.921829189733498033e-02,1.000000000000000000e+00,8.537308579643906326e-01,0.000000000000000000e+00,0.000000000000000000e+00,-5.207145303901030697e-01
-4.490004748792516542e-01,7.886738693609018913e-02,1.000000000000000000e+00,8.532984596168320390e-01,0.000000000000000000e+00,0.000000000000000000e+00,-5.214228023548085345e-01
-4.498656678533128339e-01,7.851791741876146258e-02,1.000000000000000000e+00,8.528654736730153507e-01,0.000000000000000000e+00,0.000000000000000000e+00,-5.221307152586439626e-01
-4.507314396359937136e-01,7.816988430795190901e-02,1.000000000000000000e+00,8.524319004311026182e-01,0.000000000000000000e+00,0.000000000000000000e+00,-5.228382686141277436e-01
-4.515977878425529446e-01,7.782328856230813496e-02,1.000000000000000000e+00,8.519977401896596803e-01,0.000000000000000000e+00,0.000000000000000000e+00,-5.235454619340265126e-01
-4.524647100866603378e-01,7.747813113651780270e-02,1.000000000000000000e+00,8.515629932476569408e-01,0.000000000000000000e+00,0.000000000000000000e+00,-5.242522947313544845e-01
-4.533322039804050796e-01,7.713441298130629953e-02,1.000000000000000000e+00,8.511276599044688140e-01,0.000000000000000000e+00,0.000000000000000000e+00,-5.249587665193742314e-01
-4.542002671343018383e-01,7.679213504343485042e-02,1.000000000000000000e+00,8.506917404598733912e-01,0.000000000000000000e+00,0.000000000000000000e+00,-5.256648768115970149e-01
-4.550688971572968144e-01,7.645129826569763143e-02,1.000000000000000000e+00,8.502552352140524405e-01,0.000000000000000000e+00,0.000000000000000000e+00,-5.263706251217827869e-01
-4.559380916567750686e-01,7.611190358691943825e-02,1.000000000000000000e+00,8.498181444675911855e-01,0.000000000000000000e+00,0.000000000000000000e+00,-5.270760109639408553e-01
-4.568078482385670713e-01,7.577395194195213346e-02,1.000000000000000000e+00,8.493804685214778605e-01,0.000000000000000000e+00,0.000000000000000000e+00,-5.277810338523303280e-01
-4.576781645069545323e-01,7.543744426167331429e-02,1.000000000000000000e+00,8.489422076771039327e-01,0.000000000000000000e+00,0.000000000000000000e+00,-5.284856933014601132e-01
-4.585490380646779496e-01,7.510238147298342604e-02,1.000000000000000000e+00,8.485033622362633254e-01,0.000000000000000000e+00,0.000000000000000000e+00,-5.291899888260892526e-01
-4.594204665129424381e-01,7.476876449880243136e-02,1.000000000000000000e+00,8.480639325011528618e-01,0.000000000000000000e+00,0.000000000000000000e+00,-5.298939199412275869e-01
-4.602924474514253350e-01,7.443659425806836705e-02,9.999999999999998890e-01,8.476239187743712655e-01,0.000000000000000000e+00,0.000000000000000000e+00,-5.305974861621358674e-01
-4.611649784782810846e-01,7.410587166573390228e-02,9.999999999999998890e-01,8.471833213589200495e-01,0.000000000000000000e+00,0.000000000000000000e+00,-5.313006870043259777e-01
-4.620380571901498978e-01,7.377659763276434024e-02,1.000000000000000000e+00,8.467421405582020721e-01,0.000000000000000000e+00,0.000000000000000000e+00,-5.320035219835616003e-01
-4.629116811821628596e-01,7.344877306613495360e-02,1.000000000000000000e+00,8.463003766760223145e-01,0.000000000000000000e+00,0.000000000000000000e+00,-5.327059906158582159e-01
-4.637858480479493672e-01,7.312239886882865303e-02,1.000000000000000000e+00,8.458580300165869925e-01,0.000000000000000000e+00,0.000000000000000000e+00,-5.334080924174835481e-01
-4.646605553796436805e-01,7.279747593983332266e-02,9.999999999999997780e-01,8.454151008845037785e-01,0.000000000000000000e+00,0.000000000000000000e+00,-5.341098269049580072e-01
-4.655358007678905841e-01,7.247400517413882248e-02,1.000000000000000000e+00,8.449715895847813574e-01,0.000000000000000000e+00,0.000000000000000000e+00,-5.348111935950553564e-01
-4.664115818018536030e-01,7.215198746273598918e-02,1.000000000000000000e+00,8.445274964228296488e-01,0.000000000000000000e+00,0.000000000000000000e+00,-5.355121920048016015e-01
-4.672878960692204431e-01,7.183142369261252824e-02,1.000000000000000000e+00,8.440828217044586967e-01,0.000000000000000000e+00,0.000000000000000000e+00,-5.362128216514773227e-01
-4.681647411562103178e-01,7.151231474675190380e-02,9.999999999999998890e-01,8.436375657358793356e-01,0.000000000000000000e+00,0.000000000000000000e+00,-5.369130820526165637e-01
-4.690421146475798886e-01,7.119466150412967487e-02,1.000000000000000000e+00,8.431917288237027464e-01,0.000000000000000000e+00,0.000000000000000000e+00,-5.376129727260078317e-01
-4.699200141266307584e-01,7.087846483971216305e-02,1.000000000000000000e+00,8.427453112749399011e-01,0.000000000000000000e+00,0.000000000000000000e+00,-5.383124931896942078e-01
-4.707984371752155228e-01,7.056372562445323293e-02,1.000000000000000000e+00,8.422983133970018965e-01,0.000000000000000000e+00,0.000000000000000000e+00,-5.390116429619734584e-01
-4.716773813737444865e-01,7.025044472529284878e-02,1.000000000000000000e+00,8.418507354976991763e-01,0.000000000000000000e+00,0.000000000000000000e+00,-5.397104215613989231e-01
-4.725568443011928244e-01,6.993862300515352182e-02,1.000000000000000000e+00,8.414025778852417536e-01,0.000000000000000000e+00,0.000000000000000000e+00,-5.404088285067794040e-01
-4.734368235351064103e-01,6.962826132293864489e-02,1.000000000000000000e+00,8.409538408682387667e-01,0.000000000000000000e+00,0.000000000000000000e+00,-5.411068633171796094e-01
-4.743173166516094774e-01,6.931936053353027205e-02,1.000000000000000000e+00,8.405045247556984789e-01,0.000000000000000000e+00,0.000000000000000000e+00,-5.418045255119205983e-01
-4.751983212254103917e-01,6.901192148778578783e-02,1.000000000000000000e+00,8.400546298570277237e-01,0.000000000000000000e+00,0.000000000000000000e+00,-5.425018146105800021e-01
-4.760798348298089788e-01,6.870594503253679708e-02,1.000000000000000222e+00,8.396041564820320158e-01,0.000000000000000000e+00,0.000000000000000000e+00,-5.431987301329924689e-01
-4.769618550367029086e-01,6.840143201058657141e-02,1.000000000000000000e+00,8.391531049409153287e-01,0.000000000000000000e+00,0.000000000000000000e+00,-5.438952715992493303e-01
-4.778443794165941894e-01,6.809838326070649650e-02,1.000000000000000000e+00,8.387014755442795400e-01,0.000000000000000000e+00,0.000000000000000000e+00,-5.445914385297002669e-01
-4.787274055385966065e-01,6.779679961763518392e-02,1.000000000000000000e+00,8.382492686031244311e-01,0.000000000000000000e+00,0.000000000000000000e+00,-5.452872304449526419e-01
-4.796109309704411627e-01,6.749668191207580659e-02,1.000000000000000000e+00,8.377964844288479096e-01,0.000000000000000000e+00,0.000000000000000000e+00,-5.459826468658717236e-01
-4.804949532784843491e-01,6.719803097069310116e-02,1.000000000000000000e+00,8.373431233332448986e-01,0.000000000000000000e+00,0.000000000000000000e+00,-5.466776873135817949e-01
-4.813794700277133631e-01,6.690084761611236885e-02,1.000000000000000000e+00,8.368891856285077813e-01,0.000000000000000000e+00,0.000000000000000000e+00,-5.473723513094655990e-01
-4.822644787817537693e-01,6.660513266691581169e-02,1.000000000000000000e+00,8.364346716272261784e-01,0.000000000000000000e+00,0.000000000000000000e+00,-5.480666383751654491e-01
-4.831499771028759938e-01,6.631088693764164432e-02,1.000000000000000000e+00,8.359795816423861714e-01,0.000000000000000000e+00,0.000000000000000000e+00,-5.487605480325831175e-01
-4.840359625520018194e-01,6.601811123878031928e-02,1.000000000000000222e+00,8.355239159873708576e-01,0.000000000000000000e+00,0.000000000000000000e+00,-5.494540798038803908e-01
-4.849224326887113801e-01,6.572680637677386084e-02,1.000000000000000000e+00,8.350676749759594619e-01,0.000000000000000000e+00,0.000000000000000000e+00,-5.501472332114789587e-01
-4.858093850712497108e-01,6.543697315401264536e-02,1.000000000000000000e+00,8.346108589223275587e-01,0.000000000000000000e+00,0.000000000000000000e+00,-5.508400077780613024e-01
-4.866968172565332429e-01,6.514861236883318085e-02,1.000000000000000000e+00,8.341534681410467389e-01,0.000000000000000000e+00,0.000000000000000000e+00,-5.515324030265708055e-01
-4.875847268001572976e-01,6.486172481551677471e-02,1.000000000000000000e+00,8.336955029470842771e-01,0.000000000000000000e+00,0.000000000000000000e+00,-5.522244184802119760e-01
-4.884731112564018596e-01,6.457631128428642509e-02,1.000000000000000000e+00,8.332369636558030201e-01,0.000000000000000000e+00,0.000000000000000000e+00,-5.529160536624506683e-01
-4.893619681782392927e-01,6.429237256130493350e-02,1.000000000000000000e+00,8.327778505829610545e-01,0.000000000000000000e+00,0.000000000000000000e+00,-5.536073080970150828e-01
-4.902512951173398914e-01,6.400990942867257338e-02,1.000000000000000000e+00,8.323181640447118168e-01,0.000000000000000000e+00,0.000000000000000000e+00,-5.542981813078952102e-01
-4.911410896240800961e-01,6.372892266442609088e-02,1.000000000000000000e+00,8.318579043576034282e-01,0.000000000000000000e+00,0.000000000000000000e+00,-5.549886728193434982e-01
-4.920313492475475448e-01,6.344941304253448600e-02,1.000000000000000000e+00,8.313970718385789160e-01,0.000000000000000000e+00,0.000000000000000000e+00,-5.556787821558755169e-01
-4.929220715355494553e-01,6.317138133289867952e-02,1.000000000000000000e+00,8.309356668049754369e-01,0.000000000000000000e+00,0.000000000000000000e+00,-5.563685088422698488e-01
-4.938132540346185095e-01,6.289482830134862645e-02,1.000000000000000000e+00,8.304736895745246095e-01,0.000000000000000000e+00,0.000000000000000000e+00,-5.570578524035687540e-01
-4.947048942900195145e-01,6.261975470964109558e-02,1.000000000000000000e+00,8.300111404653520708e-01,0.000000000000000000e+00,0.000000000000000000e+00,-5.577468123650780596e-01
-4.955969898457566192e-01,6.234616131545778206e-02,1.000000000000000000e+00,8.295480197959772539e-01,0.000000000000000000e+00,0.000000000000000000e+00,-5.584353882523679369e-01
-4.964895382445796423e-01,6.207404887240353109e-02,1.000000000000000000e+00,8.290843278853131659e-01,0.000000000000000000e+00,0.000000000000000000e+00,-5.591235795912730122e-01
-4.973825370279912339e-01,6.180341813000400641e-02,1.000000000000000000e+00,8.286200650526661660e-01,0.000000000000000000e+00,0.000000000000000000e+00,-5.598113859078924781e-01
-4.982759837362535915e-01,6.153426983370280379e-02,1.000000000000000000e+00,8.281552316177356321e-01,0.000000000000000000e+00,0.000000000000000000e+00,-5.604988067285912035e-01
-4.991698759083946779e-01,6.126660472486122888e-02,1.000000000000000000e+00,8.276898279006142944e-01,0.000000000000000000e+00,0.000000000000000000e+00,-5.611858415799988453e-01
-5.000642110822161035e-01,6.100042354075441153e-02,1.000000000000000000e+00,8.272238542217870139e-01,0.000000000000000000e+00,0.000000000000000000e+00,-5.618724899890114033e-01
-5.009589867942985109e-01,6.073572701457041756e-02,1.000000000000000000e+00,8.267573109021315592e-01,0.000000000000000000e+00,0.000000000000000000e+00,-5.625587514827906643e-01
-5.018542005800096240e-01,6.047251587540758422e-02,1.000000000000000000e+00,8.262901982629178299e-01,0.000000000000000000e+00,0.000000000000000000e+00,-5.632446255887649800e-01
-5.027498499735101323e-01,6.021079084827318795e-02,1.000000000000000222e+00,8.258225166258077454e-01,0.000000000000000000e+00,0.000000000000000000e+00,-5.639301118346293773e-01
-5.036459325077613514e-01,5.995055265408111289e-02,1.000000000000000000e+00,8.253542663128550227e-01,0.000000000000000000e+00,0.000000000000000000e+00,-5.646152097483460031e-01
-5.045424457145309960e-01,5.969180200964885330e-02,1.000000000000000000e+00,8.248854476465051766e-01,0.000000000000000000e+00,0.000000000000000000e+00,-5.652999188581445678e-01
-5.054393871244008407e-01,5.943453962769762455e-02,9.999999999999998890e-01,8.244160609495947423e-01,0.000000000000000000e+00,0.000000000000000000e+00,-5.659842386925222346e-01
-5.063367542667731591e-01,5.917876621684869942e-02,1.000000000000000000e+00,8.239461065453518307e-01,0.000000000000000000e+00,0.000000000000000000e+00,-5.666681687802446188e-01
-5.072345446698771632e-01,5.892448248162229785e-02,1.000000000000000000e+00,8.234755847573951293e-01,0.000000000000000000e+00,0.000000000000000000e+00,-5.673517086503452322e-01
-5.081327558607767747e-01,5.867168912243503343e-02,1.000000000000000000e+00,8.230044959097341239e-01,0.000000000000000000e+00,0.000000000000000000e+00,-5.680348578321267050e-01
-5.090313853653766207e-01,5.842038683559858114e-02,1.000000000000000000e+00,8.225328403267689881e-01,0.000000000000000000e+00,0.000000000000000000e+00,-5.687176158551605631e-01
-5.099304307084289167e-01,5.817057631331756795e-02,1.000000000000000000e+00,8.220606183332900274e-01,0.000000000000000000e+00,0.000000000000000000e+00,-5.693999822492875618e-01
-5.108298894135407942e-01,5.792225824368735232e-02,1.000000000000000000e+00,8.215878302544773470e-01,0.000000000000000000e+00,0.000000000000000000e+00,-5.700819565446183512e-01
-5.117297590031808507e-01,5.767543331069246992e-02,1.000000000000000000e+00,8.211144764159012954e-01,0.000000000000000000e+00,0.000000000000000000e+00,-5.707635382715334771e-01
-5.126300369986851457e-01,5.743010219420474627e-02,1.000000000000000000e+00,8.206405571435215762e-01,0.000000000000000000e+00,0.000000000000000000e+00,-5.714447269606838242e-01
-5.135307209202657486e-01,5.718626556998129828e-02,1.000000000000000000e+00,8.201660727636873593e-01,0.000000000000000000e+00,0.000000000000000000e+00,-5.721255221429908389e-01
-5.144318082870160680e-01,5.694392410966253593e-02,1.000000000000000000e+00,8.196910236031367258e-01,0.000000000000000000e+00,0.000000000000000000e+00,-5.728059233496471947e-01
-5.153332966169186236e-01,5.670307848077071888e-02,1.000000000000000000e+00,8.192154099889970009e-01,0.000000000000000000e+00,0.000000000000000000e+00,-5.734859301121166819e-01
-5.162351834268508188e-01,5.646372934670795818e-02,9.999999999999998890e-01,8.187392322487839769e-01,0.000000000000000000e+00,0.000000000000000000e+00,-5.741655419621345402e-01
-5.171374662325932681e-01,5.622587736675399572e-02,1.000000000000000000e+00,8.182624907104020240e-01,0.000000000000000000e+00,0.000000000000000000e+00,-5.748447584317084580e-01
-5.180401425488352363e-01,5.598952319606476102e-02,1.000000000000000000e+00,8.177851857021436466e-01,0.000000000000000000e+00,0.000000000000000000e+00,-5.755235790531179063e-01
-5.189432098891825218e-01,5.575466748567070585e-02,1.000000000000000000e+00,8.173073175526894829e-01,0.000000000000000000e+00,0.000000000000000000e+00,-5.762020033589151380e-01
-5.198466657661633405e-01,5.552131088247491686e-02,1.000000000000000000e+00,8.168288865911078611e-01,0.000000000000000000e+00,0.000000000000000000e+00,-5.768800308819252987e-01
-5.207505076912364306e-01,5.528945402925089514e-02,1.000000000000000000e+00,8.163498931468547992e-01,0.000000000000000000e+00,0.000000000000000000e+00,-5.775576611552467599e-01
-5.216547331747962701e-01,5.505909756464122395e-02,1.000000000000000000e+00,8.158703375497733390e-01,0.000000000000000000e+00,0.000000000000000000e+00,-5.782348937122515631e-01
-5.225593397261816264e-01,5.483024212315590340e-02,1.000000000000000000e+00,8.153902201300942121e-01,0.000000000000000000e+00,0.000000000000000000e+00,-5.789117280865854198e-01
-5.234643248536808846e-01,5.460288833517024099e-02,1.000000000000000000e+00,8.149095412184343967e-01,0.000000000000000000e+00,0.000000000000000000e+00,-5.795881638121682666e-01
-5.243696860645403746e-01,5.437703682692307527e-02,1.000000000000000222e+00,8.144283011457980059e-01,0.000000000000000000e+00,0.000000000000000000e+00,-5.802642004231947093e-01
-5.252754208649701440e-01,5.415268822051610975e-02,1.000000000000000000e+00,8.139465002435751773e-01,0.000000000000000000e+00,0.000000000000000000e+00,-5.809398374541340226e-01
-5.261815267601513968e-01,5.392984313391024909e-02,1.000000000000000000e+00,8.134641388435426279e-01,0.000000000000000000e+00,0.000000000000000000e+00,-5.816150744397308170e-01
-5.270880012542429327e-01,5.370850218092548811e-02,1.000000000000000000e+00,8.129812172778627666e-01,0.000000000000000000e+00,0.000000000000000000e+00,-5.822899109150050379e-01
-5.279948418503881413e-01,5.348866597123913547e-02,9.999999999999997780e-01,8.124977358790839155e-01,0.000000000000000000e+00,0.000000000000000000e+00,-5.829643464152522991e-01
-5.289020460507225518e-01,5.327033511038270497e-02,1.000000000000000000e+00,8.120136949801396442e-01,0.000000000000000000e+00,0.000000000000000000e+00,-5.836383804760449934e-01
-5.298096113563796061e-01,5.305351019974258175e-02,1.000000000000000000e+00,8.115290949143492139e-01,0.000000000000000000e+00,0.000000000000000000e+00,-5.843120126332310704e-01
-5.307175352674983193e-01,5.283819183655591445e-02,1.000000000000000000e+00,8.110439360154165778e-01,0.000000000000000000e+00,0.000000000000000000e+00,-5.849852424229357029e-01
-5.316258152832300521e-01,5.262438061391094823e-02,1.000000000000000000e+00,8.105582186174307147e-01,0.000000000000000000e+00,0.000000000000000000e+00,-5.856580693815610639e-01
-5.325344489017449501e-01,5.241207712074391623e-02,1.000000000000000000e+00,8.100719430548650735e-01,0.000000000000000000e+00,0.000000000000000000e+00,-5.863304930457867714e-01
-5.334434336202396043e-01,5.220128194183826231e-02,1.000000000000000000e+00,8.095851096625775734e-01,0.000000000000000000e+00,0.000000000000000000e+00,-5.870025129525701102e-01
-5.343527669349430465e-01,5.199199565782319787e-02,1.000000000000000000e+00,8.090977187758101596e-01,0.000000000000000000e+00,0.000000000000000000e+00,-5.876741286391463648e-01
-5.352624463411244093e-01,5.178421884517125928e-02,1.000000000000000000e+00,8.086097707301888038e-01,0.000000000000000000e+00,0.000000000000000000e+00,-5.883453396430292637e-01
-5.361724693330998104e-01,5.157795207619719768e-02,1.000000000000000000e+00,8.081212658617229483e-01,0.000000000000000000e+00,0.000000000000000000e+00,-5.890161455020112014e-01
-5.370828334042379026e-01,5.137319591905675775e-02,1.000000000000000000e+00,8.076322045068058397e-01,0.000000000000000000e+00,0.000000000000000000e+00,-5.896865457541633493e-01
-5.379935360469694228e-01,5.116995093774445724e-02,1.000000000000000000e+00,8.071425870022134186e-01,0.000000000000000000e+00,0.000000000000000000e+00,-5.903565399378365441e-01
-5.389045747527910768e-01,5.096821769209236574e-02,1.000000000000000000e+00,8.066524136851048743e-01,0.000000000000000000e+00,0.000000000000000000e+00,-5.910261275916610657e-01
-5.398159470122745329e-01,5.076799673776877242e-02,1.000000000000000000e+00,8.061616848930224233e-01,0.000000000000000000e+00,0.000000000000000000e+00,-5.916953082545468590e-01
-5.407276503150729718e-01,5.056928862627585453e-02,1.000000000000000000e+00,8.056704009638901987e-01,0.000000000000000000e+00,0.000000000000000000e+00,-5.923640814656847553e-01
-5.416396821499270819e-01,5.037209390494956640e-02,1.000000000000000000e+00,8.051785622360150274e-01,0.000000000000000000e+00,0.000000000000000000e+00,-5.930324467645455844e-01
-5.425520400046732750e-01,5.017641311695608675e-02,9.999999999999998890e-01,8.046861690480856533e-01,0.000000000000000000e+00,0.000000000000000000e+00,-5.937004036908815063e-01
-5.434647213662492371e-01,4.998224680129259578e-02,1.000000000000000000e+00,8.041932217391727367e-01,0.000000000000000000e+00,0.000000000000000000e+00,-5.943679517847255678e-01
-5.443777237207021447e-01,4.978959549278449970e-02,1.000000000000000000e+00,8.036997206487282996e-01,0.000000000000000000e+00,0.000000000000000000e+00,-5.950350905863922568e-01
-5.452910445531948813e-01,4.959845972208354326e-02,1.000000000000000222e+00,8.032056661165859479e-01,0.000000000000000000e+00,0.000000000000000000e+00,-5.957018196364785023e-01
-5.462046813480128105e-01,4.940884001566758776e-02,1.000000000000000000e+00,8.027110584829602047e-01,0.000000000000000000e+00,0.000000000000000000e+00,-5.963681384758626747e-01
-5.471186315885712137e-01,4.922073689583839062e-02,1.000000000000000000e+00,8.022158980884465107e-01,0.000000000000000000e+00,0.000000000000000000e+00,-5.970340466457061401e-01
-5.480328927574222853e-01,4.903415088072016204e-02,9.999999999999998890e-01,8.017201852740211132e-01,0.000000000000000000e+00,0.000000000000000000e+00,-5.976995436874527057e-01
-5.489474623362611272e-01,4.884908248425834376e-02,9.999999999999998890e-01,8.012239203810402888e-01,0.000000000000000000e+00,0.000000000000000000e+00,-5.983646291428298403e-01
-5.498623378059338540e-01,4.866553221621827685e-02,1.000000000000000000e+00,8.007271037512411205e-01,0.000000000000000000e+00,0.000000000000000000e+00,-5.990293025538476757e-01
-5.507775166464439209e-01,4.848350058218364733e-02,1.000000000000000000e+00,8.002297357267398326e-01,0.000000000000000000e+00,0.000000000000000000e+00,-5.996935634628006717e-01
-5.516929963369587853e-01,4.830298808355504292e-02,1.000000000000000000e+00,7.997318166500330117e-01,0.000000000000000000e+00,0.000000000000000000e+00,-6.003574114122669503e-01
-5.526087743558180110e-01,4.812399521754862075e-02,1.000000000000000000e+00,7.992333468639962746e-01,0.000000000000000000e+00,0.000000000000000000e+00,-6.010208459451094054e-01
-5.535248481805382648e-01,4.794652247719466409e-02,1.000000000000000000e+00,7.987343267118848233e-01,0.000000000000000000e+00,0.000000000000000000e+00,-6.016838666044752593e-01
-5.544412152878224198e-01,4.777057035133647211e-02,1.000000000000000000e+00,7.982347565373326681e-01,0.000000000000000000e+00,0.000000000000000000e+00,-6.023464729337968393e-01
-5.553578731535654400e-01,4.759613932462902763e-02,1.000000000000000000e+00,7.977346366843524050e-01,0.000000000000000000e+00,0.000000000000000000e+00,-6.030086644767920223e-01
-5.562748192528605973e-01,4.742322987753699870e-02,1.000000000000000000e+00,7.972339674973354384e-01,0.000000000000000000e+00,0.000000000000000000e+00,-6.036704407774639014e-01
-5.571920510600081311e-01,4.725184248633451656e-02,1.000000000000000000e+00,7.967327493210513145e-01,0.000000000000000000e+00,0.000000000000000000e+00,-6.043318013801017852e-01
-5.581095660485210219e-01,4.708197762310251111e-02,1.000000000000000000e+00,7.962309825006476105e-01,0.000000000000000000e+00,0.000000000000000000e+00,-6.049927458292813087e-01
-5.590273616911319854e-01,4.691363575572893296e-02,1.000000000000000000e+00,7.957286673816498235e-01,0.000000000000000000e+00,0.000000000000000000e+00,-6.056532736698644337e-01
-5.599454354598009109e-01,4.674681734790608889e-02,1.000000000000000000e+00,7.952258043099608154e-01,0.000000000000000000e+00,0.000000000000000000e+00,-6.063133844470002254e-01
-5.608637848257216341e-01,4.658152285913041979e-02,1.000000000000000000e+00,7.947223936318610349e-01,0.000000000000000000e+00,0.000000000000000000e+00,-6.069730777061247418e-01
-5.617824072593285978e-01,4.641775274470039125e-02,1.000000000000000000e+00,7.942184356940077405e-01,0.000000000000000000e+00,0.000000000000000000e+00,-6.076323529929618106e-01
-5.627013002303044020e-01,4.625550745571604949e-02,1.000000000000000000e+00,7.937139308434354446e-01,0.000000000000000000e+00,0.000000000000000000e+00,-6.082912098535224743e-01
-5.636204612075865761e-01,4.609478743907657883e-02,1.000000000000000000e+00,7.932088794275546917e-01,0.000000000000000000e+00,0.000000000000000000e+00,-6.089496478341070995e-01
-5.645398876593736848e-01,4.593559313748096784e-02,1.000000000000000000e+00,7.927032817941529474e-01,0.000000000000000000e+00,0.000000000000000000e+00,-6.096076664813031565e-01
-5.654595770531338772e-01,4.577792498942467869e-02,1.000000000000000000e+00,7.921971382913935988e-01,0.000000000000000000e+00,0.000000000000000000e+00,-6.102652653419877726e-01
-5.663795268556106599e-01,4.562178342920009122e-02,1.000000000000000000e+00,7.916904492678157323e-01,0.000000000000000000e+00,0.000000000000000000e+00,-6.109224439633267334e-01
-5.672997345328303354e-01,4.546716888689428249e-02,1.000000000000000000e+00,7.911832150723344670e-01,0.000000000000000000e+00,0.000000000000000000e+00,-6.115792018927753704e-01
-5.682201975501087743e-01,4.531408178838813861e-02,1.000000000000000000e+00,7.906754360542401772e-01,0.000000000000000000e+00,0.000000000000000000e+00,-6.122355386780786723e-01
-5.691409133720589653e-01,4.516252255535557758e-02,1.000000000000000000e+00,7.901671125631981596e-01,0.000000000000000000e+00,0.000000000000000000e+00,-6.128914538672717294e-01
-5.700618794625966768e-01,4.501249160526188398e-02,1.000000000000000000e+00,7.896582449492490774e-01,0.000000000000000000e+00,0.000000000000000000e+00,-6.135469470086798438e-01
-5.709830932849492280e-01,4.486398935136270971e-02,9.999999999999997780e-01,7.891488335628079609e-01,0.000000000000000000e+00,0.000000000000000000e+00,-6.142020176509187523e-01
-5.719045523016610399e-01,4.471701620270296385e-02,1.000000000000000000e+00,7.886388787546645407e-01,0.000000000000000000e+00,0.000000000000000000e+00,-6.148566653428956252e-01
-5.728262539746015181e-01,4.457157256411570234e-02,1.000000000000000000e+00,7.881283808759824705e-01,0.000000000000000000e+00,0.000000000000000000e+00,-6.155108896338084001e-01
-5.737481957649710473e-01,4.442765883622112888e-02,1.000000000000000222e+00,7.876173402782996602e-01,0.000000000000000000e+00,0.000000000000000000e+00,-6.161646900731470033e-01
-5.746703751333095411e-01,4.428527541542515156e-02,1.000000000000000000e+00,7.871057573135273877e-01,0.000000000000000000e+00,0.000000000000000000e+00,-6.168180662106926837e-01
-5.755927895395014371e-01,4.414442269391860574e-02,9.999999999999998890e-01,7.865936323339509650e-01,0.000000000000000000e+00,0.000000000000000000e+00,-6.174710175965193448e-01
-5.765154364427849121e-01,4.400510105967592178e-02,9.999999999999998890e-01,7.860809656922284061e-01,0.000000000000000000e+00,0.000000000000000000e+00,-6.181235437809933231e-01
-5.774383133017568781e-01,4.386731089645423687e-02,1.000000000000000000e+00,7.855677577413909818e-01,0.000000000000000000e+00,0.000000000000000000e+00,-6.187756443147736096e-01
-5.783614175743809760e-01,4.373105258379239579e-02,1.000000000000000000e+00,7.850540088348427759e-01,0.000000000000000000e+00,0.000000000000000000e+00,-6.194273187488122945e-01
-5.792847467179949028e-01,4.359632649701006279e-02,1.000000000000000000e+00,7.845397193263600188e-01,0.000000000000000000e+00,0.000000000000000000e+00,-6.200785666343550107e-01
-5.802082981893165181e-01,4.346313300720594519e-02,1.000000000000000000e+00,7.840248895700917542e-01,0.000000000000000000e+00,0.000000000000000000e+00,-6.207293875229410451e-01
-5.811320694444512824e-01,4.333147248125723827e-02,1.000000000000000000e+00,7.835095199205586169e-01,0.000000000000000000e+00,0.000000000000000000e+00,-6.213797809664036720e-01
-5.820560579388996958e-01,4.320134528181929223e-02,9.999999999999997780e-01,7.829936107326530559e-01,0.000000000000000000e+00,0.000000000000000000e+00,-6.220297465168707074e-01
-5.829802611275632929e-01,4.307275176732316968e-02,1.000000000000000000e+00,7.824771623616394445e-01,0.000000000000000000e+00,0.000000000000000000e+00,-6.226792837267645098e-01
-5.839046764647526366e-01,4.294569229197586768e-02,1.000000000000000000e+00,7.819601751631530817e-01,0.000000000000000000e+00,0.000000000000000000e+00,-6.233283921488023127e-01
-5.848293014041940907e-01,4.282016720575876345e-02,1.000000000000000000e+00,7.814426494932001921e-01,0.000000000000000000e+00,0.000000000000000000e+00,-6.239770713359966692e-01
-5.857541333990359256e-01,4.269617685442728128e-02,1.000000000000000000e+00,7.809245857081582587e-01,0.000000000000000000e+00,0.000000000000000000e+00,-6.246253208416557845e-01
-5.866791699018567563e-01,4.257372157950856106e-02,1.000000000000000000e+00,7.804059841647750240e-01,0.000000000000000000e+00,0.000000000000000000e+00,-6.252731402193836274e-01
-5.876044083646717597e-01,4.245280171830223548e-02,1.000000000000000000e+00,7.798868452201684898e-01,0.000000000000000000e+00,0.000000000000000000e+00,-6.259205290230804852e-01
-5.885298462389397800e-01,4.233341760387820951e-02,1.000000000000000000e+00,7.793671692318269173e-01,0.000000000000000000e+00,0.000000000000000000e+00,-6.265674868069431858e-01
-5.894554809755703229e-01,4.221556956507666047e-02,1.000000000000000000e+00,7.788469565576082720e-01,0.000000000000000000e+00,0.000000000000000000e+00,-6.272140131254650974e-01
-5.903813100249306611e-01,4.209925792650603960e-02,1.000000000000000000e+00,7.783262075557401127e-01,0.000000000000000000e+00,0.000000000000000000e+00,-6.278601075334369064e-01
-5.913073308368529402e-01,4.198448300854351611e-02,1.000000000000000000e+00,7.778049225848192583e-01,0.000000000000000000e+00,0.000000000000000000e+00,-6.285057695859468385e-01
-5.922335408606409501e-01,4.187124512733297887e-02,1.000000000000000000e+00,7.772831020038117877e-01,0.000000000000000000e+00,0.000000000000000000e+00,-6.291509988383805485e-01
-5.931599375450775646e-01,4.175954459478481429e-02,1.000000000000000000e+00,7.767607461720523743e-01,0.000000000000000000e+00,0.000000000000000000e+00,-6.297957948464220079e-01
-5.940865183384310688e-01,4.164938171857468507e-02,1.000000000000000000e+00,7.762378554492443961e-01,0.000000000000000000e+00,0.000000000000000000e+00,-6.304401571660532833e-01
-5.950132806884629311e-01,4.154075680214264210e-02,1.000000000000000000e+00,7.757144301954596033e-01,0.000000000000000000e+00,0.000000000000000000e+00,-6.310840853535553130e-01
-5.959402220424346863e-01,4.143367014469323539e-02,1.000000000000000000e+00,7.751904707711377851e-01,0.000000000000000000e+00,0.000000000000000000e+00,-6.317275789655076856e-01
-5.968673398471142644e-01,4.132812204119284960e-02,1.000000000000000000e+00,7.746659775370865475e-01,0.000000000000000000e+00,0.000000000000000000e+00,-6.323706375587896389e-01
-5.977946315487840945e-01,4.122411278237103627e-02,1.000000000000000000e+00,7.741409508544812024e-01,0.000000000000000000e+00,0.000000000000000000e+00,-6.330132606905796155e-01
-5.987220945932474336e-01,4.112164265471751623e-02,1.000000000000000222e+00,7.736153910848642123e-01,0.000000000000000000e+00,0.000000000000000000e+00,-6.336554479183562627e-01
-5.996497264258356941e-01,4.102071194048384495e-02,1.000000000000000000e+00,7.730892985901451908e-01,0.000000000000000000e+00,0.000000000000000000e+00,-6.342971987998979877e-01
-6.005775244914147715e-01,4.092132091768019286e-02,9.999999999999998890e-01,7.725626737326007909e-01,0.000000000000000000e+00,0.000000000000000000e+00,-6.349385128932839573e-01
-6.015054862343935937e-01,4.082346986007601153e-02,1.000000000000000000e+00,7.720355168748740393e-01,0.000000000000000000e+00,0.000000000000000000e+00,-6.355793897568942086e-01
-6.024336090987294501e-01,4.072715903719925645e-02,1.000000000000000000e+00,7.715078283799744474e-01,0.000000000000000000e+00,0.000000000000000000e+00,-6.362198289494095382e-01
-6.033618905279365396e-01,4.063238871433527688e-02,1.000000000000000000e+00,7.709796086112773450e-01,0.000000000000000000e+00,0.000000000000000000e+00,-6.368598300298123904e-01
-6.042903279650918558e-01,4.053915915252570557e-02,1.000000000000000000e+00,7.704508579325243245e-01,0.000000000000000000e+00,0.000000000000000000e+00,-6.374993925573868570e-01
-6.052189188528424024e-01,4.044747060856879184e-02,1.000000000000000000e+00,7.699215767078222417e-01,0.000000000000000000e+00,0.000000000000000000e+00,-6.381385160917188992e-01
-6.061476606334134098e-01,4.035732333501751423e-02,1.000000000000000000e+00,7.693917653016434377e-01,0.000000000000000000e+00,0.000000000000000000e+00,-6.387772001926970145e-01
-6.070765507486133306e-01,4.026871758018035763e-02,1.000000000000000000e+00,7.688614240788252951e-01,0.000000000000000000e+00,0.000000000000000000e+00,-6.394154444205119026e-01
-6.080055866398429432e-01,4.018165358811875976e-02,1.000000000000000000e+00,7.683305534045701268e-01,0.000000000000000000e+00,0.000000000000000000e+00,-6.400532483356575764e-01
-6.089347657481011256e-01,4.009613159864777732e-02,1.000000000000000000e+00,7.677991536444448428e-01,0.000000000000000000e+00,0.000000000000000000e+00,-6.406906114989310286e-01
-6.098640855139922934e-01,4.001215184733541985e-02,1.000000000000000000e+00,7.672672251643805064e-01,0.000000000000000000e+00,0.000000000000000000e+00,-6.413275334714328979e-01
-6.107935433777332834e-01,3.992971456550109544e-02,1.000000000000000222e+00,7.667347683306724448e-01,0.000000000000000000e+00,0.000000000000000000e+00,-6.419640138145674690e-01
-6.117231367791612362e-01,3.984881998021594374e-02,1.000000000000000000e+00,7.662017835099795837e-01,0.000000000000000000e+00,0.000000000000000000e+00,-6.426000520900433388e-01
-6.126528631577389250e-01,3.976946831430172580e-02,1.000000000000000000e+00,7.656682710693247795e-01,0.000000000000000000e+00,0.000000000000000000e+00,-6.432356478598733052e-01
-6.135827199525633047e-01,3.969165978632993586e-02,1.000000000000000000e+00,7.651342313760940428e-01,0.000000000000000000e+00,0.000000000000000000e+00,-6.438708006863751443e-01
-6.145127046023725059e-01,3.961539461062191236e-02,1.000000000000000000e+00,7.645996647980364269e-01,0.000000000000000000e+00,0.000000000000000000e+00,-6.445055101321712776e-01
-6.154428145455519417e-01,3.954067299724783879e-02,9.999999999999998890e-01,7.640645717032638062e-01,0.000000000000000000e+00,0.000000000000000000e+00,-6.451397757601897709e-01
-6.163730472201421895e-01,3.946749515202585545e-02,1.000000000000000000e+00,7.635289524602505429e-01,0.000000000000000000e+00,0.000000000000000000e+00,-6.457735971336645564e-01
-6.173034000638455421e-01,3.939586127652261460e-02,1.000000000000000000e+00,7.629928074378335978e-01,0.000000000000000000e+00,0.000000000000000000e+00,-6.464069738161346557e-01
-6.182338705140335566e-01,3.932577156805094898e-02,1.000000000000000000e+00,7.624561370052117537e-01,0.000000000000000000e+00,0.000000000000000000e+00,-6.470399053714459559e-01
-6.191644560077532722e-01,3.925722621967098203e-02,1.000000000000000000e+00,7.619189415319458369e-01,0.000000000000000000e+00,0.000000000000000000e+00,-6.476723913637506547e-01
-6.200951539817358693e-01,3.919022542018868460e-02,1.000000000000000000e+00,7.613812213879577184e-01,0.000000000000000000e+00,0.000000000000000000e+00,-6.483044313575079265e-01
-6.210259618724017772e-01,3.912476935415609702e-02,1.000000000000000000e+00,7.608429769435312018e-01,0.000000000000000000e+00,0.000000000000000000e+00,-6.489360249174839224e-01
-6.219568771158692222e-01,3.906085820186966373e-02,1.000000000000000000e+00,7.603042085693106911e-01,0.000000000000000000e+00,0.000000000000000000e+00,-6.495671716087522141e-01
-6.228878971479603344e-01,3.899849213937089942e-02,9.999999999999998890e-01,7.597649166363015238e-01,0.000000000000000000e+00,0.000000000000000000e+00,-6.501978709966941272e-01
-6.238190194042088077e-01,3.893767133844472372e-02,1.000000000000000000e+00,7.592251015158695271e-01,0.000000000000000000e+00,0.000000000000000000e+00,-6.508281226469994074e-01
-6.247502413198667837e-01,3.887839596662090447e-02,9.999999999999997780e-01,7.586847635797409062e-01,0.000000000000000000e+00,0.000000000000000000e+00,-6.514579261256651099e-01
-6.256815603299117345e-01,3.882066618717106010e-02,1.000000000000000000e+00,7.581439032000019118e-01,0.000000000000000000e+00,0.000000000000000000e+00,-6.520872809989979313e-01
-6.266129738690537909e-01,3.876448215911043604e-02,1.000000000000000000e+00,7.576025207490983959e-01,0.000000000000000000e+00,0.000000000000000000e+00,-6.527161868336129880e-01
-6.275444793717431802e-01,3.870984403719601730e-02,1.000000000000000000e+00,7.570606165998355896e-01,0.000000000000000000e+00,0.000000000000000000e+00,-6.533446431964348156e-01
-6.284760742721756666e-01,3.865675197192708357e-02,1.000000000000000000e+00,7.565181911253785474e-01,0.000000000000000000e+00,0.000000000000000000e+00,-6.539726496546971468e-01
-6.294077560043018771e-01,3.860520610954387699e-02,1.000000000000000000e+00,7.559752446992505925e-01,0.000000000000000000e+00,0.000000000000000000e+00,-6.546002057759439108e-01
-6.303395220018327416e-01,3.855520659202793521e-02,1.000000000000000222e+00,7.554317776953345387e-01,0.000000000000000000e+00,0.000000000000000000e+00,-6.552273111280288997e-01
-6.312713696982471534e-01,3.850675355710175829e-02,1.000000000000000000e+00,7.548877904878709133e-01,0.000000000000000000e+00,0.000000000000000000e+00,-6.558539652791163244e-01
-6.322032965267990745e-01,3.845984713822747647e-02,9.999999999999998890e-01,7.543432834514589569e-01,0.000000000000000000e+00,0.000000000000000000e+00,-6.564801677976812577e-01
-6.331352999205244192e-01,3.841448746460729424e-02,1.000000000000000000e+00,7.537982569610558459e-01,0.000000000000000000e+00,0.000000000000000000e+00,-6.571059182525097464e-01
-6.340673773122481593e-01,3.837067466118304626e-02,1.000000000000000222e+00,7.532527113919762485e-01,0.000000000000000000e+00,0.000000000000000000e+00,-6.577312162126990325e-01
-6.349995261345916520e-01,3.832840884863597530e-02,1.000000000000000000e+00,7.527066471198923248e-01,0.000000000000000000e+00,0.000000000000000000e+00,-6.583560612476578866e-01
-6.359317438199791894e-01,3.828769014338584409e-02,1.000000000000000000e+00,7.521600645208337266e-01,0.000000000000000000e+00,0.000000000000000000e+00,-6.589804529271071631e-01
-6.368640278006454380e-01,3.824851865759104630e-02,1.000000000000000000e+00,7.516129639711865984e-01,0.000000000000000000e+00,0.000000000000000000e+00,-6.596043908210798001e-01
-6.377963755086429876e-01,3.821089449914849556e-02,1.000000000000000000e+00,7.510653458476939104e-01,0.000000000000000000e+00,0.000000000000000000e+00,-6.602278744999213744e-01
-6.387287843758481243e-01,3.817481777169251522e-02,1.000000000000000000e+00,7.505172105274553473e-01,0.000000000000000000e+00,0.000000000000000000e+00,-6.608509035342898796e-01
-6.396612518339689357e-01,3.814028857459550448e-02,1.000000000000000000e+00,7.499685583879263095e-01,0.000000000000000000e+00,0.000000000000000000e+00,-6.614734774951567253e-01
-6.405937753145521940e-01,3.810730700296705020e-02,1.000000000000000000e+00,7.494193898069183568e-01,0.000000000000000000e+00,0.000000000000000000e+00,-6.620955959538065150e-01
-6.415263522489906833e-01,3.807587314765381592e-02,1.000000000000000000e+00,7.488697051625984313e-01,0.000000000000000000e+00,0.000000000000000000e+00,-6.627172584818377121e-01
-6.424589800685295282e-01,3.804598709523954181e-02,1.000000000000000000e+00,7.483195048334890798e-01,0.000000000000000000e+00,0.000000000000000000e+00,-6.633384646511625293e-01
-6.433916562042735210e-01,3.801764892804426754e-02,1.000000000000000000e+00,7.477687891984680091e-01,0.000000000000000000e+00,0.000000000000000000e+00,-6.639592140340075943e-01
-6.443243780871948934e-01,3.799085872412466536e-02,1.000000000000000000e+00,7.472175586367675315e-01,0.000000000000000000e+00,0.000000000000000000e+00,-6.645795062029139499e-01
-6.452571431481395337e-01,3.796561655727370699e-02,1.000000000000000000e+00,7.466658135279745645e-01,0.000000000000000000e+00,0.000000000000000000e+00,-6.651993407307374984e-01
-6.461899488178346473e-01,3.794192249701999753e-02,1.000000000000000000e+00,7.461135542520306307e-01,0.000000000000000000e+00,0.000000000000000000e+00,-6.658187171906495561e-01
-6.471227925268950854e-01,3.791977660862799748e-02,1.000000000000000000e+00,7.455607811892310810e-01,0.000000000000000000e+00,0.000000000000000000e+00,-6.664376351561364098e-01
-6.480556717058315597e-01,3.789917895309813378e-02,1.000000000000000000e+00,7.450074947202250941e-01,0.000000000000000000e+00,0.000000000000000000e+00,-6.670560942010003158e-01
-6.489885837850568606e-01,3.788012958716602263e-02,1.000000000000000000e+00,7.444536952260152329e-01,0.000000000000000000e+00,0.000000000000000000e+00,-6.676740938993598329e-01
-6.499215261948926292e-01,3.786262856330246951e-02,1.000000000000000000e+00,7.438993830879578883e-01,0.000000000000000000e+00,0.000000000000000000e+00,-6.682916338256492672e-01
-6.508544963655776838e-01,3.784667592971335814e-02,9.999999999999998890e-01,7.433445586877619471e-01,0.000000000000000000e+00,0.000000000000000000e+00,-6.689087135546197826e-01
-6.517874917272739044e-01,3.783227173033987256e-02,1.000000000000000000e+00,7.427892224074892358e-01,0.000000000000000000e+00,0.000000000000000000e+00,-6.695253326613396228e-01
-6.527205097100742259e-01,3.781941600485794197e-02,1.000000000000000000e+00,7.422333746295539658e-01,0.000000000000000000e+00,0.000000000000000000e+00,-6.701414907211941108e-01
-6.536535477440089670e-01,3.780810878867846281e-02,1.000000000000000000e+00,7.416770157367226224e-01,0.000000000000000000e+00,0.000000000000000000e+00,-6.707571873098858717e-01
-6.545866032590532679e-01,3.779835011294652158e-02,1.000000000000000000e+00,7.411201461121137424e-01,0.000000000000000000e+00,0.000000000000000000e+00,-6.713724220034356094e-01
-6.555196736851339745e-01,3.779014000454206101e-02,1.000000000000000000e+00,7.405627661391974703e-01,0.000000000000000000e+00,0.000000000000000000e+00,-6.719871943781818846e-01
-6.564527564521371872e-01,3.778347848607988002e-02,1.000000000000000000e+00,7.400048762017954473e-01,0.000000000000000000e+00,0.000000000000000000e+00,-6.726015040107815590e-01
-6.573858489899145896e-01,3.777836557590885658e-02,1.000000000000000000e+00,7.394464766840804781e-01,0.000000000000000000e+00,0.000000000000000000e+00,-6.732153504782103504e-01
-6.583189487282914421e-01,3.777480128811205873e-02,1.000000000000000000e+00,7.388875679705761979e-01,0.000000000000000000e+00,0.000000000000000000e+00,-6.738287333577629434e-01
-6.592520530970730208e-01,3.777278563250741072e-02,1.000000000000000000e+00,7.383281504461568501e-01,0.000000000000000000e+00,0.000000000000000000e+00,-6.744416522270531011e-01
-6.601851595260513905e-01,3.777231861464713791e-02,1.000000000000000000e+00,7.377682244960472868e-01,0.000000000000000000e+00,0.000000000000000000e+00,-6.750541066640139976e-01
-6.611182654450136198e-01,3.777340023581732265e-02,1.000000000000000000e+00,7.372077905058221914e-01,0.000000000000000000e+00,0.000000000000000000e+00,-6.756660962468989950e-01
-6.620513682837475544e-01,3.777603049303879246e-02,1.000000000000000000e+00,7.366468488614064114e-01,0.000000000000000000e+00,0.000000000000000000e+00,-6.762776205542810892e-01
-6.629844654720500330e-01,3.778020937906656496e-02,1.000000000000000000e+00,7.360853999490740707e-01,0.000000000000000000e+00,0.000000000000000000e+00,-6.768886791650542412e-01
-6.639175544397333262e-01,3.778593688239006987e-02,1.000000000000000000e+00,7.355234441554485691e-01,0.000000000000000000e+00,0.000000000000000000e+00,-6.774992716584327113e-01
-6.648506326166321312e-01,3.779321298723337108e-02,9.999999999999998890e-01,7.349609818675026940e-01,0.000000000000000000e+00,0.000000000000000000e+00,-6.781093976139516144e-01
-6.657836974326111212e-01,3.780203767355394540e-02,1.000000000000000000e+00,7.343980134725578424e-01,0.000000000000000000e+00,0.000000000000000000e+00,-6.787190566114678081e-01
-6.667167463175714959e-01,3.781241091704501400e-02,1.000000000000000000e+00,7.338345393582837994e-01,0.000000000000000000e+00,0.000000000000000000e+00,-6.793282482311592263e-01
-6.676497767014587525e-01,3.782433268913365509e-02,1.000000000000000000e+00,7.332705599126987384e-01,0.000000000000000000e+00,0.000000000000000000e+00,-6.799369720535259898e-01
-6.685827860142689039e-01,3.783780295698180307e-02,1.000000000000000000e+00,7.327060755241687762e-01,0.000000000000000000e+00,0.000000000000000000e+00,-6.805452276593900729e-01
-6.695157716860563601e-01,3.785282168348580445e-02,1.000000000000000000e+00,7.321410865814077518e-01,0.000000000000000000e+00,0.000000000000000000e+00,-6.811530146298961919e-01
-6.704487311469405908e-01,3.786938882727708400e-02,1.000000000000000000e+00,7.315755934734768928e-01,0.000000000000000000e+00,0.000000000000000000e+00,-6.817603325465115827e-01
-6.713816618271127856e-01,3.788750434272203371e-02,1.000000000000000000e+00,7.310095965897847048e-01,0.000000000000000000e+00,0.000000000000000000e+00,-6.823671809910264452e-01
-6.723145611568440705e-01,3.790716817992212384e-02,1.000000000000000000e+00,7.304430963200866378e-01,0.000000000000000000e+00,0.000000000000000000e+00,-6.829735595455541652e-01
-6.732474265664916135e-01,3.792838028471368084e-02,1.000000000000000000e+00,7.298760930544845316e-01,0.000000000000000000e+00,0.000000000000000000e+00,-6.835794677925320917e-01
-6.741802554865058417e-01,3.795114059866877554e-02,1.000000000000000000e+00,7.293085871834269485e-01,0.000000000000000000e+00,0.000000000000000000e+00,-6.841849053147209814e-01
-6.751130453474382120e-01,3.797544905909466806e-02,1.000000000000000000e+00,7.287405790977081743e-01,0.000000000000000000e+00,0.000000000000000000e+00,-6.847898716952062204e-01
-6.760457935799474294e-01,3.800130559903458494e-02,1.000000000000000000e+00,7.281720691884685515e-01,0.000000000000000000e+00,0.000000000000000000e+00,-6.853943665173971578e-01
-6.769784976148066624e-01,3.802871014726738608e-02,1.000000000000000000e+00,7.276030578471941457e-01,0.000000000000000000e+00,0.000000000000000000e+00,-6.859983893650281050e-01
-6.779111548829109823e-01,3.805766262830823088e-02,9.999999999999998890e-01,7.270335454657159691e-01,0.000000000000000000e+00,0.000000000000000000e+00,-6.866019398221582248e-01
-6.788437628152846903e-01,3.808816296240802313e-02,1.000000000000000000e+00,7.264635324362100910e-01,0.000000000000000000e+00,0.000000000000000000e+00,-6.872050174731726413e-01
-6.797763188430874237e-01,3.812021106555485428e-02,1.000000000000000000e+00,7.258930191511977492e-01,0.000000000000000000e+00,0.000000000000000000e+00,-6.878076219027809968e-01
-6.807088203976221497e-01,3.815380684947322631e-02,1.000000000000000000e+00,7.253220060035441286e-01,0.000000000000000000e+00,0.000000000000000000e+00,-6.884097526960195612e-01
-6.816412649103413823e-01,3.818895022162438480e-02,1.000000000000000000e+00,7.247504933864590271e-01,0.000000000000000000e+00,0.000000000000000000e+00,-6.890114094382503440e-01
-6.825736498128553986e-01,3.822564108520709603e-02,9.999999999999998890e-01,7.241784816934960789e-01,0.000000000000000000e+00,0.000000000000000000e+00,-6.896125917151619822e-01
-6.835059725369383443e-01,3.826387933915742501e-02,9.999999999999998890e-01,7.236059713185524211e-01,0.000000000000000000e+00,0.000000000000000000e+00,-6.902132991127700734e-01
-6.844382305145354506e-01,3.830366487814929055e-02,9.999999999999998890e-01,7.230329626558686940e-01,0.000000000000000000e+00,0.000000000000000000e+00,-6.908135312174169540e-01
-6.853704211777706945e-01,3.834499759259457630e-02,1.000000000000000000e+00,7.224594561000289294e-01,0.000000000000000000e+00,0.000000000000000000e+00,-6.914132876157721430e-01
-6.863025419589533493e-01,3.838787736864379685e-02,1.000000000000000000e+00,7.218854520459595525e-01,0.000000000000000000e+00,0.000000000000000000e+00,-6.920125678948328973e-01
-6.872345902905849790e-01,3.843230408818565369e-02,1.000000000000000000e+00,7.213109508889298249e-01,0.000000000000000000e+00,0.000000000000000000e+00,-6.926113716419243227e-01
-6.881665636053668766e-01,3.847827762884825642e-02,1.000000000000000000e+00,7.207359530245514012e-01,0.000000000000000000e+00,0.000000000000000000e+00,-6.932096984446998178e-01
-6.890984593362066146e-01,3.852579786399890072e-02,1.000000000000000000e+00,7.201604588487778846e-01,0.000000000000000000e+00,0.000000000000000000e+00,-6.938075478911408522e-01
-6.900302749162263716e-01,3.857486466274440140e-02,9.999999999999998890e-01,7.195844687579044940e-01,0.000000000000000000e+00,0.000000000000000000e+00,-6.944049195695579657e-01
-6.909620077787680392e-01,3.862547788993164755e-02,1.000000000000000000e+00,7.190079831485682860e-01,0.000000000000000000e+00,0.000000000000000000e+00,-6.950018130685906570e-01
-6.918936553574021042e-01,3.867763740614849066e-02,1.000000000000000000e+00,7.184310024177470444e-01,0.000000000000000000e+00,0.000000000000000000e+00,-6.955982279772074950e-01
-6.928252150859334213e-01,3.873134306772285651e-02,1.000000000000000000e+00,7.178535269627601689e-01,0.000000000000000000e+00,0.000000000000000000e+00,-6.961941638847066738e-01
-6.937566843984093179e-01,3.878659472672407738e-02,1.000000000000000000e+00,7.172755571812671205e-01,0.000000000000000000e+00,0.000000000000000000e+00,-6.967896203807163458e-01
-6.946880607291254783e-01,3.884339223096333615e-02,1.000000000000000000e+00,7.166970934712680874e-01,0.000000000000000000e+00,0.000000000000000000e+00,-6.973845970551947326e-01
-6.956193415126348256e-01,3.890173542399344431e-02,9.999999999999998890e-01,7.161181362311033194e-01,0.000000000000000000e+00,0.000000000000000000e+00,-6.979790934984305695e-01
-6.965505241837522954e-01,3.896162414510995209e-02,1.000000000000000000e+00,7.155386858594529054e-01,0.000000000000000000e+00,0.000000000000000000e+00,-6.985731093010431048e-01
-6.974816061775638287e-01,3.902305822935114854e-02,1.000000000000000000e+00,7.149587427553365515e-01,0.000000000000000000e+00,0.000000000000000000e+00,-6.991666440539826555e-01
-6.984125849294321453e-01,3.908603750749872763e-02,1.000000000000000000e+00,7.143783073181131371e-01,0.000000000000000000e+00,0.000000000000000000e+00,-6.997596973485308292e-01
-6.993434578750049591e-01,3.915056180607823233e-02,1.000000000000000000e+00,7.137973799474806036e-01,0.000000000000000000e+00,0.000000000000000000e+00,-7.003522687763009680e-01
-7.002742224502208623e-01,3.921663094735938770e-02,9.999999999999997780e-01,7.132159610434760655e-01,0.000000000000000000e+00,0.000000000000000000e+00,-7.009443579292372606e-01
-7.012048760913170975e-01,3.928424474935676702e-02,1.000000000000000000e+00,7.126340510064743672e-01,0.000000000000000000e+00,0.000000000000000000e+00,-7.015359643996177397e-01
-7.021354162348371064e-01,3.935340302583034688e-02,1.000000000000000000e+00,7.120516502371889711e-01,0.000000000000000000e+00,0.000000000000000000e+00,-7.021270877800513954e-01
-7.030658403176355264e-01,3.942410558628550721e-02,1.000000000000000000e+00,7.114687591366715136e-01,0.000000000000000000e+00,0.000000000000000000e+00,-7.027177276634800629e-01
-7.039961457768884046e-01,3.949635223597458555e-02,9.999999999999997780e-01,7.108853781063106947e-01,0.000000000000000000e+00,0.000000000000000000e+00,-7.033078836431790881e-01
-7.049263300500968610e-01,3.957014277589587792e-02,1.000000000000000000e+00,7.103015075478332774e-01,0.000000000000000000e+00,0.000000000000000000e+00,-7.038975553127566620e-01
-7.058563905750971923e-01,3.964547700279585918e-02,1.000000000000000000e+00,7.097171478633024222e-01,0.000000000000000000e+00,0.000000000000000000e+00,-7.044867422661545975e-01
-7.067863247900657564e-01,3.972235470916896105e-02,9.999999999999997780e-01,7.091322994551185754e-01,0.000000000000000000e+00,0.000000000000000000e+00,-7.050754440976482185e-01
-7.077161301335272992e-01,3.980077568325723902e-02,1.000000000000000000e+00,7.085469627260186920e-01,0.000000000000000000e+00,0.000000000000000000e+00,-7.056636604018474701e-01
-7.086458040443610606e-01,3.988073970905292587e-02,1.000000000000000000e+00,7.079611380790756803e-01,0.000000000000000000e+00,0.000000000000000000e+00,-7.062513907736960306e-01
-7.095753439618086578e-01,3.996224656629765448e-02,1.000000000000000000e+00,7.073748259176987352e-01,0.000000000000000000e+00,0.000000000000000000e+00,-7.068386348084726434e-01
-7.105047473254807455e-01,4.004529603048312403e-02,1.000000000000000000e+00,7.067880266456326721e-01,0.000000000000000000e+00,0.000000000000000000e+00,-7.074253921017907842e-01
-7.114340115753640115e-01,4.012988787285187708e-02,1.000000000000000000e+00,7.062007406669578158e-01,0.000000000000000000e+00,0.000000000000000000e+00,-7.080116622495989942e-01
-7.123631341518283921e-01,4.021602186039863192e-02,1.000000000000000000e+00,7.056129683860894453e-01,0.000000000000000000e+00,0.000000000000000000e+00,-7.085974448481814347e-01
-7.132921124956341785e-01,4.030369775586994940e-02,1.000000000000000000e+00,7.050247102077777939e-01,0.000000000000000000e+00,0.000000000000000000e+00,-7.091827394941581097e-01
-7.142209440479384552e-01,4.039291531776467714e-02,1.000000000000000000e+00,7.044359665371080492e-01,0.000000000000000000e+00,0.000000000000000000e+00,-7.097675457844846436e-01
-7.151496262503032053e-01,4.048367430033661396e-02,1.000000000000000000e+00,7.038467377794991320e-01,0.000000000000000000e+00,0.000000000000000000e+00,-7.103518633164531693e-01
-7.160781565447015273e-01,4.057597445359217847e-02,1.000000000000000000e+00,7.032570243407043620e-01,0.000000000000000000e+00,0.000000000000000000e+00,-7.109356916876926613e-01
-7.170065323735250740e-01,4.066981552329385075e-02,1.000000000000000000e+00,7.026668266268107921e-01,0.000000000000000000e+00,0.000000000000000000e+00,-7.115190304961683809e-01
-7.179347511795908243e-01,4.076519725095895108e-02,1.000000000000000000e+00,7.020761450442387641e-01,0.000000000000000000e+00,0.000000000000000000e+00,-7.121018793401833191e-01
-7.188628104061483004e-01,4.086211937386152737e-02,1.000000000000000000e+00,7.014849799997421309e-01,0.000000000000000000e+00,0.000000000000000000e+00,-7.126842378183773086e-01
-7.197907074968866725e-01,4.096058162503268818e-02,1.000000000000000000e+00,7.008933319004073681e-01,0.000000000000000000e+00,0.000000000000000000e+00,-7.132661055297282449e-01
-7.207184398959416427e-01,4.106058373326104682e-02,9.999999999999997780e-01,7.003012011536536852e-01,0.000000000000000000e+00,0.000000000000000000e+00,-7.138474820735517534e-01
-7.216460050479027721e-01,4.116212542309383160e-02,1.000000000000000000e+00,6.997085881672328034e-01,0.000000000000000000e+00,0.000000000000000000e+00,-7.144283670495018557e-01
-7.225734003978196984e-01,4.126520641483755192e-02,1.000000000000000000e+00,6.991154933492282897e-01,0.000000000000000000e+00,0.000000000000000000e+00,-7.150087600575709690e-01
-7.235006233912104623e-01,4.136982642455877546e-02,9.999999999999998890e-01,6.985219171080556677e-01,0.000000000000000000e+00,0.000000000000000000e+00,-7.155886606980902398e-01
-7.244276714740675027e-01,4.147598516408479430e-02,9.999999999999998890e-01,6.979278598524619737e-01,0.000000000000000000e+00,0.000000000000000000e+00,-7.161680685717299877e-01
-7.253545420928648735e-01,4.158368234100462413e-02,1.000000000000000000e+00,6.973333219915254233e-01,0.000000000000000000e+00,0.000000000000000000e+00,-7.167469832794998164e-01
-7.262812326945659036e-01,4.169291765866989241e-02,9.999999999999997780e-01,6.967383039346550788e-01,0.000000000000000000e+00,0.000000000000000000e+00,-7.173254044227487247e-01
-7.272077407266296367e-01,4.180369081619494942e-02,1.000000000000000000e+00,6.961428060915909599e-01,0.000000000000000000e+00,0.000000000000000000e+00,-7.179033316031662171e-01
-7.281340636370176034e-01,4.191600150845853356e-02,9.999999999999998890e-01,6.955468288724031556e-01,0.000000000000000000e+00,0.000000000000000000e+00,-7.184807644227810819e-01
-7.290601988742017037e-01,4.202984942610443753e-02,1.000000000000000000e+00,6.949503726874921572e-01,0.000000000000000000e+00,0.000000000000000000e+00,-7.190577024839631681e-01
-7.299861438871707575e-01,4.214523425554206337e-02,9.999999999999997780e-01,6.943534379475879703e-01,0.000000000000000000e+00,0.000000000000000000e+00,-7.196341453894228302e-01
-7.309118961254372770e-01,4.226215567894708869e-02,9.999999999999998890e-01,6.937560250637504478e-01,0.000000000000000000e+00,0.000000000000000000e+00,-7.202100927422113719e-01
-7.318374530390447941e-01,4.238061337426324293e-02,9.999999999999998890e-01,6.931581344473685125e-01,0.000000000000000000e+00,0.000000000000000000e+00,-7.207855441457213796e-01
-7.327628120785752985e-01,4.250060701520230744e-02,1.000000000000000000e+00,6.925597665101601574e-01,0.000000000000000000e+00,0.000000000000000000e+00,-7.213604992036869445e-01
-7.336879706951551228e-01,4.262213627124566973e-02,1.000000000000000000e+00,6.919609216641718907e-01,0.000000000000000000e+00,0.000000000000000000e+00,-7.219349575201838842e-01
-7.346129263404633791e-01,4.274520080764443453e-02,1.000000000000000000e+00,6.913616003217788464e-01,0.000000000000000000e+00,0.000000000000000000e+00,-7.225089186996301871e-01
-7.355376764667377332e-01,4.286980028542120014e-02,1.000000000000000000e+00,6.907618028956841183e-01,0.000000000000000000e+00,0.000000000000000000e+00,-7.230823823467863454e-01
-7.364622185267819532e-01,4.299593436137050251e-02,1.000000000000000000e+00,6.901615297989188713e-01,0.000000000000000000e+00,0.000000000000000000e+00,-7.236553480667548000e-01
-7.373865499739733487e-01,4.312360268805992547e-02,9.999999999999998890e-01,6.895607814448414530e-01,0.000000000000000000e+00,0.000000000000000000e+00,-7.242278154649816058e-01
-7.383106682622688766e-01,4.325280491383087789e-02,1.000000000000000000e+00,6.889595582471379487e-01,0.000000000000000000e+00,0.000000000000000000e+00,-7.247997841472557656e-01
-7.392345708462129128e-01,4.338354068279970388e-02,1.000000000000000222e+00,6.883578606198210714e-01,0.000000000000000000e+00,0.000000000000000000e+00,-7.253712537197094523e-01
-7.401582551809440247e-01,4.351580963485890408e-02,1.000000000000000000e+00,6.877556889772302728e-01,0.000000000000000000e+00,0.000000000000000000e+00,-7.259422237888186746e-01
-7.410817187222019653e-01,4.364961140567746867e-02,1.000000000000000000e+00,6.871530437340314101e-01,0.000000000000000000e+00,0.000000000000000000e+00,-7.265126939614037216e-01
-7.420049589263341128e-01,4.378494562670243173e-02,1.000000000000000000e+00,6.865499253052168571e-01,0.000000000000000000e+00,0.000000000000000000e+00,-7.270826638446286072e-01
-7.429279732503034639e-01,4.392181192516020349e-02,9.999999999999998890e-01,6.859463341061042829e-01,0.000000000000000000e+00,0.000000000000000000e+00,-7.276521330460020698e-01
-7.438507591516957396e-01,4.406020992405634829e-02,9.999999999999998890e-01,6.853422705523370961e-01,0.000000000000000000e+00,0.000000000000000000e+00,-7.282211011733779049e-01
-7.447733140887247139e-01,4.420013924217791601e-02,1.000000000000000000e+00,6.847377350598842227e-01,0.000000000000000000e+00,0.000000000000000000e+00,-7.287895678349545214e-01
-7.456956355202412068e-01,4.434159949409377521e-02,1.000000000000000000e+00,6.841327280450393289e-01,0.000000000000000000e+00,0.000000000000000000e+00,-7.293575326392758296e-01
-7.466177209057385245e-01,4.448459029015627841e-02,1.000000000000000000e+00,6.835272499244208211e-01,0.000000000000000000e+00,0.000000000000000000e+00,-7.299249951952312410e-01
-7.475395677053610077e-01,4.462911123650126211e-02,1.000000000000000000e+00,6.829213011149715129e-01,0.000000000000000000e+00,0.000000000000000000e+00,-7.304919551120562238e-01
-7.484611733799093614e-01,4.477516193505037823e-02,1.000000000000000000e+00,6.823148820339584031e-01,0.000000000000000000e+00,0.000000000000000000e+00,-7.310584119993321917e-01
-7.493825353908489806e-01,4.492274198351131620e-02,1.000000000000000000e+00,6.817079930989722314e-01,0.000000000000000000e+00,0.000000000000000000e+00,-7.316243654669871699e-01
-7.503036512003162795e-01,4.507185097537935725e-02,1.000000000000000000e+00,6.811006347279274786e-01,0.000000000000000000e+00,0.000000000000000000e+00,-7.321898151252954623e-01
-7.512245182711256852e-01,4.522248849993837361e-02,1.000000000000000000e+00,6.804928073390615895e-01,0.000000000000000000e+00,0.000000000000000000e+00,-7.327547605848786505e-01
-7.521451340667770769e-01,4.537465414226193872e-02,1.000000000000000000e+00,6.798845113509351945e-01,0.000000000000000000e+00,0.000000000000000000e+00,-7.333192014567053718e-01
-7.530654960514621132e-01,4.552834748321421543e-02,1.000000000000000000e+00,6.792757471824315552e-01,0.000000000000000000e+00,0.000000000000000000e+00,-7.338831373520918744e-01
-7.539856016900718938e-01,4.568356809945173236e-02,1.000000000000000000e+00,6.786665152527563416e-01,0.000000000000000000e+00,0.000000000000000000e+00,-7.344465678827019062e-01
-7.549054484482030647e-01,4.584031556342405000e-02,1.000000000000000000e+00,6.780568159814374107e-01,0.000000000000000000e+00,0.000000000000000000e+00,-7.350094926605472700e-01
-7.558250337921663675e-01,4.599858944337498201e-02,1.000000000000000000e+00,6.774466497883241400e-01,0.000000000000000000e+00,0.000000000000000000e+00,-7.355719112979883789e-01
-7.567443551889914133e-01,4.615838930334403845e-02,9.999999999999998890e-01,6.768360170935878717e-01,0.000000000000000000e+00,0.000000000000000000e+00,-7.361338234077335896e-01
-7.576634101064355642e-01,4.631971470316731398e-02,1.000000000000000000e+00,6.762249183177209133e-01,0.000000000000000000e+00,0.000000000000000000e+00,-7.366952286028406460e-01
-7.585821960129901509e-01,4.648256519847859813e-02,1.000000000000000000e+00,6.756133538815366490e-01,0.000000000000000000e+00,0.000000000000000000e+00,-7.372561264967159023e-01
