4.000000000000003553e-02,5.499999999999999334e-01,1.000000000000000000e+00,1.000000000000000000e+00,0.000000000000000000e+00,0.000000000000000000e+00,0.000000000000000000e+00
4.008376108253619563e-02,5.490623615845123817e-01,1.000000000000000000e+00,9.999996556912464918e-01,0.000000000000000000e+00,0.000000000000000000e+00,8.298297345906027831e-04
4.016907820965298637e-02,5.481248634751988424e-01,1.000000000000000222e+00,9.999986227652232218e-01,0.000000000000000000e+00,0.000000000000000000e+00,1.659658897745922576e-03
4.025595114634672456e-02,5.471875082543695701e-01,1.000000000000000000e+00,9.999969012226412879e-01,0.000000000000000000e+00,0.000000000000000000e+00,2.489486918031069956e-03
4.034437965332848819e-02,5.462502985039408010e-01,1.000000000000000000e+00,9.999944910646862972e-01,0.000000000000000000e+00,0.000000000000000000e+00,3.319313224011941760e-03
4.043436348702478256e-02,5.453132368054283141e-01,9.999999999999998890e-01,9.999913922930179222e-01,0.000000000000000000e+00,0.000000000000000000e+00,4.149137244255617259e-03
4.052590239957809537e-02,5.443763257399401034e-01,9.999999999999998890e-01,9.999876049097699005e-01,0.000000000000000000e+00,0.000000000000000000e+00,4.978958407330746731e-03
4.061899613884700777e-02,5.434395678881691616e-01,1.000000000000000000e+00,9.999831289175504789e-01,0.000000000000000000e+00,0.000000000000000000e+00,5.808776141807950669e-03
4.071364444840752661e-02,5.425029658303862634e-01,9.999999999999998890e-01,9.999779643194418588e-01,0.000000000000000000e+00,0.000000000000000000e+00,6.638589876260208786e-03
4.080984706755419467e-02,5.415665221464335266e-01,1.000000000000000000e+00,9.999721111190003064e-01,0.000000000000000000e+00,0.000000000000000000e+00,7.468399039263258141e-03
4.090760373129942451e-02,5.406302394157163071e-01,1.000000000000000000e+00,9.999655693202567086e-01,0.000000000000000000e+00,0.000000000000000000e+00,8.298203059395979977e-03
4.100691417037538589e-02,5.396941202171972041e-01,1.000000000000000000e+00,9.999583389277155732e-01,0.000000000000000000e+00,0.000000000000000000e+00,9.128001365240797846e-03
4.110777811123533798e-02,5.387581671293877328e-01,1.000000000000000000e+00,9.999504199463561394e-01,0.000000000000000000e+00,0.000000000000000000e+00,9.957793385384073118e-03
4.121019527605152000e-02,5.378223827303424409e-01,1.000000000000000000e+00,9.999418123816313786e-01,0.000000000000000000e+00,0.000000000000000000e+00,1.078757854841649010e-02
4.131416538271959205e-02,5.368867695976506926e-01,1.000000000000000000e+00,9.999325162394686606e-01,0.000000000000000000e+00,0.000000000000000000e+00,1.161735628293346367e-02
4.141968814485696981e-02,5.359513303084305624e-01,9.999999999999998890e-01,9.999225315262695313e-01,0.000000000000000000e+00,0.000000000000000000e+00,1.244712601753551404e-02
4.152676327180437887e-02,5.350160674393210636e-01,9.999999999999998890e-01,9.999118582489096019e-01,0.000000000000000000e+00,0.000000000000000000e+00,1.327688718082867952e-02
4.163539046862674287e-02,5.340809835664752647e-01,1.000000000000000000e+00,9.999004964147386598e-01,0.000000000000000000e+00,0.000000000000000000e+00,1.410663920142489307e-02
4.174556943611362758e-02,5.331460812655531845e-01,1.000000000000000000e+00,9.998884460315806688e-01,0.000000000000000000e+00,0.000000000000000000e+00,1.493638150794238811e-02
4.185729987078035119e-02,5.322113631117149080e-01,9.999999999999998890e-01,9.998757071077337688e-01,0.000000000000000000e+00,0.000000000000000000e+00,1.576611352900608720e-02
4.197058146486887242e-02,5.312768316796129264e-01,1.000000000000000000e+00,9.998622796519700540e-01,0.000000000000000000e+00,0.000000000000000000e+00,1.659583469324799401e-02
4.208541390634878976e-02,5.303424895433858088e-01,1.000000000000000000e+00,9.998481636735361278e-01,0.000000000000000000e+00,0.000000000000000000e+00,1.742554442930758368e-02
4.220179687891734144e-02,5.294083392766504303e-01,1.000000000000000000e+00,9.998333591821523259e-01,0.000000000000000000e+00,0.000000000000000000e+00,1.825524216583221393e-02
4.231973006200107079e-02,5.284743834524950890e-01,1.000000000000000000e+00,9.998178661880133822e-01,0.000000000000000000e+00,0.000000000000000000e+00,1.908492733147749629e-02
4.243921313075693647e-02,5.275406246434730662e-01,1.000000000000000000e+00,9.998016847017879849e-01,0.000000000000000000e+00,0.000000000000000000e+00,1.991459935490770203e-02
4.256024575607231242e-02,5.266070654215941893e-01,1.000000000000000000e+00,9.997848147346189984e-01,0.000000000000000000e+00,0.000000000000000000e+00,2.074425766479614380e-02
4.268282760456643121e-02,5.256737083583191694e-01,1.000000000000000000e+00,9.997672562981234634e-01,0.000000000000000000e+00,0.000000000000000000e+00,2.157390168982558851e-02
4.280695833859138322e-02,5.247405560245513856e-01,1.000000000000000000e+00,9.997490094043923747e-01,0.000000000000000000e+00,0.000000000000000000e+00,2.240353085868863545e-02
4.293263761623289376e-02,5.238076109906306677e-01,1.000000000000000000e+00,9.997300740659907925e-01,0.000000000000000000e+00,0.000000000000000000e+00,2.323314460008811880e-02
4.305986509131132234e-02,5.228748758263258578e-01,1.000000000000000000e+00,9.997104502959579531e-01,0.000000000000000000e+00,0.000000000000000000e+00,2.406274234273748577e-02
4.318864041338210669e-02,5.219423531008272610e-01,9.999999999999998890e-01,9.996901381078071580e-01,0.000000000000000000e+00,0.000000000000000000e+00,2.489232351536120949e-02
4.331896322773787222e-02,5.210100453827404277e-01,1.000000000000000000e+00,9.996691375155257742e-01,0.000000000000000000e+00,0.000000000000000000e+00,2.572188754669517408e-02
4.345083317540821000e-02,5.200779552400787153e-01,1.000000000000000000e+00,9.996474485335751226e-01,0.000000000000000000e+00,0.000000000000000000e+00,2.655143386548706325e-02
4.358424989316156406e-02,5.191460852402559611e-01,1.000000000000000000e+00,9.996250711768905894e-01,0.000000000000000000e+00,0.000000000000000000e+00,2.738096190049675582e-02
4.371921301350545352e-02,5.182144379500797093e-01,1.000000000000000000e+00,9.996020054608816263e-01,0.000000000000000000e+00,0.000000000000000000e+00,2.821047108049672819e-02
4.385572216468835993e-02,5.172830159357439950e-01,1.000000000000000000e+00,9.995782514014317499e-01,0.000000000000000000e+00,0.000000000000000000e+00,2.903996083427242900e-02
4.399377697069939419e-02,5.163518217628225715e-01,1.000000000000000000e+00,9.995538090148984312e-01,0.000000000000000000e+00,0.000000000000000000e+00,2.986943059062270242e-02
4.413337705127151622e-02,5.154208579962611392e-01,1.000000000000000000e+00,9.995286783181129842e-01,0.000000000000000000e+00,0.000000000000000000e+00,3.069887977836014900e-02
4.427452202187986963e-02,5.144901272003714610e-01,1.000000000000000000e+00,9.995028593283810103e-01,0.000000000000000000e+00,0.000000000000000000e+00,3.152830782631153850e-02
4.441721149374544542e-02,5.135596319388227027e-01,1.000000000000000000e+00,9.994763520634818432e-01,0.000000000000000000e+00,0.000000000000000000e+00,3.235771416331818806e-02
4.456144507383419384e-02,5.126293747746362151e-01,1.000000000000000000e+00,9.994491565416687706e-01,0.000000000000000000e+00,0.000000000000000000e+00,3.318709821823638551e-02
4.470722236485924483e-02,5.116993582701766519e-01,1.000000000000000000e+00,9.994212727816692565e-01,0.000000000000000000e+00,0.000000000000000000e+00,3.401645941993773625e-02
4.485454296528135210e-02,5.107695849871463079e-01,1.000000000000000000e+00,9.993927008026844971e-01,0.000000000000000000e+00,0.000000000000000000e+00,3.484579719730961089e-02
4.500340646931033639e-02,5.098400574865773471e-01,1.000000000000000000e+00,9.993634406243895318e-01,0.000000000000000000e+00,0.000000000000000000e+00,3.567511097925549213e-02
4.515381246690663986e-02,5.089107783288250308e-01,1.000000000000000000e+00,9.993334922669336873e-01,0.000000000000000000e+00,0.000000000000000000e+00,3.650440019469539110e-02
4.530576054378132600e-02,5.079817500735605007e-01,1.000000000000000222e+00,9.993028557509396892e-01,0.000000000000000000e+00,0.000000000000000000e+00,3.733366427256623599e-02
4.545925028139752300e-02,5.070529752797637846e-01,1.000000000000000000e+00,9.992715310975044396e-01,0.000000000000000000e+00,0.000000000000000000e+00,3.816290264182225361e-02
4.561428125697297720e-02,5.061244565057166911e-01,9.999999999999998890e-01,9.992395183281986837e-01,0.000000000000000000e+00,0.000000000000000000e+00,3.899211473143540663e-02
4.577085304347949801e-02,5.051961963089960372e-01,1.000000000000000000e+00,9.992068174650670098e-01,0.000000000000000000e+00,0.000000000000000000e+00,3.982129997039571961e-02
4.592896520964473428e-02,5.042681972464662099e-01,9.999999999999998890e-01,9.991734285306277386e-01,0.000000000000000000e+00,0.000000000000000000e+00,4.065045778771172319e-02
4.608861731995383959e-02,5.033404618742723935e-01,1.000000000000000222e+00,9.991393515478731446e-01,0.000000000000000000e+00,0.000000000000000000e+00,4.147958761241082870e-02
4.624980893464969434e-02,5.024129927478333535e-01,1.000000000000000000e+00,9.991045865402690129e-01,0.000000000000000000e+00,0.000000000000000000e+00,4.230868887353972374e-02
4.641253960973490411e-02,5.014857924218346641e-01,1.000000000000000222e+00,9.990691335317555266e-01,0.000000000000000000e+00,0.000000000000000000e+00,4.313776100016475379e-02
4.657680889697246585e-02,5.005588634502213807e-01,1.000000000000000000e+00,9.990329925467458239e-01,0.000000000000000000e+00,0.000000000000000000e+00,4.396680342137235936e-02
4.674261634388832132e-02,4.996322083861910457e-01,1.000000000000000000e+00,9.989961636101275522e-01,0.000000000000000000e+00,0.000000000000000000e+00,4.479581556626940214e-02
4.690996149377046898e-02,4.987058297821869157e-01,1.000000000000000000e+00,9.989586467472616471e-01,0.000000000000000000e+00,0.000000000000000000e+00,4.562479686398360212e-02
4.707884388567196154e-02,4.977797301898905791e-01,1.000000000000000000e+00,9.989204419839827764e-01,0.000000000000000000e+00,0.000000000000000000e+00,4.645374674366393314e-02
4.724926305441135010e-02,4.968539121602152386e-01,1.000000000000000000e+00,9.988815493465995621e-01,0.000000000000000000e+00,0.000000000000000000e+00,4.728266463448099061e-02
4.742121853057390535e-02,4.959283782432983845e-01,9.999999999999998890e-01,9.988419688618940251e-01,0.000000000000000000e+00,0.000000000000000000e+00,4.811154996562741482e-02
4.759470984051394904e-02,4.950031309884950770e-01,1.000000000000000000e+00,9.988017005571221407e-01,0.000000000000000000e+00,0.000000000000000000e+00,4.894040216631823786e-02
4.776973650635474300e-02,4.940781729443707304e-01,1.000000000000000000e+00,9.987607444600131723e-01,0.000000000000000000e+00,0.000000000000000000e+00,4.976922066579132775e-02
4.794629804599070955e-02,4.931535066586940630e-01,9.999999999999998890e-01,9.987191005987703374e-01,0.000000000000000000e+00,0.000000000000000000e+00,5.059800489330777001e-02
4.812439397308843070e-02,4.922291346784301580e-01,1.000000000000000000e+00,9.986767690020703636e-01,0.000000000000000000e+00,0.000000000000000000e+00,5.142675427815221467e-02
4.830402379708798044e-02,4.913050595497335804e-01,1.000000000000000000e+00,9.986337496990633777e-01,0.000000000000000000e+00,0.000000000000000000e+00,5.225546824963334808e-02
4.848518702320503415e-02,4.903812838179411604e-01,1.000000000000000000e+00,9.985900427193733497e-01,0.000000000000000000e+00,0.000000000000000000e+00,5.308414623708420516e-02
4.866788315243031349e-02,4.894578100275648880e-01,1.000000000000000222e+00,9.985456480930976486e-01,0.000000000000000000e+00,0.000000000000000000e+00,5.391278766986261350e-02
4.885211168153291705e-02,4.885346407222853626e-01,9.999999999999998890e-01,9.985005658508070425e-01,0.000000000000000000e+00,0.000000000000000000e+00,5.474139197735159584e-02
4.903787210306176370e-02,4.876117784449441883e-01,1.000000000000000000e+00,9.984547960235462538e-01,0.000000000000000000e+00,0.000000000000000000e+00,5.556995858895970308e-02
4.922516390534459330e-02,4.866892257375374786e-01,1.000000000000000000e+00,9.984083386428329598e-01,0.000000000000000000e+00,0.000000000000000000e+00,5.639848693412146535e-02
4.941398657249207460e-02,4.857669851412086404e-01,1.000000000000000000e+00,9.983611937406585701e-01,0.000000000000000000e+00,0.000000000000000000e+00,5.722697644229775976e-02
4.960433958439802726e-02,4.848450591962412126e-01,1.000000000000000000e+00,9.983133613494878933e-01,0.000000000000000000e+00,0.000000000000000000e+00,5.805542654297619898e-02
4.979622241674075411e-02,4.839234504420522054e-01,1.000000000000000000e+00,9.982648415022591371e-01,0.000000000000000000e+00,0.000000000000000000e+00,5.888383666567155450e-02
4.998963454098492853e-02,4.830021614171848277e-01,9.999999999999998890e-01,9.982156342323839082e-01,0.000000000000000000e+00,0.000000000000000000e+00,5.971220623992609666e-02
5.018457542438270469e-02,4.820811946593016595e-01,1.000000000000000000e+00,9.981657395737473237e-01,0.000000000000000000e+00,0.000000000000000000e+00,6.054053469531005260e-02
5.038104452997538285e-02,4.811605527051776576e-01,9.999999999999998890e-01,9.981151575607075666e-01,0.000000000000000000e+00,0.000000000000000000e+00,6.136882146142193240e-02
5.057904131659474167e-02,4.802402380906929391e-01,9.999999999999998890e-01,9.980638882280963298e-01,0.000000000000000000e+00,0.000000000000000000e+00,6.219706596788896619e-02
5.077856523886481455e-02,4.793202533508261198e-01,1.000000000000000000e+00,9.980119316112187056e-01,0.000000000000000000e+00,0.000000000000000000e+00,6.302526764436749973e-02
5.097961574720288880e-02,4.784006010196472647e-01,1.000000000000000000e+00,9.979592877458527411e-01,0.000000000000000000e+00,0.000000000000000000e+00,6.385342592054335520e-02
5.118219228782139307e-02,4.774812836303106156e-01,1.000000000000000000e+00,9.979059566682499938e-01,0.000000000000000000e+00,0.000000000000000000e+00,6.468154022613223364e-02
5.138629430272967369e-02,4.765623037150479302e-01,1.000000000000000000e+00,9.978519384151351979e-01,0.000000000000000000e+00,0.000000000000000000e+00,6.550960999088015213e-02
5.159192122973443873e-02,4.756436638051614874e-01,1.000000000000000000e+00,9.977972330237062648e-01,0.000000000000000000e+00,0.000000000000000000e+00,6.633763464456374215e-02
5.179907250244331074e-02,4.747253664310168708e-01,1.000000000000000000e+00,9.977418405316342831e-01,0.000000000000000000e+00,0.000000000000000000e+00,6.716561361699073529e-02
5.200774755026371654e-02,4.738074141220362523e-01,9.999999999999998890e-01,9.976857609770634072e-01,0.000000000000000000e+00,0.000000000000000000e+00,6.799354633800035186e-02
5.221794579840710604e-02,4.728898094066913416e-01,1.000000000000000000e+00,9.976289943986111908e-01,0.000000000000000000e+00,0.000000000000000000e+00,6.882143223746359229e-02
5.242966666788861918e-02,4.719725548124963366e-01,1.000000000000000000e+00,9.975715408353679203e-01,0.000000000000000000e+00,0.000000000000000000e+00,6.964927074528372286e-02
5.264290957552930639e-02,4.710556528660011510e-01,1.000000000000000000e+00,9.975134003268971705e-01,0.000000000000000000e+00,0.000000000000000000e+00,7.047706129139669207e-02
5.285767393395846003e-02,4.701391060927843091e-01,1.000000000000000000e+00,9.974545729132355820e-01,0.000000000000000000e+00,0.000000000000000000e+00,7.130480330577140813e-02
5.307395915161394750e-02,4.692229170174458952e-01,9.999999999999998890e-01,9.973950586348926395e-01,0.000000000000000000e+00,0.000000000000000000e+00,7.213249621841022474e-02
5.329176463274509779e-02,4.683070881636009486e-01,1.000000000000000000e+00,9.973348575328510046e-01,0.000000000000000000e+00,0.000000000000000000e+00,7.296013945934934353e-02
5.351108977741270145e-02,4.673916220538719690e-01,1.000000000000000000e+00,9.972739696485661831e-01,0.000000000000000000e+00,0.000000000000000000e+00,7.378773245865911934e-02
5.373193398149289646e-02,4.664765212098826441e-01,1.000000000000000000e+00,9.972123950239666357e-01,0.000000000000000000e+00,0.000000000000000000e+00,7.461527464644453211e-02
5.395429663667683506e-02,4.655617881522503554e-01,1.000000000000000000e+00,9.971501337014536670e-01,0.000000000000000000e+00,0.000000000000000000e+00,7.544276545284551994e-02
5.417817713047323736e-02,4.646474254005794613e-01,9.999999999999998890e-01,9.970871857239016478e-01,0.000000000000000000e+00,0.000000000000000000e+00,7.627020430803745088e-02
5.440357484621027861e-02,4.637334354734542474e-01,1.000000000000000000e+00,9.970235511346574597e-01,0.000000000000000000e+00,0.000000000000000000e+00,7.709759064223142833e-02
5.463048916303669955e-02,4.628198208884323206e-01,1.000000000000000000e+00,9.969592299775411615e-01,0.000000000000000000e+00,0.000000000000000000e+00,7.792492388567474892e-02
5.485891945592391572e-02,4.619065841620370039e-01,9.999999999999998890e-01,9.968942222968453226e-01,0.000000000000000000e+00,0.000000000000000000e+00,7.875220346865126342e-02
5.508886509566812695e-02,4.609937278097512303e-01,1.000000000000000000e+00,9.968285281373355788e-01,0.000000000000000000e+00,0.000000000000000000e+00,7.957942882148175134e-02
5.532032544889031733e-02,4.600812543460099935e-01,9.999999999999998890e-01,9.967621475442497436e-01,0.000000000000000000e+00,0.000000000000000000e+00,8.040659937452435124e-02
5.555329987804014102e-02,4.591691662841935750e-01,1.000000000000000000e+00,9.966950805632989185e-01,0.000000000000000000e+00,0.000000000000000000e+00,8.123371455817494924e-02
5.578778774139703245e-02,4.582574661366208835e-01,1.000000000000000000e+00,9.966273272406664940e-01,0.000000000000000000e+00,0.000000000000000000e+00,8.206077380286755374e-02
5.602378839307098346e-02,4.573461564145421265e-01,1.000000000000000222e+00,9.965588876230087045e-01,0.000000000000000000e+00,0.000000000000000000e+00,8.288777653907468401e-02
5.626130118300542993e-02,4.564352396281322610e-01,1.000000000000000000e+00,9.964897617574540734e-01,0.000000000000000000e+00,0.000000000000000000e+00,8.371472219730777264e-02
5.650032545697902808e-02,4.555247182864838318e-01,1.000000000000000222e+00,9.964199496916040788e-01,0.000000000000000000e+00,0.000000000000000000e+00,8.454161020811756799e-02
5.674086055660587657e-02,4.546145948976001439e-01,1.000000000000000000e+00,9.963494514735323770e-01,0.000000000000000000e+00,0.000000000000000000e+00,8.536844000209450889e-02
5.698290581934006838e-02,4.537048719683883236e-01,1.000000000000000000e+00,9.962782671517853572e-01,0.000000000000000000e+00,0.000000000000000000e+00,8.619521100986911322e-02
5.722646057847480261e-02,4.527955520046525462e-01,9.999999999999998890e-01,9.962063967753816973e-01,0.000000000000000000e+00,0.000000000000000000e+00,8.702192266211240812e-02
5.747152416314671441e-02,4.518866375110869305e-01,1.000000000000000000e+00,9.961338403938128083e-01,0.000000000000000000e+00,0.000000000000000000e+00,8.784857438953626307e-02
5.771809589833454268e-02,4.509781309912687108e-01,9.999999999999998890e-01,9.960605980570420570e-01,0.000000000000000000e+00,0.000000000000000000e+00,8.867516562289383397e-02
5.796617510486468117e-02,4.500700349476516315e-01,1.000000000000000000e+00,9.959866698155055431e-01,0.000000000000000000e+00,0.000000000000000000e+00,8.950169579297992395e-02
5.821576109941029031e-02,4.491623518815583971e-01,9.999999999999998890e-01,9.959120557201114332e-01,0.000000000000000000e+00,0.000000000000000000e+00,9.032816433063139971e-02
5.846685319449451690e-02,4.482550842931743995e-01,1.000000000000000222e+00,9.958367558222405158e-01,0.000000000000000000e+00,0.000000000000000000e+00,9.115457066672752462e-02
5.871945069849138221e-02,4.473482346815406130e-01,1.000000000000000000e+00,9.957607701737453132e-01,0.000000000000000000e+00,0.000000000000000000e+00,9.198091423219047214e-02
5.897355291562911273e-02,4.464418055445468769e-01,1.000000000000000000e+00,9.956840988269510806e-01,0.000000000000000000e+00,0.000000000000000000e+00,9.280719445798556178e-02
5.922915914599080622e-02,4.455357993789243465e-01,9.999999999999998890e-01,9.956067418346550291e-01,0.000000000000000000e+00,0.000000000000000000e+00,9.363341077512177257e-02
5.948626868551731839e-02,4.446302186802396084e-01,1.000000000000000222e+00,9.955286992501264365e-01,0.000000000000000000e+00,0.000000000000000000e+00,9.445956261465209003e-02
5.974488082600737382e-02,4.437250659428870203e-01,1.000000000000000000e+00,9.954499711271068696e-01,0.000000000000000000e+00,0.000000000000000000e+00,9.528564940767389468e-02
6.000499485512211795e-02,4.428203436600823273e-01,1.000000000000000000e+00,9.953705575198098510e-01,0.000000000000000000e+00,0.000000000000000000e+00,9.611167058532936458e-02
6.026661005638567215e-02,4.419160543238554451e-01,1.000000000000000000e+00,9.952904584829210810e-01,0.000000000000000000e+00,0.000000000000000000e+00,9.693762557880582220e-02
6.052972570918668804e-02,4.410122004250438543e-01,1.000000000000000000e+00,9.952096740715981049e-01,0.000000000000000000e+00,0.000000000000000000e+00,9.776351381933623408e-02
6.079434108878101206e-02,4.401087844532856064e-01,1.000000000000000000e+00,9.951282043414704237e-01,0.000000000000000000e+00,0.000000000000000000e+00,9.858933473819950222e-02
6.106045546629368381e-02,4.392058088970125507e-01,9.999999999999998890e-01,9.950460493486394942e-01,0.000000000000000000e+00,0.000000000000000000e+00,9.941508776672083880e-02
6.132806810872082348e-02,4.383032762434432295e-01,9.999999999999998890e-01,9.949632091496788400e-01,0.000000000000000000e+00,0.000000000000000000e+00,1.002407723362723074e-01
6.159717827893163022e-02,4.374011889785763829e-01,1.000000000000000000e+00,9.948796838016336075e-01,0.000000000000000000e+00,0.000000000000000000e+00,1.010663878782730313e-01
6.186778523567015853e-02,4.364995495871839548e-01,1.000000000000000000e+00,9.947954733620207879e-01,0.000000000000000000e+00,0.000000000000000000e+00,1.018919338241897066e-01
6.213988823355764968e-02,4.355983605528042091e-01,1.000000000000000000e+00,9.947105778888291061e-01,0.000000000000000000e+00,0.000000000000000000e+00,1.027174096055369079e-01
6.241348652309497425e-02,4.346976243577349575e-01,1.000000000000000000e+00,9.946249974405191319e-01,0.000000000000000000e+00,0.000000000000000000e+00,1.035428146538776017e-01
6.268857935066407538e-02,4.337973434830264541e-01,1.000000000000000000e+00,9.945387320760231686e-01,0.000000000000000000e+00,0.000000000000000000e+00,1.043681484008234100e-01
6.296516595852996723e-02,4.328975204084751227e-01,1.000000000000000000e+00,9.944517818547448096e-01,0.000000000000000000e+00,0.000000000000000000e+00,1.051934102780350405e-01
6.324324558484306635e-02,4.319981576126161738e-01,1.000000000000000000e+00,9.943641468365597147e-01,0.000000000000000000e+00,0.000000000000000000e+00,1.060185997172227446e-01
6.352281746364185633e-02,4.310992575727169984e-01,1.000000000000000000e+00,9.942758270818148336e-01,0.000000000000000000e+00,0.000000000000000000e+00,1.068437161501466504e-01
6.380388082485388690e-02,4.302008227647704519e-01,1.000000000000000000e+00,9.941868226513286277e-01,0.000000000000000000e+00,0.000000000000000000e+00,1.076687590086170543e-01
6.408643489429866058e-02,4.293028556634878035e-01,1.000000000000000000e+00,9.940971336063911812e-01,0.000000000000000000e+00,0.000000000000000000e+00,1.084937277244950871e-01
6.437047889368940901e-02,4.284053587422921305e-01,9.999999999999998890e-01,9.940067600087638677e-01,0.000000000000000000e+00,0.000000000000000000e+00,1.093186217296927970e-01
6.465601204063642360e-02,4.275083344733113799e-01,1.000000000000000000e+00,9.939157019206796839e-01,0.000000000000000000e+00,0.000000000000000000e+00,1.101434404561737468e-01
6.494303354864627842e-02,4.266117853273716509e-01,1.000000000000000000e+00,9.938239594048425829e-01,0.000000000000000000e+00,0.000000000000000000e+00,1.109681833359533326e-01
6.523154262712760332e-02,4.257157137739901454e-01,9.999999999999998890e-01,9.937315325244282516e-01,0.000000000000000000e+00,0.000000000000000000e+00,1.117928498010991589e-01
6.552153848139086190e-02,4.248201222813686728e-01,9.999999999999998890e-01,9.936384213430834444e-01,0.000000000000000000e+00,0.000000000000000000e+00,1.126174392837314686e-01
6.581302031265134911e-02,4.239250133163867673e-01,1.000000000000000000e+00,9.935446259249260947e-01,0.000000000000000000e+00,0.000000000000000000e+00,1.134419512160234761e-01
6.610598731803096761e-02,4.230303893445949148e-01,1.000000000000000000e+00,9.934501463345454253e-01,0.000000000000000000e+00,0.000000000000000000e+00,1.142663850302018669e-01
6.640043869056111436e-02,4.221362528302074479e-01,1.000000000000000000e+00,9.933549826370016156e-01,0.000000000000000000e+00,0.000000000000000000e+00,1.150907401585470613e-01
6.669637361918434593e-02,4.212426062360964396e-01,9.999999999999998890e-01,9.932591348978261347e-01,0.000000000000000000e+00,0.000000000000000000e+00,1.159150160333936863e-01
6.699379128875715406e-02,4.203494520237838761e-01,1.000000000000000000e+00,9.931626031830215195e-01,0.000000000000000000e+00,0.000000000000000000e+00,1.167392120871309641e-01
6.729269088005174204e-02,4.194567926534361058e-01,1.000000000000000000e+00,9.930653875590610413e-01,0.000000000000000000e+00,0.000000000000000000e+00,1.175633277522030729e-01
6.759307156975791209e-02,4.185646305838560677e-01,1.000000000000000000e+00,9.929674880928891501e-01,0.000000000000000000e+00,0.000000000000000000e+00,1.183873624611094660e-01
6.789493253048650701e-02,4.176729682724769077e-01,9.999999999999998890e-01,9.928689048519210303e-01,0.000000000000000000e+00,0.000000000000000000e+00,1.192113156464054968e-01
6.819827293077040942e-02,4.167818081753555948e-01,1.000000000000000222e+00,9.927696379040430452e-01,0.000000000000000000e+00,0.000000000000000000e+00,1.200351867407025291e-01
6.850309193506776140e-02,4.158911527471652603e-01,1.000000000000000000e+00,9.926696873176119595e-01,0.000000000000000000e+00,0.000000000000000000e+00,1.208589751766685344e-01
6.880938870376418492e-02,4.150010044411892585e-01,1.000000000000000000e+00,9.925690531614554946e-01,0.000000000000000000e+00,0.000000000000000000e+00,1.216826803870283552e-01
6.911716239317422517e-02,4.141113657093140610e-01,9.999999999999998890e-01,9.924677355048722172e-01,0.000000000000000000e+00,0.000000000000000000e+00,1.225063018045641633e-01
6.942641215554490319e-02,4.132222390020223735e-01,1.000000000000000000e+00,9.923657344176312067e-01,0.000000000000000000e+00,0.000000000000000000e+00,1.233298388621158481e-01
6.973713713905693723e-02,4.123336267683865297e-01,1.000000000000000000e+00,9.922630499699721662e-01,0.000000000000000000e+00,0.000000000000000000e+00,1.241532909925813499e-01
7.004933648782774025e-02,4.114455314560621080e-01,9.999999999999998890e-01,9.921596822326053111e-01,0.000000000000000000e+00,0.000000000000000000e+00,1.249766576289171177e-01
7.036300934191430656e-02,4.105579555112803813e-01,1.000000000000000000e+00,9.920556312767117024e-01,0.000000000000000000e+00,0.000000000000000000e+00,1.257999382041385117e-01
7.067815483731387793e-02,4.096709013788424336e-01,1.000000000000000000e+00,9.919508971739424696e-01,0.000000000000000000e+00,0.000000000000000000e+00,1.266231321513200669e-01
7.099477210596749632e-02,4.087843715021118318e-01,1.000000000000000000e+00,9.918454799964193658e-01,0.000000000000000000e+00,0.000000000000000000e+00,1.274462389035960486e-01
7.131286027576289044e-02,4.078983683230081869e-01,1.000000000000000000e+00,9.917393798167345453e-01,0.000000000000000000e+00,0.000000000000000000e+00,1.282692578941607153e-01
7.163241847053603006e-02,4.070128942820000484e-01,1.000000000000000000e+00,9.916325967079504533e-01,0.000000000000000000e+00,0.000000000000000000e+00,1.290921885562687776e-01
7.195344581007312446e-02,4.061279518180989090e-01,1.000000000000000000e+00,9.915251307435998251e-01,0.000000000000000000e+00,0.000000000000000000e+00,1.299150303232358139e-01
7.227594141011461915e-02,4.052435433688518218e-01,1.000000000000000000e+00,9.914169819976855758e-01,0.000000000000000000e+00,0.000000000000000000e+00,1.307377826284385203e-01
7.259990438235575105e-02,4.043596713703349055e-01,1.000000000000000000e+00,9.913081505446807995e-01,0.000000000000000000e+00,0.000000000000000000e+00,1.315604449053152936e-01
7.292533383445087836e-02,4.034763382571466273e-01,1.000000000000000000e+00,9.911986364595287702e-01,0.000000000000000000e+00,0.000000000000000000e+00,1.323830165873665088e-01
7.325222887001425764e-02,4.025935464624011972e-01,1.000000000000000222e+00,9.910884398176428300e-01,0.000000000000000000e+00,0.000000000000000000e+00,1.332054971081548800e-01
7.358058858862304152e-02,4.017112984177217960e-01,9.999999999999998890e-01,9.909775606949062787e-01,0.000000000000000000e+00,0.000000000000000000e+00,1.340278859013058488e-01
7.391041208582116440e-02,4.008295965532335803e-01,1.000000000000000000e+00,9.908659991676723733e-01,0.000000000000000000e+00,0.000000000000000000e+00,1.348501824005082783e-01
7.424169845311945348e-02,3.999484432975577430e-01,1.000000000000000222e+00,9.907537553127644392e-01,0.000000000000000000e+00,0.000000000000000000e+00,1.356723860395142034e-01
7.457444677799929256e-02,3.990678410778040197e-01,1.000000000000000000e+00,9.906408292074754263e-01,0.000000000000000000e+00,0.000000000000000000e+00,1.364944962521399130e-01
7.490865614391628569e-02,3.981877923195643598e-01,1.000000000000000000e+00,9.905272209295684638e-01,0.000000000000000000e+00,0.000000000000000000e+00,1.373165124722659225e-01
7.524432563030059029e-02,3.973082994469063767e-01,1.000000000000000000e+00,9.904129305572759723e-01,0.000000000000000000e+00,0.000000000000000000e+00,1.381384341338374178e-01
7.558145431256091396e-02,3.964293648823662419e-01,1.000000000000000000e+00,9.902979581693003297e-01,0.000000000000000000e+00,0.000000000000000000e+00,1.389602606708648103e-01
7.592004126208617976e-02,3.955509910469426349e-01,1.000000000000000000e+00,9.901823038448136494e-01,0.000000000000000000e+00,0.000000000000000000e+00,1.397819915174239314e-01
7.626008554624930103e-02,3.946731803600894151e-01,1.000000000000000000e+00,9.900659676634574469e-01,0.000000000000000000e+00,0.000000000000000000e+00,1.406036261076565042e-01
7.660158622840851361e-02,3.937959352397094603e-01,1.000000000000000000e+00,9.899489497053428622e-01,0.000000000000000000e+00,0.000000000000000000e+00,1.414251638757706153e-01
7.694454236791092860e-02,3.929192581021476727e-01,1.000000000000000222e+00,9.898312500510505485e-01,0.000000000000000000e+00,0.000000000000000000e+00,1.422466042560409927e-01
7.728895302009375357e-02,3.920431513621845943e-01,1.000000000000000000e+00,9.897128687816304504e-01,0.000000000000000000e+00,0.000000000000000000e+00,1.430679466828093382e-01
7.763481723628862241e-02,3.911676174330296907e-01,9.999999999999998890e-01,9.895938059786020258e-01,0.000000000000000000e+00,0.000000000000000000e+00,1.438891905904848834e-01
7.798213406382326074e-02,3.902926587263142455e-01,1.000000000000000000e+00,9.894740617239541347e-01,0.000000000000000000e+00,0.000000000000000000e+00,1.447103354135447772e-01
7.833090254602381730e-02,3.894182776520855871e-01,1.000000000000000000e+00,9.893536361001445956e-01,0.000000000000000000e+00,0.000000000000000000e+00,1.455313805865342536e-01
7.868112172221808365e-02,3.885444766187996501e-01,9.999999999999998890e-01,9.892325291901006290e-01,0.000000000000000000e+00,0.000000000000000000e+00,1.463523255440672688e-01
7.903279062773815866e-02,3.876712580333148694e-01,9.999999999999998890e-01,9.891107410772186359e-01,0.000000000000000000e+00,0.000000000000000000e+00,1.471731697208266965e-01
7.938590829392266901e-02,3.867986243008851299e-01,1.000000000000000000e+00,9.889882718453640864e-01,0.000000000000000000e+00,0.000000000000000000e+00,1.479939125515648823e-01
7.974047374811954469e-02,3.859265778251534940e-01,1.000000000000000000e+00,9.888651215788712978e-01,0.000000000000000000e+00,0.000000000000000000e+00,1.488145534711040052e-01
8.009648601368923870e-02,3.850551210081455955e-01,9.999999999999998890e-01,9.887412903625437677e-01,0.000000000000000000e+00,0.000000000000000000e+00,1.496350919143362990e-01
8.045394411000694745e-02,3.841842562502625902e-01,9.999999999999998890e-01,9.886167782816538407e-01,0.000000000000000000e+00,0.000000000000000000e+00,1.504555273162246354e-01
8.081284705246516431e-02,3.833139859502748825e-01,1.000000000000000000e+00,9.884915854219427089e-01,0.000000000000000000e+00,0.000000000000000000e+00,1.512758591118028850e-01
8.117319385247634411e-02,3.824443125053156312e-01,1.000000000000000000e+00,9.883657118696204114e-01,0.000000000000000000e+00,0.000000000000000000e+00,1.520960867361761115e-01
8.153498351747656692e-02,3.815752383108738099e-01,1.000000000000000000e+00,9.882391577113656123e-01,0.000000000000000000e+00,0.000000000000000000e+00,1.529162096245212932e-01
8.189821505092742537e-02,3.807067657607877686e-01,1.000000000000000000e+00,9.881119230343258231e-01,0.000000000000000000e+00,0.000000000000000000e+00,1.537362272120874340e-01
8.226288745231791211e-02,3.798388972472388492e-01,1.000000000000000000e+00,9.879840079261169583e-01,0.000000000000000000e+00,0.000000000000000000e+00,1.545561389341960634e-01
8.262899971716941572e-02,3.789716351607442801e-01,9.999999999999998890e-01,9.878554124748235576e-01,0.000000000000000000e+00,0.000000000000000000e+00,1.553759442262415968e-01
8.299655083703716407e-02,3.781049818901511816e-01,1.000000000000000000e+00,9.877261367689988969e-01,0.000000000000000000e+00,0.000000000000000000e+00,1.561956425236918078e-01
8.336553979951255577e-02,3.772389398226294599e-01,1.000000000000000000e+00,9.875961808976643219e-01,0.000000000000000000e+00,0.000000000000000000e+00,1.570152332620880498e-01
8.373596558822671287e-02,3.763735113436658120e-01,1.000000000000000000e+00,9.874655449503096927e-01,0.000000000000000000e+00,0.000000000000000000e+00,1.578347158770458392e-01
8.410782718285303439e-02,3.755086988370565648e-01,1.000000000000000222e+00,9.873342290168934943e-01,0.000000000000000000e+00,0.000000000000000000e+00,1.586540898042550218e-01
8.448112355910997184e-02,3.746445046849014582e-01,1.000000000000000000e+00,9.872022331878418377e-01,0.000000000000000000e+00,0.000000000000000000e+00,1.594733544794804114e-01
8.485585368876413792e-02,3.737809312675970386e-01,1.000000000000000000e+00,9.870695575540494593e-01,0.000000000000000000e+00,0.000000000000000000e+00,1.602925093385620392e-01
8.523201653963308200e-02,3.729179809638296650e-01,1.000000000000000000e+00,9.869362022068792761e-01,0.000000000000000000e+00,0.000000000000000000e+00,1.611115538174155148e-01
8.560961107558717753e-02,3.720556561505700688e-01,1.000000000000000000e+00,9.868021672381619425e-01,0.000000000000000000e+00,0.000000000000000000e+00,1.619304873520324151e-01
8.598863625655417398e-02,3.711939592030655266e-01,1.000000000000000000e+00,9.866674527401962935e-01,0.000000000000000000e+00,0.000000000000000000e+00,1.627493093784808387e-01
8.636909103852064007e-02,3.703328924948339762e-01,1.000000000000000000e+00,9.865320588057492346e-01,0.000000000000000000e+00,0.000000000000000000e+00,1.635680193329056009e-01
8.675097437353529450e-02,3.694724583976575216e-01,1.000000000000000222e+00,9.863959855280552969e-01,0.000000000000000000e+00,0.000000000000000000e+00,1.643866166515286498e-01
8.713428520971211455e-02,3.686126592815757164e-01,1.000000000000000000e+00,9.862592330008168595e-01,0.000000000000000000e+00,0.000000000000000000e+00,1.652051007706495656e-01
8.751902249123333366e-02,3.677534975148790131e-01,9.999999999999998890e-01,9.861218013182042608e-01,0.000000000000000000e+00,0.000000000000000000e+00,1.660234711266458107e-01
8.790518515835177293e-02,3.668949754641023797e-01,1.000000000000000000e+00,9.859836905748551317e-01,0.000000000000000000e+00,0.000000000000000000e+00,1.668417271559733406e-01
8.829277214739394974e-02,3.660370954940185273e-01,1.000000000000000222e+00,9.858449008658752843e-01,0.000000000000000000e+00,0.000000000000000000e+00,1.676598682951666586e-01
8.868178239076340841e-02,3.651798599676319146e-01,9.999999999999998890e-01,9.857054322868373797e-01,0.000000000000000000e+00,0.000000000000000000e+00,1.684778939808393994e-01
8.907221481694316267e-02,3.643232712461715872e-01,1.000000000000000000e+00,9.855652849337822596e-01,0.000000000000000000e+00,0.000000000000000000e+00,1.692958036496848284e-01
8.946406835049924844e-02,3.634673316890850714e-01,1.000000000000000000e+00,9.854244589032176149e-01,0.000000000000000000e+00,0.000000000000000000e+00,1.701135967384760361e-01
8.985734191208294419e-02,3.626120436540318792e-01,1.000000000000000000e+00,9.852829542921187622e-01,0.000000000000000000e+00,0.000000000000000000e+00,1.709312726840663266e-01
9.025203441843399066e-02,3.617574094968768472e-01,1.000000000000000000e+00,9.851407711979283111e-01,0.000000000000000000e+00,0.000000000000000000e+00,1.717488309233897725e-01
9.064814478238403250e-02,3.609034315716836971e-01,1.000000000000000000e+00,9.849979097185559418e-01,0.000000000000000000e+00,0.000000000000000000e+00,1.725662708934614653e-01
9.104567191285894978e-02,3.600501122307088187e-01,9.999999999999998890e-01,9.848543699523786277e-01,0.000000000000000000e+00,0.000000000000000000e+00,1.733835920313778756e-01
9.144461471488296578e-02,3.591974538243940529e-01,1.000000000000000000e+00,9.847101519982404128e-01,0.000000000000000000e+00,0.000000000000000000e+00,1.742007937743174084e-01
9.184497208957942416e-02,3.583454587013612525e-01,9.999999999999998890e-01,9.845652559554521899e-01,0.000000000000000000e+00,0.000000000000000000e+00,1.750178755595406255e-01
9.224674293417678417e-02,3.574941292084049538e-01,1.000000000000000000e+00,9.844196819237920337e-01,0.000000000000000000e+00,0.000000000000000000e+00,1.758348368243906890e-01
9.264992614200906473e-02,3.566434676904862711e-01,1.000000000000000000e+00,9.842734300035046457e-01,0.000000000000000000e+00,0.000000000000000000e+00,1.766516770062937780e-01
9.305452060252095148e-02,3.557934764907265679e-01,1.000000000000000000e+00,9.841265002953017982e-01,0.000000000000000000e+00,0.000000000000000000e+00,1.774683955427594773e-01
9.346052520126879593e-02,3.549441579504006850e-01,1.000000000000000000e+00,9.839788929003617790e-01,0.000000000000000000e+00,0.000000000000000000e+00,1.782849918713810544e-01
9.386793881992538946e-02,3.540955144089305007e-01,1.000000000000000000e+00,9.838306079203296139e-01,0.000000000000000000e+00,0.000000000000000000e+00,1.791014654298359876e-01
9.427676033628251684e-02,3.532475482038791581e-01,1.000000000000000000e+00,9.836816454573169555e-01,0.000000000000000000e+00,0.000000000000000000e+00,1.799178156558863262e-01
9.468698862425350971e-02,3.524002616709435154e-01,9.999999999999998890e-01,9.835320056139018607e-01,0.000000000000000000e+00,0.000000000000000000e+00,1.807340419873789683e-01
9.509862255387713237e-02,3.515536571439485947e-01,1.000000000000000000e+00,9.833816884931291247e-01,0.000000000000000000e+00,0.000000000000000000e+00,1.815501438622462160e-01
9.551166099132069043e-02,3.507077369548408097e-01,1.000000000000000000e+00,9.832306941985097248e-01,0.000000000000000000e+00,0.000000000000000000e+00,1.823661207185059974e-01
9.592610279888158509e-02,3.498625034336814710e-01,1.000000000000000000e+00,9.830790228340208214e-01,0.000000000000000000e+00,0.000000000000000000e+00,1.831819719942623936e-01
9.634194683499297529e-02,3.490179589086407352e-01,9.999999999999998890e-01,9.829266745041060904e-01,0.000000000000000000e+00,0.000000000000000000e+00,1.839976971277059170e-01
9.675919195422499897e-02,3.481741057059907218e-01,9.999999999999998890e-01,9.827736493136752793e-01,0.000000000000000000e+00,0.000000000000000000e+00,1.848132955571139269e-01
9.717783700728876983e-02,3.473309461500992956e-01,1.000000000000000000e+00,9.826199473681042074e-01,0.000000000000000000e+00,0.000000000000000000e+00,1.856287667208511016e-01
9.759788084103904193e-02,3.464884825634237941e-01,1.000000000000000000e+00,9.824655687732346543e-01,0.000000000000000000e+00,0.000000000000000000e+00,1.864441100573697441e-01
9.801932229847798439e-02,3.456467172665046439e-01,9.999999999999998890e-01,9.823105136353743605e-01,0.000000000000000000e+00,0.000000000000000000e+00,1.872593250052101144e-01
9.844216021875806799e-02,3.448056525779586989e-01,1.000000000000000000e+00,9.821547820612972490e-01,0.000000000000000000e+00,0.000000000000000000e+00,1.880744110030009297e-01
9.886639343718495176e-02,3.439652908144728016e-01,1.000000000000000000e+00,9.819983741582425374e-01,0.000000000000000000e+00,0.000000000000000000e+00,1.888893674894597807e-01
9.929202078522103569e-02,3.431256342907982315e-01,1.000000000000000000e+00,9.818412900339157368e-01,0.000000000000000000e+00,0.000000000000000000e+00,1.897041939033932145e-01
9.971904109048912446e-02,3.422866853197430448e-01,9.999999999999998890e-01,9.816835297964874307e-01,0.000000000000000000e+00,0.000000000000000000e+00,1.905188896836975954e-01
1.001474531767744258e-01,3.414484462121666342e-01,1.000000000000000000e+00,9.815250935545942745e-01,0.000000000000000000e+00,0.000000000000000000e+00,1.913334542693591878e-01
1.005772558640292136e-01,3.406109192769734006e-01,1.000000000000000000e+00,9.813659814173381069e-01,0.000000000000000000e+00,0.000000000000000000e+00,1.921478870994544619e-01
1.010084479683744929e-01,3.397741068211053150e-01,1.000000000000000000e+00,9.812061934942865049e-01,0.000000000000000000e+00,0.000000000000000000e+00,1.929621876131507596e-01
1.014410283021055514e-01,3.389380111495371439e-01,1.000000000000000000e+00,9.810457298954720073e-01,0.000000000000000000e+00,0.000000000000000000e+00,1.937763552497065445e-01
1.018749956736924034e-01,3.381026345652689002e-01,1.000000000000000000e+00,9.808845907313928913e-01,0.000000000000000000e+00,0.000000000000000000e+00,1.945903894484715679e-01
1.023103488877855627e-01,3.372679793693200145e-01,1.000000000000000000e+00,9.807227761130122845e-01,0.000000000000000000e+00,0.000000000000000000e+00,1.954042896488878134e-01
1.027470867452174863e-01,3.364340478607225626e-01,1.000000000000000000e+00,9.805602861517584978e-01,0.000000000000000000e+00,0.000000000000000000e+00,1.962180552904892183e-01
1.031852080430071261e-01,3.356008423365158255e-01,9.999999999999998890e-01,9.803971209595251368e-01,0.000000000000000000e+00,0.000000000000000000e+00,1.970316858129025905e-01
1.036247115743629266e-01,3.347683650917386844e-01,1.000000000000000000e+00,9.802332806486704353e-01,0.000000000000000000e+00,0.000000000000000000e+00,1.978451806558476633e-01
1.040655961286854891e-01,3.339366184194246800e-01,9.999999999999998890e-01,9.800687653320176995e-01,0.000000000000000000e+00,0.000000000000000000e+00,1.986585392591377341e-01
1.045078604915720133e-01,3.331056046105945745e-01,9.999999999999998890e-01,9.799035751228551971e-01,0.000000000000000000e+00,0.000000000000000000e+00,1.994717610626796922e-01
1.049515034448186279e-01,3.322753259542505777e-01,1.000000000000000000e+00,9.797377101349358242e-01,0.000000000000000000e+00,0.000000000000000000e+00,2.002848455064748789e-01
1.053965237664242771e-01,3.314457847373700194e-01,9.999999999999998890e-01,9.795711704824768828e-01,0.000000000000000000e+00,0.000000000000000000e+00,2.010977920306190603e-01
1.058429202305943839e-01,3.306169832448988544e-01,1.000000000000000000e+00,9.794039562801607479e-01,0.000000000000000000e+00,0.000000000000000000e+00,2.019106000753030372e-01
1.062906916077428487e-01,3.297889237597456669e-01,1.000000000000000000e+00,9.792360676431338673e-01,0.000000000000000000e+00,0.000000000000000000e+00,2.027232690808129789e-01
1.067398366644976004e-01,3.289616085627750097e-01,1.000000000000000000e+00,9.790675046870074283e-01,0.000000000000000000e+00,0.000000000000000000e+00,2.035357984875307280e-01
1.071903541637019286e-01,3.281350399328015199e-01,1.000000000000000000e+00,9.788982675278566914e-01,0.000000000000000000e+00,0.000000000000000000e+00,2.043481877359343557e-01
1.076422428644193685e-01,3.273092201465831463e-01,1.000000000000000000e+00,9.787283562822214344e-01,0.000000000000000000e+00,0.000000000000000000e+00,2.051604362665984393e-01
1.080955015219358106e-01,3.264841514788154320e-01,1.000000000000000000e+00,9.785577710671055085e-01,0.000000000000000000e+00,0.000000000000000000e+00,2.059725435201943122e-01
1.085501288877647186e-01,3.256598362021249637e-01,1.000000000000000000e+00,9.783865119999768378e-01,0.000000000000000000e+00,0.000000000000000000e+00,2.067845089374907852e-01
1.090061237096483504e-01,3.248362765870629332e-01,1.000000000000000000e+00,9.782145791987674199e-01,0.000000000000000000e+00,0.000000000000000000e+00,2.075963319593542578e-01
1.094634847315631987e-01,3.240134749020993632e-01,1.000000000000000000e+00,9.780419727818732145e-01,0.000000000000000000e+00,0.000000000000000000e+00,2.084080120267491343e-01
1.099222106937219889e-01,3.231914334136163913e-01,1.000000000000000222e+00,9.778686928681540325e-01,0.000000000000000000e+00,0.000000000000000000e+00,2.092195485807383515e-01
1.103823003325777874e-01,3.223701543859022189e-01,9.999999999999998890e-01,9.776947395769334248e-01,0.000000000000000000e+00,0.000000000000000000e+00,2.100309410624836004e-01
1.108437523808282199e-01,3.215496400811450606e-01,1.000000000000000000e+00,9.775201130279985717e-01,0.000000000000000000e+00,0.000000000000000000e+00,2.108421889132458538e-01
1.113065655674176924e-01,3.207298927594264271e-01,1.000000000000000000e+00,9.773448133416006156e-01,0.000000000000000000e+00,0.000000000000000000e+00,2.116532915743856158e-01
1.117707386175408324e-01,3.199109146787154634e-01,1.000000000000000000e+00,9.771688406384537728e-01,0.000000000000000000e+00,0.000000000000000000e+00,2.124642484873633941e-01
1.122362702526475964e-01,3.190927080948623429e-01,1.000000000000000000e+00,9.769921950397361110e-01,0.000000000000000000e+00,0.000000000000000000e+00,2.132750590937400603e-01
1.127031591904450458e-01,3.182752752615922720e-01,9.999999999999998890e-01,9.768148766670886607e-01,0.000000000000000000e+00,0.000000000000000000e+00,2.140857228351772112e-01
1.131714041449018993e-01,3.174586184304987735e-01,1.000000000000000000e+00,9.766368856426161926e-01,0.000000000000000000e+00,0.000000000000000000e+00,2.148962391534376681e-01
1.136410038262513078e-01,3.166427398510385793e-01,1.000000000000000000e+00,9.764582220888862185e-01,0.000000000000000000e+00,0.000000000000000000e+00,2.157066074903856157e-01
1.141119569409958512e-01,3.158276417705243033e-01,9.999999999999998890e-01,9.762788861289297682e-01,0.000000000000000000e+00,0.000000000000000000e+00,2.165168272879872957e-01
1.145842621919095361e-01,3.150133264341185568e-01,1.000000000000000222e+00,9.760988778862407234e-01,0.000000000000000000e+00,0.000000000000000000e+00,2.173268979883112018e-01
1.150579182780412379e-01,3.141997960848286753e-01,1.000000000000000000e+00,9.759181974847757068e-01,0.000000000000000000e+00,0.000000000000000000e+00,2.181368190335283563e-01
1.155329238947203629e-01,3.133870529634986135e-01,1.000000000000000000e+00,9.757368450489546374e-01,0.000000000000000000e+00,0.000000000000000000e+00,2.189465898659130327e-01
1.160092777335579584e-01,3.125750993088049490e-01,1.000000000000000000e+00,9.755548207036598418e-01,0.000000000000000000e+00,0.000000000000000000e+00,2.197562099278428660e-01
1.164869784824520416e-01,3.117639373572492212e-01,1.000000000000000000e+00,9.753721245742364987e-01,0.000000000000000000e+00,0.000000000000000000e+00,2.205656786617992415e-01
1.169660248255904866e-01,3.109535693431522696e-01,1.000000000000000000e+00,9.751887567864924167e-01,0.000000000000000000e+00,0.000000000000000000e+00,2.213749955103679057e-01
1.174464154434547991e-01,3.101439974986481829e-01,1.000000000000000222e+00,9.750047174666978123e-01,0.000000000000000000e+00,0.000000000000000000e+00,2.221841599162389935e-01
1.179281490128234466e-01,3.093352240536779152e-01,1.000000000000000000e+00,9.748200067415853098e-01,0.000000000000000000e+00,0.000000000000000000e+00,2.229931713222078338e-01
1.184112242067759668e-01,3.085272512359832908e-01,1.000000000000000000e+00,9.746346247383500527e-01,0.000000000000000000e+00,0.000000000000000000e+00,2.238020291711750043e-01
1.188956396946967420e-01,3.077200812711008981e-01,9.999999999999998890e-01,9.744485715846494811e-01,0.000000000000000000e+00,0.000000000000000000e+00,2.246107329061466928e-01
1.193813941422777747e-01,3.069137163823558168e-01,9.999999999999998890e-01,9.742618474086026659e-01,0.000000000000000000e+00,0.000000000000000000e+00,2.254192819702355022e-01
1.198684862115234617e-01,3.061081587908554558e-01,1.000000000000000000e+00,9.740744523387915299e-01,0.000000000000000000e+00,0.000000000000000000e+00,2.262276758066603666e-01
1.203569145607531476e-01,3.053034107154837806e-01,9.999999999999998890e-01,9.738863865042592938e-01,0.000000000000000000e+00,0.000000000000000000e+00,2.270359138587471071e-01
1.208466778446060097e-01,3.044994743728948183e-01,1.000000000000000000e+00,9.736976500345115859e-01,0.000000000000000000e+00,0.000000000000000000e+00,2.278439955699288200e-01
1.213377747140441665e-01,3.036963519775068843e-01,9.999999999999998890e-01,9.735082430595155545e-01,0.000000000000000000e+00,0.000000000000000000e+00,2.286519203837463765e-01
1.218302038163563417e-01,3.028940457414959764e-01,1.000000000000000000e+00,9.733181657097003114e-01,0.000000000000000000e+00,0.000000000000000000e+00,2.294596877438485061e-01
1.223239637951611947e-01,3.020925578747902795e-01,1.000000000000000000e+00,9.731274181159561554e-01,0.000000000000000000e+00,0.000000000000000000e+00,2.302672970939925179e-01
1.228190532904120946e-01,3.012918905850637818e-01,1.000000000000000000e+00,9.729360004096354597e-01,0.000000000000000000e+00,0.000000000000000000e+00,2.310747478780445230e-01
1.233154709384000070e-01,3.004920460777301128e-01,1.000000000000000000e+00,9.727439127225516735e-01,0.000000000000000000e+00,0.000000000000000000e+00,2.318820395399796841e-01
1.238132153717573791e-01,2.996930265559366591e-01,1.000000000000000000e+00,9.725511551869798765e-01,0.000000000000000000e+00,0.000000000000000000e+00,2.326891715238828540e-01
1.243122852194630257e-01,2.988948342205580144e-01,9.999999999999998890e-01,9.723577279356561132e-01,0.000000000000000000e+00,0.000000000000000000e+00,2.334961432739488807e-01
1.248126791068436825e-01,2.980974712701912610e-01,1.000000000000000000e+00,9.721636311017779475e-01,0.000000000000000000e+00,0.000000000000000000e+00,2.343029542344828020e-01
1.253143956555800020e-01,2.973009399011478648e-01,1.000000000000000000e+00,9.719688648190037972e-01,0.000000000000000000e+00,0.000000000000000000e+00,2.351096038499005114e-01
1.258174334837086628e-01,2.965052423074494015e-01,1.000000000000000000e+00,9.717734292214530445e-01,0.000000000000000000e+00,0.000000000000000000e+00,2.359160915647289802e-01
1.263217912056272541e-01,2.957103806808209501e-01,1.000000000000000000e+00,9.715773244437061473e-01,0.000000000000000000e+00,0.000000000000000000e+00,2.367224168236065907e-01
1.268274674320982731e-01,2.949163572106841547e-01,1.000000000000000000e+00,9.713805506208043061e-01,0.000000000000000000e+00,0.000000000000000000e+00,2.375285790712836909e-01
1.273344607702513454e-01,2.941231740841528941e-01,1.000000000000000000e+00,9.711831078882493529e-01,0.000000000000000000e+00,0.000000000000000000e+00,2.383345777526228726e-01
1.278427698235893306e-01,2.933308334860256217e-01,1.000000000000000000e+00,9.709849963820038621e-01,0.000000000000000000e+00,0.000000000000000000e+00,2.391404123125992764e-01
1.283523931919898775e-01,2.925393375987807576e-01,9.999999999999998890e-01,9.707862162384908178e-01,0.000000000000000000e+00,0.000000000000000000e+00,2.399460821963011470e-01
1.288633294717114186e-01,2.917486886025692505e-01,1.000000000000000000e+00,9.705867675945938355e-01,0.000000000000000000e+00,0.000000000000000000e+00,2.407515868489300825e-01
1.293755772553950578e-01,2.909588886752099146e-01,1.000000000000000000e+00,9.703866505876566073e-01,0.000000000000000000e+00,0.000000000000000000e+00,2.415569257158014793e-01
1.298891351320702325e-01,2.901699399921824352e-01,9.999999999999998890e-01,9.701858653554832346e-01,0.000000000000000000e+00,0.000000000000000000e+00,2.423620982423449477e-01
1.304040016871573782e-01,2.893818447266221505e-01,1.000000000000000000e+00,9.699844120363381172e-01,0.000000000000000000e+00,0.000000000000000000e+00,2.431671038741044788e-01
1.309201755024719249e-01,2.885946050493134463e-01,1.000000000000000000e+00,9.697822907689452876e-01,0.000000000000000000e+00,0.000000000000000000e+00,2.439719420567391939e-01
1.314376551562292939e-01,2.878082231286839265e-01,1.000000000000000000e+00,9.695795016924890763e-01,0.000000000000000000e+00,0.000000000000000000e+00,2.447766122360234275e-01
1.319564392230471173e-01,2.870227011307986964e-01,1.000000000000000000e+00,9.693760449466136686e-01,0.000000000000000000e+00,0.000000000000000000e+00,2.455811138578471442e-01
1.324765262739507898e-01,2.862380412193541446e-01,1.000000000000000000e+00,9.691719206714228818e-01,0.000000000000000000e+00,0.000000000000000000e+00,2.463854463682164653e-01
1.329979148763762442e-01,2.854542455556721148e-01,1.000000000000000000e+00,9.689671290074801657e-01,0.000000000000000000e+00,0.000000000000000000e+00,2.471896092132540024e-01
1.335206035941742808e-01,2.846713162986941326e-01,1.000000000000000000e+00,9.687616700958088245e-01,0.000000000000000000e+00,0.000000000000000000e+00,2.479936018391990515e-01
1.340445909876148978e-01,2.838892556049745775e-01,1.000000000000000000e+00,9.685555440778914615e-01,0.000000000000000000e+00,0.000000000000000000e+00,2.487974236924083149e-01
1.345698756133909546e-01,2.831080656286760200e-01,1.000000000000000000e+00,9.683487510956698685e-01,0.000000000000000000e+00,0.000000000000000000e+00,2.496010742193559007e-01
1.350964560246215029e-01,2.823277485215626714e-01,1.000000000000000000e+00,9.681412912915454694e-01,0.000000000000000000e+00,0.000000000000000000e+00,2.504045528666340448e-01
1.356243307708571155e-01,2.815483064329939999e-01,9.999999999999998890e-01,9.679331648083786543e-01,0.000000000000000000e+00,0.000000000000000000e+00,2.512078590809532219e-01
1.361534983980828839e-01,2.807697415099195681e-01,1.000000000000000000e+00,9.677243717894890018e-01,0.000000000000000000e+00,0.000000000000000000e+00,2.520109923091427562e-01
1.366839574487227482e-01,2.799920558968725937e-01,1.000000000000000000e+00,9.675149123786550565e-01,0.000000000000000000e+00,0.000000000000000000e+00,2.528139519981510985e-01
1.372157064616432720e-01,2.792152517359647868e-01,9.999999999999998890e-01,9.673047867201142180e-01,0.000000000000000000e+00,0.000000000000000000e+00,2.536167375950460490e-01
1.377487439721579721e-01,2.784393311668791893e-01,1.000000000000000000e+00,9.670939949585626305e-01,0.000000000000000000e+00,0.000000000000000000e+00,2.544193485470154226e-01
1.382830685120313152e-01,2.776642963268655118e-01,9.999999999999998890e-01,9.668825372391551820e-01,0.000000000000000000e+00,0.000000000000000000e+00,2.552217843013673271e-01
1.388186786094826042e-01,2.768901493507339162e-01,1.000000000000000000e+00,9.666704137075055048e-01,0.000000000000000000e+00,0.000000000000000000e+00,2.560240443055303294e-01
1.393555727891900853e-01,2.761168923708481882e-01,1.000000000000000000e+00,9.664576245096854201e-01,0.000000000000000000e+00,0.000000000000000000e+00,2.568261280070542329e-01
1.398937495722953894e-01,2.753445275171213513e-01,1.000000000000000222e+00,9.662441697922254935e-01,0.000000000000000000e+00,0.000000000000000000e+00,2.576280348536102438e-01
1.404332074764065297e-01,2.745730569170090063e-01,1.000000000000000000e+00,9.660300497021141464e-01,0.000000000000000000e+00,0.000000000000000000e+00,2.584297642929910821e-01
1.409739450156031193e-01,2.738024826955032798e-01,1.000000000000000000e+00,9.658152643867983222e-01,0.000000000000000000e+00,0.000000000000000000e+00,2.592313157731119255e-01
1.415159607004402575e-01,2.730328069751274955e-01,9.999999999999998890e-01,9.655998139941829317e-01,0.000000000000000000e+00,0.000000000000000000e+00,2.600326887420103539e-01
1.420592530379525265e-01,2.722640318759298461e-01,9.999999999999998890e-01,9.653836986726309632e-01,0.000000000000000000e+00,0.000000000000000000e+00,2.608338826478469596e-01
1.426038205316572105e-01,2.714961595154779528e-01,9.999999999999998890e-01,9.651669185709631504e-01,0.000000000000000000e+00,0.000000000000000000e+00,2.616348969389055701e-01
1.431496616815602918e-01,2.707291920088530923e-01,1.000000000000000000e+00,9.649494738384580828e-01,0.000000000000000000e+00,0.000000000000000000e+00,2.624357310635937468e-01
1.436967749841584485e-01,2.699631314686435912e-01,1.000000000000000000e+00,9.647313646248519836e-01,0.000000000000000000e+00,0.000000000000000000e+00,2.632363844704430078e-01
1.442451589324449390e-01,2.691979800049401073e-01,1.000000000000000000e+00,9.645125910803387104e-01,0.000000000000000000e+00,0.000000000000000000e+00,2.640368566081094936e-01
1.447948120159127106e-01,2.684337397253290236e-01,1.000000000000000000e+00,9.642931533555695323e-01,0.000000000000000000e+00,0.000000000000000000e+00,2.648371469253739674e-01
1.453457327205591731e-01,2.676704127348870088e-01,9.999999999999998890e-01,9.640730516016530194e-01,0.000000000000000000e+00,0.000000000000000000e+00,2.656372548711426473e-01
1.458979195288899744e-01,2.669080011361747440e-01,9.999999999999998890e-01,9.638522859701552647e-01,0.000000000000000000e+00,0.000000000000000000e+00,2.664371798944470404e-01
1.464513709199239955e-01,2.661465070292318158e-01,1.000000000000000222e+00,9.636308566130993292e-01,0.000000000000000000e+00,0.000000000000000000e+00,2.672369214444449970e-01
1.470060853691952385e-01,2.653859325115708878e-01,1.000000000000000000e+00,9.634087636829652412e-01,0.000000000000000000e+00,0.000000000000000000e+00,2.680364789704202111e-01
1.475620613487601540e-01,2.646262796781709836e-01,1.000000000000000000e+00,9.631860073326901084e-01,0.000000000000000000e+00,0.000000000000000000e+00,2.688358519217835529e-01
1.481192973271997504e-01,2.638675506214726574e-01,9.999999999999998890e-01,9.629625877156677838e-01,0.000000000000000000e+00,0.000000000000000000e+00,2.696350397480727357e-01
1.486777917696243678e-01,2.631097474313723317e-01,1.000000000000000000e+00,9.627385049857490884e-01,0.000000000000000000e+00,0.000000000000000000e+00,2.704340418989530925e-01
1.492375431376786743e-01,2.623528721952154696e-01,1.000000000000000000e+00,9.625137592972412559e-01,0.000000000000000000e+00,0.000000000000000000e+00,2.712328578242177435e-01
1.497985498895435530e-01,2.615969269977920786e-01,9.999999999999998890e-01,9.622883508049080437e-01,0.000000000000000000e+00,0.000000000000000000e+00,2.720314869737879837e-01
1.503608104799438738e-01,2.608419139213301596e-01,9.999999999999998890e-01,9.620622796639697327e-01,0.000000000000000000e+00,0.000000000000000000e+00,2.728299287977138388e-01
1.509243233601494927e-01,2.600878350454900456e-01,1.000000000000000000e+00,9.618355460301029058e-01,0.000000000000000000e+00,0.000000000000000000e+00,2.736281827461743421e-01
1.514890869779814686e-01,2.593346924473595161e-01,1.000000000000000000e+00,9.616081500594402254e-01,0.000000000000000000e+00,0.000000000000000000e+00,2.744262482694777572e-01
1.520550997778158386e-01,2.585824882014463588e-01,1.000000000000000000e+00,9.613800919085706553e-01,0.000000000000000000e+00,0.000000000000000000e+00,2.752241248180623545e-01
1.526223602005870594e-01,2.578312243796747061e-01,1.000000000000000000e+00,9.611513717345387953e-01,0.000000000000000000e+00,0.000000000000000000e+00,2.760218118424961342e-01
1.531908666837937805e-01,2.570809030513775961e-01,1.000000000000000000e+00,9.609219896948456574e-01,0.000000000000000000e+00,0.000000000000000000e+00,2.768193087934780472e-01
1.537606176615027298e-01,2.563315262832924213e-01,1.000000000000000000e+00,9.606919459474475564e-01,0.000000000000000000e+00,0.000000000000000000e+00,2.776166151218376621e-01
1.543316115643511566e-01,2.555830961395546552e-01,1.000000000000000000e+00,9.604612406507566646e-01,0.000000000000000000e+00,0.000000000000000000e+00,2.784137302785358314e-01
1.549038468195547136e-01,2.548356146816923573e-01,9.999999999999998890e-01,9.602298739636406788e-01,0.000000000000000000e+00,0.000000000000000000e+00,2.792106537146651912e-01
1.554773218509083454e-01,2.540890839686205105e-01,1.000000000000000000e+00,9.599978460454228202e-01,0.000000000000000000e+00,0.000000000000000000e+00,2.800073848814502164e-01
1.560520350787925059e-01,2.533435060566349151e-01,9.999999999999998890e-01,9.597651570558815015e-01,0.000000000000000000e+00,0.000000000000000000e+00,2.808039232302480537e-01
1.566279849201774876e-01,2.525988829994074703e-01,1.000000000000000000e+00,9.595318071552505490e-01,0.000000000000000000e+00,0.000000000000000000e+00,2.816002682125482437e-01
1.572051697886265309e-01,2.518552168479799014e-01,1.000000000000000000e+00,9.592977965042186472e-01,0.000000000000000000e+00,0.000000000000000000e+00,2.823964192799737760e-01
1.577835880943017077e-01,2.511125096507577092e-01,1.000000000000000000e+00,9.590631252639296722e-01,0.000000000000000000e+00,0.000000000000000000e+00,2.831923758842811445e-01
1.583632382439671415e-01,2.503707634535052851e-01,1.000000000000000000e+00,9.588277935959823584e-01,0.000000000000000000e+00,0.000000000000000000e+00,2.839881374773605693e-01
1.589441186409945583e-01,2.496299802993401928e-01,9.999999999999998890e-01,9.585918016624301874e-01,0.000000000000000000e+00,0.000000000000000000e+00,2.847837035112368298e-01
1.595262276853662842e-01,2.488901622287265081e-01,9.999999999999998890e-01,9.583551496257814994e-01,0.000000000000000000e+00,0.000000000000000000e+00,2.855790734380691531e-01
1.601095637736810184e-01,2.481513112794712095e-01,9.999999999999998890e-01,9.581178376489987158e-01,0.000000000000000000e+00,0.000000000000000000e+00,2.863742467101518252e-01
1.606941252991569424e-01,2.474134294867164630e-01,1.000000000000000000e+00,9.578798658954993384e-01,0.000000000000000000e+00,0.000000000000000000e+00,2.871692227799146901e-01
1.612799106516372705e-01,2.466765188829351807e-01,1.000000000000000000e+00,9.576412345291546169e-01,0.000000000000000000e+00,0.000000000000000000e+00,2.879640010999233168e-01
1.618669182175940247e-01,2.459405814979252480e-01,1.000000000000000222e+00,9.574019437142905486e-01,0.000000000000000000e+00,0.000000000000000000e+00,2.887585811228793875e-01
1.624551463801328088e-01,2.452056193588036948e-01,1.000000000000000000e+00,9.571619936156867681e-01,0.000000000000000000e+00,0.000000000000000000e+00,2.895529623016212528e-01
1.630445935189968054e-01,2.444716344900015326e-01,1.000000000000000000e+00,9.569213843985771017e-01,0.000000000000000000e+00,0.000000000000000000e+00,2.903471440891240429e-01
1.636352580105719934e-01,2.437386289132574824e-01,9.999999999999998890e-01,9.566801162286494575e-01,0.000000000000000000e+00,0.000000000000000000e+00,2.911411259385003336e-01
1.642271382278913672e-01,2.430066046476132002e-01,1.000000000000000222e+00,9.564381892720452694e-01,0.000000000000000000e+00,0.000000000000000000e+00,2.919349073030003128e-01
1.648202325406381563e-01,2.422755637094075043e-01,1.000000000000000000e+00,9.561956036953594973e-01,0.000000000000000000e+00,0.000000000000000000e+00,2.927284876360121690e-01
1.654145393151529309e-01,2.415455081122699355e-01,1.000000000000000000e+00,9.559523596656410716e-01,0.000000000000000000e+00,0.000000000000000000e+00,2.935218663910627024e-01
1.660100569144353777e-01,2.408164398671168160e-01,1.000000000000000222e+00,9.557084573503918934e-01,0.000000000000000000e+00,0.000000000000000000e+00,2.943150430218174352e-01
1.666067836981501848e-01,2.400883609821442000e-01,1.000000000000000000e+00,9.554638969175673902e-01,0.000000000000000000e+00,0.000000000000000000e+00,2.951080169820809451e-01
1.672047180226317042e-01,2.393612734628231542e-01,1.000000000000000000e+00,9.552186785355762932e-01,0.000000000000000000e+00,0.000000000000000000e+00,2.959007877257974206e-01
1.678038582408885038e-01,2.386351793118942632e-01,1.000000000000000000e+00,9.549728023732800830e-01,0.000000000000000000e+00,0.000000000000000000e+00,2.966933547070512156e-01
1.684042027026065869e-01,2.379100805293616894e-01,1.000000000000000000e+00,9.547262685999935439e-01,0.000000000000000000e+00,0.000000000000000000e+00,2.974857173800667387e-01
1.690057497541554987e-01,2.371859791124881212e-01,1.000000000000000000e+00,9.544790773854840982e-01,0.000000000000000000e+00,0.000000000000000000e+00,2.982778751992091748e-01
1.696084977385925452e-01,2.364628770557885007e-01,1.000000000000000000e+00,9.542312288999719172e-01,0.000000000000000000e+00,0.000000000000000000e+00,2.990698276189849292e-01
1.702124449956663454e-01,2.357407763510258603e-01,1.000000000000000000e+00,9.539827233141299212e-01,0.000000000000000000e+00,0.000000000000000000e+00,2.998615740940414609e-01
1.708175898618224942e-01,2.350196789872042169e-01,1.000000000000000000e+00,9.537335607990832242e-01,0.000000000000000000e+00,0.000000000000000000e+00,3.006531140791684487e-01
1.714239306702083354e-01,2.342995869505647422e-01,1.000000000000000000e+00,9.534837415264095783e-01,0.000000000000000000e+00,0.000000000000000000e+00,3.014444470292975686e-01
1.720314657506764044e-01,2.335805022245783791e-01,1.000000000000000000e+00,9.532332656681389293e-01,0.000000000000000000e+00,0.000000000000000000e+00,3.022355723995031052e-01
1.726401934297895346e-01,2.328624267899427336e-01,1.000000000000000000e+00,9.529821333967533059e-01,0.000000000000000000e+00,0.000000000000000000e+00,3.030264896450022283e-01
1.732501120308261866e-01,2.321453626245746360e-01,9.999999999999998890e-01,9.527303448851868195e-01,0.000000000000000000e+00,0.000000000000000000e+00,3.038171982211555489e-01
1.738612198737838899e-01,2.314293117036050895e-01,9.999999999999998890e-01,9.524779003068254424e-01,0.000000000000000000e+00,0.000000000000000000e+00,3.046076975834672296e-01
1.744735152753850160e-01,2.307142759993749404e-01,1.000000000000000222e+00,9.522247998355070076e-01,0.000000000000000000e+00,0.000000000000000000e+00,3.053979871875855956e-01
1.750869965490802205e-01,2.300002574814282164e-01,1.000000000000000000e+00,9.519710436455207647e-01,0.000000000000000000e+00,0.000000000000000000e+00,3.061880664893033566e-01
1.757016620050541045e-01,2.292872581165070200e-01,1.000000000000000000e+00,9.517166319116077133e-01,0.000000000000000000e+00,0.000000000000000000e+00,3.069779349445581618e-01
1.763175099502296561e-01,2.285752798685464215e-01,1.000000000000000000e+00,9.514615648089602695e-01,0.000000000000000000e+00,0.000000000000000000e+00,3.077675920094327666e-01
1.769345386882722471e-01,2.278643246986690740e-01,1.000000000000000000e+00,9.512058425132221551e-01,0.000000000000000000e+00,0.000000000000000000e+00,3.085570371401553658e-01
1.775527465195947396e-01,2.271543945651790519e-01,1.000000000000000000e+00,9.509494652004880644e-01,0.000000000000000000e+00,0.000000000000000000e+00,3.093462697931003702e-01
1.781721317413628158e-01,2.264454914235574656e-01,9.999999999999998890e-01,9.506924330473041085e-01,0.000000000000000000e+00,0.000000000000000000e+00,3.101352894247881298e-01
1.787926926474988631e-01,2.257376172264561887e-01,1.000000000000000000e+00,9.504347462306670380e-01,0.000000000000000000e+00,0.000000000000000000e+00,3.109240954918861544e-01
1.794144275286863044e-01,2.250307739236936388e-01,1.000000000000000000e+00,9.501764049280244651e-01,0.000000000000000000e+00,0.000000000000000000e+00,3.117126874512086698e-01
1.800373346723757040e-01,2.243249634622476174e-01,1.000000000000000000e+00,9.499174093172746414e-01,0.000000000000000000e+00,0.000000000000000000e+00,3.125010647597176172e-01
1.806614123627883206e-01,2.236201877862519782e-01,1.000000000000000000e+00,9.496577595767667912e-01,0.000000000000000000e+00,0.000000000000000000e+00,3.132892268745222641e-01
1.812866588809208812e-01,2.229164488369895225e-01,1.000000000000000222e+00,9.493974558853000012e-01,0.000000000000000000e+00,0.000000000000000000e+00,3.140771732528805371e-01
1.819130725045509100e-01,2.222137485528880574e-01,1.000000000000000000e+00,9.491364984221239975e-01,0.000000000000000000e+00,0.000000000000000000e+00,3.148649033521987994e-01
1.825406515082412806e-01,2.215120888695139567e-01,1.000000000000000000e+00,9.488748873669387018e-01,0.000000000000000000e+00,0.000000000000000000e+00,3.156524166300322398e-01
1.831693941633447675e-01,2.208114717195675536e-01,1.000000000000000000e+00,9.486126228998940091e-01,0.000000000000000000e+00,0.000000000000000000e+00,3.164397125440855385e-01
1.837992987380087095e-01,2.201118990328772007e-01,1.000000000000000000e+00,9.483497052015898987e-01,0.000000000000000000e+00,0.000000000000000000e+00,3.172267905522129228e-01
1.844303634971806716e-01,2.194133727363948849e-01,1.000000000000000000e+00,9.480861344530761015e-01,0.000000000000000000e+00,0.000000000000000000e+00,3.180136501124186110e-01
1.850625867026112203e-01,2.187158947541899545e-01,1.000000000000000000e+00,9.478219108358519884e-01,0.000000000000000000e+00,0.000000000000000000e+00,3.188002906828573679e-01
1.856959666128612518e-01,2.180194670074440677e-01,1.000000000000000000e+00,9.475570345318665710e-01,0.000000000000000000e+00,0.000000000000000000e+00,3.195867117218347264e-01
1.863305014833048778e-01,2.173240914144465852e-01,1.000000000000000000e+00,9.472915057235182790e-01,0.000000000000000000e+00,0.000000000000000000e+00,3.203729126878074318e-01
1.869661895661351991e-01,2.166297698905879643e-01,1.000000000000000000e+00,9.470253245936550712e-01,0.000000000000000000e+00,0.000000000000000000e+00,3.211588930393836083e-01
1.876030291103688574e-01,2.159365043483560953e-01,1.000000000000000000e+00,9.467584913255737700e-01,0.000000000000000000e+00,0.000000000000000000e+00,3.219446522353237028e-01
1.882410183618504762e-01,2.152442966973296401e-01,1.000000000000000000e+00,9.464910061030203936e-01,0.000000000000000000e+00,0.000000000000000000e+00,3.227301897345399295e-01
1.888801555632583229e-01,2.145531488441735912e-01,1.000000000000000000e+00,9.462228691101901568e-01,0.000000000000000000e+00,0.000000000000000000e+00,3.235155049960974361e-01
1.895204389541080836e-01,2.138630626926334988e-01,9.999999999999998890e-01,9.459540805317266932e-01,0.000000000000000000e+00,0.000000000000000000e+00,3.243005974792144142e-01
1.901618667707591914e-01,2.131740401435306964e-01,9.999999999999998890e-01,9.456846405527226107e-01,0.000000000000000000e+00,0.000000000000000000e+00,3.250854666432624884e-01
1.908044372464180460e-01,2.124860830947569723e-01,1.000000000000000000e+00,9.454145493587190474e-01,0.000000000000000000e+00,0.000000000000000000e+00,3.258701119477669939e-01
1.914481486111437869e-01,2.117991934412689625e-01,1.000000000000000000e+00,9.451438071357054493e-01,0.000000000000000000e+00,0.000000000000000000e+00,3.266545328524074199e-01
1.920929990918528452e-01,2.111133730750833770e-01,1.000000000000000000e+00,9.448724140701195706e-01,0.000000000000000000e+00,0.000000000000000000e+00,3.274387288170177435e-01
1.927389869123246058e-01,2.104286238852714486e-01,1.000000000000000000e+00,9.446003703488475844e-01,0.000000000000000000e+00,0.000000000000000000e+00,3.282226993015869843e-01
1.933861102932046272e-01,2.097449477579538812e-01,1.000000000000000000e+00,9.443276761592235280e-01,0.000000000000000000e+00,0.000000000000000000e+00,3.290064437662592600e-01
1.940343674520120798e-01,2.090623465762961875e-01,1.000000000000000000e+00,9.440543316890293024e-01,0.000000000000000000e+00,0.000000000000000000e+00,3.297899616713344528e-01
1.946837566031417444e-01,2.083808222205018046e-01,1.000000000000000000e+00,9.437803371264947838e-01,0.000000000000000000e+00,0.000000000000000000e+00,3.305732524772685421e-01
1.953342759578714505e-01,2.077003765678094860e-01,1.000000000000000000e+00,9.435056926602973792e-01,0.000000000000000000e+00,0.000000000000000000e+00,3.313563156446735491e-01
1.959859237243649632e-01,2.070210114924858069e-01,9.999999999999998890e-01,9.432303984795620266e-01,0.000000000000000000e+00,0.000000000000000000e+00,3.321391506343185362e-01
1.966386981076785334e-01,2.063427288658211678e-01,1.000000000000000000e+00,9.429544547738613058e-01,0.000000000000000000e+00,0.000000000000000000e+00,3.329217569071296623e-01
1.972925973097654495e-01,2.056655305561244651e-01,9.999999999999998890e-01,9.426778617332147725e-01,0.000000000000000000e+00,0.000000000000000000e+00,3.337041339241905158e-01
1.979476195294793683e-01,2.049894184287178178e-01,9.999999999999998890e-01,9.424006195480890691e-01,0.000000000000000000e+00,0.000000000000000000e+00,3.344862811467426700e-01
1.986037629625826417e-01,2.043143943459313494e-01,9.999999999999998890e-01,9.421227284093983689e-01,0.000000000000000000e+00,0.000000000000000000e+00,3.352681980361857939e-01
1.992610258017470937e-01,2.036404601670985248e-01,1.000000000000000000e+00,9.418441885085030441e-01,0.000000000000000000e+00,0.000000000000000000e+00,3.360498840540782073e-01
1.999194062365627911e-01,2.029676177485504329e-01,9.999999999999998890e-01,9.415650000372106643e-01,0.000000000000000000e+00,0.000000000000000000e+00,3.368313386621372141e-01
2.005789024535408194e-01,2.022958689436110125e-01,1.000000000000000000e+00,9.412851631877754421e-01,0.000000000000000000e+00,0.000000000000000000e+00,3.376125613222395461e-01
2.012395126361190556e-01,2.016252156025922226e-01,1.000000000000000000e+00,9.410046781528977888e-01,0.000000000000000000e+00,0.000000000000000000e+00,3.383935514964215852e-01
2.019012349646663873e-01,2.009556595727876038e-01,1.000000000000000000e+00,9.407235451257245362e-01,0.000000000000000000e+00,0.000000000000000000e+00,3.391743086468798074e-01
2.025640676164893739e-01,2.002872026984695020e-01,9.999999999999998890e-01,9.404417642998489368e-01,0.000000000000000000e+00,0.000000000000000000e+00,3.399548322359712271e-01
2.032280087658351331e-01,1.996198468208818522e-01,1.000000000000000000e+00,9.401593358693102198e-01,0.000000000000000000e+00,0.000000000000000000e+00,3.407351217262135634e-01
2.038930565838986686e-01,1.989535937782357933e-01,1.000000000000000000e+00,9.398762600285934798e-01,0.000000000000000000e+00,0.000000000000000000e+00,3.415151765802859063e-01
2.045592092388252015e-01,1.982884454057053381e-01,1.000000000000000000e+00,9.395925369726296772e-01,0.000000000000000000e+00,0.000000000000000000e+00,3.422949962610286057e-01
2.052264648957180526e-01,1.976244035354213224e-01,1.000000000000000222e+00,9.393081668967955267e-01,0.000000000000000000e+00,0.000000000000000000e+00,3.430745802314444370e-01
2.058948217166416406e-01,1.969614699964670201e-01,1.000000000000000000e+00,9.390231499969131645e-01,0.000000000000000000e+00,0.000000000000000000e+00,3.438539279546981575e-01
2.065642778606276986e-01,1.962996466148725361e-01,1.000000000000000000e+00,9.387374864692502596e-01,0.000000000000000000e+00,0.000000000000000000e+00,3.446330388941172274e-01
2.072348314836792715e-01,1.956389352136101434e-01,1.000000000000000000e+00,9.384511765105197911e-01,0.000000000000000000e+00,0.000000000000000000e+00,3.454119125131921986e-01
2.079064807387771552e-01,1.949793376125893429e-01,1.000000000000000000e+00,9.381642203178798267e-01,0.000000000000000000e+00,0.000000000000000000e+00,3.461905482755771035e-01
2.085792237758837819e-01,1.943208556286519784e-01,1.000000000000000000e+00,9.378766180889333004e-01,0.000000000000000000e+00,0.000000000000000000e+00,3.469689456450897325e-01
2.092530587419488830e-01,1.936634910755659633e-01,1.000000000000000000e+00,9.375883700217281236e-01,0.000000000000000000e+00,0.000000000000000000e+00,3.477471040857120221e-01
2.099279837809147065e-01,1.930072457640225059e-01,1.000000000000000000e+00,9.372994763147570740e-01,0.000000000000000000e+00,0.000000000000000000e+00,3.485250230615904998e-01
2.106039970337205691e-01,1.923521215016291697e-01,1.000000000000000000e+00,9.370099371669573518e-01,0.000000000000000000e+00,0.000000000000000000e+00,3.493027020370364499e-01
2.112810966383086297e-01,1.916981200929058216e-01,1.000000000000000000e+00,9.367197527777106902e-01,0.000000000000000000e+00,0.000000000000000000e+00,3.500801404765265246e-01
2.119592807296288850e-01,1.910452433392793581e-01,1.000000000000000000e+00,9.364289233468431339e-01,0.000000000000000000e+00,0.000000000000000000e+00,3.508573378447030211e-01
2.126385474396438324e-01,1.903934930390787650e-01,1.000000000000000000e+00,9.361374490746250387e-01,0.000000000000000000e+00,0.000000000000000000e+00,3.516342936063742708e-01
2.133188948973335775e-01,1.897428709875306208e-01,1.000000000000000000e+00,9.358453301617705167e-01,0.000000000000000000e+00,0.000000000000000000e+00,3.524110072265148608e-01
2.140003212287022727e-01,1.890933789767535456e-01,1.000000000000000000e+00,9.355525668094378799e-01,0.000000000000000000e+00,0.000000000000000000e+00,3.531874781702663002e-01
2.146828245567815596e-01,1.884450187957534828e-01,9.999999999999998890e-01,9.352591592192289749e-01,0.000000000000000000e+00,0.000000000000000000e+00,3.539637059029369648e-01
2.153664030016368969e-01,1.877977922304187031e-01,1.000000000000000222e+00,9.349651075931896260e-01,0.000000000000000000e+00,0.000000000000000000e+00,3.547396898900029294e-01
2.160510546803721121e-01,1.871517010635151967e-01,9.999999999999998890e-01,9.346704121338086368e-01,0.000000000000000000e+00,0.000000000000000000e+00,3.555154295971080236e-01
2.167367777071351753e-01,1.865067470746815115e-01,1.000000000000000000e+00,9.343750730440186780e-01,0.000000000000000000e+00,0.000000000000000000e+00,3.562909244900643313e-01
2.174235701931228615e-01,1.858629320404234786e-01,1.000000000000000000e+00,9.340790905271953992e-01,0.000000000000000000e+00,0.000000000000000000e+00,3.570661740348523572e-01
2.181114302465861909e-01,1.852202577341103273e-01,1.000000000000000000e+00,9.337824647871574291e-01,0.000000000000000000e+00,0.000000000000000000e+00,3.578411776976219150e-01
2.188003559728356473e-01,1.845787259259684676e-01,1.000000000000000000e+00,9.334851960281665972e-01,0.000000000000000000e+00,0.000000000000000000e+00,3.586159349446917943e-01
2.194903454742460625e-01,1.839383383830784369e-01,1.000000000000000000e+00,9.331872844549272683e-01,0.000000000000000000e+00,0.000000000000000000e+00,3.593904452425505380e-01
2.201813968502626118e-01,1.832990968693674616e-01,1.000000000000000000e+00,9.328887302725865638e-01,0.000000000000000000e+00,0.000000000000000000e+00,3.601647080578568860e-01
2.208735081974050329e-01,1.826610031456072369e-01,1.000000000000000000e+00,9.325895336867341401e-01,0.000000000000000000e+00,0.000000000000000000e+00,3.609387228574398310e-01
2.215666776092740653e-01,1.820240589694072098e-01,1.000000000000000000e+00,9.322896949034019665e-01,0.000000000000000000e+00,0.000000000000000000e+00,3.617124891082993954e-01
2.222609031765554466e-01,1.813882660952109704e-01,1.000000000000000000e+00,9.319892141290644361e-01,0.000000000000000000e+00,0.000000000000000000e+00,3.624860062776063541e-01
2.229561829870259082e-01,1.807536262742907018e-01,1.000000000000000000e+00,9.316880915706376998e-01,0.000000000000000000e+00,0.000000000000000000e+00,3.632592738327033999e-01
2.236525151255586152e-01,1.801201412547421277e-01,1.000000000000000000e+00,9.313863274354801103e-01,0.000000000000000000e+00,0.000000000000000000e+00,3.640322912411049217e-01
2.243498976741276074e-01,1.794878127814808488e-01,1.000000000000000000e+00,9.310839219313916670e-01,0.000000000000000000e+00,0.000000000000000000e+00,3.648050579704976148e-01
2.250483287118141273e-01,1.788566425962362927e-01,9.999999999999998890e-01,9.307808752666141272e-01,0.000000000000000000e+00,0.000000000000000000e+00,3.655775734887407036e-01
2.257478063148110614e-01,1.782266324375471611e-01,1.000000000000000000e+00,9.304771876498307837e-01,0.000000000000000000e+00,0.000000000000000000e+00,3.663498372638666067e-01
2.264483285564288240e-01,1.775977840407576558e-01,1.000000000000000000e+00,9.301728592901662429e-01,0.000000000000000000e+00,0.000000000000000000e+00,3.671218487640808825e-01
2.271498935070999092e-01,1.769700991380112054e-01,1.000000000000000000e+00,9.298678903971862031e-01,0.000000000000000000e+00,0.000000000000000000e+00,3.678936074577628945e-01
2.278524992343851086e-01,1.763435794582473015e-01,1.000000000000000000e+00,9.295622811808976760e-01,0.000000000000000000e+00,0.000000000000000000e+00,3.686651128134660893e-01
2.285561438029785064e-01,1.757182267271946707e-01,9.999999999999998890e-01,9.292560318517485429e-01,0.000000000000000000e+00,0.000000000000000000e+00,3.694363642999184405e-01
2.292608252747123654e-01,1.750940426673688877e-01,1.000000000000000000e+00,9.289491426206274438e-01,0.000000000000000000e+00,0.000000000000000000e+00,3.702073613860226153e-01
2.299665417085632324e-01,1.744710289980656581e-01,1.000000000000000000e+00,9.286416136988636660e-01,0.000000000000000000e+00,0.000000000000000000e+00,3.709781035408565852e-01
2.306732911606564906e-01,1.738491874353572664e-01,1.000000000000000000e+00,9.283334452982269225e-01,0.000000000000000000e+00,0.000000000000000000e+00,3.717485902336737369e-01
2.313810716842723547e-01,1.732285196920872461e-01,1.000000000000000000e+00,9.280246376309275735e-01,0.000000000000000000e+00,0.000000000000000000e+00,3.725188209339033718e-01
2.320898813298508667e-01,1.726090274778662725e-01,1.000000000000000000e+00,9.277151909096158500e-01,0.000000000000000000e+00,0.000000000000000000e+00,3.732887951111512614e-01
2.327997181449974473e-01,1.719907124990664449e-01,1.000000000000000000e+00,9.274051053473820749e-01,0.000000000000000000e+00,0.000000000000000000e+00,3.740585122351997027e-01
2.335105801744885579e-01,1.713735764588180110e-01,1.000000000000000000e+00,9.270943811577568860e-01,0.000000000000000000e+00,0.000000000000000000e+00,3.748279717760080176e-01
2.342224654602758083e-01,1.707576210570028175e-01,9.999999999999998890e-01,9.267830185547100141e-01,0.000000000000000000e+00,0.000000000000000000e+00,3.755971732037129418e-01
2.349353720414933955e-01,1.701428479902514224e-01,1.000000000000000000e+00,9.264710177526516155e-01,0.000000000000000000e+00,0.000000000000000000e+00,3.763661159886287355e-01
2.356492979544614341e-01,1.695292589519379889e-01,1.000000000000000000e+00,9.261583789664306066e-01,0.000000000000000000e+00,0.000000000000000000e+00,3.771347996012480719e-01
2.363642412326926179e-01,1.689168556321744563e-01,1.000000000000000000e+00,9.258451024113356631e-01,0.000000000000000000e+00,0.000000000000000000e+00,3.779032235122418704e-01
2.370801999068978816e-01,1.683056397178069874e-01,1.000000000000000000e+00,9.255311883030944431e-01,0.000000000000000000e+00,0.000000000000000000e+00,3.786713871924600183e-01
2.377971720049907312e-01,1.676956128924115275e-01,1.000000000000000000e+00,9.252166368578736977e-01,0.000000000000000000e+00,0.000000000000000000e+00,3.794392901129316487e-01
2.385151555520934608e-01,1.670867768362883088e-01,1.000000000000000000e+00,9.249014482922790492e-01,0.000000000000000000e+00,0.000000000000000000e+00,3.802069317448652508e-01
2.392341485705418158e-01,1.664791332264576318e-01,1.000000000000000000e+00,9.245856228233549912e-01,0.000000000000000000e+00,0.000000000000000000e+00,3.809743115596493368e-01
2.399541490798918764e-01,1.658726837366553131e-01,1.000000000000000000e+00,9.242691606685843331e-01,0.000000000000000000e+00,0.000000000000000000e+00,3.817414290288528300e-01
2.406751550969239428e-01,1.652674300373279115e-01,1.000000000000000000e+00,9.239520620458885336e-01,0.000000000000000000e+00,0.000000000000000000e+00,3.825082836242251205e-01
2.413971646356488643e-01,1.646633737956287868e-01,1.000000000000000000e+00,9.236343271736271454e-01,0.000000000000000000e+00,0.000000000000000000e+00,3.832748748176967313e-01
2.421201757073133676e-01,1.640605166754119382e-01,1.000000000000000000e+00,9.233159562705980372e-01,0.000000000000000000e+00,0.000000000000000000e+00,3.840412020813796512e-01
2.428441863204057194e-01,1.634588603372290061e-01,1.000000000000000000e+00,9.229969495560370607e-01,0.000000000000000000e+00,0.000000000000000000e+00,3.848072648875673907e-01
2.435691944806606113e-01,1.628584064383242769e-01,1.000000000000000222e+00,9.226773072496177175e-01,0.000000000000000000e+00,0.000000000000000000e+00,3.855730627087357032e-01
2.442951981910644887e-01,1.622591566326296308e-01,1.000000000000000000e+00,9.223570295714512701e-01,0.000000000000000000e+00,0.000000000000000000e+00,3.863385950175428074e-01
2.450221954518632117e-01,1.616611125707606567e-01,1.000000000000000000e+00,9.220361167420866311e-01,0.000000000000000000e+00,0.000000000000000000e+00,3.871038612868297757e-01
2.457501842605646081e-01,1.610642759000109892e-01,1.000000000000000000e+00,9.217145689825100296e-01,0.000000000000000000e+00,0.000000000000000000e+00,3.878688609896208672e-01
2.464791626119454682e-01,1.604686482643493672e-01,1.000000000000000000e+00,9.213923865141446790e-01,0.000000000000000000e+00,0.000000000000000000e+00,3.886335935991239166e-01
2.472091284980572068e-01,1.598742313044141383e-01,9.999999999999998890e-01,9.210695695588512200e-01,0.000000000000000000e+00,0.000000000000000000e+00,3.893980585887305557e-01
2.479400799082313034e-01,1.592810266575084843e-01,1.000000000000000000e+00,9.207461183389271664e-01,0.000000000000000000e+00,0.000000000000000000e+00,3.901622554320168801e-01
2.486720148290840759e-01,1.586890359575967580e-01,1.000000000000000000e+00,9.204220330771064607e-01,0.000000000000000000e+00,0.000000000000000000e+00,3.909261836027435599e-01
2.494049312445230093e-01,1.580982608352989316e-01,1.000000000000000000e+00,9.200973139965600289e-01,0.000000000000000000e+00,0.000000000000000000e+00,3.916898425748562840e-01
2.501388271357520843e-01,1.575087029178873776e-01,1.000000000000000000e+00,9.197719613208950040e-01,0.000000000000000000e+00,0.000000000000000000e+00,3.924532318224860927e-01
2.508737004812778837e-01,1.569203638292814285e-01,1.000000000000000000e+00,9.194459752741550584e-01,0.000000000000000000e+00,0.000000000000000000e+00,3.932163508199499335e-01
2.516095492569137004e-01,1.563332451900432130e-01,1.000000000000000000e+00,9.191193560808197383e-01,0.000000000000000000e+00,0.000000000000000000e+00,3.939791990417504941e-01
2.523463714357865317e-01,1.557473486173732713e-01,9.999999999999998890e-01,9.187921039658049072e-01,0.000000000000000000e+00,0.000000000000000000e+00,3.947417759625772571e-01
2.530841649883424083e-01,1.551626757251054478e-01,1.000000000000000000e+00,9.184642191544620804e-01,0.000000000000000000e+00,0.000000000000000000e+00,3.955040810573062227e-01
2.538229278823512791e-01,1.545792281237036159e-01,1.000000000000000000e+00,9.181357018725784247e-01,0.000000000000000000e+00,0.000000000000000000e+00,3.962661138010009632e-01
2.545626580829131180e-01,1.539970074202565709e-01,1.000000000000000000e+00,9.178065523463765363e-01,0.000000000000000000e+00,0.000000000000000000e+00,3.970278736689124566e-01
2.553033535524638076e-01,1.534160152184732562e-01,1.000000000000000000e+00,9.174767708025148849e-01,0.000000000000000000e+00,0.000000000000000000e+00,3.977893601364792531e-01
2.560450122507802462e-01,1.528362531186793216e-01,1.000000000000000000e+00,9.171463574680865927e-01,0.000000000000000000e+00,0.000000000000000000e+00,3.985505726793285852e-01
2.567876321349857882e-01,1.522577227178116832e-01,1.000000000000000000e+00,9.168153125706199891e-01,0.000000000000000000e+00,0.000000000000000000e+00,3.993115107732762015e-01
2.575312111595569053e-01,1.516804256094146375e-01,1.000000000000000000e+00,9.164836363380786111e-01,0.000000000000000000e+00,0.000000000000000000e+00,4.000721738943267547e-01
2.582757472763278495e-01,1.511043633836357536e-01,1.000000000000000000e+00,9.161513289988604258e-01,0.000000000000000000e+00,0.000000000000000000e+00,4.008325615186743018e-01
2.590212384344964258e-01,1.505295376272204333e-01,1.000000000000000000e+00,9.158183907817980529e-01,0.000000000000000000e+00,0.000000000000000000e+00,4.015926731227026925e-01
2.597676825806298773e-01,1.499559499235089133e-01,1.000000000000000000e+00,9.154848219161585421e-01,0.000000000000000000e+00,0.000000000000000000e+00,4.023525081829856243e-01
2.605150776586702133e-01,1.493836018524314913e-01,1.000000000000000000e+00,9.151506226316432624e-01,0.000000000000000000e+00,0.000000000000000000e+00,4.031120661762874757e-01
2.612634216099414264e-01,1.488124949905028638e-01,1.000000000000000000e+00,9.148157931583877911e-01,0.000000000000000000e+00,0.000000000000000000e+00,4.038713465795633617e-01
2.620127123731520458e-01,1.482426309108197948e-01,1.000000000000000000e+00,9.144803337269615806e-01,0.000000000000000000e+00,0.000000000000000000e+00,4.046303488699592998e-01
2.627629478844034638e-01,1.476740111830554536e-01,1.000000000000000000e+00,9.141442445683677365e-01,0.000000000000000000e+00,0.000000000000000000e+00,4.053890725248132099e-01
2.635141260771954874e-01,1.471066373734558619e-01,9.999999999999998890e-01,9.138075259140432394e-01,0.000000000000000000e+00,0.000000000000000000e+00,4.061475170216546360e-01
2.642662448824300014e-01,1.465405110448346759e-01,1.000000000000000000e+00,9.134701779958582790e-01,0.000000000000000000e+00,0.000000000000000000e+00,4.069056818382055241e-01
2.650193022284190736e-01,1.459756337565693007e-01,1.000000000000000000e+00,9.131322010461168093e-01,0.000000000000000000e+00,0.000000000000000000e+00,4.076635664523801661e-01
2.657732960408887291e-01,1.454120070645975593e-01,1.000000000000000000e+00,9.127935952975554379e-01,0.000000000000000000e+00,0.000000000000000000e+00,4.084211703422859774e-01
2.665282242429863890e-01,1.448496325214118086e-01,1.000000000000000000e+00,9.124543609833440927e-01,0.000000000000000000e+00,0.000000000000000000e+00,4.091784929862237186e-01
2.672840847552849786e-01,1.442885116760554975e-01,1.000000000000000000e+00,9.121144983370855774e-01,0.000000000000000000e+00,0.000000000000000000e+00,4.099355338626876621e-01
2.680408754957901429e-01,1.437286460741191707e-01,1.000000000000000000e+00,9.117740075928150167e-01,0.000000000000000000e+00,0.000000000000000000e+00,4.106922924503662586e-01
2.687985943799443556e-01,1.431700372577353608e-01,1.000000000000000000e+00,9.114328889850005222e-01,0.000000000000000000e+00,0.000000000000000000e+00,4.114487682281424141e-01
2.695572393206344675e-01,1.426126867655751473e-01,1.000000000000000000e+00,9.110911427485423042e-01,0.000000000000000000e+00,0.000000000000000000e+00,4.122049606750934347e-01
2.703168082281957041e-01,1.420565961328434934e-01,1.000000000000000000e+00,9.107487691187726719e-01,0.000000000000000000e+00,0.000000000000000000e+00,4.129608692704921369e-01
2.710772990104188818e-01,1.415017668912749160e-01,1.000000000000000000e+00,9.104057683314562555e-01,0.000000000000000000e+00,0.000000000000000000e+00,4.137164934938065142e-01
2.718387095725551816e-01,1.409482005691300444e-01,1.000000000000000000e+00,9.100621406227892285e-01,0.000000000000000000e+00,0.000000000000000000e+00,4.144718328247006811e-01
2.726010378173220339e-01,1.403958986911901796e-01,9.999999999999998890e-01,9.097178862293997526e-01,0.000000000000000000e+00,0.000000000000000000e+00,4.152268867430345400e-01
2.733642816449104451e-01,1.398448627787541865e-01,1.000000000000000000e+00,9.093730053883475328e-01,0.000000000000000000e+00,0.000000000000000000e+00,4.159816547288647803e-01
2.741284389529877741e-01,1.392950943496332750e-01,1.000000000000000000e+00,9.090274983371233741e-01,0.000000000000000000e+00,0.000000000000000000e+00,4.167361362624450449e-01
2.748935076367060582e-01,1.387465949181484470e-01,1.000000000000000000e+00,9.086813653136496249e-01,0.000000000000000000e+00,0.000000000000000000e+00,4.174903308242260414e-01
2.756594855887071205e-01,1.381993659951246123e-01,1.000000000000000000e+00,9.083346065562794003e-01,0.000000000000000000e+00,0.000000000000000000e+00,4.182442378948563744e-01
2.764263706991280101e-01,1.376534090878867023e-01,1.000000000000000000e+00,9.079872223037969148e-01,0.000000000000000000e+00,0.000000000000000000e+00,4.189978569551822130e-01
2.771941608556066639e-01,1.371087257002567839e-01,1.000000000000000000e+00,9.076392127954170386e-01,0.000000000000000000e+00,0.000000000000000000e+00,4.197511874862484005e-01
2.779628539432890122e-01,1.365653173325485081e-01,1.000000000000000000e+00,9.072905782707852973e-01,0.000000000000000000e+00,0.000000000000000000e+00,4.205042289692982882e-01
2.787324478448328646e-01,1.360231854815638908e-01,1.000000000000000000e+00,9.069413189699774280e-01,0.000000000000000000e+00,0.000000000000000000e+00,4.212569808857744014e-01
2.795029404404155704e-01,1.354823316405884270e-01,9.999999999999998890e-01,9.065914351334994903e-01,0.000000000000000000e+00,0.000000000000000000e+00,4.220094427173184948e-01
2.802743296077386814e-01,1.349427572993874280e-01,1.000000000000000000e+00,9.062409270022877550e-01,0.000000000000000000e+00,0.000000000000000000e+00,4.227616139457722189e-01
2.810466132220339475e-01,1.344044639442023570e-01,1.000000000000000000e+00,9.058897948177080384e-01,0.000000000000000000e+00,0.000000000000000000e+00,4.235134940531773973e-01
2.818197891560701995e-01,1.338674530577453892e-01,1.000000000000000000e+00,9.055380388215563681e-01,0.000000000000000000e+00,0.000000000000000000e+00,4.242650825217760824e-01
2.825938552801574577e-01,1.333317261191971914e-01,1.000000000000000000e+00,9.051856592560578729e-01,0.000000000000000000e+00,0.000000000000000000e+00,4.250163788340113880e-01
2.833688094621543696e-01,1.327972846042010380e-01,1.000000000000000000e+00,9.048326563638674491e-01,0.000000000000000000e+00,0.000000000000000000e+00,4.257673824725273781e-01
2.841446495674728734e-01,1.322641299848598129e-01,1.000000000000000000e+00,9.044790303880688720e-01,0.000000000000000000e+00,0.000000000000000000e+00,4.265180929201700111e-01
2.849213734590854141e-01,1.317322637297315691e-01,1.000000000000000000e+00,9.041247815721753511e-01,0.000000000000000000e+00,0.000000000000000000e+00,4.272685096599868060e-01
2.856989789975296068e-01,1.312016873038257536e-01,1.000000000000000222e+00,9.037699101601287532e-01,0.000000000000000000e+00,0.000000000000000000e+00,4.280186321752277312e-01
2.864774640409143425e-01,1.306724021685994330e-01,1.000000000000000000e+00,9.034144163962997132e-01,0.000000000000000000e+00,0.000000000000000000e+00,4.287684599493451487e-01
2.872568264449265607e-01,1.301444097819516310e-01,1.000000000000000000e+00,9.030583005254875228e-01,0.000000000000000000e+00,0.000000000000000000e+00,4.295179924659947024e-01
2.880370640628363565e-01,1.296177115982219963e-01,1.000000000000000000e+00,9.027015627929197983e-01,0.000000000000000000e+00,0.000000000000000000e+00,4.302672292090349293e-01
2.888181747455027537e-01,1.290923090681842522e-01,1.000000000000000000e+00,9.023442034442523685e-01,0.000000000000000000e+00,0.000000000000000000e+00,4.310161696625285921e-01
2.896001563413803659e-01,1.285682036390435323e-01,1.000000000000000000e+00,9.019862227255691645e-01,0.000000000000000000e+00,0.000000000000000000e+00,4.317648133107420128e-01
2.903830066965245038e-01,1.280453967544327165e-01,1.000000000000000000e+00,9.016276208833819972e-01,0.000000000000000000e+00,0.000000000000000000e+00,4.325131596381460719e-01
2.911667236545976145e-01,1.275238898544074351e-01,1.000000000000000000e+00,9.012683981646302245e-01,0.000000000000000000e+00,0.000000000000000000e+00,4.332612081294164308e-01
2.919513050568753876e-01,1.270036843754420719e-01,1.000000000000000000e+00,9.009085548166810842e-01,0.000000000000000000e+00,0.000000000000000000e+00,4.340089582694337533e-01
2.927367487422523062e-01,1.264847817504270999e-01,1.000000000000000000e+00,9.005480910873289169e-01,0.000000000000000000e+00,0.000000000000000000e+00,4.347564095432842612e-01
2.935230525472474761e-01,1.259671834086640851e-01,1.000000000000000000e+00,9.001870072247953880e-01,0.000000000000000000e+00,0.000000000000000000e+00,4.355035614362599006e-01
2.943102143060110087e-01,1.254508907758615788e-01,9.999999999999998890e-01,8.998253034777290438e-01,0.000000000000000000e+00,0.000000000000000000e+00,4.362504134338587858e-01
2.950982318503299617e-01,1.249359052741323417e-01,1.000000000000000000e+00,8.994629800952056442e-01,0.000000000000000000e+00,0.000000000000000000e+00,4.369969650217855883e-01
2.958871030096338894e-01,1.244222283219881264e-01,1.000000000000000000e+00,8.991000373267272749e-01,0.000000000000000000e+00,0.000000000000000000e+00,4.377432156859517587e-01
2.966768256110011159e-01,1.239098613343362354e-01,1.000000000000000000e+00,8.987364754222226804e-01,0.000000000000000000e+00,0.000000000000000000e+00,4.384891649124760260e-01
2.974673974791650077e-01,1.233988057224761903e-01,1.000000000000000000e+00,8.983722946320469305e-01,0.000000000000000000e+00,0.000000000000000000e+00,4.392348121876847866e-01
2.982588164365193029e-01,1.228890628940948471e-01,1.000000000000000000e+00,8.980074952069813099e-01,0.000000000000000000e+00,0.000000000000000000e+00,4.399801569981121596e-01
2.990510803031244391e-01,1.223806342532635094e-01,1.000000000000000000e+00,8.976420773982330958e-01,0.000000000000000000e+00,0.000000000000000000e+00,4.407251988305007639e-01
2.998441868967139379e-01,1.218735212004334878e-01,9.999999999999998890e-01,8.972760414574354471e-01,0.000000000000000000e+00,0.000000000000000000e+00,4.414699371718016629e-01
3.006381340326997331e-01,1.213677251324321027e-01,1.000000000000000000e+00,8.969093876366471818e-01,0.000000000000000000e+00,0.000000000000000000e+00,4.422143715091749749e-01
3.014329195241786108e-01,1.208632474424590209e-01,1.000000000000000222e+00,8.965421161883523338e-01,0.000000000000000000e+00,0.000000000000000000e+00,4.429585013299902618e-01
3.022285411819379819e-01,1.203600895200832577e-01,1.000000000000000000e+00,8.961742273654604851e-01,0.000000000000000000e+00,0.000000000000000000e+00,4.437023261218267511e-01
3.030249968144625439e-01,1.198582527512374041e-01,1.000000000000000000e+00,8.958057214213064334e-01,0.000000000000000000e+00,0.000000000000000000e+00,4.444458453724735025e-01
3.038222842279395541e-01,1.193577385182157391e-01,1.000000000000000000e+00,8.954365986096498586e-01,0.000000000000000000e+00,0.000000000000000000e+00,4.451890585699303515e-01
3.046204012262644922e-01,1.188585481996694559e-01,1.000000000000000000e+00,8.950668591846749900e-01,0.000000000000000000e+00,0.000000000000000000e+00,4.459319652024074654e-01
3.054193456110490534e-01,1.183606831706035534e-01,1.000000000000000000e+00,8.946965034009910500e-01,0.000000000000000000e+00,0.000000000000000000e+00,4.466745647583264534e-01
3.062191151816249235e-01,1.178641448023712845e-01,1.000000000000000000e+00,8.943255315136314776e-01,0.000000000000000000e+00,0.000000000000000000e+00,4.474168567263202556e-01
3.070197077350511061e-01,1.173689344626729358e-01,1.000000000000000000e+00,8.939539437780539277e-01,0.000000000000000000e+00,0.000000000000000000e+00,4.481588405952335319e-01
3.078211210661200292e-01,1.168750535155503867e-01,1.000000000000000000e+00,8.935817404501402716e-01,0.000000000000000000e+00,0.000000000000000000e+00,4.489005158541233831e-01
3.086233529673630405e-01,1.163825033213834459e-01,9.999999999999998890e-01,8.932089217861962638e-01,0.000000000000000000e+00,0.000000000000000000e+00,4.496418819922590737e-01
3.094264012290567356e-01,1.158912852368865209e-01,1.000000000000000000e+00,8.928354880429514306e-01,0.000000000000000000e+00,0.000000000000000000e+00,4.503829384991229201e-01
3.102302636392289537e-01,1.154014006151053984e-01,1.000000000000000000e+00,8.924614394775586268e-01,0.000000000000000000e+00,0.000000000000000000e+00,4.511236848644105679e-01
3.110349379836654382e-01,1.149128508054120257e-01,1.000000000000000000e+00,8.920867763475942569e-01,0.000000000000000000e+00,0.000000000000000000e+00,4.518641205780309922e-01
3.118404220459149445e-01,1.144256371535016248e-01,1.000000000000000000e+00,8.917114989110580536e-01,0.000000000000000000e+00,0.000000000000000000e+00,4.526042451301071634e-01
3.126467136072964004e-01,1.139397610013900275e-01,1.000000000000000000e+00,8.913356074263725226e-01,0.000000000000000000e+00,0.000000000000000000e+00,4.533440580109764917e-01
3.134538104469040687e-01,1.134552236874079023e-01,9.999999999999998890e-01,8.909591021523830534e-01,0.000000000000000000e+00,0.000000000000000000e+00,4.540835587111907712e-01
3.142617103416144864e-01,1.129720265461985340e-01,9.999999999999998890e-01,8.905819833483579195e-01,0.000000000000000000e+00,0.000000000000000000e+00,4.548227467215169018e-01
3.150704110660915713e-01,1.124901709087140489e-01,1.000000000000000000e+00,8.902042512739877234e-01,0.000000000000000000e+00,0.000000000000000000e+00,4.555616215329370000e-01
3.158799103927944496e-01,1.120096581022105298e-01,1.000000000000000000e+00,8.898259061893852850e-01,0.000000000000000000e+00,0.000000000000000000e+00,4.563001826366491209e-01
3.166902060919810635e-01,1.115304894502464617e-01,1.000000000000000000e+00,8.894469483550856426e-01,0.000000000000000000e+00,0.000000000000000000e+00,4.570384295240669803e-01
3.175012959317172756e-01,1.110526662726774028e-01,1.000000000000000000e+00,8.890673780320459407e-01,0.000000000000000000e+00,0.000000000000000000e+00,4.577763616868209540e-01
3.183131776778806987e-01,1.105761898856518766e-01,1.000000000000000000e+00,8.886871954816448760e-01,0.000000000000000000e+00,0.000000000000000000e+00,4.585139786167580223e-01
3.191258490941672465e-01,1.101010616016102617e-01,1.000000000000000000e+00,8.883064009656826965e-01,0.000000000000000000e+00,0.000000000000000000e+00,4.592512798059421586e-01
3.199393079420987940e-01,1.096272827292790186e-01,1.000000000000000000e+00,8.879249947463813131e-01,0.000000000000000000e+00,0.000000000000000000e+00,4.599882647466549956e-01
3.207535519810276181e-01,1.091548545736673592e-01,9.999999999999998890e-01,8.875429770863836332e-01,0.000000000000000000e+00,0.000000000000000000e+00,4.607249329313956587e-01
3.215685789681432261e-01,1.086837784360643600e-01,1.000000000000000000e+00,8.871603482487537828e-01,0.000000000000000000e+00,0.000000000000000000e+00,4.614612838528817096e-01
3.223843866584785167e-01,1.082140556140349652e-01,9.999999999999998890e-01,8.867771084969766626e-01,0.000000000000000000e+00,0.000000000000000000e+00,4.621973170040488132e-01
3.232009728049162756e-01,1.077456874014161015e-01,1.000000000000000000e+00,8.863932580949579476e-01,0.000000000000000000e+00,0.000000000000000000e+00,4.629330318780517928e-01
3.240183351581947258e-01,1.072786750883140128e-01,1.000000000000000000e+00,8.860087973070235323e-01,0.000000000000000000e+00,0.000000000000000000e+00,4.636684279682644627e-01
3.248364714669140785e-01,1.068130199610997089e-01,1.000000000000000000e+00,8.856237263979199748e-01,0.000000000000000000e+00,0.000000000000000000e+00,4.644035047682803508e-01
3.256553794775427502e-01,1.063487233024064116e-01,1.000000000000000000e+00,8.852380456328139413e-01,0.000000000000000000e+00,0.000000000000000000e+00,4.651382617719123092e-01
3.264750569344236908e-01,1.058857863911244479e-01,1.000000000000000000e+00,8.848517552772917627e-01,0.000000000000000000e+00,0.000000000000000000e+00,4.658726984731942355e-01
3.272955015797801570e-01,1.054242105024003617e-01,1.000000000000000000e+00,8.844648555973598780e-01,0.000000000000000000e+00,0.000000000000000000e+00,4.666068143663799073e-01
3.281167111537224845e-01,1.049639969076300305e-01,1.000000000000000000e+00,8.840773468594441686e-01,0.000000000000000000e+00,0.000000000000000000e+00,4.673406089459443691e-01
3.289386833942536947e-01,1.045051468744585543e-01,1.000000000000000000e+00,8.836892293303898471e-01,0.000000000000000000e+00,0.000000000000000000e+00,4.680740817065837667e-01
3.297614160372767667e-01,1.040476616667739274e-01,1.000000000000000000e+00,8.833005032774615684e-01,0.000000000000000000e+00,0.000000000000000000e+00,4.688072321432159573e-01
3.305849068165991889e-01,1.035915425447050398e-01,1.000000000000000000e+00,8.829111689683427633e-01,0.000000000000000000e+00,0.000000000000000000e+00,4.695400597509807317e-01
3.314091534639406755e-01,1.031367907646185689e-01,9.999999999999998890e-01,8.825212266711358611e-01,0.000000000000000000e+00,0.000000000000000000e+00,4.702725640252401473e-01
3.322341537089392172e-01,1.026834075791142054e-01,9.999999999999998890e-01,8.821306766543620670e-01,0.000000000000000000e+00,0.000000000000000000e+00,4.710047444615789169e-01
3.330599052791566317e-01,1.022313942370223216e-01,9.999999999999998890e-01,8.817395191869609183e-01,0.000000000000000000e+00,0.000000000000000000e+00,4.717366005558047970e-01
3.338864059000853368e-01,1.017807519833995311e-01,1.000000000000000000e+00,8.813477545382902845e-01,0.000000000000000000e+00,0.000000000000000000e+00,4.724681318039488098e-01
3.347136532951547894e-01,1.013314820595266896e-01,1.000000000000000000e+00,8.809553829781261447e-01,0.000000000000000000e+00,0.000000000000000000e+00,4.731993377022658542e-01
3.355416451857368143e-01,1.008835857029038996e-01,1.000000000000000000e+00,8.805624047766624773e-01,0.000000000000000000e+00,0.000000000000000000e+00,4.739302177472345945e-01
3.363703792911531543e-01,1.004370641472477343e-01,9.999999999999998890e-01,8.801688202045109266e-01,0.000000000000000000e+00,0.000000000000000000e+00,4.746607714355583485e-01
3.371998533286810207e-01,9.999191862248857365e-02,1.000000000000000000e+00,8.797746295327005805e-01,0.000000000000000000e+00,0.000000000000000000e+00,4.753909982641650878e-01
3.380300650135592000e-01,9.954815035476638485e-02,9.999999999999998890e-01,8.793798330326783041e-01,0.000000000000000000e+00,0.000000000000000000e+00,4.761208977302076595e-01
3.388610120589953256e-01,9.910576056642683707e-02,1.000000000000000000e+00,8.789844309763076291e-01,0.000000000000000000e+00,0.000000000000000000e+00,4.768504693310647857e-01
3.396926921761704299e-01,9.866475047601963588e-02,9.999999999999998890e-01,8.785884236358694199e-01,0.000000000000000000e+00,0.000000000000000000e+00,4.775797125643403973e-01
3.405251030742475482e-01,9.822512129829308325e-02,9.999999999999998890e-01,8.781918112840613189e-01,0.000000000000000000e+00,0.000000000000000000e+00,4.783086269278650215e-01
3.413582424603757715e-01,9.778687424419307828e-02,1.000000000000000000e+00,8.777945941939975238e-01,0.000000000000000000e+00,0.000000000000000000e+00,4.790372119196953937e-01
3.421921080396982395e-01,9.735001052085712203e-02,1.000000000000000000e+00,8.773967726392086774e-01,0.000000000000000000e+00,0.000000000000000000e+00,4.797654670381151787e-01
3.430266975153576925e-01,9.691453133161354039e-02,1.000000000000000000e+00,8.769983468936416449e-01,0.000000000000000000e+00,0.000000000000000000e+00,4.804933917816350264e-01
3.438620085885027433e-01,9.648043787597615495e-02,1.000000000000000000e+00,8.765993172316592918e-01,0.000000000000000000e+00,0.000000000000000000e+00,4.812209856489935156e-01
3.446980389582943172e-01,9.604773134964239567e-02,9.999999999999998890e-01,8.761996839280404847e-01,0.000000000000000000e+00,0.000000000000000000e+00,4.819482481391564321e-01
3.455347863219124793e-01,9.561641294448897099e-02,1.000000000000000222e+00,8.757994472579798684e-01,0.000000000000000000e+00,0.000000000000000000e+00,4.826751787513182679e-01
3.463722483745617642e-01,9.518648384856953637e-02,1.000000000000000000e+00,8.753986074970872000e-01,0.000000000000000000e+00,0.000000000000000000e+00,4.834017769849017765e-01
3.472104228094785583e-01,9.475794524611069747e-02,1.000000000000000000e+00,8.749971649213877933e-01,0.000000000000000000e+00,0.000000000000000000e+00,4.841280423395588062e-01
3.480493073179371510e-01,9.433079831750879052e-02,1.000000000000000000e+00,8.745951198073221855e-01,0.000000000000000000e+00,0.000000000000000000e+00,4.848539743151702441e-01
3.488888995892555078e-01,9.390504423932710676e-02,1.000000000000000000e+00,8.741924724317455819e-01,0.000000000000000000e+00,0.000000000000000000e+00,4.855795724118466827e-01
3.497291973108021534e-01,9.348068418429222870e-02,9.999999999999998890e-01,8.737892230719278563e-01,0.000000000000000000e+00,0.000000000000000000e+00,4.863048361299285305e-01
3.505701981680028889e-01,9.305771932129147661e-02,1.000000000000000000e+00,8.733853720055538838e-01,0.000000000000000000e+00,0.000000000000000000e+00,4.870297649699864562e-01
3.514118998443461206e-01,9.263615081536780149e-02,1.000000000000000000e+00,8.729809195107223196e-01,0.000000000000000000e+00,0.000000000000000000e+00,4.877543584328219439e-01
3.522543000213906872e-01,9.221597982771978508e-02,1.000000000000000000e+00,8.725758658659464873e-01,0.000000000000000000e+00,0.000000000000000000e+00,4.884786160194669602e-01
3.530973963787704673e-01,9.179720751569475645e-02,1.000000000000000000e+00,8.721702113501530462e-01,0.000000000000000000e+00,0.000000000000000000e+00,4.892025372311853970e-01
3.539411865942025393e-01,9.137983503278912512e-02,1.000000000000000000e+00,8.717639562426832134e-01,0.000000000000000000e+00,0.000000000000000000e+00,4.899261215694720728e-01
3.547856683434921776e-01,9.096386352864194169e-02,1.000000000000000000e+00,8.713571008232910975e-01,0.000000000000000000e+00,0.000000000000000000e+00,4.906493685360543977e-01
3.556308393005401802e-01,9.054929414903445384e-02,1.000000000000000000e+00,8.709496453721445874e-01,0.000000000000000000e+00,0.000000000000000000e+00,4.913722776328917075e-01
3.564766971373492521e-01,9.013612803588544331e-02,1.000000000000000000e+00,8.705415901698245751e-01,0.000000000000000000e+00,0.000000000000000000e+00,4.920948483621762626e-01
3.573232395240289461e-01,8.972436632724800631e-02,1.000000000000000000e+00,8.701329354973249552e-01,0.000000000000000000e+00,0.000000000000000000e+00,4.928170802263331374e-01
3.581704641288050994e-01,8.931401015730766613e-02,1.000000000000000222e+00,8.697236816360527367e-01,0.000000000000000000e+00,0.000000000000000000e+00,4.935389727280208305e-01
3.590183686180222211e-01,8.890506065637782118e-02,9.999999999999998890e-01,8.693138288678269321e-01,0.000000000000000000e+00,0.000000000000000000e+00,4.942605253701315426e-01
3.598669506561540943e-01,8.849751895089741360e-02,1.000000000000000000e+00,8.689033774748796679e-01,0.000000000000000000e+00,0.000000000000000000e+00,4.949817376557914539e-01
3.607162079058068849e-01,8.809138616342759853e-02,1.000000000000000000e+00,8.684923277398548525e-01,0.000000000000000000e+00,0.000000000000000000e+00,4.957026090883612790e-01
3.615661380277273018e-01,8.768666341264896857e-02,1.000000000000000000e+00,8.680806799458083978e-01,0.000000000000000000e+00,0.000000000000000000e+00,4.964231391714361008e-01
3.624167386808089808e-01,8.728335181335777904e-02,1.000000000000000000e+00,8.676684343762082197e-01,0.000000000000000000e+00,0.000000000000000000e+00,4.971433274088465359e-01
3.632680075220984239e-01,8.688145247646361646e-02,1.000000000000000000e+00,8.672555913149340157e-01,0.000000000000000000e+00,0.000000000000000000e+00,4.978631733046582908e-01
3.641199422068008840e-01,8.648096650898606796e-02,1.000000000000000000e+00,8.668421510462765989e-01,0.000000000000000000e+00,0.000000000000000000e+00,4.985826763631727720e-01
3.649725403882887464e-01,8.608189501405172361e-02,1.000000000000000000e+00,8.664281138549381200e-01,0.000000000000000000e+00,0.000000000000000000e+00,4.993018360889276419e-01
3.658257997181059151e-01,8.568423909089040169e-02,9.999999999999997780e-01,8.660134800260319565e-01,0.000000000000000000e+00,0.000000000000000000e+00,5.000206519866968735e-01
3.666797178459762496e-01,8.528799983483337233e-02,1.000000000000000000e+00,8.655982498450822682e-01,0.000000000000000000e+00,0.000000000000000000e+00,5.007391235614914171e-01
3.675342924198075067e-01,8.489317833730980478e-02,9.999999999999998890e-01,8.651824235980236644e-01,0.000000000000000000e+00,0.000000000000000000e+00,5.014572503185589225e-01
3.683895210857004998e-01,8.449977568584332577e-02,1.000000000000000000e+00,8.647660015712015369e-01,0.000000000000000000e+00,0.000000000000000000e+00,5.021750317633849603e-01
3.692454014879536506e-01,8.410779296404968797e-02,1.000000000000000000e+00,8.643489840513712830e-01,0.000000000000000000e+00,0.000000000000000000e+00,5.028924674016925778e-01
3.701019312690703722e-01,8.371723125163343937e-02,1.000000000000000000e+00,8.639313713256984162e-01,0.000000000000000000e+00,0.000000000000000000e+00,5.036095567394429651e-01
3.709591080697657861e-01,8.332809162438470363e-02,1.000000000000000000e+00,8.635131636817584555e-01,0.000000000000000000e+00,0.000000000000000000e+00,5.043262992828358993e-01
3.718169295289721066e-01,8.294037515417662654e-02,9.999999999999997780e-01,8.630943614075364811e-01,0.000000000000000000e+00,0.000000000000000000e+00,5.050426945383099664e-01
3.726753932838469674e-01,8.255408290896260048e-02,1.000000000000000000e+00,8.626749647914271346e-01,0.000000000000000000e+00,0.000000000000000000e+00,5.057587420125428945e-01
3.735344969697773077e-01,8.216921595277282275e-02,1.000000000000000000e+00,8.622549741222341746e-01,0.000000000000000000e+00,0.000000000000000000e+00,5.064744412124517758e-01
3.743942382203884756e-01,8.178577534571185303e-02,1.000000000000000000e+00,8.618343896891705880e-01,0.000000000000000000e+00,0.000000000000000000e+00,5.071897916451935107e-01
3.752546146675492800e-01,8.140376214395506071e-02,1.000000000000000000e+00,8.614132117818582568e-01,0.000000000000000000e+00,0.000000000000000000e+00,5.079047928181653626e-01
3.761156239413790958e-01,8.102317739974584931e-02,1.000000000000000000e+00,8.609914406903274031e-01,0.000000000000000000e+00,0.000000000000000000e+00,5.086194442390050696e-01
3.769772636702540813e-01,8.064402216139354707e-02,1.000000000000000000e+00,8.605690767050172552e-01,0.000000000000000000e+00,0.000000000000000000e+00,5.093337454155910660e-01
3.778395314808138949e-01,8.026629747326974318e-02,1.000000000000000000e+00,8.601461201167749371e-01,0.000000000000000000e+00,0.000000000000000000e+00,5.100476958560430374e-01
3.787024249979678570e-01,7.989000437580551228e-02,1.000000000000000000e+00,8.597225712168558021e-01,0.000000000000000000e+00,0.000000000000000000e+00,5.107612950687222542e-01
3.795659418449023881e-01,7.951514390548897193e-02,1.000000000000000000e+00,8.592984302969228771e-01,0.000000000000000000e+00,0.000000000000000000e+00,5.114745425622319042e-01
3.804300796430862830e-01,7.914171709486139683e-02,9.999999999999998890e-01,8.588736976490471964e-01,0.000000000000000000e+00,0.000000000000000000e+00,5.121874378454170929e-01
3.812948360122785929e-01,7.876972497251610861e-02,1.000000000000000000e+00,8.584483735657071346e-01,0.000000000000000000e+00,0.000000000000000000e+00,5.128999804273657315e-01
3.821602085705342322e-01,7.839916856309347981e-02,1.000000000000000000e+00,8.580224583397880744e-01,0.000000000000000000e+00,0.000000000000000000e+00,5.136121698174086481e-01
3.830261949342106398e-01,7.803004888728048982e-02,1.000000000000000000e+00,8.575959522645828503e-01,0.000000000000000000e+00,0.000000000000000000e+00,5.143240055251195875e-01
3.838927927179747734e-01,7.766236696180561783e-02,1.000000000000000000e+00,8.571688556337910825e-01,0.000000000000000000e+00,0.000000000000000000e+00,5.150354870603160995e-01
3.847599995348093826e-01,7.729612379943773259e-02,1.000000000000000000e+00,8.567411687415188437e-01,0.000000000000000000e+00,0.000000000000000000e+00,5.157466139330594279e-01
3.856278129960199474e-01,7.693132040898242874e-02,1.000000000000000000e+00,8.563128918822789926e-01,0.000000000000000000e+00,0.000000000000000000e+00,5.164573856536552876e-01
3.864962307112401740e-01,7.656795779527947321e-02,1.000000000000000000e+00,8.558840253509902851e-01,0.000000000000000000e+00,0.000000000000000000e+00,5.171678017326537535e-01
3.873652502884406545e-01,7.620603695920014076e-02,1.000000000000000000e+00,8.554545694429777081e-01,0.000000000000000000e+00,0.000000000000000000e+00,5.178778616808500379e-01
3.882348693339327528e-01,7.584555889764432735e-02,1.000000000000000000e+00,8.550245244539722567e-01,0.000000000000000000e+00,0.000000000000000000e+00,5.185875650092841571e-01
3.891050854523776525e-01,7.548652460353810767e-02,1.000000000000000000e+00,8.545938906801104906e-01,0.000000000000000000e+00,0.000000000000000000e+00,5.192969112292421530e-01
3.899758962467916312e-01,7.512893506583029346e-02,1.000000000000000000e+00,8.541626684179342011e-01,0.000000000000000000e+00,0.000000000000000000e+00,5.200058998522557596e-01
3.908472993185525546e-01,7.477279126949032406e-02,1.000000000000000000e+00,8.537308579643906326e-01,0.000000000000000000e+00,0.000000000000000000e+00,5.207145303901030697e-01
3.917192922674071487e-01,7.441809419550571292e-02,1.000000000000000000e+00,8.532984596168320390e-01,0.000000000000000000e+00,0.000000000000000000e+00,5.214228023548085345e-01
3.925918726914779389e-01,7.406484482087838384e-02,1.000000000000000000e+00,8.528654736730153507e-01,0.000000000000000000e+00,0.000000000000000000e+00,5.221307152586439626e-01
3.934650381872681901e-01,7.371304411862322770e-02,1.000000000000000000e+00,8.524319004311026182e-01,0.000000000000000000e+00,0.000000000000000000e+00,5.228382686141277436e-01
3.943387863496701229e-01,7.336269305776466076e-02,1.000000000000000000e+00,8.519977401896596803e-01,0.000000000000000000e+00,0.000000000000000000e+00,5.235454619340265126e-01
3.952131147719713522e-01,7.301379260333396015e-02,1.000000000000000000e+00,8.515629932476569408e-01,0.000000000000000000e+00,0.000000000000000000e+00,5.242522947313544845e-01
3.960880210458606054e-01,7.266634371636659928e-02,1.000000000000000000e+00,8.511276599044688140e-01,0.000000000000000000e+00,0.000000000000000000e+00,5.249587665193742314e-01
3.969635027614354383e-01,7.232034735390002744e-02,1.000000000000000000e+00,8.506917404598733912e-01,0.000000000000000000e+00,0.000000000000000000e+00,5.256648768115970149e-01
3.978395575072078416e-01,7.197580446897078321e-02,1.000000000000000000e+00,8.502552352140524405e-01,0.000000000000000000e+00,0.000000000000000000e+00,5.263706251217827869e-01
3.987161828701116795e-01,7.163271601061182992e-02,1.000000000000000000e+00,8.498181444675911855e-01,0.000000000000000000e+00,0.000000000000000000e+00,5.270760109639408553e-01
3.995933764355092399e-01,7.129108292384966905e-02,1.000000000000000000e+00,8.493804685214778605e-01,0.000000000000000000e+00,0.000000000000000000e+00,5.277810338523303280e-01
4.004711357871979516e-01,7.095090614970234189e-02,1.000000000000000000e+00,8.489422076771039327e-01,0.000000000000000000e+00,0.000000000000000000e+00,5.284856933014601132e-01
4.013494585074155463e-01,7.061218662517643185e-02,1.000000000000000000e+00,8.485033622362633254e-01,0.000000000000000000e+00,0.000000000000000000e+00,5.291899888260892526e-01
4.022283421768494405e-01,7.027492528326440002e-02,1.000000000000000000e+00,8.480639325011528618e-01,0.000000000000000000e+00,0.000000000000000000e+00,5.298939199412275869e-01
4.031077843746409539e-01,6.993912305294258669e-02,9.999999999999998890e-01,8.476239187743712655e-01,0.000000000000000000e+00,0.000000000000000000e+00,5.305974861621358674e-01
4.039877826783936920e-01,6.960478085916799174e-02,9.999999999999998890e-01,8.471833213589200495e-01,0.000000000000000000e+00,0.000000000000000000e+00,5.313006870043259777e-01
4.048683346641790970e-01,6.927189962287572111e-02,1.000000000000000000e+00,8.467421405582020721e-01,0.000000000000000000e+00,0.000000000000000000e+00,5.320035219835616003e-01
4.057494379065433865e-01,6.894048026097709947e-02,1.000000000000000000e+00,8.463003766760223145e-01,0.000000000000000000e+00,0.000000000000000000e+00,5.327059906158582159e-01
4.066310899785141597e-01,6.861052368635700560e-02,1.000000000000000000e+00,8.458580300165869925e-01,0.000000000000000000e+00,0.000000000000000000e+00,5.334080924174835481e-01
4.075132884516078913e-01,6.828203080787076384e-02,9.999999999999997780e-01,8.454151008845037785e-01,0.000000000000000000e+00,0.000000000000000000e+00,5.341098269049580072e-01
4.083960308958363705e-01,6.795500253034159055e-02,1.000000000000000000e+00,8.449715895847813574e-01,0.000000000000000000e+00,0.000000000000000000e+00,5.348111935950553564e-01
4.092793148797116420e-01,6.762943975455892875e-02,1.000000000000000000e+00,8.445274964228296488e-01,0.000000000000000000e+00,0.000000000000000000e+00,5.355121920048016015e-01
4.101631379702550539e-01,6.730534337727578365e-02,1.000000000000000000e+00,8.440828217044586967e-01,0.000000000000000000e+00,0.000000000000000000e+00,5.362128216514773227e-01
4.110474977330025870e-01,6.698271429120572495e-02,9.999999999999998890e-01,8.436375657358793356e-01,0.000000000000000000e+00,0.000000000000000000e+00,5.369130820526165637e-01
4.119323917320129036e-01,6.666155338502066652e-02,1.000000000000000000e+00,8.431917288237027464e-01,0.000000000000000000e+00,0.000000000000000000e+00,5.376129727260078317e-01
4.128178175298718999e-01,6.634186154334864582e-02,1.000000000000000000e+00,8.427453112749399011e-01,0.000000000000000000e+00,0.000000000000000000e+00,5.383124931896942078e-01
4.137037726877011989e-01,6.602363964677115948e-02,1.000000000000000000e+00,8.422983133970018965e-01,0.000000000000000000e+00,0.000000000000000000e+00,5.390116429619734584e-01
4.145902547651644232e-01,6.570688857182049869e-02,1.000000000000000000e+00,8.418507354976991763e-01,0.000000000000000000e+00,0.000000000000000000e+00,5.397104215613989231e-01
4.154772613204735787e-01,6.539160919097808389e-02,1.000000000000000000e+00,8.414025778852417536e-01,0.000000000000000000e+00,0.000000000000000000e+00,5.404088285067794040e-01
4.163647899103960492e-01,6.507780237267146717e-02,1.000000000000000000e+00,8.409538408682387667e-01,0.000000000000000000e+00,0.000000000000000000e+00,5.411068633171796094e-01
4.172528380902614242e-01,6.476546898127133467e-02,1.000000000000000000e+00,8.405045247556984789e-01,0.000000000000000000e+00,0.000000000000000000e+00,5.418045255119205983e-01
4.181414034139681601e-01,6.445460987709106249e-02,1.000000000000000000e+00,8.400546298570277237e-01,0.000000000000000000e+00,0.000000000000000000e+00,5.425018146105800021e-01
4.190304834339901863e-01,6.414522591638271987e-02,1.000000000000000222e+00,8.396041564820320158e-01,0.000000000000000000e+00,0.000000000000000000e+00,5.431987301329924689e-01
4.199200757013833440e-01,6.383731795133440468e-02,1.000000000000000000e+00,8.391531049409153287e-01,0.000000000000000000e+00,0.000000000000000000e+00,5.438952715992493303e-01
4.208101777657927700e-01,6.353088683006991033e-02,1.000000000000000000e+00,8.387014755442795400e-01,0.000000000000000000e+00,0.000000000000000000e+00,5.445914385297002669e-01
4.217007871754599457e-01,6.322593339664428491e-02,1.000000000000000000e+00,8.382492686031244311e-01,0.000000000000000000e+00,0.000000000000000000e+00,5.452872304449526419e-01
4.225919014772278048e-01,6.292245849104205480e-02,1.000000000000000000e+00,8.377964844288479096e-01,0.000000000000000000e+00,0.000000000000000000e+00,5.459826468658717236e-01
4.234835182165498368e-01,6.262046294917555933e-02,1.000000000000000000e+00,8.373431233332448986e-01,0.000000000000000000e+00,0.000000000000000000e+00,5.466776873135817949e-01
4.243756349374938619e-01,6.231994760288284141e-02,1.000000000000000000e+00,8.368891856285077813e-01,0.000000000000000000e+00,0.000000000000000000e+00,5.473723513094655990e-01
4.252682491827524669e-01,6.202091327992431680e-02,1.000000000000000000e+00,8.364346716272261784e-01,0.000000000000000000e+00,0.000000000000000000e+00,5.480666383751654491e-01
4.261613584936462806e-01,6.172336080398044267e-02,1.000000000000000000e+00,8.359795816423861714e-01,0.000000000000000000e+00,0.000000000000000000e+00,5.487605480325831175e-01
4.270549604101333552e-01,6.142729099465060738e-02,1.000000000000000222e+00,8.355239159873708576e-01,0.000000000000000000e+00,0.000000000000000000e+00,5.494540798038803908e-01
4.279490524708141619e-01,6.113270466745035492e-02,1.000000000000000000e+00,8.350676749759594619e-01,0.000000000000000000e+00,0.000000000000000000e+00,5.501472332114789587e-01
4.288436322129390299e-01,6.083960263380838729e-02,1.000000000000000000e+00,8.346108589223275587e-01,0.000000000000000000e+00,0.000000000000000000e+00,5.508400077780613024e-01
4.297386971724160287e-01,6.054798570106567634e-02,1.000000000000000000e+00,8.341534681410467389e-01,0.000000000000000000e+00,0.000000000000000000e+00,5.515324030265708055e-01
4.306342448838156312e-01,6.025785467247146698e-02,1.000000000000000000e+00,8.336955029470842771e-01,0.000000000000000000e+00,0.000000000000000000e+00,5.522244184802119760e-01
4.315302728803785404e-01,5.996921034718405430e-02,1.000000000000000000e+00,8.332369636558030201e-01,0.000000000000000000e+00,0.000000000000000000e+00,5.529160536624506683e-01
4.324267786940235170e-01,5.968205352026434429e-02,1.000000000000000000e+00,8.327778505829610545e-01,0.000000000000000000e+00,0.000000000000000000e+00,5.536073080970150828e-01
4.333237598553526526e-01,5.939638498267763023e-02,1.000000000000000000e+00,8.323181640447118168e-01,0.000000000000000000e+00,0.000000000000000000e+00,5.542981813078952102e-01
4.342212138936578647e-01,5.911220552128915173e-02,1.000000000000000000e+00,8.318579043576034282e-01,0.000000000000000000e+00,0.000000000000000000e+00,5.549886728193434982e-01
4.351191383369301113e-01,5.882951591886231846e-02,1.000000000000000000e+00,8.313970718385789160e-01,0.000000000000000000e+00,0.000000000000000000e+00,5.556787821558755169e-01
4.360175307118633325e-01,5.854831695405737779e-02,1.000000000000000000e+00,8.309356668049754369e-01,0.000000000000000000e+00,0.000000000000000000e+00,5.563685088422698488e-01
4.369163885438633876e-01,5.826860940142819523e-02,1.000000000000000000e+00,8.304736895745246095e-01,0.000000000000000000e+00,0.000000000000000000e+00,5.570578524035687540e-01
4.378157093570536618e-01,5.799039403142070004e-02,1.000000000000000000e+00,8.300111404653520708e-01,0.000000000000000000e+00,0.000000000000000000e+00,5.577468123650780596e-01
4.387154906742823934e-01,5.771367161037044280e-02,1.000000000000000000e+00,8.295480197959772539e-01,0.000000000000000000e+00,0.000000000000000000e+00,5.584353882523679369e-01
4.396157300171294469e-01,5.743844290050104107e-02,1.000000000000000000e+00,8.290843278853131659e-01,0.000000000000000000e+00,0.000000000000000000e+00,5.591235795912730122e-01
4.405164249059124182e-01,5.716470865992173689e-02,1.000000000000000000e+00,8.286200650526661660e-01,0.000000000000000000e+00,0.000000000000000000e+00,5.598113859078924781e-01
4.414175728596952952e-01,5.689246964262495432e-02,1.000000000000000000e+00,8.281552316177356321e-01,0.000000000000000000e+00,0.000000000000000000e+00,5.604988067285912035e-01
4.423191713962933980e-01,5.662172659848507816e-02,1.000000000000000000e+00,8.276898279006142944e-01,0.000000000000000000e+00,0.000000000000000000e+00,5.611858415799988453e-01
4.432212180322807060e-01,5.635248027325534537e-02,1.000000000000000000e+00,8.272238542217870139e-01,0.000000000000000000e+00,0.000000000000000000e+00,5.618724899890114033e-01
4.441237102829973526e-01,5.608473140856662376e-02,1.000000000000000000e+00,8.267573109021315592e-01,0.000000000000000000e+00,0.000000000000000000e+00,5.625587514827906643e-01
4.450266456625562306e-01,5.581848074192485853e-02,1.000000000000000000e+00,8.262901982629178299e-01,0.000000000000000000e+00,0.000000000000000000e+00,5.632446255887649800e-01
4.459300216838486541e-01,5.555372900670996206e-02,1.000000000000000222e+00,8.258225166258077454e-01,0.000000000000000000e+00,0.000000000000000000e+00,5.639301118346293773e-01
4.468338358585531855e-01,5.529047693217181703e-02,1.000000000000000000e+00,8.253542663128550227e-01,0.000000000000000000e+00,0.000000000000000000e+00,5.646152097483460031e-01
4.477380856971414635e-01,5.502872524343049854e-02,1.000000000000000000e+00,8.248854476465051766e-01,0.000000000000000000e+00,0.000000000000000000e+00,5.652999188581445678e-01
4.486427687088843652e-01,5.476847466147327648e-02,9.999999999999998890e-01,8.244160609495947423e-01,0.000000000000000000e+00,0.000000000000000000e+00,5.659842386925222346e-01
4.495478824018607766e-01,5.450972590315195099e-02,1.000000000000000000e+00,8.239461065453518307e-01,0.000000000000000000e+00,0.000000000000000000e+00,5.666681687802446188e-01
4.504534242829619228e-01,5.425247968118274144e-02,1.000000000000000000e+00,8.234755847573951293e-01,0.000000000000000000e+00,0.000000000000000000e+00,5.673517086503452322e-01
4.513593918579004716e-01,5.399673670414228965e-02,1.000000000000000000e+00,8.230044959097341239e-01,0.000000000000000000e+00,0.000000000000000000e+00,5.680348578321267050e-01
4.522657826312165286e-01,5.374249767646654963e-02,1.000000000000000000e+00,8.225328403267689881e-01,0.000000000000000000e+00,0.000000000000000000e+00,5.687176158551605631e-01
4.531725941062839658e-01,5.348976329844956634e-02,1.000000000000000000e+00,8.220606183332900274e-01,0.000000000000000000e+00,0.000000000000000000e+00,5.693999822492875618e-01
4.540798237853183594e-01,5.323853426624003404e-02,1.000000000000000000e+00,8.215878302544773470e-01,0.000000000000000000e+00,0.000000000000000000e+00,5.700819565446183512e-01
4.549874691693832074e-01,5.298881127184118522e-02,1.000000000000000000e+00,8.211144764159012954e-01,0.000000000000000000e+00,0.000000000000000000e+00,5.707635382715334771e-01
4.558955277583969790e-01,5.274059500310734894e-02,1.000000000000000000e+00,8.206405571435215762e-01,0.000000000000000000e+00,0.000000000000000000e+00,5.714447269606838242e-01
4.568039970511396652e-01,5.249388614374239648e-02,1.000000000000000000e+00,8.201660727636873593e-01,0.000000000000000000e+00,0.000000000000000000e+00,5.721255221429908389e-01
4.577128745452606062e-01,5.224868537329840912e-02,1.000000000000000000e+00,8.196910236031367258e-01,0.000000000000000000e+00,0.000000000000000000e+00,5.728059233496471947e-01
4.586221577372842084e-01,5.200499336717356869e-02,1.000000000000000000e+00,8.192154099889970009e-01,0.000000000000000000e+00,0.000000000000000000e+00,5.734859301121166819e-01
4.595318441226173833e-01,5.176281079661015916e-02,9.999999999999998890e-01,8.187392322487839769e-01,0.000000000000000000e+00,0.000000000000000000e+00,5.741655419621345402e-01
4.604419311955573746e-01,5.152213832869223520e-02,1.000000000000000000e+00,8.182624907104020240e-01,0.000000000000000000e+00,0.000000000000000000e+00,5.748447584317084580e-01
4.613524164492964763e-01,5.128297662634562215e-02,1.000000000000000000e+00,8.177851857021436466e-01,0.000000000000000000e+00,0.000000000000000000e+00,5.755235790531179063e-01
4.622632973759308594e-01,5.104532634833303106e-02,1.000000000000000000e+00,8.173073175526894829e-01,0.000000000000000000e+00,0.000000000000000000e+00,5.762020033589151380e-01
4.631745714664668445e-01,5.080918814925561300e-02,1.000000000000000000e+00,8.168288865911078611e-01,0.000000000000000000e+00,0.000000000000000000e+00,5.768800308819252987e-01
4.640862362108276185e-01,5.057456267954829610e-02,1.000000000000000000e+00,8.163498931468547992e-01,0.000000000000000000e+00,0.000000000000000000e+00,5.775576611552467599e-01
4.649982890978605621e-01,5.034145058548067375e-02,1.000000000000000000e+00,8.158703375497733390e-01,0.000000000000000000e+00,0.000000000000000000e+00,5.782348937122515631e-01
4.659107276153436894e-01,5.010985250915167555e-02,1.000000000000000000e+00,8.153902201300942121e-01,0.000000000000000000e+00,0.000000000000000000e+00,5.789117280865854198e-01
4.668235492499926420e-01,4.987976908849200974e-02,1.000000000000000000e+00,8.149095412184343967e-01,0.000000000000000000e+00,0.000000000000000000e+00,5.795881638121682666e-01
4.677367514874684051e-01,4.965120095725938931e-02,1.000000000000000222e+00,8.144283011457980059e-01,0.000000000000000000e+00,0.000000000000000000e+00,5.802642004231947093e-01
4.686503318123827477e-01,4.942414874503742173e-02,1.000000000000000000e+00,8.139465002435751773e-01,0.000000000000000000e+00,0.000000000000000000e+00,5.809398374541340226e-01
4.695642877083068822e-01,4.919861307723483179e-02,1.000000000000000000e+00,8.134641388435426279e-01,0.000000000000000000e+00,0.000000000000000000e+00,5.816150744397308170e-01
4.704786166577769602e-01,4.897459457508268610e-02,1.000000000000000000e+00,8.129812172778627666e-01,0.000000000000000000e+00,0.000000000000000000e+00,5.822899109150050379e-01
4.713933161423016216e-01,4.875209385563283870e-02,9.999999999999997780e-01,8.124977358790839155e-01,0.000000000000000000e+00,0.000000000000000000e+00,5.829643464152522991e-01
4.723083836423694892e-01,4.853111153175715398e-02,1.000000000000000000e+00,8.120136949801396442e-01,0.000000000000000000e+00,0.000000000000000000e+00,5.836383804760449934e-01
4.732238166374544974e-01,4.831164821214462002e-02,1.000000000000000000e+00,8.115290949143492139e-01,0.000000000000000000e+00,0.000000000000000000e+00,5.843120126332310704e-01
4.741396126060246630e-01,4.809370450129968333e-02,1.000000000000000000e+00,8.110439360154165778e-01,0.000000000000000000e+00,0.000000000000000000e+00,5.849852424229357029e-01
4.750557690255473586e-01,4.787728099954258187e-02,1.000000000000000000e+00,8.105582186174307147e-01,0.000000000000000000e+00,0.000000000000000000e+00,5.856580693815610639e-01
4.759722833724981950e-01,4.766237830300479317e-02,1.000000000000000000e+00,8.100719430548650735e-01,0.000000000000000000e+00,0.000000000000000000e+00,5.863304930457867714e-01
4.768891531223659608e-01,4.744899700362914530e-02,1.000000000000000000e+00,8.095851096625775734e-01,0.000000000000000000e+00,0.000000000000000000e+00,5.870025129525701102e-01
4.778063757496607278e-01,4.723713768916826261e-02,1.000000000000000000e+00,8.090977187758101596e-01,0.000000000000000000e+00,0.000000000000000000e+00,5.876741286391463648e-01
4.787239487279212335e-01,4.702680094318179016e-02,1.000000000000000000e+00,8.086097707301888038e-01,0.000000000000000000e+00,0.000000000000000000e+00,5.883453396430292637e-01
4.796418695297202661e-01,4.681798734503639370e-02,1.000000000000000000e+00,8.081212658617229483e-01,0.000000000000000000e+00,0.000000000000000000e+00,5.890161455020112014e-01
4.805601356266728241e-01,4.661069746990242901e-02,1.000000000000000000e+00,8.076322045068058397e-01,0.000000000000000000e+00,0.000000000000000000e+00,5.896865457541633493e-01
4.814787444894431112e-01,4.640493188875349784e-02,1.000000000000000000e+00,8.071425870022134186e-01,0.000000000000000000e+00,0.000000000000000000e+00,5.903565399378365441e-01
4.823976935877511418e-01,4.620069116836456047e-02,1.000000000000000000e+00,8.066524136851048743e-01,0.000000000000000000e+00,0.000000000000000000e+00,5.910261275916610657e-01
4.833169803903790140e-01,4.599797587131082555e-02,1.000000000000000000e+00,8.061616848930224233e-01,0.000000000000000000e+00,0.000000000000000000e+00,5.916953082545468590e-01
4.842366023651797913e-01,4.579678655596541859e-02,1.000000000000000000e+00,8.056704009638901987e-01,0.000000000000000000e+00,0.000000000000000000e+00,5.923640814656847553e-01
4.851565569790824428e-01,4.559712377649760562e-02,1.000000000000000000e+00,8.051785622360150274e-01,0.000000000000000000e+00,0.000000000000000000e+00,5.930324467645455844e-01
4.860768416981005036e-01,4.539898808287290422e-02,9.999999999999998890e-01,8.046861690480856533e-01,0.000000000000000000e+00,0.000000000000000000e+00,5.937004036908815063e-01
4.869974539873371255e-01,4.520238002084997486e-02,1.000000000000000000e+00,8.041932217391727367e-01,0.000000000000000000e+00,0.000000000000000000e+00,5.943679517847255678e-01
4.879183913109936821e-01,4.500730013197962176e-02,1.000000000000000000e+00,8.036997206487282996e-01,0.000000000000000000e+00,0.000000000000000000e+00,5.950350905863922568e-01
4.888396511323771509e-01,4.481374895360390465e-02,1.000000000000000222e+00,8.032056661165859479e-01,0.000000000000000000e+00,0.000000000000000000e+00,5.957018196364785023e-01
4.897612309139044995e-01,4.462172701885280812e-02,1.000000000000000000e+00,8.027110584829602047e-01,0.000000000000000000e+00,0.000000000000000000e+00,5.963681384758626747e-01
4.906831281171128989e-01,4.443123485664579597e-02,1.000000000000000000e+00,8.022158980884465107e-01,0.000000000000000000e+00,0.000000000000000000e+00,5.970340466457061401e-01
4.916053402026641650e-01,4.424227299168714822e-02,9.999999999999998890e-01,8.017201852740211132e-01,0.000000000000000000e+00,0.000000000000000000e+00,5.976995436874527057e-01
4.925278646303534180e-01,4.405484194446662727e-02,9.999999999999998890e-01,8.012239203810402888e-01,0.000000000000000000e+00,0.000000000000000000e+00,5.983646291428298403e-01
4.934506988591155219e-01,4.386894223125770154e-02,1.000000000000000000e+00,8.007271037512411205e-01,0.000000000000000000e+00,0.000000000000000000e+00,5.990293025538476757e-01
4.943738403470311349e-01,4.368457436411521400e-02,1.000000000000000000e+00,8.002297357267398326e-01,0.000000000000000000e+00,0.000000000000000000e+00,5.996935634628006717e-01
4.952972865513351475e-01,4.350173885087460501e-02,1.000000000000000000e+00,7.997318166500330117e-01,0.000000000000000000e+00,0.000000000000000000e+00,6.003574114122669503e-01
4.962210349284236766e-01,4.332043619515124622e-02,1.000000000000000000e+00,7.992333468639962746e-01,0.000000000000000000e+00,0.000000000000000000e+00,6.010208459451094054e-01
4.971450829338594501e-01,4.314066689633744289e-02,1.000000000000000000e+00,7.987343267118848233e-01,0.000000000000000000e+00,0.000000000000000000e+00,6.016838666044752593e-01
4.980694280223803005e-01,4.296243144960243399e-02,1.000000000000000000e+00,7.982347565373326681e-01,0.000000000000000000e+00,0.000000000000000000e+00,6.023464729337968393e-01
4.989940676479063253e-01,4.278573034588994961e-02,1.000000000000000000e+00,7.977346366843524050e-01,0.000000000000000000e+00,0.000000000000000000e+00,6.030086644767920223e-01
4.999189992635453272e-01,4.261056407191821105e-02,1.000000000000000000e+00,7.972339674973354384e-01,0.000000000000000000e+00,0.000000000000000000e+00,6.036704407774639014e-01
5.008442203216014743e-01,4.243693311017737724e-02,1.000000000000000000e+00,7.967327493210513145e-01,0.000000000000000000e+00,0.000000000000000000e+00,6.043318013801017852e-01
5.017697282735815723e-01,4.226483793892843455e-02,1.000000000000000000e+00,7.962309825006476105e-01,0.000000000000000000e+00,0.000000000000000000e+00,6.049927458292813087e-01
5.026955205702022811e-01,4.209427903220241962e-02,1.000000000000000000e+00,7.957286673816498235e-01,0.000000000000000000e+00,0.000000000000000000e+00,6.056532736698644337e-01
5.036215946613967764e-01,4.192525685979853201e-02,1.000000000000000000e+00,7.952258043099608154e-01,0.000000000000000000e+00,0.000000000000000000e+00,6.063133844470002254e-01
5.045479479963221880e-01,4.175777188728346800e-02,1.000000000000000000e+00,7.947223936318610349e-01,0.000000000000000000e+00,0.000000000000000000e+00,6.069730777061247418e-01
5.054745780233664831e-01,4.159182457598897820e-02,1.000000000000000000e+00,7.942184356940077405e-01,0.000000000000000000e+00,0.000000000000000000e+00,6.076323529929618106e-01
5.064014821901550167e-01,4.142741538301242255e-02,1.000000000000000000e+00,7.937139308434354446e-01,0.000000000000000000e+00,0.000000000000000000e+00,6.082912098535224743e-01
5.073286579435595245e-01,4.126454476121377279e-02,1.000000000000000000e+00,7.932088794275546917e-01,0.000000000000000000e+00,0.000000000000000000e+00,6.089496478341070995e-01
5.082561027297015643e-01,4.110321315921483531e-02,1.000000000000000000e+00,7.927032817941529474e-01,0.000000000000000000e+00,0.000000000000000000e+00,6.096076664813031565e-01
5.091838139939633967e-01,4.094342102139914008e-02,1.000000000000000000e+00,7.921971382913935988e-01,0.000000000000000000e+00,0.000000000000000000e+00,6.102652653419877726e-01
5.101117891809920923e-01,4.078516878790883204e-02,1.000000000000000000e+00,7.916904492678157323e-01,0.000000000000000000e+00,0.000000000000000000e+00,6.109224439633267334e-01
5.110400257347084141e-01,4.062845689464533727e-02,1.000000000000000000e+00,7.911832150723344670e-01,0.000000000000000000e+00,0.000000000000000000e+00,6.115792018927753704e-01
5.119685210983132562e-01,4.047328577326625432e-02,1.000000000000000000e+00,7.906754360542401772e-01,0.000000000000000000e+00,0.000000000000000000e+00,6.122355386780786723e-01
5.128972727142943056e-01,4.031965585118613138e-02,1.000000000000000000e+00,7.901671125631981596e-01,0.000000000000000000e+00,0.000000000000000000e+00,6.128914538672717294e-01
5.138262780244334804e-01,4.016756755157335768e-02,1.000000000000000000e+00,7.896582449492490774e-01,0.000000000000000000e+00,0.000000000000000000e+00,6.135469470086798438e-01
5.147555344698135915e-01,4.001702129335127367e-02,9.999999999999997780e-01,7.891488335628079609e-01,0.000000000000000000e+00,0.000000000000000000e+00,6.142020176509187523e-01
5.156850394908270019e-01,3.986801749119428528e-02,1.000000000000000000e+00,7.886388787546645407e-01,0.000000000000000000e+00,0.000000000000000000e+00,6.148566653428956252e-01
5.166147905271794016e-01,3.972055655552941822e-02,1.000000000000000000e+00,7.881283808759824705e-01,0.000000000000000000e+00,0.000000000000000000e+00,6.155108896338084001e-01
5.175447850179007991e-01,3.957463889253309830e-02,1.000000000000000222e+00,7.876173402782996602e-01,0.000000000000000000e+00,0.000000000000000000e+00,6.161646900731470033e-01
5.184750204013486297e-01,3.943026490413092944e-02,1.000000000000000000e+00,7.871057573135273877e-01,0.000000000000000000e+00,0.000000000000000000e+00,6.168180662106926837e-01
5.194054941152183025e-01,3.928743498799680545e-02,9.999999999999998890e-01,7.865936323339509650e-01,0.000000000000000000e+00,0.000000000000000000e+00,6.174710175965193448e-01
5.203362035965486410e-01,3.914614953755113369e-02,9.999999999999998890e-01,7.860809656922284061e-01,0.000000000000000000e+00,0.000000000000000000e+00,6.181235437809933231e-01
5.212671462817285439e-01,3.900640894196072406e-02,1.000000000000000000e+00,7.855677577413909818e-01,0.000000000000000000e+00,0.000000000000000000e+00,6.187756443147736096e-01
5.221983196065046462e-01,3.886821358613667954e-02,1.000000000000000000e+00,7.850540088348427759e-01,0.000000000000000000e+00,0.000000000000000000e+00,6.194273187488122945e-01
5.231297210059880909e-01,3.873156385073395214e-02,1.000000000000000000e+00,7.845397193263600188e-01,0.000000000000000000e+00,0.000000000000000000e+00,6.200785666343550107e-01
5.240613479146628562e-01,3.859646011215023265e-02,1.000000000000000000e+00,7.840248895700917542e-01,0.000000000000000000e+00,0.000000000000000000e+00,6.207293875229410451e-01
5.249931977663899740e-01,3.846290274252417429e-02,1.000000000000000000e+00,7.835095199205586169e-01,0.000000000000000000e+00,0.000000000000000000e+00,6.213797809664036720e-01
5.259252679944179665e-01,3.833089210973583683e-02,9.999999999999997780e-01,7.829936107326530559e-01,0.000000000000000000e+00,0.000000000000000000e+00,6.220297465168707074e-01
5.268575560313881745e-01,3.820042857740413300e-02,1.000000000000000000e+00,7.824771623616394445e-01,0.000000000000000000e+00,0.000000000000000000e+00,6.226792837267645098e-01
5.277900593093411974e-01,3.807151250488727268e-02,1.000000000000000000e+00,7.819601751631530817e-01,0.000000000000000000e+00,0.000000000000000000e+00,6.233283921488023127e-01
5.287227752597246644e-01,3.794414424728087543e-02,1.000000000000000000e+00,7.814426494932001921e-01,0.000000000000000000e+00,0.000000000000000000e+00,6.239770713359966692e-01
5.296557013134014502e-01,3.781832415541619419e-02,1.000000000000000000e+00,7.809245857081582587e-01,0.000000000000000000e+00,0.000000000000000000e+00,6.246253208416557845e-01
5.305888349006550042e-01,3.769405257586133651e-02,1.000000000000000000e+00,7.804059841647750240e-01,0.000000000000000000e+00,0.000000000000000000e+00,6.252731402193836274e-01
5.315221734511972329e-01,3.757132985091860000e-02,1.000000000000000000e+00,7.798868452201684898e-01,0.000000000000000000e+00,0.000000000000000000e+00,6.259205290230804852e-01
5.324557143941756054e-01,3.745015631862402827e-02,1.000000000000000000e+00,7.793671692318269173e-01,0.000000000000000000e+00,0.000000000000000000e+00,6.265674868069431858e-01
5.333894551581800370e-01,3.733053231274585659e-02,1.000000000000000000e+00,7.788469565576082720e-01,0.000000000000000000e+00,0.000000000000000000e+00,6.272140131254650974e-01
5.343233931712496609e-01,3.721245816278562213e-02,1.000000000000000000e+00,7.783262075557401127e-01,0.000000000000000000e+00,0.000000000000000000e+00,6.278601075334369064e-01
5.352575258608812669e-01,3.709593419397438918e-02,1.000000000000000000e+00,7.778049225848192583e-01,0.000000000000000000e+00,0.000000000000000000e+00,6.285057695859468385e-01
5.361918506540342966e-01,3.698096072727397043e-02,1.000000000000000000e+00,7.772831020038117877e-01,0.000000000000000000e+00,0.000000000000000000e+00,6.291509988383805485e-01
5.371263649771400583e-01,3.686753807937548366e-02,1.000000000000000000e+00,7.767607461720523743e-01,0.000000000000000000e+00,0.000000000000000000e+00,6.297957948464220079e-01
5.380610662561066126e-01,3.675566656269801946e-02,1.000000000000000000e+00,7.762378554492443961e-01,0.000000000000000000e+00,0.000000000000000000e+00,6.304401571660532833e-01
5.389959519163285417e-01,3.664534648538797512e-02,1.000000000000000000e+00,7.757144301954596033e-01,0.000000000000000000e+00,0.000000000000000000e+00,6.310840853535553130e-01
5.399310193826909465e-01,3.653657815131960973e-02,1.000000000000000000e+00,7.751904707711377851e-01,0.000000000000000000e+00,0.000000000000000000e+00,6.317275789655076856e-01
5.408662660795795496e-01,3.642936186009082533e-02,1.000000000000000000e+00,7.746659775370865475e-01,0.000000000000000000e+00,0.000000000000000000e+00,6.323706375587896389e-01
5.418016894308854692e-01,3.632369790702594248e-02,1.000000000000000000e+00,7.741409508544812024e-01,0.000000000000000000e+00,0.000000000000000000e+00,6.330132606905796155e-01
5.427372868600139899e-01,3.621958658317325774e-02,1.000000000000000222e+00,7.736153910848642123e-01,0.000000000000000000e+00,0.000000000000000000e+00,6.336554479183562627e-01
5.436730557898895588e-01,3.611702817530482168e-02,1.000000000000000000e+00,7.730892985901451908e-01,0.000000000000000000e+00,0.000000000000000000e+00,6.342971987998979877e-01
5.446089936429661105e-01,3.601602296591377428e-02,9.999999999999998890e-01,7.725626737326007909e-01,0.000000000000000000e+00,0.000000000000000000e+00,6.349385128932839573e-01
5.455450978412310636e-01,3.591657123321645440e-02,1.000000000000000000e+00,7.720355168748740393e-01,0.000000000000000000e+00,0.000000000000000000e+00,6.355793897568942086e-01
5.464813658062137591e-01,3.581867325114884704e-02,1.000000000000000000e+00,7.715078283799744474e-01,0.000000000000000000e+00,0.000000000000000000e+00,6.362198289494095382e-01
5.474177949589926762e-01,3.572232928936902585e-02,1.000000000000000000e+00,7.709796086112773450e-01,0.000000000000000000e+00,0.000000000000000000e+00,6.368598300298123904e-01
5.483543827202022047e-01,3.562753961325260121e-02,1.000000000000000000e+00,7.704508579325243245e-01,0.000000000000000000e+00,0.000000000000000000e+00,6.374993925573868570e-01
5.492911265100400842e-01,3.553430448389549579e-02,1.000000000000000000e+00,7.699215767078222417e-01,0.000000000000000000e+00,0.000000000000000000e+00,6.381385160917188992e-01
5.502280237482738423e-01,3.544262415811061384e-02,1.000000000000000000e+00,7.693917653016434377e-01,0.000000000000000000e+00,0.000000000000000000e+00,6.387772001926970145e-01
5.511650718542481231e-01,3.535249888842884047e-02,1.000000000000000000e+00,7.688614240788252951e-01,0.000000000000000000e+00,0.000000000000000000e+00,6.394154444205119026e-01
5.521022682468932352e-01,3.526392892309759830e-02,1.000000000000000000e+00,7.683305534045701268e-01,0.000000000000000000e+00,0.000000000000000000e+00,6.400532483356575764e-01
5.530396103447300371e-01,3.517691450607940418e-02,1.000000000000000000e+00,7.677991536444448428e-01,0.000000000000000000e+00,0.000000000000000000e+00,6.406906114989310286e-01
5.539770955658778195e-01,3.509145587705420066e-02,1.000000000000000000e+00,7.672672251643805064e-01,0.000000000000000000e+00,0.000000000000000000e+00,6.413275334714328979e-01
5.549147213280627433e-01,3.500755327141369388e-02,1.000000000000000222e+00,7.667347683306724448e-01,0.000000000000000000e+00,0.000000000000000000e+00,6.419640138145674690e-01
5.558524850486226132e-01,3.492520692026601647e-02,1.000000000000000000e+00,7.662017835099795837e-01,0.000000000000000000e+00,0.000000000000000000e+00,6.426000520900433388e-01
5.567903841445158708e-01,3.484441705043150872e-02,1.000000000000000000e+00,7.656682710693247795e-01,0.000000000000000000e+00,0.000000000000000000e+00,6.432356478598733052e-01
5.577284160323285889e-01,3.476518388444305163e-02,1.000000000000000000e+00,7.651342313760940428e-01,0.000000000000000000e+00,0.000000000000000000e+00,6.438708006863751443e-01
5.586665781282798005e-01,3.468750764054651103e-02,1.000000000000000000e+00,7.645996647980364269e-01,0.000000000000000000e+00,0.000000000000000000e+00,6.445055101321712776e-01
5.596048678482308247e-01,3.461138853269829507e-02,9.999999999999998890e-01,7.640645717032638062e-01,0.000000000000000000e+00,0.000000000000000000e+00,6.451397757601897709e-01
5.605432826076917063e-01,3.453682677056635342e-02,1.000000000000000000e+00,7.635289524602505429e-01,0.000000000000000000e+00,0.000000000000000000e+00,6.457735971336645564e-01
5.614818198218268774e-01,3.446382255952884499e-02,1.000000000000000000e+00,7.629928074378335978e-01,0.000000000000000000e+00,0.000000000000000000e+00,6.464069738161346557e-01
5.624204769054641506e-01,3.439237610067369388e-02,1.000000000000000000e+00,7.624561370052117537e-01,0.000000000000000000e+00,0.000000000000000000e+00,6.470399053714459559e-01
5.633592512731017132e-01,3.432248759079759015e-02,1.000000000000000000e+00,7.619189415319458369e-01,0.000000000000000000e+00,0.000000000000000000e+00,6.476723913637506547e-01
5.642981403389137895e-01,3.425415722240676697e-02,1.000000000000000000e+00,7.613812213879577184e-01,0.000000000000000000e+00,0.000000000000000000e+00,6.483044313575079265e-01
5.652371415167589674e-01,3.418738518371500223e-02,1.000000000000000000e+00,7.608429769435312018e-01,0.000000000000000000e+00,0.000000000000000000e+00,6.489360249174839224e-01
5.661762522201871928e-01,3.412217165864384061e-02,1.000000000000000000e+00,7.603042085693106911e-01,0.000000000000000000e+00,0.000000000000000000e+00,6.495671716087522141e-01
5.671154698624465418e-01,3.405851682682159431e-02,9.999999999999998890e-01,7.597649166363015238e-01,0.000000000000000000e+00,0.000000000000000000e+00,6.501978709966941272e-01
5.680547918564911036e-01,3.399642086358434234e-02,1.000000000000000000e+00,7.592251015158695271e-01,0.000000000000000000e+00,0.000000000000000000e+00,6.508281226469994074e-01
5.689942156149860875e-01,3.393588393997293284e-02,9.999999999999997780e-01,7.586847635797409062e-01,0.000000000000000000e+00,0.000000000000000000e+00,6.514579261256651099e-01
5.699337385503182585e-01,3.387690622273442642e-02,1.000000000000000000e+00,7.581439032000019118e-01,0.000000000000000000e+00,0.000000000000000000e+00,6.520872809989979313e-01
5.708733580746000458e-01,3.381948787432165204e-02,1.000000000000000000e+00,7.576025207490983959e-01,0.000000000000000000e+00,0.000000000000000000e+00,6.527161868336129880e-01
5.718130715996777580e-01,3.376362905289120864e-02,1.000000000000000000e+00,7.570606165998355896e-01,0.000000000000000000e+00,0.000000000000000000e+00,6.533446431964348156e-01
5.727528765371394659e-01,3.370932991230468634e-02,1.000000000000000000e+00,7.565181911253785474e-01,0.000000000000000000e+00,0.000000000000000000e+00,6.539726496546971468e-01
5.736927702983209976e-01,3.365659060212744524e-02,1.000000000000000000e+00,7.559752446992505925e-01,0.000000000000000000e+00,0.000000000000000000e+00,6.546002057759439108e-01
5.746327502943137100e-01,3.360541126762828235e-02,1.000000000000000222e+00,7.554317776953345387e-01,0.000000000000000000e+00,0.000000000000000000e+00,6.552273111280288997e-01
5.755728139359705953e-01,3.355579204977932051e-02,1.000000000000000000e+00,7.548877904878709133e-01,0.000000000000000000e+00,0.000000000000000000e+00,6.558539652791163244e-01
5.765129586339157175e-01,3.350773308525489824e-02,9.999999999999998890e-01,7.543432834514589569e-01,0.000000000000000000e+00,0.000000000000000000e+00,6.564801677976812577e-01
5.774531817985490978e-01,3.346123450643179176e-02,1.000000000000000000e+00,7.537982569610558459e-01,0.000000000000000000e+00,0.000000000000000000e+00,6.571059182525097464e-01
5.783934808400547078e-01,3.341629644138943700e-02,1.000000000000000222e+00,7.532527113919762485e-01,0.000000000000000000e+00,0.000000000000000000e+00,6.577312162126990325e-01
5.793338531684070203e-01,3.337291901390815330e-02,1.000000000000000000e+00,7.527066471198923248e-01,0.000000000000000000e+00,0.000000000000000000e+00,6.583560612476578866e-01
5.802742961933795574e-01,3.333110234346958745e-02,1.000000000000000000e+00,7.521600645208337266e-01,0.000000000000000000e+00,0.000000000000000000e+00,6.589804529271071631e-01
5.812148073245502200e-01,3.329084654525693576e-02,1.000000000000000000e+00,7.516129639711865984e-01,0.000000000000000000e+00,0.000000000000000000e+00,6.596043908210798001e-01
5.821553839713099476e-01,3.325215173015283465e-02,1.000000000000000000e+00,7.510653458476939104e-01,0.000000000000000000e+00,0.000000000000000000e+00,6.602278744999213744e-01
5.830960235428690464e-01,3.321501800474147004e-02,1.000000000000000000e+00,7.505172105274553473e-01,0.000000000000000000e+00,0.000000000000000000e+00,6.608509035342898796e-01
5.840367234482644054e-01,3.317944547130668997e-02,1.000000000000000000e+00,7.499685583879263095e-01,0.000000000000000000e+00,0.000000000000000000e+00,6.614734774951567253e-01
5.849774810963666027e-01,3.314543422783167159e-02,1.000000000000000000e+00,7.494193898069183568e-01,0.000000000000000000e+00,0.000000000000000000e+00,6.620955959538065150e-01
5.859182938958876763e-01,3.311298436799914313e-02,1.000000000000000000e+00,7.488697051625984313e-01,0.000000000000000000e+00,0.000000000000000000e+00,6.627172584818377121e-01
5.868591592553871195e-01,3.308209598119182804e-02,1.000000000000000000e+00,7.483195048334890798e-01,0.000000000000000000e+00,0.000000000000000000e+00,6.633384646511625293e-01
5.878000745832800966e-01,3.305276915249055758e-02,1.000000000000000000e+00,7.477687891984680091e-01,0.000000000000000000e+00,0.000000000000000000e+00,6.639592140340075943e-01
5.887410372878442155e-01,3.302500396267493699e-02,1.000000000000000000e+00,7.472175586367675315e-01,0.000000000000000000e+00,0.000000000000000000e+00,6.645795062029139499e-01
5.896820447772256335e-01,3.299880048822390055e-02,1.000000000000000000e+00,7.466658135279745645e-01,0.000000000000000000e+00,0.000000000000000000e+00,6.651993407307374984e-01
5.906230944594488275e-01,3.297415880131349120e-02,1.000000000000000000e+00,7.461135542520306307e-01,0.000000000000000000e+00,0.000000000000000000e+00,6.658187171906495561e-01
5.915641837424202576e-01,3.295107896981885887e-02,1.000000000000000000e+00,7.455607811892310810e-01,0.000000000000000000e+00,0.000000000000000000e+00,6.664376351561364098e-01
5.925053100339385814e-01,3.292956105731281724e-02,1.000000000000000000e+00,7.450074947202250941e-01,0.000000000000000000e+00,0.000000000000000000e+00,6.670560942010003158e-01
5.934464707417002050e-01,3.290960512306551067e-02,1.000000000000000000e+00,7.444536952260152329e-01,0.000000000000000000e+00,0.000000000000000000e+00,6.676740938993598329e-01
5.943876632733063881e-01,3.289121122204485825e-02,1.000000000000000000e+00,7.438993830879578883e-01,0.000000000000000000e+00,0.000000000000000000e+00,6.682916338256492672e-01
5.953288850362704610e-01,3.287437940491666488e-02,9.999999999999998890e-01,7.433445586877619471e-01,0.000000000000000000e+00,0.000000000000000000e+00,6.689087135546197826e-01
5.962701334380268170e-01,3.285910971804362202e-02,1.000000000000000000e+00,7.427892224074892358e-01,0.000000000000000000e+00,0.000000000000000000e+00,6.695253326613396228e-01
5.972114058859346875e-01,3.284540220348530770e-02,1.000000000000000000e+00,7.422333746295539658e-01,0.000000000000000000e+00,0.000000000000000000e+00,6.701414907211941108e-01
5.981526997872876894e-01,3.283325689899896371e-02,1.000000000000000000e+00,7.416770157367226224e-01,0.000000000000000000e+00,0.000000000000000000e+00,6.707571873098858717e-01
5.990940125493209312e-01,3.282267383803827432e-02,1.000000000000000000e+00,7.411201461121137424e-01,0.000000000000000000e+00,0.000000000000000000e+00,6.713724220034356094e-01
6.000353415792167855e-01,3.281365304975381036e-02,1.000000000000000000e+00,7.405627661391974703e-01,0.000000000000000000e+00,0.000000000000000000e+00,6.719871943781818846e-01
6.009766842841128831e-01,3.280619455899347336e-02,1.000000000000000000e+00,7.400048762017954473e-01,0.000000000000000000e+00,0.000000000000000000e+00,6.726015040107815590e-01
6.019180380711096623e-01,3.280029838630127426e-02,1.000000000000000000e+00,7.394464766840804781e-01,0.000000000000000000e+00,0.000000000000000000e+00,6.732153504782103504e-01
6.028594003472769192e-01,3.279596454791788851e-02,1.000000000000000000e+00,7.388875679705761979e-01,0.000000000000000000e+00,0.000000000000000000e+00,6.738287333577629434e-01
6.038007685196605800e-01,3.279319305578098920e-02,1.000000000000000000e+00,7.383281504461568501e-01,0.000000000000000000e+00,0.000000000000000000e+00,6.744416522270531011e-01
6.047421399952908061e-01,3.279198391752435882e-02,1.000000000000000000e+00,7.377682244960472868e-01,0.000000000000000000e+00,0.000000000000000000e+00,6.750541066640139976e-01
6.056835121811888767e-01,3.279233713647855541e-02,1.000000000000000000e+00,7.372077905058221914e-01,0.000000000000000000e+00,0.000000000000000000e+00,6.756660962468989950e-01
6.066248824843729626e-01,3.279425271167091260e-02,1.000000000000000000e+00,7.366468488614064114e-01,0.000000000000000000e+00,0.000000000000000000e+00,6.762776205542810892e-01
6.075662483118682289e-01,3.279773063782454035e-02,1.000000000000000000e+00,7.360853999490740707e-01,0.000000000000000000e+00,0.000000000000000000e+00,6.768886791650542412e-01
6.085076070707106100e-01,3.280277090536010132e-02,1.000000000000000000e+00,7.355234441554485691e-01,0.000000000000000000e+00,0.000000000000000000e+00,6.774992716584327113e-01
6.094489561679555800e-01,3.280937350039414557e-02,9.999999999999998890e-01,7.349609818675026940e-01,0.000000000000000000e+00,0.000000000000000000e+00,6.781093976139516144e-01
6.103902930106869240e-01,3.281753840473977668e-02,1.000000000000000000e+00,7.343980134725578424e-01,0.000000000000000000e+00,0.000000000000000000e+00,6.787190566114678081e-01
6.113316150060197351e-01,3.282726559590720683e-02,1.000000000000000000e+00,7.338345393582837994e-01,0.000000000000000000e+00,0.000000000000000000e+00,6.793282482311592263e-01
6.122729195611120723e-01,3.283855504710331275e-02,1.000000000000000000e+00,7.332705599126987384e-01,0.000000000000000000e+00,0.000000000000000000e+00,6.799369720535259898e-01
6.132142040831687346e-01,3.285140672723174671e-02,1.000000000000000000e+00,7.327060755241687762e-01,0.000000000000000000e+00,0.000000000000000000e+00,6.805452276593900729e-01
6.141554659794503657e-01,3.286582060089249246e-02,1.000000000000000000e+00,7.321410865814077518e-01,0.000000000000000000e+00,0.000000000000000000e+00,6.811530146298961919e-01
6.150967026572798924e-01,3.288179662838308648e-02,1.000000000000000000e+00,7.315755934734768928e-01,0.000000000000000000e+00,0.000000000000000000e+00,6.817603325465115827e-01
6.160379115240494086e-01,3.289933476569861792e-02,1.000000000000000000e+00,7.310095965897847048e-01,0.000000000000000000e+00,0.000000000000000000e+00,6.823671809910264452e-01
6.169790899872273915e-01,3.291843496453006335e-02,1.000000000000000000e+00,7.304430963200866378e-01,0.000000000000000000e+00,0.000000000000000000e+00,6.829735595455541652e-01
6.179202354543669173e-01,3.293909717226706224e-02,1.000000000000000000e+00,7.298760930544845316e-01,0.000000000000000000e+00,0.000000000000000000e+00,6.835794677925320917e-01
6.188613453331111014e-01,3.296132133199580760e-02,1.000000000000000000e+00,7.293085871834269485e-01,0.000000000000000000e+00,0.000000000000000000e+00,6.841849053147209814e-01
6.198024170312018688e-01,3.298510738250060026e-02,1.000000000000000000e+00,7.287405790977081743e-01,0.000000000000000000e+00,0.000000000000000000e+00,6.847898716952062204e-01
6.207434479564853946e-01,3.301045525826373783e-02,1.000000000000000000e+00,7.281720691884685515e-01,0.000000000000000000e+00,0.000000000000000000e+00,6.853943665173971578e-01
6.216844355169206526e-01,3.303736488946507066e-02,1.000000000000000000e+00,7.276030578471941457e-01,0.000000000000000000e+00,0.000000000000000000e+00,6.859983893650281050e-01
6.226253771205864096e-01,3.306583620198277895e-02,9.999999999999998890e-01,7.270335454657159691e-01,0.000000000000000000e+00,0.000000000000000000e+00,6.866019398221582248e-01
6.235662701756877757e-01,3.309586911739359483e-02,1.000000000000000000e+00,7.264635324362100910e-01,0.000000000000000000e+00,0.000000000000000000e+00,6.872050174731726413e-01
6.245071120905631989e-01,3.312746355297291334e-02,1.000000000000000000e+00,7.258930191511977492e-01,0.000000000000000000e+00,0.000000000000000000e+00,6.878076219027809968e-01
6.254479002736921256e-01,3.316061942169434840e-02,1.000000000000000000e+00,7.253220060035441286e-01,0.000000000000000000e+00,0.000000000000000000e+00,6.884097526960195612e-01
6.263886321337024388e-01,3.319533663223184217e-02,1.000000000000000000e+00,7.247504933864590271e-01,0.000000000000000000e+00,0.000000000000000000e+00,6.890114094382503440e-01
6.273293050793764536e-01,3.323161508895722260e-02,9.999999999999998890e-01,7.241784816934960789e-01,0.000000000000000000e+00,0.000000000000000000e+00,6.896125917151619822e-01
6.282699165196595770e-01,3.326945469194286797e-02,9.999999999999998890e-01,7.236059713185524211e-01,0.000000000000000000e+00,0.000000000000000000e+00,6.902132991127700734e-01
6.292104638636659697e-01,3.330885533696037459e-02,9.999999999999998890e-01,7.230329626558686940e-01,0.000000000000000000e+00,0.000000000000000000e+00,6.908135312174169540e-01
6.301509445206872062e-01,3.334981691548244420e-02,1.000000000000000000e+00,7.224594561000289294e-01,0.000000000000000000e+00,0.000000000000000000e+00,6.914132876157721430e-01
6.310913559001974926e-01,3.339233931468110761e-02,1.000000000000000000e+00,7.218854520459595525e-01,0.000000000000000000e+00,0.000000000000000000e+00,6.920125678948328973e-01
6.320316954118618824e-01,3.343642241743038923e-02,1.000000000000000000e+00,7.213109508889298249e-01,0.000000000000000000e+00,0.000000000000000000e+00,6.926113716419243227e-01
6.329719604655449361e-01,3.348206610230430869e-02,1.000000000000000000e+00,7.207359530245514012e-01,0.000000000000000000e+00,0.000000000000000000e+00,6.932096984446998178e-01
6.339121484713140520e-01,3.352927024357832408e-02,1.000000000000000000e+00,7.201604588487778846e-01,0.000000000000000000e+00,0.000000000000000000e+00,6.938075478911408522e-01
6.348522568394503462e-01,3.357803471123099737e-02,9.999999999999998890e-01,7.195844687579044940e-01,0.000000000000000000e+00,0.000000000000000000e+00,6.944049195695579657e-01
6.357922829804545373e-01,3.362835937094121874e-02,1.000000000000000000e+00,7.190079831485682860e-01,0.000000000000000000e+00,0.000000000000000000e+00,6.950018130685906570e-01
6.367322243050526076e-01,3.368024408409187043e-02,1.000000000000000000e+00,7.184310024177470444e-01,0.000000000000000000e+00,0.000000000000000000e+00,6.955982279772074950e-01
6.376720782242047969e-01,3.373368870776771722e-02,1.000000000000000000e+00,7.178535269627601689e-01,0.000000000000000000e+00,0.000000000000000000e+00,6.961941638847066738e-01
6.386118421491122632e-01,3.378869309475729388e-02,1.000000000000000000e+00,7.172755571812671205e-01,0.000000000000000000e+00,0.000000000000000000e+00,6.967896203807163458e-01
6.395515134912240773e-01,3.384525709355257206e-02,1.000000000000000000e+00,7.166970934712680874e-01,0.000000000000000000e+00,0.000000000000000000e+00,6.973845970551947326e-01
6.404910896622436622e-01,3.390338054834984849e-02,9.999999999999998890e-01,7.161181362311033194e-01,0.000000000000000000e+00,0.000000000000000000e+00,6.979790934984305695e-01
6.414305680741377858e-01,3.396306329904974497e-02,1.000000000000000000e+00,7.155386858594529054e-01,0.000000000000000000e+00,0.000000000000000000e+00,6.985731093010431048e-01
6.423699461391407795e-01,3.402430518125809655e-02,1.000000000000000000e+00,7.149587427553365515e-01,0.000000000000000000e+00,0.000000000000000000e+00,6.991666440539826555e-01
6.433092212697654189e-01,3.408710602628595154e-02,1.000000000000000000e+00,7.143783073181131371e-01,0.000000000000000000e+00,0.000000000000000000e+00,6.997596973485308292e-01
6.442483908788063651e-01,3.415146566115023763e-02,1.000000000000000000e+00,7.137973799474806036e-01,0.000000000000000000e+00,0.000000000000000000e+00,7.003522687763009680e-01
6.451874523793490468e-01,3.421738390857453904e-02,9.999999999999997780e-01,7.132159610434760655e-01,0.000000000000000000e+00,0.000000000000000000e+00,7.009443579292372606e-01
6.461264031847782086e-01,3.428486058698854144e-02,1.000000000000000000e+00,7.126340510064743672e-01,0.000000000000000000e+00,0.000000000000000000e+00,7.015359643996177397e-01
6.470652407087822411e-01,3.435389551053003032e-02,1.000000000000000000e+00,7.120516502371889711e-01,0.000000000000000000e+00,0.000000000000000000e+00,7.021270877800513954e-01
6.480039623653610636e-01,3.442448848904477998e-02,1.000000000000000000e+00,7.114687591366715136e-01,0.000000000000000000e+00,0.000000000000000000e+00,7.027177276634800629e-01
6.489425655688346728e-01,3.449663932808622047e-02,9.999999999999997780e-01,7.108853781063106947e-01,0.000000000000000000e+00,0.000000000000000000e+00,7.033078836431790881e-01
6.498810477338494707e-01,3.457034782891710289e-02,1.000000000000000000e+00,7.103015075478332774e-01,0.000000000000000000e+00,0.000000000000000000e+00,7.038975553127566620e-01
6.508194062753851483e-01,3.464561378850938844e-02,1.000000000000000000e+00,7.097171478633024222e-01,0.000000000000000000e+00,0.000000000000000000e+00,7.044867422661545975e-01
6.517576386087604590e-01,3.472243699954580265e-02,9.999999999999997780e-01,7.091322994551185754e-01,0.000000000000000000e+00,0.000000000000000000e+00,7.050754440976482185e-01
6.526957421496448752e-01,3.480081725041861418e-02,1.000000000000000000e+00,7.085469627260186920e-01,0.000000000000000000e+00,0.000000000000000000e+00,7.056636604018474701e-01
6.536337143140587003e-01,3.488075432523241037e-02,1.000000000000000000e+00,7.079611380790756803e-01,0.000000000000000000e+00,0.000000000000000000e+00,7.062513907736960306e-01
6.545715525183877226e-01,3.496224800380232089e-02,1.000000000000000000e+00,7.073748259176987352e-01,0.000000000000000000e+00,0.000000000000000000e+00,7.068386348084726434e-01
6.555092541793845484e-01,3.504529806165668226e-02,1.000000000000000000e+00,7.067880266456326721e-01,0.000000000000000000e+00,0.000000000000000000e+00,7.074253921017907842e-01
6.564468167141785937e-01,3.512990427003681582e-02,1.000000000000000000e+00,7.062007406669578158e-01,0.000000000000000000e+00,0.000000000000000000e+00,7.080116622495989942e-01
6.573842375402821903e-01,3.521606639589736076e-02,1.000000000000000000e+00,7.056129683860894453e-01,0.000000000000000000e+00,0.000000000000000000e+00,7.085974448481814347e-01
6.583215140755986905e-01,3.530378420190771749e-02,1.000000000000000000e+00,7.050247102077777939e-01,0.000000000000000000e+00,0.000000000000000000e+00,7.091827394941581097e-01
6.592586437384280185e-01,3.539305744645104834e-02,1.000000000000000000e+00,7.044359665371080492e-01,0.000000000000000000e+00,0.000000000000000000e+00,7.097675457844846436e-01
6.601956239474747745e-01,3.548388588362783036e-02,1.000000000000000000e+00,7.038467377794991320e-01,0.000000000000000000e+00,0.000000000000000000e+00,7.103518633164531693e-01
6.611324521218562289e-01,3.557626926325341277e-02,1.000000000000000000e+00,7.032570243407043620e-01,0.000000000000000000e+00,0.000000000000000000e+00,7.109356916876926613e-01
6.620691256811072067e-01,3.567020733086057049e-02,1.000000000000000000e+00,7.026668266268107921e-01,0.000000000000000000e+00,0.000000000000000000e+00,7.115190304961683809e-01
6.630056420451889698e-01,3.576569982769972622e-02,1.000000000000000000e+00,7.020761450442387641e-01,0.000000000000000000e+00,0.000000000000000000e+00,7.121018793401833191e-01
6.639419986344959890e-01,3.586274649074006060e-02,1.000000000000000000e+00,7.014849799997421309e-01,0.000000000000000000e+00,0.000000000000000000e+00,7.126842378183773086e-01
6.648781928698621613e-01,3.596134705266895715e-02,1.000000000000000000e+00,7.008933319004073681e-01,0.000000000000000000e+00,0.000000000000000000e+00,7.132661055297282449e-01
6.658142221725690257e-01,3.606150124189488881e-02,9.999999999999997780e-01,7.003012011536536852e-01,0.000000000000000000e+00,0.000000000000000000e+00,7.138474820735517534e-01
6.667500839643528687e-01,3.616320878254553062e-02,1.000000000000000000e+00,6.997085881672328034e-01,0.000000000000000000e+00,0.000000000000000000e+00,7.144283670495018557e-01
6.676857756674103861e-01,3.626646939447075724e-02,1.000000000000000000e+00,6.991154933492282897e-01,0.000000000000000000e+00,0.000000000000000000e+00,7.150087600575709690e-01
6.686212947044072319e-01,3.637128279324264302e-02,9.999999999999998890e-01,6.985219171080556677e-01,0.000000000000000000e+00,0.000000000000000000e+00,7.155886606980902398e-01
6.695566384984849018e-01,3.647764869015546196e-02,9.999999999999998890e-01,6.979278598524619737e-01,0.000000000000000000e+00,0.000000000000000000e+00,7.161680685717299877e-01
6.704918044732677274e-01,3.658556679222768615e-02,1.000000000000000000e+00,6.973333219915254233e-01,0.000000000000000000e+00,0.000000000000000000e+00,7.167469832794998164e-01
6.714267900528683164e-01,3.669503680220254083e-02,9.999999999999997780e-01,6.967383039346550788e-01,0.000000000000000000e+00,0.000000000000000000e+00,7.173254044227487247e-01
6.723615926618988770e-01,3.680605841854767135e-02,1.000000000000000000e+00,6.961428060915909599e-01,0.000000000000000000e+00,0.000000000000000000e+00,7.179033316031662171e-01
6.732962097254728828e-01,3.691863133545780773e-02,9.999999999999998890e-01,6.955468288724031556e-01,0.000000000000000000e+00,0.000000000000000000e+00,7.184807644227810819e-01
6.742306386692168418e-01,3.703275524285409848e-02,1.000000000000000000e+00,6.949503726874921572e-01,0.000000000000000000e+00,0.000000000000000000e+00,7.190577024839631681e-01
6.751648769192741817e-01,3.714842982638588698e-02,9.999999999999997780e-01,6.943534379475879703e-01,0.000000000000000000e+00,0.000000000000000000e+00,7.196341453894228302e-01
6.760989219023146868e-01,3.726565476743071148e-02,9.999999999999998890e-01,6.937560250637504478e-01,0.000000000000000000e+00,0.000000000000000000e+00,7.202100927422113719e-01
6.770327710455390502e-01,3.738442974309652556e-02,9.999999999999998890e-01,6.931581344473685125e-01,0.000000000000000000e+00,0.000000000000000000e+00,7.207855441457213796e-01
6.779664217766891987e-01,3.750475442622069888e-02,1.000000000000000000e+00,6.925597665101601574e-01,0.000000000000000000e+00,0.000000000000000000e+00,7.213604992036869445e-01
6.788998715240517345e-01,3.762662848537323690e-02,1.000000000000000000e+00,6.919609216641718907e-01,0.000000000000000000e+00,0.000000000000000000e+00,7.219349575201838842e-01
6.798331177164685934e-01,3.775005158485522649e-02,1.000000000000000000e+00,6.913616003217788464e-01,0.000000000000000000e+00,0.000000000000000000e+00,7.225089186996301871e-01
6.807661577833410416e-01,3.787502338470138952e-02,1.000000000000000000e+00,6.907618028956841183e-01,0.000000000000000000e+00,0.000000000000000000e+00,7.230823823467863454e-01
6.816989891546383351e-01,3.800154354068141505e-02,1.000000000000000000e+00,6.901615297989188713e-01,0.000000000000000000e+00,0.000000000000000000e+00,7.236553480667548000e-01
6.826316092609049369e-01,3.812961170429884916e-02,9.999999999999998890e-01,6.895607814448414530e-01,0.000000000000000000e+00,0.000000000000000000e+00,7.242278154649816058e-01
6.835640155332679546e-01,3.825922752279375949e-02,1.000000000000000000e+00,6.889595582471379487e-01,0.000000000000000000e+00,0.000000000000000000e+00,7.247997841472557656e-01
6.844962054034422483e-01,3.839039063914351235e-02,1.000000000000000222e+00,6.883578606198210714e-01,0.000000000000000000e+00,0.000000000000000000e+00,7.253712537197094523e-01
6.854281763037387565e-01,3.852310069206343890e-02,1.000000000000000000e+00,6.877556889772302728e-01,0.000000000000000000e+00,0.000000000000000000e+00,7.259422237888186746e-01
6.863599256670724902e-01,3.865735731600761227e-02,1.000000000000000000e+00,6.871530437340314101e-01,0.000000000000000000e+00,0.000000000000000000e+00,7.265126939614037216e-01
6.872914509269681949e-01,3.879316014117006883e-02,1.000000000000000000e+00,6.865499253052168571e-01,0.000000000000000000e+00,0.000000000000000000e+00,7.270826638446286072e-01
6.882227495175674559e-01,3.893050879348647353e-02,9.999999999999998890e-01,6.859463341061042829e-01,0.000000000000000000e+00,0.000000000000000000e+00,7.276521330460020698e-01
6.891538188736372472e-01,3.906940289463356475e-02,9.999999999999998890e-01,6.853422705523370961e-01,0.000000000000000000e+00,0.000000000000000000e+00,7.282211011733779049e-01
6.900846564305752606e-01,3.920984206203226297e-02,1.000000000000000000e+00,6.847377350598842227e-01,0.000000000000000000e+00,0.000000000000000000e+00,7.287895678349545214e-01
6.910152596244177881e-01,3.935182590884667153e-02,1.000000000000000000e+00,6.841327280450393289e-01,0.000000000000000000e+00,0.000000000000000000e+00,7.293575326392758296e-01
6.919456258918462721e-01,3.949535404398729632e-02,1.000000000000000000e+00,6.835272499244208211e-01,0.000000000000000000e+00,0.000000000000000000e+00,7.299249951952312410e-01
6.928757526701952996e-01,3.964042607210982450e-02,1.000000000000000000e+00,6.829213011149715129e-01,0.000000000000000000e+00,0.000000000000000000e+00,7.304919551120562238e-01
6.938056373974591517e-01,3.978704159361778903e-02,1.000000000000000000e+00,6.823148820339584031e-01,0.000000000000000000e+00,0.000000000000000000e+00,7.310584119993321917e-01
6.947352775122987989e-01,3.993520020466312381e-02,1.000000000000000000e+00,6.817079930989722314e-01,0.000000000000000000e+00,0.000000000000000000e+00,7.316243654669871699e-01
6.956646704540484505e-01,4.008490149714760697e-02,1.000000000000000000e+00,6.811006347279274786e-01,0.000000000000000000e+00,0.000000000000000000e+00,7.321898151252954623e-01
6.965938136627237709e-01,4.023614505872374902e-02,1.000000000000000000e+00,6.804928073390615895e-01,0.000000000000000000e+00,0.000000000000000000e+00,7.327547605848786505e-01
6.975227045790279856e-01,4.038893047279534798e-02,1.000000000000000000e+00,6.798845113509351945e-01,0.000000000000000000e+00,0.000000000000000000e+00,7.333192014567053718e-01
6.984513406443597638e-01,4.054325731851982084e-02,1.000000000000000000e+00,6.792757471824315552e-01,0.000000000000000000e+00,0.000000000000000000e+00,7.338831373520918744e-01
6.993797193008187696e-01,4.069912517080864767e-02,1.000000000000000000e+00,6.786665152527563416e-01,0.000000000000000000e+00,0.000000000000000000e+00,7.344465678827019062e-01
7.003078379912143214e-01,4.085653360032870385e-02,1.000000000000000000e+00,6.780568159814374107e-01,0.000000000000000000e+00,0.000000000000000000e+00,7.350094926605472700e-01
7.012356941590721648e-01,4.101548217350281522e-02,1.000000000000000000e+00,6.774466497883241400e-01,0.000000000000000000e+00,0.000000000000000000e+00,7.355719112979883789e-01
7.021632852486400234e-01,4.117597045251231158e-02,9.999999999999998890e-01,6.768360170935878717e-01,0.000000000000000000e+00,0.000000000000000000e+00,7.361338234077335896e-01
7.030906087048977016e-01,4.133799799529713770e-02,1.000000000000000000e+00,6.762249183177209133e-01,0.000000000000000000e+00,0.000000000000000000e+00,7.366952286028406460e-01
7.040176619735596386e-01,4.150156435555718559e-02,1.000000000000000000e+00,6.756133538815366490e-01,0.000000000000000000e+00,0.000000000000000000e+00,7.372561264967159023e-01
