-1.999999999999999556e-01,3.860000000000000098e-01,7.500000000000000000e-01,7.073882691671997680e-01,0.000000000000000000e+00,7.068251811053659628e-01,0.000000000000000000e+00
-1.999999999999999556e-01,3.858962499018243064e-01,7.510252959181855648e-01,7.073878805194936392e-01,-7.415183781861134317e-04,7.068247927670272546e-01,-7.409281222197846043e-04
-1.999999999999999556e-01,3.857946495593805314e-01,7.520508070946896328e-01,7.073867145768024667e-01,-1.483035941573822118e-03,7.068236277524382327e-01,-1.481855430289751984e-03
-1.999999999999999556e-01,3.856951994192321931e-01,7.530765290220868824e-01,7.073847713404074478e-01,-2.224551875365616323e-03,7.068216860628783182e-01,-2.222781110060978622e-03
-2.000000000000000111e-01,3.855978999184921374e-01,7.541024571920263986e-01,7.073820508124436524e-01,-2.966065364765776546e-03,7.068189677004818039e-01,-2.963704347386332538e-03
-1.999999999999999556e-01,3.855027514848204939e-01,7.551285870952496593e-01,7.073785529959005780e-01,-3.707575594981271129e-03,7.068154726682353006e-01,-3.704624328121363091e-03
-1.999999999999999556e-01,3.854097545364227329e-01,7.561549142216125174e-01,7.073742778946218168e-01,-4.449081751222645417e-03,7.068112009699794029e-01,-4.445540238125197940e-03
-1.999999999999999556e-01,3.853189094820479998e-01,7.571814340601032978e-01,7.073692255133047224e-01,-5.190583018704928581e-03,7.068061526104080228e-01,-5.186451263261442068e-03
-1.999999999999999556e-01,3.852302167209871731e-01,7.582081420988634468e-01,7.073633958575010761e-01,-5.932078582648513121e-03,7.068003275950681674e-01,-5.927356589399061619e-03
-1.999999999999999556e-01,3.851436766430711978e-01,7.592350338252074060e-01,7.073567889336168646e-01,-6.673567628280065167e-03,7.067937259303604947e-01,-6.668255402413288992e-03
-1.999999999999999556e-01,3.850592896286693101e-01,7.602621047256421516e-01,7.073494047489117253e-01,-7.415049340833410919e-03,7.067863476235394238e-01,-7.409146888186510585e-03
-1.999999999999999556e-01,3.849770560486874271e-01,7.612893502858870676e-01,7.073412433114995013e-01,-8.156522905550434369e-03,7.067781926827121364e-01,-8.150030232609170588e-03
-1.999999999999999556e-01,3.848969762645664816e-01,7.623167659908937077e-01,7.073323046303482409e-01,-8.897987507681972413e-03,7.067692611168396866e-01,-8.890904621580653089e-03
-1.999999999999999556e-01,3.848190506282808121e-01,7.633443473248663347e-01,7.073225887152800873e-01,-9.639442332488711712e-03,7.067595529357358908e-01,-9.631769241010180657e-03
-1.999999999999999556e-01,3.847432794823366087e-01,7.643720897712806828e-01,7.073120955769709450e-01,-1.038088656524208120e-02,7.067490681500689931e-01,-1.037262327681772074e-02
-1.999999999999999556e-01,3.846696631597705807e-01,7.653999888129043860e-01,7.073008252269512575e-01,-1.112231939122514113e-02,7.067378067713591117e-01,-1.111346591493485303e-02
-1.999999999999999556e-01,3.845982019841482358e-01,7.664280399318174064e-01,7.072887776776048963e-01,-1.186373999573351115e-02,7.067257688119812364e-01,-1.185429634130570620e-02
-2.000000000000000111e-01,3.845288962695624924e-01,7.674562386094303523e-01,7.072759529421698277e-01,-1.260514756407620819e-02,7.067129542851625645e-01,-1.259511374188780619e-02
-1.999999999999999556e-01,3.844617463206324581e-01,7.684845803265060171e-01,7.072623510347385567e-01,-1.334654128157659013e-02,7.066993632049843876e-01,-1.333591730265299737e-02
-1.999999999999999001e-01,3.843967524325021534e-01,7.695130605631782528e-01,7.072479719702570167e-01,-1.408792033357322837e-02,7.066849955863804267e-01,-1.407670620958833586e-02
-2.000000000000000111e-01,3.843339148908389569e-01,7.705416747989717319e-01,7.072328157645253466e-01,-1.482928390542082031e-02,7.066698514451382751e-01,-1.481747964869697780e-02
-1.999999999999999556e-01,3.842732339718324397e-01,7.715704185128227088e-01,7.072168824341974469e-01,-1.557063118249106537e-02,7.066539307978990658e-01,-1.555823680599907263e-02
-1.999999999999999556e-01,3.842147099421931444e-01,7.725992871830978936e-01,7.072001719967813127e-01,-1.631196135017356358e-02,7.066372336621563610e-01,-1.629897686753266697e-02
-1.999999999999999556e-01,3.841583430591514747e-01,7.736282762876154351e-01,7.071826844706388115e-01,-1.705327359387672631e-02,7.066197600562577064e-01,-1.703969901935458581e-02
-1.999999999999999556e-01,3.841041335704566406e-01,7.746573813036632394e-01,7.071644198749855725e-01,-1.779456709902865058e-02,7.066015099994032989e-01,-1.778040244754134497e-02
-2.000000000000000111e-01,3.840520817143754373e-01,7.756865977080201757e-01,7.071453782298910973e-01,-1.853584105107803151e-02,7.065824835116468750e-01,-1.852108633819002023e-02
-2.000000000000000111e-01,3.840021877196909683e-01,7.767159209769760597e-01,7.071255595562790930e-01,-1.927709463549504357e-02,7.065626806138950444e-01,-1.926174987741915631e-02
-2.000000000000000111e-01,3.839544518057023681e-01,7.777453465863501947e-01,7.071049638759265843e-01,-2.001832703777223221e-02,7.065421013279079565e-01,-2.000239225136967586e-02
-2.000000000000000111e-01,3.839088741822229145e-01,7.787748700115121325e-01,7.070835912114646904e-01,-2.075953744342544718e-02,7.065207456762984117e-01,-2.074301264620574334e-02
-1.999999999999999556e-01,3.838654550495798068e-01,7.798044867274021019e-01,7.070614415863781810e-01,-2.150072503799467863e-02,7.064986136825326390e-01,-2.148361024811568099e-02
-2.000000000000000111e-01,3.838241945986129444e-01,7.808341922085496600e-01,7.070385150250054762e-01,-2.224188900704500774e-02,7.064757053709297407e-01,-2.222418424331285350e-02
-1.999999999999999556e-01,3.837850930106744274e-01,7.818639819290946757e-01,7.070148115525390908e-01,-2.298302853616744287e-02,7.064520207666619145e-01,-2.296473381803657010e-02
-1.999999999999999556e-01,3.837481504576271130e-01,7.828938513628065365e-01,7.069903311950248570e-01,-2.372414281097989797e-02,7.064275598957544533e-01,-2.370525815855297619e-02
-1.999999999999999556e-01,3.837133671018444492e-01,7.839237959831039104e-01,7.069650739793622574e-01,-2.446523101712798007e-02,7.064023227850855235e-01,-2.444575645115593110e-02
-1.999999999999999556e-01,3.836807430962095311e-01,7.849538112630760622e-01,7.069390399333047581e-01,-2.520629234028597468e-02,7.063763094623862759e-01,-2.518622788216792058e-02
-1.999999999999999556e-01,3.836502785841146568e-01,7.859838926755003952e-01,7.069122290854591428e-01,-2.594732596615770270e-02,7.063495199562407345e-01,-2.592667163794095189e-02
-1.999999999999999556e-01,3.836219736994603835e-01,7.870140356928645442e-01,7.068846414652857346e-01,-2.668833108047741556e-02,7.063219542960860187e-01,-2.666708690485745589e-02
-1.999999999999999556e-01,3.835958285666549727e-01,7.880442357873850279e-01,7.068562771030985070e-01,-2.742930686901069379e-02,7.062936125122116771e-01,-2.740747286933114049e-02
-1.999999999999999556e-01,3.835718433006141126e-01,7.890744884310274543e-01,7.068271360300648620e-01,-2.817025251755534213e-02,7.062644946357606868e-01,-2.814782871780792395e-02
-2.000000000000000111e-01,3.835500180067599740e-01,7.901047890955266162e-01,7.067972182782058521e-01,-2.891116721194229161e-02,7.062346006987281211e-01,-2.888815363676682305e-02
-2.000000000000000111e-01,3.835303527810212665e-01,7.911351332524062530e-01,7.067665238803957362e-01,-2.965205013803647385e-02,7.062039307339623706e-01,-2.962844681272082392e-02
-1.999999999999999556e-01,3.835128477098326272e-01,7.921655163729989235e-01,7.067350528703624235e-01,-3.039290048173773351e-02,7.061724847751642553e-01,-3.036870743221781882e-02
-1.999999999999999556e-01,3.834975028701337330e-01,7.931959339284656574e-01,7.067028052826866968e-01,-3.113371742898173034e-02,7.061402628568875794e-01,-3.110893468184145610e-02
-2.000000000000000111e-01,3.834843183293700219e-01,7.942263813898162716e-01,7.066697811528032114e-01,-3.187450016574078226e-02,7.061072650145383545e-01,-3.184912774821204579e-02
-1.999999999999999556e-01,3.834732941454911392e-01,7.952568542279295771e-01,7.066359805169997177e-01,-3.261524787802486808e-02,7.060734912843753541e-01,-3.258928581798747198e-02
-1.999999999999999556e-01,3.834644303669518250e-01,7.962873479135723631e-01,7.066014034124171728e-01,-3.335595975188235945e-02,7.060389417035102255e-01,-3.332940807786406029e-02
-1.999999999999999556e-01,3.834577270327110821e-01,7.973178579174197145e-01,7.065660498770495179e-01,-3.409663497340108956e-02,7.060036163099067119e-01,-3.406949371457752146e-02
-2.000000000000000111e-01,3.834531841722317314e-01,7.983483797100751067e-01,7.065299199497443450e-01,-3.483727272870912328e-02,7.059675151423809858e-01,-3.480954191490374938e-02
-2.000000000000000111e-01,3.834508018054814116e-01,7.993789087620907230e-01,7.064930136702020080e-01,-3.557787220397570782e-02,7.059306382406023150e-01,-3.554955186565982028e-02
-1.999999999999999556e-01,3.834505799429309691e-01,8.004094405439861060e-01,7.064553310789759566e-01,-3.631843258541215397e-02,7.058929856450917306e-01,-3.628952275370482539e-02
-1.999999999999999556e-01,3.834525185855557350e-01,8.014399705262691409e-01,7.064168722174728465e-01,-3.705895305927273120e-02,7.058545573972229148e-01,-3.702945376594078686e-02
-1.999999999999999556e-01,3.834566177248347474e-01,8.024704941794553736e-01,7.063776371279520960e-01,-3.779943281185553505e-02,7.058153535392216460e-01,-3.776934408931352516e-02
-1.999999999999999556e-01,3.834628773427510851e-01,8.035010069740887717e-01,7.063376258535262187e-01,-3.853987102950345162e-02,7.057753741141661319e-01,-3.850919291081358886e-02
-1.999999999999999556e-01,3.834712974117918671e-01,8.045315043807602651e-01,7.062968384381604903e-01,-3.928026689860497633e-02,7.057346191659866763e-01,-3.924899941747712201e-02
-2.000000000000000111e-01,3.834818778949484752e-01,8.055619818701288404e-01,7.062552749266732821e-01,-4.002061960559512993e-02,7.056930887394659013e-01,-3.998876279638675924e-02
-1.999999999999999556e-01,3.834946187457164424e-01,8.065924349129411919e-01,7.062129353647355057e-01,-4.076092833695638823e-02,7.056507828802384141e-01,-4.072848223467253476e-02
-2.000000000000000111e-01,3.835095199080960637e-01,8.076228589800510393e-01,7.061698197988709458e-01,-4.150119227921954257e-02,7.056077016347908071e-01,-4.146815691951275668e-02
-1.999999999999999556e-01,3.835265813165922300e-01,8.086532495424396672e-01,7.061259282764559275e-01,-4.224141061896458799e-02,7.055638450504622128e-01,-4.220778603813494373e-02
-2.000000000000000111e-01,3.835458028962149823e-01,8.096836020712355753e-01,7.060812608457196493e-01,-4.298158254282161139e-02,7.055192131754425278e-01,-4.294736877781660245e-02
-1.999999999999999556e-01,3.835671845624799015e-01,8.107139120377345742e-01,7.060358175557437388e-01,-4.372170723747175608e-02,7.054738060587750770e-01,-4.368690432588630268e-02
-1.999999999999999556e-01,3.835907262214082181e-01,8.117441749134193252e-01,7.059895984564622529e-01,-4.446178388964801276e-02,7.054276237503540603e-01,-4.442639186972439924e-02
-1.999999999999999556e-01,3.836164277695272573e-01,8.127743861699797678e-01,7.059426035986620107e-01,-4.520181168613618405e-02,7.053806663009257738e-01,-4.516583059676403111e-02
-2.000000000000000111e-01,3.836442890938711603e-01,8.138045412793322164e-01,7.058948330339821498e-01,-4.594178981377575188e-02,7.053329337620878325e-01,-4.590521969449194023e-02
-1.999999999999999556e-01,3.836743100719813837e-01,8.148346357136405649e-01,7.058462868149139036e-01,-4.668171745946079337e-02,7.052844261862903918e-01,-4.664455835044944987e-02
-1.999999999999999556e-01,3.837064905719064778e-01,8.158646649453343835e-01,7.057969649948012680e-01,-4.742159381014078579e-02,7.052351436268345930e-01,-4.738384575223326955e-02
-1.999999999999999556e-01,3.837408304522038072e-01,8.168946244471306795e-01,7.057468676278401132e-01,-4.816141805282167510e-02,7.051850861378732294e-01,-4.812308108749646651e-02
-1.999999999999999556e-01,3.837773295619393843e-01,8.179245096920525482e-01,7.056959947690786272e-01,-4.890118937456662540e-02,7.051342537744106354e-01,-4.886226354394928445e-02
-1.999999999999999556e-01,3.838159877406889797e-01,8.189543161534497129e-01,7.056443464744172056e-01,-4.964090696249688628e-02,7.050826465923029085e-01,-4.960139230936008031e-02
-1.999999999999999556e-01,3.838568048185381221e-01,8.199840393050177312e-01,7.055919228006082289e-01,-5.038057000379284750e-02,7.050302646482570212e-01,-5.034046657155623328e-02
-1.999999999999999556e-01,3.838997806160840964e-01,8.210136746208188674e-01,7.055387238052562848e-01,-5.112017768569476761e-02,7.049771079998317092e-01,-5.107948551842497048e-02
-1.999999999999999556e-01,3.839449149444352782e-01,8.220432175753009663e-01,7.054847495468173912e-01,-5.185972919550375926e-02,7.049231767054366937e-01,-5.181844833791433846e-02
-1.999999999999999556e-01,3.839922076052129096e-01,8.230726636433179921e-01,7.054300000845999952e-01,-5.259922372058268430e-02,7.048684708243329045e-01,-5.255735421803404278e-02
-1.999999999999999556e-01,3.840416583905519321e-01,8.241020083001500129e-01,7.053744754787640847e-01,-5.333866044835699344e-02,7.048129904166327009e-01,-5.329620234685633617e-02
-1.999999999999999556e-01,3.840932670831014306e-01,8.251312470215226291e-01,7.053181757903214111e-01,-5.407803856631563516e-02,7.047567355432990954e-01,-5.403499191251696920e-02
-1.999999999999999556e-01,3.841470334560258548e-01,8.261603752836270687e-01,7.052611010811354886e-01,-5.481735726201199255e-02,7.046997062661464195e-01,-5.477372210321602292e-02
-1.999999999999999556e-01,3.842029572730061293e-01,8.271893885631399490e-01,7.052032514139213726e-01,-5.555661572306468815e-02,7.046419026478397685e-01,-5.551239210721878314e-02
-1.999999999999999001e-01,3.842610382882406528e-01,8.282182823372433722e-01,7.051446268522456595e-01,-5.629581313715860402e-02,7.045833247518953346e-01,-5.625100111285676052e-02
-1.999999999999999556e-01,3.843212762464459642e-01,8.292470520836445758e-01,7.050852274605264869e-01,-5.703494869204567969e-02,7.045239726426797411e-01,-5.698954830852841213e-02
-1.999999999999999556e-01,3.843836708828585191e-01,8.302756932805963608e-01,7.050250533040333112e-01,-5.777402157554575174e-02,7.044638463854105970e-01,-5.772803288270015459e-02
-1.999999999999999556e-01,3.844482219232355225e-01,8.313042014069160768e-01,7.049641044488870190e-01,-5.851303097554764326e-02,7.044029460461560532e-01,-5.846645402390718282e-02
-2.000000000000000111e-01,3.845149290838558165e-01,8.323325719420059388e-01,7.049023809620595937e-01,-5.925197608000987159e-02,7.043412716918348027e-01,-5.920481092075439988e-02
-1.999999999999999556e-01,3.845837920715218794e-01,8.333608003658736774e-01,7.048398829113744490e-01,-5.999085607696156425e-02,7.042788233902164130e-01,-5.994310276191734677e-02
-1.999999999999999556e-01,3.846548105835603804e-01,8.343888821591504135e-01,7.047766103655057623e-01,-6.072967015450347200e-02,7.042156012099203277e-01,-6.068132873614300038e-02
-1.999999999999999001e-01,3.847279843078240669e-01,8.354168128031128626e-01,7.047125633939790301e-01,-6.146841750080873912e-02,7.041516052204167542e-01,-6.141948803225073111e-02
-1.999999999999999556e-01,3.848033129226925420e-01,8.364445877797010986e-01,7.046477420671707348e-01,-6.220709730412382621e-02,7.040868354920258865e-01,-6.215757983913317714e-02
-1.999999999999999556e-01,3.848807960970744846e-01,8.374722025715404250e-01,7.045821464563079006e-01,-6.294570875276941924e-02,7.040212920959184606e-01,-6.289560334575711176e-02
-2.000000000000000111e-01,3.849604334904084268e-01,8.384996526619596935e-01,7.045157766334688709e-01,-6.368425103514131769e-02,7.039549751041150882e-01,-6.363355774116440100e-02
-1.999999999999999001e-01,3.850422247526643083e-01,8.395269335350115103e-01,7.044486326715821978e-01,-6.442272333971134357e-02,7.038878845894864789e-01,-6.437144221447282932e-02
-1.999999999999999556e-01,3.851261695243451966e-01,8.405540406754923310e-01,7.043807146444273082e-01,-6.516112485502817409e-02,7.038200206257532177e-01,-6.510925595487702944e-02
-1.999999999999999556e-01,3.852122674364892863e-01,8.415809695689625558e-01,7.043120226266342820e-01,-6.589945476971829919e-02,7.037513832874860986e-01,-6.584699815164932191e-02
-1.999999999999999556e-01,3.853005181106707866e-01,8.426077157017654029e-01,7.042425566936834080e-01,-6.663771227248686813e-02,7.036819726501052363e-01,-6.658466799414064496e-02
-1.999999999999999556e-01,3.853909211590015316e-01,8.436342745610483362e-01,7.041723169219057388e-01,-6.737589655211860540e-02,7.036117887898809542e-01,-6.732226467178149820e-02
-1.999999999999999556e-01,3.854834761841335888e-01,8.446606416347807178e-01,7.041013033884824246e-01,-6.811400679747868503e-02,7.035408317839327852e-01,-6.805978737408270585e-02
-2.000000000000000111e-01,3.855781827792603145e-01,8.456868124117757901e-01,7.040295161714446026e-01,-6.885204219751367427e-02,7.034691017102301380e-01,-6.879723529063642984e-02
-1.999999999999999556e-01,3.856750405281179628e-01,8.467127823817095500e-01,7.039569553496741738e-01,-6.959000194125229688e-02,7.033965986475918530e-01,-6.953460761111696087e-02
-1.999999999999999556e-01,3.857740490049881288e-01,8.477385470351398444e-01,7.038836210029024709e-01,-7.032788521780651558e-02,7.033233226756858691e-01,-7.027190352528173145e-02
-1.999999999999999556e-01,3.858752077746994136e-01,8.487641018635279089e-01,7.038095132117112573e-01,-7.106569121637222597e-02,7.032492738750295569e-01,-7.100912222297202370e-02
-2.000000000000000111e-01,3.859785163926289231e-01,8.497894423592564639e-01,7.037346320575317282e-01,-7.180341912623029732e-02,7.031744523269897185e-01,-7.174626289411405178e-02
-1.999999999999999556e-01,3.860839744047048772e-01,8.508145640156508094e-01,7.036589776226452875e-01,-7.254106813674736365e-02,7.030988581137821436e-01,-7.248332472871973908e-02
-1.999999999999999556e-01,3.861915813474078862e-01,8.518394623269974764e-01,7.035825499901828817e-01,-7.327863743737679514e-02,7.030224913184713875e-01,-7.322030691688764803e-02
-1.999999999999999556e-01,3.863013367477737825e-01,8.528641327885654322e-01,7.035053492441248890e-01,-7.401612621765953082e-02,7.029453520249712151e-01,-7.395720864880386825e-02
-2.000000000000000111e-01,3.864132401233948411e-01,8.538885708966247323e-01,7.034273754693015634e-01,-7.475353366722495285e-02,7.028674403180441566e-01,-7.469402911474282147e-02
-2.000000000000000111e-01,3.865272909824228331e-01,8.549127721484665043e-01,7.033486287513921464e-01,-7.549085897579187188e-02,7.027887562833013968e-01,-7.543076750506831629e-02
-1.999999999999999001e-01,3.866434888235704692e-01,8.559367320424233760e-01,7.032691091769257552e-01,-7.622810133316934578e-02,7.027093000072032192e-01,-7.616742301023433914e-02
-2.000000000000000111e-01,3.867618331361137862e-01,8.569604460778881272e-01,7.031888168332801614e-01,-7.696525992925752624e-02,7.026290715770575623e-01,-7.690399482078588700e-02
-2.000000000000000111e-01,3.868823233998945899e-01,8.579839097553352278e-01,7.031077518086826794e-01,-7.770233395404865795e-02,7.025480710810217966e-01,-7.764048212735996657e-02
-1.999999999999999556e-01,3.870049590853223420e-01,8.590071185763387129e-01,7.030259141922095001e-01,-7.843932259762792514e-02,7.024662986081011695e-01,-7.837688412068648247e-02
-1.999999999999999556e-01,3.871297396533771029e-01,8.600300680435928324e-01,7.029433040737858018e-01,-7.917622505017427037e-02,7.023837542481490281e-01,-7.911319999158897276e-02
-1.999999999999999556e-01,3.872566645556111409e-01,8.610527536609318133e-01,7.028599215441855286e-01,-7.991304050196137987e-02,7.023004380918673739e-01,-7.984942893098570527e-02
-1.999999999999999556e-01,3.873857332341522075e-01,8.620751709333501767e-01,7.027757666950313897e-01,-8.064976814335857169e-02,7.022163502308059746e-01,-8.058557012989045476e-02
-1.999999999999999556e-01,3.875169451217050920e-01,8.630973153670209452e-01,7.026908396187949712e-01,-8.138640716483160065e-02,7.021314907573624753e-01,-8.132162277941336337e-02
-1.999999999999999556e-01,3.876502996415547297e-01,8.641191824693169599e-01,7.026051404087959584e-01,-8.212295675694360197e-02,7.020458597647826204e-01,-8.205758607076192590e-02
-1.999999999999999556e-01,3.877857962075684783e-01,8.651407677488299752e-01,7.025186691592028021e-01,-8.285941611035600729e-02,7.019594573471599208e-01,-8.279345919524176700e-02
-2.000000000000000111e-01,3.879234342241990041e-01,8.661620667153904218e-01,7.024314259650323855e-01,-8.359578441582937725e-02,7.018722835994353204e-01,-8.352924134425765423e-02
-1.999999999999999556e-01,3.880632130864862805e-01,8.671830748800870570e-01,7.023434109221494692e-01,-8.433206086422438685e-02,7.017843386173976405e-01,-8.426493170931433074e-02
-1.999999999999999001e-01,3.882051321800611410e-01,8.682037877552867267e-01,7.022546241272673573e-01,-8.506824464650249162e-02,7.016956224976824696e-01,-8.500052948201723690e-02
-2.000000000000000111e-01,3.883491908811467774e-01,8.692242008546541276e-01,7.021650656779466759e-01,-8.580433495372719044e-02,7.016061353377737175e-01,-8.573603385407377320e-02
-1.999999999999999556e-01,3.884953885565629039e-01,8.702443096931721245e-01,7.020747356725969279e-01,-8.654033097706445576e-02,7.015158772360019501e-01,-8.647144401729382757e-02
-2.000000000000000111e-01,3.886437245637272553e-01,8.712641097871600682e-01,7.019836342104744942e-01,-8.727623190778405204e-02,7.014248482915449445e-01,-8.720675916359088564e-02
-1.999999999999999556e-01,3.887941982506593064e-01,8.722835966542950015e-01,7.018917613916841880e-01,-8.801203693726014632e-02,7.013330486044274670e-01,-8.794197848498275238e-02
-1.999999999999999556e-01,3.889468089559825481e-01,8.733027658136301996e-01,7.017991173171780339e-01,-8.874774525697232130e-02,7.012404782755212729e-01,-8.867710117359260680e-02
-1.999999999999999556e-01,3.891015560089279290e-01,8.743216127856158204e-01,7.017057020887554897e-01,-8.948335605850635255e-02,7.011471374065448847e-01,-8.941212642164979296e-02
-2.000000000000000111e-01,3.892584387293362980e-01,8.753401330921174450e-01,7.016115158090634463e-01,-9.021886853355529090e-02,7.010530261000634811e-01,-9.014705342149073597e-02
-1.999999999999999556e-01,3.894174564276615680e-01,8.763583222564377273e-01,7.015165585815962279e-01,-9.095428187392011476e-02,7.009581444594888966e-01,-9.088188136555974683e-02
-1.999999999999999556e-01,3.895786084049739362e-01,8.773761758033331581e-01,7.014208305106950370e-01,-9.168959527151078481e-02,7.008624925890794000e-01,-9.161660944641002169e-02
-1.999999999999999556e-01,3.897418939529627702e-01,8.783936892590364920e-01,7.013243317015482869e-01,-9.242480791834707665e-02,7.007660705939395829e-01,-9.235123685670454385e-02
-1.999999999999999556e-01,3.899073123539398278e-01,8.794108581512749545e-01,7.012270622601911585e-01,-9.315991900655953839e-02,7.006688785800201380e-01,-9.308576278921688874e-02
-1.999999999999999556e-01,3.900748628808422547e-01,8.804276780092900045e-01,7.011290222935055994e-01,-9.389492772839011514e-02,7.005709166541181920e-01,-9.382018643683204262e-02
-1.999999999999999556e-01,3.902445447972359149e-01,8.814441443638579843e-01,7.010302119092204354e-01,-9.462983327619353680e-02,7.004721849238766396e-01,-9.455450699254754066e-02
-1.999999999999999556e-01,3.904163573573185553e-01,8.824602527473079938e-01,7.009306312159108154e-01,-9.536463484243766497e-02,7.003726834977842541e-01,-9.528872364947409135e-02
-1.999999999999999556e-01,3.905902998059229692e-01,8.834759986935428744e-01,7.008302803229985445e-01,-9.609933161970464488e-02,7.002724124851756882e-01,-9.602283560083657576e-02
-2.000000000000000111e-01,3.907663713785208826e-01,8.844913777380588593e-01,7.007291593407514174e-01,-9.683392280069187674e-02,7.001713719962311400e-01,-9.675684203997499122e-02
-1.999999999999999001e-01,3.909445713012253409e-01,8.855063854179647809e-01,7.006272683802839962e-01,-9.756840757821269583e-02,7.000695621419763537e-01,-9.749074216034521456e-02
-1.999999999999999556e-01,3.911248987907952612e-01,8.865210172720007220e-01,7.005246075535561667e-01,-9.830278514519737165e-02,6.999669830342823973e-01,-9.822453515551991809e-02
-2.000000000000000111e-01,3.913073530546378187e-01,8.875352688405601098e-01,7.004211769733742488e-01,-9.903705469469405165e-02,6.998636347858657736e-01,-9.895822021918965206e-02
-1.999999999999999556e-01,3.914919332908124439e-01,8.885491356657069240e-01,7.003169767533903300e-01,-9.977121541986948283e-02,6.997595175102880871e-01,-9.969179654516334421e-02
-1.999999999999999556e-01,3.916786386880344306e-01,8.895626132911963468e-01,7.002120070081020442e-01,-1.005052665140100804e-01,6.996546313219559332e-01,-1.004252633273695905e-01
-1.999999999999999556e-01,3.918674684256783225e-01,8.905756972624941925e-01,7.001062678528530148e-01,-1.012392071705225383e-01,6.995489763361204538e-01,-1.011586197598571685e-01
-1.999999999999999556e-01,3.920584216737814098e-01,8.915883831267967796e-01,6.999997594038315230e-01,-1.019730365829351476e-01,6.994425526688783368e-01,-1.018918650367963002e-01
-1.999999999999999001e-01,3.922514975930480041e-01,8.926006664330499163e-01,6.998924817780719509e-01,-1.027067539448983380e-01,6.993353604371704835e-01,-1.026249983524792631e-01
-1.999999999999999556e-01,3.924466953348518250e-01,8.936125427319688841e-01,6.997844350934534496e-01,-1.034403584501855655e-01,6.992273997587820089e-01,-1.033580189013212913e-01
-1.999999999999999556e-01,3.926440140412414403e-01,8.946240075760578669e-01,6.996756194687003827e-01,-1.041738492926944648e-01,6.991186707523429078e-01,-1.040909258778616869e-01
-1.999999999999999556e-01,3.928434528449424312e-01,8.956350565196298241e-01,6.995660350233819935e-01,-1.049072256664474734e-01,6.990091735373273885e-01,-1.048237184767644437e-01
-1.999999999999999556e-01,3.930450108693624989e-01,8.966456851188250310e-01,6.994556818779124052e-01,-1.056404867655927060e-01,6.988989082340534287e-01,-1.055563958928191909e-01
-1.999999999999999556e-01,3.932486872285941848e-01,8.976558889316317291e-01,6.993445601535500655e-01,-1.063736317844052176e-01,6.987878749636833309e-01,-1.062889573209423039e-01
-1.999999999999999556e-01,3.934544810274199778e-01,8.986656635179054442e-01,6.992326699723985239e-01,-1.071066599172873363e-01,6.986760738482231670e-01,-1.070214019561773755e-01
-1.999999999999999556e-01,3.936623913613148673e-01,8.996750044393880819e-01,6.991200114574053215e-01,-1.078395703587700372e-01,6.985635050105225563e-01,-1.077537289936965070e-01
-1.999999999999999556e-01,3.938724173164517284e-01,9.006839072597270235e-01,6.990065847323623238e-01,-1.085723623035134422e-01,6.984501685742751098e-01,-1.084859376288009603e-01
-1.999999999999999556e-01,3.940845579697038747e-01,9.016923675444965536e-01,6.988923899219057212e-01,-1.093050349463079995e-01,6.983360646640174307e-01,-1.092180270569220735e-01
-1.999999999999999556e-01,3.942988123886509433e-01,9.027003808612146241e-01,6.987774271515153623e-01,-1.100375874820752331e-01,6.982211934051298918e-01,-1.099499964736222607e-01
-2.000000000000000111e-01,3.945151796315808923e-01,9.037079427793646147e-01,6.986616965475151986e-01,-1.107700191058685335e-01,6.981055549238356361e-01,-1.106818450745956778e-01
-1.999999999999999556e-01,3.947336587474958303e-01,9.047150488704138738e-01,6.985451982370728397e-01,-1.115023290128743932e-01,6.979891493472012431e-01,-1.114135720556693604e-01
-1.999999999999999556e-01,3.949542487761152909e-01,9.057216947078330360e-01,6.984279323481994428e-01,-1.122345163984127675e-01,6.978719768031357296e-01,-1.121451766128038902e-01
-1.999999999999999556e-01,3.951769487478810072e-01,9.067278758671153405e-01,6.983098990097497127e-01,-1.129665804579384342e-01,6.977540374203913265e-01,-1.128766579420944216e-01
-2.000000000000000111e-01,3.954017576839605197e-01,9.077335879257971696e-01,6.981910983514213465e-01,-1.136985203870416322e-01,6.976353313285624802e-01,-1.136080152397715287e-01
-1.999999999999999001e-01,3.956286745962521723e-01,9.087388264634767010e-01,6.980715305037555884e-01,-1.144303353814489499e-01,6.975158586580866293e-01,-1.143392477022020237e-01
-1.999999999999999556e-01,3.958576984873888316e-01,9.097435870618320042e-01,6.979511955981363425e-01,-1.151620246370242961e-01,6.973956195402429836e-01,-1.150703545258899146e-01
-1.999999999999999556e-01,3.960888283507427166e-01,9.107478653046441330e-01,6.978300937667907267e-01,-1.158935873497698027e-01,6.972746141071534121e-01,-1.158013349074772796e-01
-1.999999999999999556e-01,3.963220631704297281e-01,9.117516567778122250e-01,6.977082251427881854e-01,-1.166250227158265457e-01,6.971528424917814437e-01,-1.165321880437450996e-01
-2.000000000000000111e-01,3.965574019213138346e-01,9.127549570693757053e-01,6.975855898600409333e-01,-1.173563299314755171e-01,6.970303048279327118e-01,-1.172629131316142020e-01
-1.999999999999999556e-01,3.967948435690116238e-01,9.137577617695332721e-01,6.974621880533037332e-01,-1.180875081931387072e-01,6.969070012502548428e-01,-1.179935093681461350e-01
-1.999999999999999556e-01,3.970343870698966882e-01,9.147600664706612150e-01,6.973380198581734524e-01,-1.188185566973796181e-01,6.967829318942363459e-01,-1.187239759505439723e-01
-1.999999999999999556e-01,3.972760313711043434e-01,9.157618667673338431e-01,6.972130854110889508e-01,-1.195494746409044018e-01,6.966580968962080567e-01,-1.194543120761532989e-01
-1.999999999999999556e-01,3.975197754105365688e-01,9.167631582563420256e-01,6.970873848493314151e-01,-1.202802612205626509e-01,6.965324963933414715e-01,-1.201845169424630572e-01
-1.999999999999999556e-01,3.977656181168661709e-01,9.177639365367139535e-01,6.969609183110235806e-01,-1.210109156333483982e-01,6.964061305236495247e-01,-1.209145897471064213e-01
-1.999999999999999556e-01,3.980135584095416679e-01,9.187641972097324583e-01,6.968336859351300649e-01,-1.217414370764007270e-01,6.962789994259860338e-01,-1.216445296878615606e-01
-1.999999999999999556e-01,3.982635951987919531e-01,9.197639358789559960e-01,6.967056878614567017e-01,-1.224718247470050064e-01,6.961511032400460319e-01,-1.223743359626529165e-01
-2.000000000000000111e-01,3.985157273856315685e-01,9.207631481502370763e-01,6.965769242306509845e-01,-1.232020778425934882e-01,6.960224421063645472e-01,-1.231040077695515073e-01
-1.999999999999999001e-01,3.987699538618646455e-01,9.217618296317424686e-01,6.964473951842017341e-01,-1.239321955607463333e-01,6.958930161663178238e-01,-1.238335443067762054e-01
-1.999999999999999556e-01,3.990262735100909008e-01,9.227599759339709662e-01,6.963171008644382098e-01,-1.246621770991924588e-01,6.957628255621222113e-01,-1.245629447726945838e-01
-1.999999999999999556e-01,3.992846852037092997e-01,9.237575826697744796e-01,6.961860414145312204e-01,-1.253920216558104261e-01,6.956318704368341654e-01,-1.252922083658236929e-01
-2.000000000000000111e-01,3.995451878069242180e-01,9.247546454543760230e-01,6.960542169784920130e-01,-1.261217284286293427e-01,6.955001509343504695e-01,-1.260213342848310325e-01
-2.000000000000000111e-01,3.998077801747496607e-01,9.257511599053898088e-01,6.959216277011726071e-01,-1.268512966158295840e-01,6.953676671994076797e-01,-1.267503217285352035e-01
-2.000000000000000111e-01,4.000724611530143138e-01,9.267471216428396774e-01,6.957882737282651275e-01,-1.275807254157440285e-01,6.952344193775821246e-01,-1.274791698959072683e-01
-1.999999999999999556e-01,4.003392295783668731e-01,9.277425262891795255e-01,6.956541552063022493e-01,-1.283100140268585154e-01,6.951004076152899058e-01,-1.282078779860710283e-01
-2.000000000000000111e-01,4.006080842782813733e-01,9.287373694693104031e-01,6.955192722826566420e-01,-1.290391616478130110e-01,6.949656320597861203e-01,-1.289364451983043558e-01
-2.000000000000000111e-01,4.008790240710615738e-01,9.297316468106027187e-01,6.953836251055408590e-01,-1.297681674774024130e-01,6.948300928591656378e-01,-1.296648707320399441e-01
-1.999999999999999556e-01,4.011520477658471751e-01,9.307253539429135580e-01,6.952472138240075594e-01,-1.304970307145774389e-01,6.946937901623622125e-01,-1.303931537868660839e-01
-1.999999999999999001e-01,4.014271541626180939e-01,9.317184864986055581e-01,6.951100385879486199e-01,-1.312257505584454309e-01,6.945567241191484831e-01,-1.311212935625276632e-01
-1.999999999999999556e-01,4.017043420522002917e-01,9.327110401125671135e-01,6.949720995480953567e-01,-1.319543262082712720e-01,6.944188948801358618e-01,-1.318492892589270549e-01
-1.999999999999999556e-01,4.019836102162709923e-01,9.337030104222315829e-01,6.948333968560188589e-01,-1.326827568634784404e-01,6.942803025967746455e-01,-1.325771400761248942e-01
-1.999999999999999556e-01,4.022649574273640116e-01,9.346943930675959411e-01,6.946939306641287670e-01,-1.334110417236495372e-01,6.941409474213533493e-01,-1.333048452143409668e-01
-1.999999999999999556e-01,4.025483824488750861e-01,9.356851836912398745e-01,6.945537011256739390e-01,-1.341391799885275626e-01,6.940008295069987065e-01,-1.340324038739552359e-01
-1.999999999999999556e-01,4.028338840350671468e-01,9.366753779383455436e-01,6.944127083947422285e-01,-1.348671708580164719e-01,6.938599490076758913e-01,-1.347598152555085915e-01
-1.999999999999999556e-01,4.031214609310765362e-01,9.376649714567161231e-01,6.942709526262595965e-01,-1.355950135321821737e-01,6.937183060781876298e-01,-1.354870785597037108e-01
-1.999999999999999001e-01,4.034111118729175050e-01,9.386539598967954534e-01,6.941284339759908883e-01,-1.363227072112535299e-01,6.935759008741747556e-01,-1.362141929874060020e-01
-1.999999999999999556e-01,4.037028355874885399e-01,9.396423389116858038e-01,6.939851526005389459e-01,-1.370502510956229936e-01,6.934327335521155433e-01,-1.369411577396444923e-01
-1.999999999999999556e-01,4.039966307925775824e-01,9.406301041571698551e-01,6.938411086573449404e-01,-1.377776443858476918e-01,6.932888042693255981e-01,-1.376679720176126609e-01
-2.000000000000000111e-01,4.042924961968675235e-01,9.416172512917266868e-01,6.936963023046878174e-01,-1.385048862826502303e-01,6.931441131839579661e-01,-1.383946350226692990e-01
-1.999999999999999556e-01,4.045904304999426437e-01,9.426037759765523161e-01,6.935507337016842966e-01,-1.392319759869194984e-01,6.929986604550028018e-01,-1.391211459563394537e-01
-2.000000000000000111e-01,4.048904323922933868e-01,9.435896738755791269e-01,6.934044030082885390e-01,-1.399589126997117516e-01,6.928524462422870345e-01,-1.398475040203153164e-01
-1.999999999999999556e-01,4.051925005553227987e-01,9.445749406554937444e-01,6.932573103852925911e-01,-1.406856956222511668e-01,6.927054707064744798e-01,-1.405737084164568884e-01
-2.000000000000000111e-01,4.054966336613514688e-01,9.455595719857574633e-01,6.931094559943251632e-01,-1.414123239559310907e-01,6.925577340090652845e-01,-1.412997583467932583e-01
-1.999999999999999556e-01,4.058028303736249676e-01,9.465435635386237889e-01,6.929608399978524069e-01,-1.421387969023146514e-01,6.924092363123961480e-01,-1.420256530135230733e-01
-1.999999999999999556e-01,4.061110893463176774e-01,9.475269109891588659e-01,6.928114625591770270e-01,-1.428651136631357010e-01,6.922599777796401010e-01,-1.427513916190156495e-01
-1.999999999999999556e-01,4.064214092245405086e-01,9.485096100152596854e-01,6.926613238424387253e-01,-1.435912734402997604e-01,6.921099585748059502e-01,-1.434769733658117496e-01
-1.999999999999999001e-01,4.067337886443455064e-01,9.494916562976729590e-01,6.925104240126134236e-01,-1.443172754358848231e-01,6.919591788627382778e-01,-1.442023974566245814e-01
-1.999999999999999556e-01,4.070482262327327350e-01,9.504730455200145478e-01,6.923587632355135968e-01,-1.450431188521422721e-01,6.918076388091177753e-01,-1.449276630943404920e-01
-2.000000000000000111e-01,4.073647206076561611e-01,9.514537733687887799e-01,6.922063416777878286e-01,-1.457688028914977396e-01,6.916553385804601328e-01,-1.456527694820200225e-01
-1.999999999999999556e-01,4.076832703780289835e-01,9.524338355334064365e-01,6.920531595069205899e-01,-1.464943267565519680e-01,6.915022783441165943e-01,-1.463777158228986297e-01
-2.000000000000000111e-01,4.080038741437307936e-01,9.534132277062038474e-01,6.918992168912320162e-01,-1.472196896500817254e-01,6.913484582682736246e-01,-1.471025013203877130e-01
-1.999999999999999556e-01,4.083265304956132935e-01,9.543919455824630971e-01,6.917445139998784631e-01,-1.479448907750405273e-01,6.911938785219521320e-01,-1.478271251780752249e-01
-2.000000000000000111e-01,4.086512380155062352e-01,9.553699848604291223e-01,6.915890510028507299e-01,-1.486699293345599138e-01,6.910385392750082456e-01,-1.485515865997269758e-01
-1.999999999999999001e-01,4.089779952762240267e-01,9.563473412413301400e-01,6.914328280709755026e-01,-1.493948045319498930e-01,6.908824406981327604e-01,-1.492758847892872720e-01
-1.999999999999999556e-01,4.093068008415717274e-01,9.573240104293950781e-01,6.912758453759143551e-01,-1.501195155706999407e-01,6.907255829628501376e-01,-1.500000189508794157e-01
-1.999999999999999556e-01,4.096376532663515424e-01,9.582999881318743363e-01,6.911181030901637490e-01,-1.508440616544799162e-01,6.905679662415198372e-01,-1.507239882888073979e-01
-1.999999999999999556e-01,4.099705510963692623e-01,9.592752700590569948e-01,6.909596013870545894e-01,-1.515684419871411170e-01,6.904095907073347638e-01,-1.514477920075560924e-01
-1.999999999999999556e-01,4.103054928684403690e-01,9.602498519242900210e-01,6.908003404407524473e-01,-1.522926557727167229e-01,6.902504565343218212e-01,-1.521714293117923389e-01
-1.999999999999999556e-01,4.106424771103965865e-01,9.612237294439980317e-01,6.906403204262572260e-01,-1.530167022154230450e-01,6.900905638973413581e-01,-1.528948994063658584e-01
-1.999999999999999556e-01,4.109815023410924861e-01,9.621968983377009454e-01,6.904795415194026065e-01,-1.537405805196603858e-01,6.899299129720876111e-01,-1.536182014963102527e-01
-1.999999999999999556e-01,4.113225670704119263e-01,9.631693543280335223e-01,6.903180038968566024e-01,-1.544642898900135397e-01,6.897685039350875957e-01,-1.543413347868435315e-01
-1.999999999999999556e-01,4.116656697992743807e-01,9.641410931407637941e-01,6.901557077361204495e-01,-1.551878295312531519e-01,6.896063369637014384e-01,-1.550642984833693339e-01
-1.999999999999999556e-01,4.120108090196417105e-01,9.651121105048123816e-01,6.899926532155293835e-01,-1.559111986483361911e-01,6.894434122361219330e-01,-1.557870917914775111e-01
-1.999999999999999556e-01,4.123579832145251034e-01,9.660824021522701477e-01,6.898288405142511959e-01,-1.566343964464072813e-01,6.892797299313752069e-01,-1.565097139169452922e-01
-1.999999999999999556e-01,4.127071908579910686e-01,9.670519638184184030e-01,6.896642698122879001e-01,-1.573574221307989518e-01,6.891152902293188331e-01,-1.572321640657378672e-01
-2.000000000000000111e-01,4.130584304151688757e-01,9.680207912417466698e-01,6.894989412904732884e-01,-1.580802749070330804e-01,6.889500933106434966e-01,-1.579544414440095523e-01
-2.000000000000000111e-01,4.134117003422564385e-01,9.689888801639716664e-01,6.893328551304744867e-01,-1.588029539808214485e-01,6.887841393568714388e-01,-1.586765452581043179e-01
-1.999999999999999556e-01,4.137669990865281977e-01,9.699562263300562925e-01,6.891660115147910659e-01,-1.595254585580668516e-01,6.886174285503570136e-01,-1.593984747145570369e-01
-1.999999999999999556e-01,4.141243250863408387e-01,9.709228254882275033e-01,6.889984106267548203e-01,-1.602477878448635706e-01,6.884499610742861320e-01,-1.601202290200940404e-01
-1.999999999999999556e-01,4.144836767711406744e-01,9.718886733899960717e-01,6.888300526505296562e-01,-1.609699410474987047e-01,6.882817371126758177e-01,-1.608418073816341998e-01
-1.999999999999999556e-01,4.148450525614709172e-01,9.728537657901747959e-01,6.886609377711113700e-01,-1.616919173724527536e-01,6.881127568503749847e-01,-1.615632090062896764e-01
-1.999999999999999556e-01,4.152084508689781184e-01,9.738180984468967072e-01,6.884910661743276483e-01,-1.624137160264006174e-01,6.879430204730632159e-01,-1.622844331013668373e-01
-1.999999999999999001e-01,4.155738700964189403e-01,9.747816671216346096e-01,6.883204380468374017e-01,-1.631353362162123732e-01,6.877725281672507629e-01,-1.630054788743670879e-01
-1.999999999999999556e-01,4.159413086376677060e-01,9.757444675792185107e-01,6.881490535761308758e-01,-1.638567771489542191e-01,6.876012801202787683e-01,-1.637263455329878437e-01
-1.999999999999999556e-01,4.163107648777235603e-01,9.767064955878562715e-01,6.879769129505296510e-01,-1.645780380318894176e-01,6.874292765203188216e-01,-1.644470322851233623e-01
-1.999999999999999556e-01,4.166822371927169089e-01,9.776677469191493719e-01,6.878040163591859768e-01,-1.652991180724789066e-01,6.872565175563727369e-01,-1.651675383388655216e-01
-1.999999999999999556e-01,4.170557239499166902e-01,9.786282173481142266e-01,6.876303639920827715e-01,-1.660200164783824650e-01,6.870830034182722201e-01,-1.658878629025047069e-01
-1.999999999999999556e-01,4.174312235077384248e-01,9.795879026531986167e-01,6.874559560400336222e-01,-1.667407324574593785e-01,6.869087342966784249e-01,-1.666080051845308108e-01
-2.000000000000000111e-01,4.178087342157502659e-01,9.805467986163018956e-01,6.872807926946820078e-01,-1.674612652177694672e-01,6.867337103830829514e-01,-1.673279643936340377e-01
-1.999999999999999556e-01,4.181882544146808822e-01,9.815049010227925308e-01,6.871048741485019651e-01,-1.681816139675737787e-01,6.865579318698062927e-01,-1.680477397387057092e-01
-1.999999999999999556e-01,4.185697824364269515e-01,9.824622056615267551e-01,6.869282005947967562e-01,-1.689017779153356436e-01,6.863813989499980561e-01,-1.687673304288391796e-01
-1.999999999999999556e-01,4.189533166040595447e-01,9.834187083248673300e-01,6.867507722276996462e-01,-1.696217562697215075e-01,6.862041118176370746e-01,-1.694867356733307517e-01
-1.999999999999999001e-01,4.193388552318326190e-01,9.843744048087023080e-01,6.865725892421734589e-01,-1.703415482396014868e-01,6.860260706675301856e-01,-1.702059546816803992e-01
-1.999999999999999001e-01,4.197263966251897904e-01,9.853292909124622412e-01,6.863936518340096882e-01,-1.710611530340507835e-01,6.858472756953140070e-01,-1.709249866635928761e-01
-2.000000000000000111e-01,4.201159390807721605e-01,9.862833624391404985e-01,6.862139601998292759e-01,-1.717805698623502131e-01,6.856677270974523841e-01,-1.716438308289783832e-01
-1.999999999999999556e-01,4.205074808864251446e-01,9.872366151953104740e-01,6.860335145370817234e-01,-1.724997979339870091e-01,6.854874250712378325e-01,-1.723624863879534008e-01
-2.000000000000000111e-01,4.209010203212066314e-01,9.881890449911439056e-01,6.858523150440450911e-01,-1.732188364586559337e-01,6.853063698147906502e-01,-1.730809525508418545e-01
-2.000000000000000111e-01,4.212965556553942559e-01,9.891406476404298598e-01,6.856703619198257771e-01,-1.739376846462599990e-01,6.851245615270586953e-01,-1.737992285281756144e-01
-1.999999999999999556e-01,4.216940851504935028e-01,9.900914189605934945e-01,6.854876553643582948e-01,-1.746563417069113278e-01,6.849420004078171642e-01,-1.745173135306955781e-01
-2.000000000000000111e-01,4.220936070592442024e-01,9.910413547727131567e-01,6.853041955784050510e-01,-1.753748068509320968e-01,6.847586866576689246e-01,-1.752352067693525306e-01
-2.000000000000000111e-01,4.224951196256294672e-01,9.919904509015400329e-01,6.851199827635562345e-01,-1.760930792888553975e-01,6.845746204780434052e-01,-1.759529074553079220e-01
-1.999999999999999556e-01,4.228986210848828531e-01,9.929387031755155801e-01,6.849350171222291506e-01,-1.768111582314259578e-01,6.843898020711970398e-01,-1.766704147999348939e-01
-1.999999999999999556e-01,4.233041096634960199e-01,9.938861074267905105e-01,6.847492988576686646e-01,-1.775290428896012518e-01,6.842042316402129343e-01,-1.773877280148188074e-01
-1.999999999999999556e-01,4.237115835792265583e-01,9.948326594912426657e-01,6.845628281739464249e-01,-1.782467324745521386e-01,6.840179093889999784e-01,-1.781048463117586023e-01
-1.999999999999999556e-01,4.241210410411059284e-01,9.957783552084956691e-01,6.843756052759610853e-01,-1.789642261976638893e-01,6.838308355222940671e-01,-1.788217689027671864e-01
-1.999999999999999556e-01,4.245324802494475636e-01,9.967231904219366889e-01,6.841876303694375272e-01,-1.796815232705369358e-01,6.836430102456561020e-01,-1.795384950000726010e-01
-2.000000000000000111e-01,4.249458993958544206e-01,9.976671609787359785e-01,6.839989036609274153e-01,-1.803986229049879542e-01,6.834544337654733237e-01,-1.802550238161188811e-01
-2.000000000000000111e-01,4.253612966632268066e-01,9.986102627298631962e-01,6.838094253578079762e-01,-1.811155243130503079e-01,6.832651062889580906e-01,-1.809713545635667220e-01
-1.999999999999999556e-01,4.257786702257709277e-01,9.995524915301068347e-01,6.836191956682826643e-01,-1.818322267069753528e-01,6.830750280241479899e-01,-1.816874864552944779e-01
-1.999999999999999556e-01,4.261980182490064939e-01,1.000493843238092762e+00,6.834282148013804958e-01,-1.825487292992331589e-01,6.828841991799058375e-01,-1.824034187043991062e-01
-2.000000000000000111e-01,4.266193388897747685e-01,1.001434313716301316e+00,6.832364829669559381e-01,-1.832650313025131761e-01,6.826926199659184569e-01,-1.831191505241966944e-01
-1.999999999999999556e-01,4.270426302962467280e-01,1.002373898831086629e+00,6.830440003756885758e-01,-1.839811319297254832e-01,6.825002905926983443e-01,-1.838346811282239313e-01
-1.999999999999999556e-01,4.274678906079316110e-01,1.003312594452694384e+00,6.828507672390828898e-01,-1.846970303940011215e-01,6.823072112715813375e-01,-1.845500097302383014e-01
-2.000000000000000111e-01,4.278951179556843010e-01,1.004250396455278693e+00,6.826567837694680341e-01,-1.854127259086936486e-01,6.821133822147278369e-01,-1.852651355442193337e-01
-1.999999999999999556e-01,4.283243104617141528e-01,1.005187300716923193e+00,6.824620501799980588e-01,-1.861282176873794436e-01,6.819188036351219173e-01,-1.859800577843695180e-01
-1.999999999999999556e-01,4.287554662395933747e-01,1.006123303119655255e+00,6.822665666846506882e-01,-1.868435049438586515e-01,6.817234757465712169e-01,-1.866947756651148871e-01
-1.999999999999999556e-01,4.291885833942644668e-01,1.007058399549468408e+00,6.820703334982280985e-01,-1.875585868921564037e-01,6.815273987637067155e-01,-1.874092884011060167e-01
-2.000000000000000111e-01,4.296236600220492696e-01,1.007992585896336335e+00,6.818733508363560292e-01,-1.882734627465230959e-01,6.813305729019825119e-01,-1.881235952072189688e-01
-2.000000000000000111e-01,4.300606942106575681e-01,1.008925858054233959e+00,6.816756189154837831e-01,-1.889881317214359702e-01,6.811329983776758246e-01,-1.888376952985562351e-01
-1.999999999999999556e-01,4.304996840391944191e-01,1.009858211921153881e+00,6.814771379528840045e-01,-1.897025930315993092e-01,6.809346754078863251e-01,-1.895515878904470708e-01
-1.999999999999999556e-01,4.309406275781698659e-01,1.010789643399125026e+00,6.812779081666524572e-01,-1.904168458919455742e-01,6.807356042105360272e-01,-1.902652721984490758e-01
-2.000000000000000111e-01,4.313835228895064322e-01,1.011720148394230190e+00,6.810779297757075801e-01,-1.911308895176365985e-01,6.805357850043690648e-01,-1.909787474383485562e-01
-2.000000000000000111e-01,4.318283680265479485e-01,1.012649722816624465e+00,6.808772029997904873e-01,-1.918447231240637263e-01,6.803352180089518031e-01,-1.916920128261616341e-01
-1.999999999999999556e-01,4.322751610340687667e-01,1.013578362580553449e+00,6.806757280594648574e-01,-1.925583459268492281e-01,6.801339034446722831e-01,-1.924050675781349140e-01
-1.999999999999999556e-01,4.327238999482812543e-01,1.014506063604370123e+00,6.804735051761159337e-01,-1.932717571418471891e-01,6.799318415327394449e-01,-1.931179109107465652e-01
-1.999999999999999556e-01,4.331745827968450646e-01,1.015432821810554387e+00,6.802705345719513019e-01,-1.939849559851440364e-01,6.797290324951841267e-01,-1.938305420407069879e-01
-2.000000000000000111e-01,4.336272075988755748e-01,1.016358633125729272e+00,6.800668164700000018e-01,-1.946979416730593992e-01,6.795254765548577325e-01,-1.945429601849598400e-01
-1.999999999999999556e-01,4.340817723649530446e-01,1.017283493480680701e+00,6.798623510941121939e-01,-1.954107134221474140e-01,6.793211739354326761e-01,-1.952551645606827591e-01
-1.999999999999999556e-01,4.345382750971307217e-01,1.018207398810372810e+00,6.796571386689599370e-01,-1.961232704491970291e-01,6.791161248614010493e-01,-1.959671543852880560e-01
-1.999999999999999556e-01,4.349967137889439450e-01,1.019130345053968822e+00,6.794511794200350785e-01,-1.968356119712333929e-01,6.789103295580762865e-01,-1.966789288764242971e-01
-1.999999999999999556e-01,4.354570864254189155e-01,1.020052328154846810e+00,6.792444735736509198e-01,-1.975477372055184089e-01,6.787037882515911669e-01,-1.973904872519763598e-01
-1.999999999999999556e-01,4.359193909830818003e-01,1.020973344060617904e+00,6.790370213569407731e-01,-1.982596453695514016e-01,6.784965011688982583e-01,-1.981018287300664871e-01
-2.000000000000000111e-01,4.363836254299672257e-01,1.021893388723144946e+00,6.788288229978580723e-01,-1.989713356810705047e-01,6.782884685377695844e-01,-1.988129525290555089e-01
-2.000000000000000111e-01,4.368497877256272699e-01,1.022812458098558919e+00,6.786198787251764841e-01,-1.996828073580530771e-01,6.780796905867967350e-01,-1.995238578675431751e-01
-2.000000000000000111e-01,4.373178758211409556e-01,1.023730548147278485e+00,6.784101887684890198e-01,-2.003940596187166745e-01,6.778701675453894238e-01,-2.002345439643695157e-01
-1.999999999999999556e-01,4.377878876591221879e-01,1.024647654834025978e+00,6.781997533582079241e-01,-2.011050916815202427e-01,6.776598996437771527e-01,-2.009450100386154792e-01
-1.999999999999999001e-01,4.382598211737302463e-01,1.025563774127846051e+00,6.779885727255647865e-01,-2.018159027651642845e-01,6.774488871130073253e-01,-2.016552553096035150e-01
-1.999999999999999556e-01,4.387336742906774445e-01,1.026478902002123217e+00,6.777766471026100970e-01,-2.025264920885923858e-01,6.772371301849453573e-01,-2.023652789968988785e-01
-1.999999999999999556e-01,4.392094449272390677e-01,1.027393034434599617e+00,6.775639767222128018e-01,-2.032368588709917989e-01,6.770246290922752319e-01,-2.030750803203104360e-01
-1.999999999999999556e-01,4.396871309922624760e-01,1.028306167407392335e+00,6.773505618180601928e-01,-2.039470023317941916e-01,6.768113840684981675e-01,-2.037846584998912192e-01
-1.999999999999999556e-01,4.401667303861758751e-01,1.029218296907012498e+00,6.771364026246580181e-01,-2.046569216906765909e-01,6.765973953479329506e-01,-2.044940127559393417e-01
-1.999999999999999001e-01,4.406482410009982531e-01,1.030129418924380813e+00,6.769214993773293720e-01,-2.053666161675626323e-01,6.763826631657157140e-01,-2.052031423089993312e-01
-1.999999999999999556e-01,4.411316607203477069e-01,1.031039529454845560e+00,6.767058523122152502e-01,-2.060760849826224761e-01,6.761671877577991596e-01,-2.059120463798622402e-01
-1.999999999999999556e-01,4.416169874194516010e-01,1.031948624498202793e+00,6.764894616662738835e-01,-2.067853273562746952e-01,6.759509693609532244e-01,-2.066207241895671176e-01
-1.999999999999999556e-01,4.421042189651555598e-01,1.032856700058709887e+00,6.762723276772805159e-01,-2.074943425091866078e-01,6.757340082127635261e-01,-2.073291749594016464e-01
-2.000000000000000111e-01,4.425933532159325168e-01,1.033763752145106185e+00,6.760544505838272933e-01,-2.082031296622749994e-01,6.755163045516325848e-01,-2.080373979109027271e-01
-2.000000000000000111e-01,4.430843880218928166e-01,1.034669776770629657e+00,6.758358306253228198e-01,-2.089116880367074269e-01,6.752978586167783792e-01,-2.087453922658579208e-01
-1.999999999999999556e-01,4.435773212247933195e-01,1.035574769953033769e+00,6.756164680419921575e-01,-2.096200168539027187e-01,6.750786706482346800e-01,-2.094531572463058933e-01
-1.999999999999999556e-01,4.440721506580463940e-01,1.036478727714605474e+00,6.753963630748760494e-01,-2.103281153355319733e-01,6.748587408868502724e-01,-2.101606920745371365e-01
-1.999999999999999556e-01,4.445688741467304639e-01,1.037381646082183195e+00,6.751755159658313632e-01,-2.110359827035193370e-01,6.746380695742896227e-01,-2.108679959730952735e-01
-2.000000000000000111e-01,4.450674895075986681e-01,1.038283521087173034e+00,6.749539269575299816e-01,-2.117436181800430028e-01,6.744166569530315458e-01,-2.115750681647776410e-01
-1.999999999999999556e-01,4.455679945490890193e-01,1.039184348765567645e+00,6.747315962934596900e-01,-2.124510209875359046e-01,6.741945032663697601e-01,-2.122819078726360387e-01
-2.000000000000000111e-01,4.460703870713337293e-01,1.040084125157963113e+00,6.745085242179225116e-01,-2.131581903486866603e-01,6.739716087584119997e-01,-2.129885143199778397e-01
-1.999999999999999556e-01,4.465746648661688689e-01,1.040982846309575605e+00,6.742847109760355950e-01,-2.138651254864403495e-01,6.737479736740802361e-01,-2.136948867303668509e-01
-1.999999999999999556e-01,4.470808257171444700e-01,1.041880508270259575e+00,6.740601568137302158e-01,-2.145718256239995680e-01,6.735235982591101234e-01,-2.144010243276237848e-01
-2.000000000000000111e-01,4.475888673995335743e-01,1.042777107094525091e+00,6.738348619777521087e-01,-2.152782899848248721e-01,6.732984827600506650e-01,-2.151069263358274808e-01
-2.000000000000000111e-01,4.480987876803429470e-01,1.043672638841555367e+00,6.736088267156606912e-01,-2.159845177926363324e-01,6.730726274242644358e-01,-2.158125919793157377e-01
-1.999999999999999556e-01,4.486105843183217923e-01,1.044567099575222979e+00,6.733820512758290633e-01,-2.166905082714134512e-01,6.728460324999268050e-01,-2.165180204826860078e-01
-1.999999999999999556e-01,4.491242550639723552e-01,1.045460485364108072e+00,6.731545359074433410e-01,-2.173962606453967161e-01,6.726186982360256028e-01,-2.172232110707962571e-01
-1.999999999999999556e-01,4.496397976595599699e-01,1.046352792281516342e+00,6.729262808605031010e-01,-2.181017741390884612e-01,6.723906248823613430e-01,-2.179281629687660204e-01
-1.999999999999999556e-01,4.501572098391219412e-01,1.047244016405494138e+00,6.726972863858206031e-01,-2.188070479772532551e-01,6.721618126895465561e-01,-2.186328754019769560e-01
-1.999999999999999556e-01,4.506764893284790907e-01,1.048134153818848002e+00,6.724675527350203463e-01,-2.195120813849190389e-01,6.719322619090055682e-01,-2.193373475960739283e-01
-1.999999999999999556e-01,4.511976338452441393e-01,1.049023200609160877e+00,6.722370801605394020e-01,-2.202168735873779870e-01,6.717019727929743889e-01,-2.200415787769658960e-01
-1.999999999999999556e-01,4.517206410988325871e-01,1.049911152868808095e+00,6.720058689156265253e-01,-2.209214238101872840e-01,6.714709455945003791e-01,-2.207455681708263284e-01
-2.000000000000000111e-01,4.522455087904730386e-01,1.050798006694977582e+00,6.717739192543423776e-01,-2.216257312791700684e-01,6.712391805674416956e-01,-2.214493150040947045e-01
-1.999999999999999556e-01,4.527722346132165288e-01,1.051683758189684070e+00,6.715412314315588604e-01,-2.223297952204162375e-01,6.710066779664675130e-01,-2.221528185034769565e-01
-1.999999999999999556e-01,4.533008162519470696e-01,1.052568403459787305e+00,6.713078057029588930e-01,-2.230336148602831414e-01,6.707734380470572466e-01,-2.228560778959462196e-01
-1.999999999999999556e-01,4.538312513833921980e-01,1.053451938617010031e+00,6.710736423250363014e-01,-2.237371894253966931e-01,6.705394610655007748e-01,-2.235590924087441367e-01
-1.999999999999999556e-01,4.543635376761321898e-01,1.054334359777953312e+00,6.708387415550957078e-01,-2.244405181426520623e-01,6.703047472788972172e-01,-2.242618612693811631e-01
-1.999999999999999556e-01,4.548976727906115514e-01,1.055215663064114962e+00,6.706031036512516419e-01,-2.251436002392145919e-01,6.700692969451561565e-01,-2.249643837056378715e-01
-2.000000000000000111e-01,4.554336543791481784e-01,1.056095844601906641e+00,6.703667288724288742e-01,-2.258464349425205742e-01,6.698331103229960837e-01,-2.256666589455655347e-01
-1.999999999999999556e-01,4.559714800859444583e-01,1.056974900522669625e+00,6.701296174783615278e-01,-2.265490214802782509e-01,6.695961876719447314e-01,-2.263686862174870418e-01
-1.999999999999999556e-01,4.565111475470971514e-01,1.057852826962693005e+00,6.698917697295935225e-01,-2.272513590804683403e-01,6.693585292523382968e-01,-2.270704647499977857e-01
-1.999999999999999556e-01,4.570526543906082151e-01,1.058729620063230792e+00,6.696531858874776866e-01,-2.279534469713453415e-01,6.691201353253215522e-01,-2.277719937719664967e-01
-1.999999999999999556e-01,4.575959982363947409e-01,1.059605275970517013e+00,6.694138662141757568e-01,-2.286552843814379232e-01,6.688810061528477346e-01,-2.284732725125359909e-01
-1.999999999999999556e-01,4.581411766962996124e-01,1.060479790835785030e+00,6.691738109726580452e-01,-2.293568705395501450e-01,6.686411419976775461e-01,-2.291743002011241981e-01
-1.999999999999999556e-01,4.586881873741023297e-01,1.061353160815283747e+00,6.689330204267031066e-01,-2.300582046747620957e-01,6.684005431233798200e-01,-2.298750760674248828e-01
-1.999999999999999556e-01,4.592370278655288907e-01,1.062225382070292934e+00,6.686914948408972936e-01,-2.307592860164307258e-01,6.681592097943301889e-01,-2.305755993414084215e-01
-1.999999999999999556e-01,4.597876957582630597e-01,1.063096450767142320e+00,6.684492344806348685e-01,-2.314601137941910136e-01,6.679171422757116394e-01,-2.312758692533228855e-01
-2.000000000000000111e-01,4.603401886319565262e-01,1.063966363077227140e+00,6.682062396121174475e-01,-2.321606872379562148e-01,6.676743408335140684e-01,-2.319758850336947342e-01
-1.999999999999999556e-01,4.608945040582393959e-01,1.064835115177025893e+00,6.679625105023536680e-01,-2.328610055779192223e-01,6.674308057345332834e-01,-2.326756459133294819e-01
-1.999999999999999556e-01,4.614506396007314049e-01,1.065702703248115002e+00,6.677180474191589665e-01,-2.335610680445532605e-01,6.671865372463717803e-01,-2.333751511233130016e-01
-2.000000000000000111e-01,4.620085928150522991e-01,1.066569123477188796e+00,6.674728506311553566e-01,-2.342608738686126624e-01,6.669415356374375214e-01,-2.340743998950119420e-01
-1.999999999999999556e-01,4.625683612488326046e-01,1.067434372056073943e+00,6.672269204077709848e-01,-2.349604222811338405e-01,6.666958011769444914e-01,-2.347733914600747540e-01
-1.999999999999999001e-01,4.631299424417242849e-01,1.068298445181746548e+00,6.669802570192400193e-01,-2.356597125134359816e-01,6.664493341349114752e-01,-2.354721250504324681e-01
-1.999999999999999556e-01,4.636933339254118436e-01,1.069161339056349913e+00,6.667328607366019844e-01,-2.363587437971220451e-01,6.662021347821625028e-01,-2.361705998982998600e-01
-1.999999999999999556e-01,4.642585332236229823e-01,1.070023049887209421e+00,6.664847318317022040e-01,-2.370575153640793187e-01,6.659542033903261826e-01,-2.368688152361755617e-01
-1.999999999999999556e-01,4.648255378521396475e-01,1.070883573886851847e+00,6.662358705771905809e-01,-2.377560264464807782e-01,6.657055402318355908e-01,-2.375667702968437267e-01
-1.999999999999999556e-01,4.653943453188084112e-01,1.071742907273018686e+00,6.659862772465218184e-01,-2.384542762767856150e-01,6.654561455799278269e-01,-2.382644643133743634e-01
-1.999999999999999556e-01,4.659649531235522391e-01,1.072601046268685909e+00,6.657359521139554204e-01,-2.391522640877396244e-01,6.652060197086439031e-01,-2.389618965191242783e-01
-1.999999999999999556e-01,4.665373587583810933e-01,1.073457987102078626e+00,6.654848954545544704e-01,-2.398499891123769823e-01,6.649551628928280778e-01,-2.396590661477381590e-01
-1.999999999999999556e-01,4.671115597074027570e-01,1.074313726006687952e+00,6.652331075441861863e-01,-2.405474505840206056e-01,6.647035754081278558e-01,-2.403559724331489622e-01
-1.999999999999999556e-01,4.676875534468337703e-01,1.075168259221288558e+00,6.649805886595213655e-01,-2.412446477362826247e-01,6.644512575309938773e-01,-2.410526146095790800e-01
-1.999999999999999556e-01,4.682653374450116979e-01,1.076021582989953540e+00,6.647273390780337188e-01,-2.419415798030661591e-01,6.641982095386790297e-01,-2.417489919115413111e-01
-1.999999999999999556e-01,4.688449091624046772e-01,1.076873693562072853e+00,6.644733590780000920e-01,-2.426382460185651790e-01,6.639444317092384473e-01,-2.424451035738393045e-01
-2.000000000000000111e-01,4.694262660516235197e-01,1.077724587192368411e+00,6.642186489384999115e-01,-2.433346456172659766e-01,6.636899243215297339e-01,-2.431409488315686984e-01
-2.000000000000000111e-01,4.700094055574323693e-01,1.078574260140910512e+00,6.639632089394148506e-01,-2.440307778339477207e-01,6.634346876552115191e-01,-2.438365269201177854e-01
-1.999999999999999556e-01,4.705943251167608588e-01,1.079422708673135389e+00,6.637070393614286079e-01,-2.447266419036834006e-01,6.631787219907441244e-01,-2.445318370751684012e-01
-1.999999999999999556e-01,4.711810221587142689e-01,1.080269929059860523e+00,6.634501404860265739e-01,-2.454222370618407145e-01,6.629220276093888975e-01,-2.452268785326969791e-01
-1.999999999999999556e-01,4.717694941045855184e-01,1.081115917577301300e+00,6.631925125954952760e-01,-2.461175625440829018e-01,6.626646047932076566e-01,-2.459216505289750221e-01
-1.999999999999999556e-01,4.723597383678660444e-01,1.081960670507088107e+00,6.629341559729226008e-01,-2.468126175863691596e-01,6.624064538250630241e-01,-2.466161523005701572e-01
-2.000000000000000111e-01,4.729517523542579593e-01,1.082804184136282100e+00,6.626750709021972385e-01,-2.475074014249564192e-01,6.621475749886175377e-01,-2.473103830843469964e-01
-2.000000000000000111e-01,4.735455334616845424e-01,1.083646454757390742e+00,6.624152576680079063e-01,-2.482019132963992625e-01,6.618879685683335401e-01,-2.480043421174679963e-01
-1.999999999999999556e-01,4.741410790803017861e-01,1.084487478668385574e+00,6.621547165558439030e-01,-2.488961524375509493e-01,6.616276348494728454e-01,-2.486980286373938476e-01
-1.999999999999999556e-01,4.747383865925107749e-01,1.085327252172717749e+00,6.618934478519941100e-01,-2.495901180855649160e-01,6.613665741180965174e-01,-2.493914418818852230e-01
-1.999999999999999556e-01,4.753374533729678997e-01,1.086165771579334027e+00,6.616314518435467695e-01,-2.502838094778947475e-01,6.611047866610644252e-01,-2.500845810890027221e-01
-1.999999999999999556e-01,4.759382767885977361e-01,1.087003033202693203e+00,6.613687288183895951e-01,-2.509772258522954824e-01,6.608422727660347995e-01,-2.507774454971081202e-01
-1.999999999999999556e-01,4.765408541986034807e-01,1.087839033362782981e+00,6.611052790652089950e-01,-2.516703664468243340e-01,6.605790327214645652e-01,-2.514700343448651454e-01
-1.999999999999999556e-01,4.771451829544787748e-01,1.088673768385135521e+00,6.608411028734899606e-01,-2.523632304998416620e-01,6.603150668166081205e-01,-2.521623468712403948e-01
-2.000000000000000111e-01,4.777512604000202501e-01,1.089507234600842533e+00,6.605762005335155118e-01,-2.530558172500115832e-01,6.600503753415175590e-01,-2.528543823155041115e-01
-1.999999999999999556e-01,4.783590838713377980e-01,1.090339428346574380e+00,6.603105723363671409e-01,-2.537481259363029706e-01,6.597849585870425582e-01,-2.535461399172308505e-01
-1.999999999999999556e-01,4.789686506968676705e-01,1.091170345964592503e+00,6.600442185739233691e-01,-2.544401557979901751e-01,6.595188168448291588e-01,-2.542376189163005340e-01
-2.000000000000000111e-01,4.795799581973832493e-01,1.091999983802768082e+00,6.597771395388601912e-01,-2.551319060746540801e-01,6.592519504073205416e-01,-2.549288185528992834e-01
-1.999999999999999556e-01,4.801930036860069251e-01,1.092828338214597572e+00,6.595093355246505196e-01,-2.558233760061824347e-01,6.589843595677561394e-01,-2.556197380675201414e-01
-1.999999999999999556e-01,4.808077844682226987e-01,1.093655405559218252e+00,6.592408068255639630e-01,-2.565145648327716854e-01,6.587160446201711927e-01,-2.563103767009641265e-01
-2.000000000000000111e-01,4.814242978418868391e-01,1.094481182201423763e+00,6.589715537366661602e-01,-2.572054717949263658e-01,6.584470058593964170e-01,-2.570007336943404552e-01
-2.000000000000000111e-01,4.820425410972406510e-01,1.095305664511682098e+00,6.587015765538193346e-01,-2.578960961334613167e-01,6.581772435810585575e-01,-2.576908082890682627e-01
-2.000000000000000111e-01,4.826625115169221880e-01,1.096128848866149141e+00,6.584308755736806296e-01,-2.585864370895017972e-01,6.579067580815786132e-01,-2.583805997268767696e-01
-1.999999999999999556e-01,4.832842063759775764e-01,1.096950731646686439e+00,6.581594510937031073e-01,-2.592764939044842065e-01,6.576355496581729465e-01,-2.590701072498064472e-01
-1.999999999999999556e-01,4.839076229418743935e-01,1.097771309240874960e+00,6.578873034121344165e-01,-2.599662658201574716e-01,6.573636186088516187e-01,-2.597593301002095179e-01
-1.999999999999999556e-01,4.845327584745121596e-01,1.098590578042034860e+00,6.576144328280171258e-01,-2.606557520785834914e-01,6.570909652324193884e-01,-2.604482675207513975e-01
-1.999999999999999556e-01,4.851596102262352161e-01,1.099408534449235697e+00,6.573408396411880572e-01,-2.613449519221378581e-01,6.568175898284740466e-01,-2.611369187544107517e-01
-1.999999999999999556e-01,4.857881754418443832e-01,1.100225174867317746e+00,6.570665241522779532e-01,-2.620338645935113009e-01,6.565434926974075269e-01,-2.618252830444809387e-01
-1.999999999999999556e-01,4.864184513586098380e-01,1.101040495706904654e+00,6.567914866627113657e-01,-2.627224893357096858e-01,6.562686741404041291e-01,-2.625133596345706755e-01
-1.999999999999999556e-01,4.870504352062823283e-01,1.101854493384420319e+00,6.565157274747063232e-01,-2.634108253920554032e-01,6.559931344594412961e-01,-2.632011477686044265e-01
-1.999999999999999556e-01,4.876841242071056071e-01,1.102667164322103543e+00,6.562392468912734422e-01,-2.640988720061880346e-01,6.557168739572887262e-01,-2.638886466908241246e-01
-1.999999999999999556e-01,4.883195155758291994e-01,1.103478504948025130e+00,6.559620452162165938e-01,-2.647866284220654065e-01,6.554398929375080396e-01,-2.645758556457890598e-01
-1.999999999999999556e-01,4.889566065197198386e-01,1.104288511696103425e+00,6.556841227541314598e-01,-2.654740938839639797e-01,6.551621917044527788e-01,-2.652627738783774891e-01
-1.999999999999999556e-01,4.895953942385742330e-01,1.105097181006118312e+00,6.554054798104061996e-01,-2.661612676364799590e-01,6.548837705632679640e-01,-2.659494006337869143e-01
-2.000000000000000111e-01,4.902358759247316122e-01,1.105904509323729190e+00,6.551261166912203393e-01,-2.668481489245301819e-01,6.546046298198890945e-01,-2.666357351575352475e-01
-1.999999999999999556e-01,4.908780487630850509e-01,1.106710493100489190e+00,6.548460337035448831e-01,-2.675347369933528396e-01,6.543247697810432584e-01,-2.673217766954613106e-01
-1.999999999999999556e-01,4.915219099310951245e-01,1.107515128793861159e+00,6.545652311551417579e-01,-2.682210310885081439e-01,6.540441907542472455e-01,-2.680075244937261125e-01
-1.999999999999999556e-01,4.921674565988014560e-01,1.108318412867232983e+00,6.542837093545638139e-01,-2.689070304558797142e-01,6.537628930478082134e-01,-2.686929777988132373e-01
-1.999999999999999556e-01,4.928146859288352610e-01,1.109120341789933351e+00,6.540014686111538245e-01,-2.695927343416745781e-01,6.534808769708226883e-01,-2.693781358575300100e-01
-1.999999999999999556e-01,4.934635950764321155e-01,1.109920912037247298e+00,6.537185092350448201e-01,-2.702781419924247253e-01,6.531981428331770090e-01,-2.700629979170081074e-01
-1.999999999999999556e-01,4.941141811894441682e-01,1.110720120090431973e+00,6.534348315371595328e-01,-2.709632526549875520e-01,6.529146909455462167e-01,-2.707475632247043906e-01
-1.999999999999999556e-01,4.947664414083531303e-01,1.111517962436731288e+00,6.531504358292098411e-01,-2.716480655765468599e-01,6.526305216193940550e-01,-2.714318310284019042e-01
-1.999999999999999556e-01,4.954203728662821549e-01,1.112314435569391691e+00,6.528653224236966590e-01,-2.723325800046135781e-01,6.523456351669729703e-01,-2.721158005762106535e-01
-2.000000000000000111e-01,4.960759726890090482e-01,1.113109535987678367e+00,6.525794916339096030e-01,-2.730167951870265397e-01,6.520600319013226676e-01,-2.727994711165681041e-01
-2.000000000000000111e-01,4.967332379949784826e-01,1.113903260196889899e+00,6.522929437739263259e-01,-2.737007103719535928e-01,6.517737121362714436e-01,-2.734828418982407361e-01
-1.999999999999999556e-01,4.973921658953148750e-01,1.114695604708373367e+00,6.520056791586127387e-01,-2.743843248078922659e-01,6.514866761864340772e-01,-2.741659121703239332e-01
-1.999999999999999556e-01,4.980527534938353762e-01,1.115486566039539662e+00,6.517176981036220118e-01,-2.750676377436699904e-01,6.511989243672128280e-01,-2.748486811822435372e-01
-1.999999999999999556e-01,4.987149978870616396e-01,1.116276140713880149e+00,6.514290009253947966e-01,-2.757506484284462656e-01,6.509104569947963270e-01,-2.755311481837562915e-01
-1.999999999999999556e-01,4.993788961642336988e-01,1.117064325260979984e+00,6.511395879411586707e-01,-2.764333561117122140e-01,6.506212743861593539e-01,-2.762133124249510074e-01
-1.999999999999999556e-01,5.000444454073222911e-01,1.117851116216535434e+00,6.508494594689276935e-01,-2.771157600432919699e-01,6.503313768590628374e-01,-2.768951731562488972e-01
-1.999999999999999556e-01,5.007116426910411811e-01,1.118636510122366978e+00,6.505586158275017405e-01,-2.777978594733437334e-01,6.500407647320534110e-01,-2.775767296284050167e-01
-1.999999999999999556e-01,5.013804850828612603e-01,1.119420503526435962e+00,6.502670573364671691e-01,-2.784796536523599930e-01,6.497494383244625249e-01,-2.782579810925084329e-01
-1.999999999999999556e-01,5.020509696430219826e-01,1.120203092982859694e+00,6.499747843161954863e-01,-2.791611418311686910e-01,6.494573979564070010e-01,-2.789389267999834998e-01
-1.999999999999999556e-01,5.027230934245453531e-01,1.120984275051925660e+00,6.496817970878432380e-01,-2.798423232609341671e-01,6.491646439487877007e-01,-2.796195660025905805e-01
-2.000000000000000111e-01,5.033968534732485844e-01,1.121764046300107287e+00,6.493880959733521196e-01,-2.805231971931575474e-01,6.488711766232896361e-01,-2.802998979524267131e-01
-1.999999999999999556e-01,5.040722468277565316e-01,1.122542403300079705e+00,6.490936812954477553e-01,-2.812037628796782984e-01,6.485769963023823026e-01,-2.809799219019268324e-01
-2.000000000000000111e-01,5.047492705195157914e-01,1.123319342630732631e+00,6.487985533776404745e-01,-2.818840195726740050e-01,6.482821033093179031e-01,-2.816596371038638247e-01
-1.999999999999999556e-01,5.054279215728068042e-01,1.124094860877189239e+00,6.485027125442237583e-01,-2.825639665246623689e-01,6.479864979681321246e-01,-2.823390428113503603e-01
-1.999999999999999556e-01,5.061081970047573986e-01,1.124868954630815709e+00,6.482061591202749051e-01,-2.832436029885008755e-01,6.476901806036429177e-01,-2.830181382778386712e-01
-2.000000000000000111e-01,5.067900938253555587e-01,1.125641620489241879e+00,6.479088934316539206e-01,-2.839229282173886815e-01,6.473931515414513838e-01,-2.836969227571223828e-01
-1.999999999999999556e-01,5.074736090374630804e-01,1.126412855056372564e+00,6.476109158050035175e-01,-2.846019414648666146e-01,6.470954111079403326e-01,-2.843753955033365699e-01
-1.999999999999999556e-01,5.081587396368282272e-01,1.127182654942403106e+00,6.473122265677486720e-01,-2.852806419848185060e-01,6.467969596302739488e-01,-2.850535557709589218e-01
-1.999999999999999556e-01,5.088454826120993868e-01,1.127951016763835579e+00,6.470128260480966231e-01,-2.859590290314718009e-01,6.464977974363980140e-01,-2.857314028148102980e-01
-1.999999999999999556e-01,5.095338349448379489e-01,1.128717937143492556e+00,6.467127145750357631e-01,-2.866371018593981135e-01,6.461979248550393518e-01,-2.864089358900561710e-01
-1.999999999999999556e-01,5.102237936095315174e-01,1.129483412710531320e+00,6.464118924783358588e-01,-2.873148597235147261e-01,6.458973422157050504e-01,-2.870861542522065157e-01
-1.999999999999999556e-01,5.109153555736076768e-01,1.130247440100460743e+00,6.461103600885476084e-01,-2.879923018790848666e-01,6.455960498486827959e-01,-2.877630571571175300e-01
-1.999999999999999556e-01,5.116085177974469822e-01,1.131010015955154380e+00,6.458081177370021964e-01,-2.886694275817184296e-01,6.452940480850397620e-01,-2.884396438609916902e-01
-1.999999999999999556e-01,5.123032772343962815e-01,1.131771136922865573e+00,6.455051657558107392e-01,-2.893462360873733652e-01,6.449913372566230541e-01,-2.891159136203791946e-01
-1.999999999999999556e-01,5.129996308307820385e-01,1.132530799658242104e+00,6.452015044778641739e-01,-2.900227266523561775e-01,6.446879176960584878e-01,-2.897918656921784075e-01
-1.999999999999999556e-01,5.136975755259244325e-01,1.133289000822341741e+00,6.448971342368329251e-01,-2.906988985333223696e-01,6.443837897367508116e-01,-2.904674993336366917e-01
-1.999999999999999556e-01,5.143971082521497928e-01,1.134045737082645999e+00,6.445920553671666831e-01,-2.913747509872779973e-01,6.440789537128834841e-01,-2.911428138023514078e-01
-2.000000000000000111e-01,5.150982259348048098e-01,1.134801005113074801e+00,6.442862682040930711e-01,-2.920502832715800023e-01,6.437734099594174531e-01,-2.918178083562707470e-01
-2.000000000000000111e-01,5.158009254922696352e-01,1.135554801594001795e+00,6.439797730836187561e-01,-2.927254946439370453e-01,6.434671588120918218e-01,-2.924924822536941749e-01
-1.999999999999999556e-01,5.165052038359719822e-01,1.136307123212268566e+00,6.436725703425278944e-01,-2.934003843624103380e-01,6.431602006074226274e-01,-2.931668347532735974e-01
-1.999999999999999556e-01,5.172110578703998929e-01,1.137057966661198627e+00,6.433646603183823531e-01,-2.940749516854149759e-01,6.428525356827030635e-01,-2.938408651140143046e-01
-1.999999999999999556e-01,5.179184844931160603e-01,1.137807328640612958e+00,6.430560433495211559e-01,-2.947491958717197158e-01,6.425441643760029242e-01,-2.945145725952750815e-01
-1.999999999999999556e-01,5.186274805947711508e-01,1.138555205856843777e+00,6.427467197750601491e-01,-2.954231161804488082e-01,6.422350870261680500e-01,-2.951879564567700398e-01
-1.999999999999999556e-01,5.193380430591175712e-01,1.139301595022749414e+00,6.424366899348915583e-01,-2.960967118710821633e-01,6.419253039728197718e-01,-2.958610159585683963e-01
-1.999999999999999001e-01,5.200501687630227909e-01,1.140046492857728966e+00,6.421259541696837658e-01,-2.967699822034564616e-01,6.416148155563557998e-01,-2.965337503610961933e-01
-1.999999999999999556e-01,5.207638545764837756e-01,1.140789896087735400e+00,6.418145128208806449e-01,-2.974429264377660420e-01,6.413036221179481133e-01,-2.972061589251365210e-01
-2.000000000000000111e-01,5.214790973626399762e-01,1.141531801445291538e+00,6.415023662307015595e-01,-2.981155438345634012e-01,6.409917239995434057e-01,-2.978782409118305163e-01
-1.999999999999999556e-01,5.221958939777875397e-01,1.142272205669504492e+00,6.411895147421408092e-01,-2.987878336547601932e-01,6.406791215438634168e-01,-2.985499955826780849e-01
-1.999999999999999556e-01,5.229142412713937427e-01,1.143011105506077651e+00,6.408759586989672963e-01,-2.994597951596277841e-01,6.403658150944026017e-01,-2.992214221995388446e-01
-1.999999999999999556e-01,5.236341360861092031e-01,1.143748497707328449e+00,6.405616984457238594e-01,-3.001314276107990286e-01,6.400518049954303512e-01,-2.998925200246331246e-01
-2.000000000000000111e-01,5.243555752577832019e-01,1.144484379032199017e+00,6.402467343277272738e-01,-3.008027302702674377e-01,6.397370915919883272e-01,-3.005632883205421324e-01
-1.999999999999999001e-01,5.250785556154772271e-01,1.145218746246274177e+00,6.399310666910679180e-01,-3.014737024003896204e-01,6.394216752298912398e-01,-3.012337263502095075e-01
-1.999999999999999556e-01,5.258030739814785193e-01,1.145951596121791649e+00,6.396146958826088857e-01,-3.021443432638850068e-01,6.391055562557262926e-01,-3.019038333769415994e-01
-1.999999999999999556e-01,5.265291271713143928e-01,1.146682925437660039e+00,6.392976222499863193e-01,-3.028146521238371247e-01,6.387887350168526268e-01,-3.025736086644084666e-01
-1.999999999999999556e-01,5.272567119937665581e-01,1.147412730979470163e+00,6.389798461416082986e-01,-3.034846282436942655e-01,6.384712118614013221e-01,-3.032430514766448759e-01
-1.999999999999999556e-01,5.279858252508838889e-01,1.148141009539511037e+00,6.386613679066548421e-01,-3.041542708872704837e-01,6.381529871382741748e-01,-3.039121610780507465e-01
-1.999999999999999556e-01,5.287164637379980769e-01,1.148867757916782528e+00,6.383421878950777950e-01,-3.048235793187462073e-01,6.378340611971445862e-01,-3.045809367333922046e-01
-1.999999999999999556e-01,5.294486242437368428e-01,1.149592972917010680e+00,6.380223064575996084e-01,-3.054925528026689041e-01,6.375144343884558973e-01,-3.052493777078023052e-01
-2.000000000000000111e-01,5.301823035500378145e-01,1.150316651352660813e+00,6.377017239457140052e-01,-3.061611906039545250e-01,6.371941070634219439e-01,-3.059174832667818644e-01
-1.999999999999999556e-01,5.309174984321635149e-01,1.151038790042952176e+00,6.373804407116848703e-01,-3.068294919878873928e-01,6.368730795740261685e-01,-3.065852526762003483e-01
-1.999999999999999556e-01,5.316542056587149068e-01,1.151759385813871273e+00,6.370584571085459169e-01,-3.074974562201217010e-01,6.365513522730212870e-01,-3.072526852022963162e-01
-1.999999999999999556e-01,5.323924219916452705e-01,1.152478435498186515e+00,6.367357734901005761e-01,-3.081650825666822358e-01,6.362289255139290667e-01,-3.079197801116788646e-01
-2.000000000000000111e-01,5.331321441862759691e-01,1.153195935935461547e+00,6.364123902109212194e-01,-3.088323702939649862e-01,6.359057996510399935e-01,-3.085865366713278490e-01
-1.999999999999999556e-01,5.338733689913086611e-01,1.153911883972070340e+00,6.360883076263497138e-01,-3.094993186687378106e-01,6.355819750394124945e-01,-3.092529541485949940e-01
-1.999999999999999556e-01,5.346160931488410650e-01,1.154626276461208523e+00,6.357635260924955345e-01,-3.101659269581418799e-01,6.352574520348729381e-01,-3.099190318112046150e-01
-1.999999999999999556e-01,5.353603133943806158e-01,1.155339110262910252e+00,6.354380459662366532e-01,-3.108321944296916217e-01,6.349322309940151898e-01,-3.105847689272542844e-01
-1.999999999999999556e-01,5.361060264568592304e-01,1.156050382244059538e+00,6.351118676052184275e-01,-3.114981203512761643e-01,6.346063122741998352e-01,-3.112501647652159975e-01
-1.999999999999999556e-01,5.368532290586470745e-01,1.156760089278406012e+00,6.347849913678537126e-01,-3.121637039911601130e-01,6.342796962335545130e-01,-3.119152185939366162e-01
-1.999999999999999556e-01,5.376019179155678840e-01,1.157468228246576913e+00,6.344574176133218613e-01,-3.128289446179837174e-01,6.339523832309725826e-01,-3.125799296826388129e-01
-2.000000000000000111e-01,5.383520897369121760e-01,1.158174796036091969e+00,6.341291467015690575e-01,-3.134938415007646473e-01,6.336243736261137904e-01,-3.132442973009219034e-01
-2.000000000000000111e-01,5.391037412254532368e-01,1.158879789541376493e+00,6.338001789933072061e-01,-3.141583939088979927e-01,6.332956677794029376e-01,-3.139083207187625679e-01
-1.999999999999999556e-01,5.398568690774601109e-01,1.159583205663775818e+00,6.334705148500142657e-01,-3.148226011121573187e-01,6.329662660520299911e-01,-3.145719992065159065e-01
-2.000000000000000111e-01,5.406114699827127001e-01,1.160285041311567289e+00,6.331401546339329167e-01,-3.154864623806958313e-01,6.326361688059494170e-01,-3.152353320349157162e-01
-1.999999999999999556e-01,5.413675406245173072e-01,1.160985293399976026e+00,6.328090987080711161e-01,-3.161499769850464880e-01,6.323053764038804037e-01,-3.158983184750758788e-01
-1.999999999999999556e-01,5.421250776797190696e-01,1.161683958851186915e+00,6.324773474362010983e-01,-3.168131441961233308e-01,6.319738892093055282e-01,-3.165609577984906386e-01
-1.999999999999999556e-01,5.428840778187189464e-01,1.162381034594357931e+00,6.321449011828592646e-01,-3.174759632852221514e-01,6.316417075864709796e-01,-3.172232492770359902e-01
-1.999999999999999556e-01,5.436445377054863748e-01,1.163076517565635459e+00,6.318117603133457383e-01,-3.181384335240212691e-01,6.313088319003858917e-01,-3.178851921829699001e-01
-1.999999999999999001e-01,5.444064539975752570e-01,1.163770404708165840e+00,6.314779251937235882e-01,-3.188005541845821966e-01,6.309752625168223439e-01,-3.185467857889334176e-01
-2.000000000000000111e-01,5.451698233461380605e-01,1.164462692972109581e+00,6.311433961908190504e-01,-3.194623245393507505e-01,6.306409998023142505e-01,-3.192080293679513958e-01
-1.999999999999999556e-01,5.459346423959403616e-01,1.165153379314654902e+00,6.308081736722207511e-01,-3.201237438611576058e-01,6.303060441241576939e-01,-3.198689221934333249e-01
-1.999999999999999556e-01,5.467009077853761667e-01,1.165842460700031502e+00,6.304722580062793735e-01,-3.207848114232190739e-01,6.299703958504102586e-01,-3.205294635391741642e-01
-1.999999999999999556e-01,5.474686161464825673e-01,1.166529934099521659e+00,6.301356495621069920e-01,-3.214455264991381567e-01,6.296340553498902537e-01,-3.211896526793550644e-01
-1.999999999999999556e-01,5.482377641049536177e-01,1.167215796491477331e+00,6.297983487095774047e-01,-3.221058883629048797e-01,6.292970229921768244e-01,-3.218494888885440885e-01
-2.000000000000000111e-01,5.490083482801566550e-01,1.167900044861329700e+00,6.294603558193248016e-01,-3.227658962888979022e-01,6.289592991476092854e-01,-3.225089714416971565e-01
-1.999999999999999556e-01,5.497803652851465106e-01,1.168582676201605164e+00,6.291216712627440977e-01,-3.234255495518842949e-01,6.286208841872868991e-01,-3.231680996141589879e-01
-1.999999999999999556e-01,5.505538117266796094e-01,1.169263687511936656e+00,6.287822954119901553e-01,-3.240848474270210389e-01,6.282817784830682095e-01,-3.238268726816633247e-01
-1.999999999999999556e-01,5.513286842052299574e-01,1.169943075799077858e+00,6.284422286399772295e-01,-3.247437891898555251e-01,6.279419824075707091e-01,-3.244852899203344299e-01
-1.999999999999999556e-01,5.521049793150036855e-01,1.170620838076916304e+00,6.281014713203788569e-01,-3.254023741163267758e-01,6.276014963341708386e-01,-3.251433506066875867e-01
-1.999999999999999556e-01,5.528826936439539264e-01,1.171296971366486250e+00,6.277600238276278555e-01,-3.260606014827654442e-01,6.272603206370026552e-01,-3.258010540176294323e-01
-1.999999999999999556e-01,5.536618237737964687e-01,1.171971472695981564e+00,6.274178865369147706e-01,-3.267184705658953692e-01,6.269184556909581651e-01,-3.264583994304595671e-01
-2.000000000000000111e-01,5.544423662800234132e-01,1.172644339100769484e+00,6.270750598241883189e-01,-3.273759806428340746e-01,6.265759018716873241e-01,-3.271153861228711102e-01
-2.000000000000000111e-01,5.552243177319196032e-01,1.173315567623403055e+00,6.267315440661549442e-01,-3.280331309910936022e-01,6.262326595555963715e-01,-3.277720133729508656e-01
-1.999999999999999556e-01,5.560076746925770586e-01,1.173985155313634454e+00,6.263873396402780402e-01,-3.286899208885810109e-01,6.258887291198483860e-01,-3.284282804591809879e-01
-1.999999999999999556e-01,5.567924337189097406e-01,1.174653099228427200e+00,6.260424469247777290e-01,-3.293463496135997648e-01,6.255441109423625079e-01,-3.290841866604393151e-01
-1.999999999999999556e-01,5.575785913616698730e-01,1.175319396431969921e+00,6.256968662986307494e-01,-3.300024164448498443e-01,6.251988054018132734e-01,-3.297397312559999238e-01
-1.999999999999999556e-01,5.583661441654619306e-01,1.175984043995690120e+00,6.253505981415692361e-01,-3.306581206614293000e-01,6.248528128776310586e-01,-3.303949135255347946e-01
-1.999999999999999556e-01,5.591550886687578492e-01,1.176647038998264172e+00,6.250036428340810524e-01,-3.313134615428342533e-01,6.245061337500007470e-01,-3.310497327491135899e-01
-1.999999999999999556e-01,5.599454214039136790e-01,1.177308378525633081e+00,6.246560007574093465e-01,-3.319684383689602281e-01,6.241587683998619518e-01,-3.317041882072050418e-01
-2.000000000000000111e-01,5.607371388971827963e-01,1.177968059671014034e+00,6.243076722935513301e-01,-3.326230504201029281e-01,6.238107172089079056e-01,-3.323582791806776737e-01
-2.000000000000000111e-01,5.615302376687322239e-01,1.178626079534913274e+00,6.239586578252591664e-01,-3.332772969769585703e-01,6.234619805595859043e-01,-3.330120049508002444e-01
-2.000000000000000111e-01,5.623247142326585069e-01,1.179282435225138537e+00,6.236089577360381941e-01,-3.339311773206252165e-01,6.231125588350963085e-01,-3.336653647992432470e-01
-1.999999999999999556e-01,5.631205650970022569e-01,1.179937123856812153e+00,6.232585724101472602e-01,-3.345846907326033848e-01,6.227624524193918765e-01,-3.343183580080789641e-01
-1.999999999999999556e-01,5.639177867637630293e-01,1.180590142552384592e+00,6.229075022325986088e-01,-3.352378364947963818e-01,6.224116616971785421e-01,-3.349709838597824674e-01
-1.999999999999999556e-01,5.647163757289155317e-01,1.181241488441644449e+00,6.225557475891564385e-01,-3.358906138895119131e-01,6.220601870539129719e-01,-3.356232416372326166e-01
-1.999999999999999556e-01,5.655163284824252790e-01,1.181891158661734442e+00,6.222033088663373457e-01,-3.365430221994624160e-01,6.217080288758045636e-01,-3.362751306237128368e-01
-1.999999999999999556e-01,5.663176415082630255e-01,1.182539150357161173e+00,6.218501864514095478e-01,-3.371950607077657258e-01,6.213551875498132260e-01,-3.369266501029116734e-01
-1.999999999999999556e-01,5.671203112844207528e-01,1.183185460679809786e+00,6.214963807323926615e-01,-3.378467286979460193e-01,6.210016634636494892e-01,-3.375777993589235138e-01
-1.999999999999999001e-01,5.679243342829274344e-01,1.183830086788955294e+00,6.211418920980568137e-01,-3.384980254539348143e-01,6.206474570057741724e-01,-3.382285776762499196e-01
-1.999999999999999556e-01,5.687297069698640239e-01,1.184473025851274341e+00,6.207867209379226425e-01,-3.391489502600713579e-01,6.202925685653980503e-01,-3.388789843397999602e-01
-1.999999999999999556e-01,5.695364258053791096e-01,1.185114275040860310e+00,6.204308676422612967e-01,-3.397995024011035703e-01,6.199369985324810761e-01,-3.395290186348906558e-01
-1.999999999999999556e-01,5.703444872437047897e-01,1.185753831539232639e+00,6.200743326020925483e-01,-3.404496811621890995e-01,6.195807472977321595e-01,-3.401786798472489215e-01
-1.999999999999999556e-01,5.711538877331716613e-01,1.186391692535351927e+00,6.197171162091859031e-01,-3.410994858288955989e-01,6.192238152526090555e-01,-3.408279672630110113e-01
-1.999999999999999556e-01,5.719646237162251401e-01,1.187027855225629702e+00,6.193592188560596012e-01,-3.417489156872021150e-01,6.188662027893171436e-01,-3.414768801687241839e-01
-1.999999999999999556e-01,5.727766916294408928e-01,1.187662316813943075e+00,6.190006409359796180e-01,-3.423979700234991985e-01,6.185079103008098711e-01,-3.421254178513472022e-01
-1.999999999999999556e-01,5.735900879035397137e-01,1.188295074511645399e+00,6.186413828429604411e-01,-3.430466481245901256e-01,6.181489381807874217e-01,-3.427735795982509992e-01
-1.999999999999999556e-01,5.744048089634045118e-01,1.188926125537578926e+00,6.182814449717634053e-01,-3.436949492776916193e-01,6.177892868236971591e-01,-3.434213646972197331e-01
-1.999999999999999556e-01,5.752208512280950758e-01,1.189555467118088350e+00,6.179208277178968034e-01,-3.443428727704349601e-01,6.174289566247331829e-01,-3.440687724364516753e-01
-1.999999999999999556e-01,5.760382111108641734e-01,1.190183096487031023e+00,6.175595314776158862e-01,-3.449904178908657637e-01,6.170679479798345524e-01,-3.447158021045591547e-01
-1.999999999999999556e-01,5.768568850191730935e-01,1.190809010885790054e+00,6.171975566479217523e-01,-3.456375839274457573e-01,6.167062612856866188e-01,-3.453624529905703899e-01
-1.999999999999999556e-01,5.776768693547077449e-01,1.191433207563285857e+00,6.168349036265609042e-01,-3.462843701690532794e-01,6.163438969397193601e-01,-3.460087243839296556e-01
-1.999999999999999556e-01,5.784981605133943106e-01,1.192055683775990138e+00,6.164715728120255811e-01,-3.469307759049837236e-01,6.159808553401073805e-01,-3.466546155744981705e-01
-1.999999999999999556e-01,5.793207548854151234e-01,1.192676436787935446e+00,6.161075646035524267e-01,-3.475768004249509269e-01,6.156171368857699111e-01,-3.473001258525550972e-01
-1.999999999999999556e-01,5.801446488552246539e-01,1.193295463870728046e+00,6.157428794011222672e-01,-3.482224430190874465e-01,6.152527419763694772e-01,-3.479452545087980408e-01
-2.000000000000000111e-01,5.809698388015647197e-01,1.193912762303561470e+00,6.153775176054603335e-01,-3.488677029779455041e-01,6.148876710123121203e-01,-3.485900008343440493e-01
-1.999999999999999556e-01,5.817963210974815835e-01,1.194528329373226283e+00,6.150114796180349286e-01,-3.495125795924978185e-01,6.145219243947466214e-01,-3.492343641207300564e-01
-1.999999999999999556e-01,5.826240921103407189e-01,1.195142162374122741e+00,6.146447658410575388e-01,-3.501570721541380493e-01,6.141555025255642786e-01,-3.498783436599141039e-01
-1.999999999999999001e-01,5.834531482018436854e-01,1.195754258608273224e+00,6.142773766774820565e-01,-3.508011799546825182e-01,6.137884058073983518e-01,-3.505219387442758960e-01
-1.999999999999999556e-01,5.842834857280435612e-01,1.196364615385333341e+00,6.139093125310046695e-01,-3.514449022863695982e-01,6.134206346436236190e-01,-3.511651486666173549e-01
-1.999999999999999556e-01,5.851151010393612628e-01,1.196973230022605250e+00,6.135405738060633052e-01,-3.520882384418616562e-01,6.130521894383559323e-01,-3.518079727201638973e-01
-1.999999999999999556e-01,5.859479904806013106e-01,1.197580099845046764e+00,6.131711609078368541e-01,-3.527311877142454422e-01,6.126830705964517731e-01,-3.524504101985649340e-01
-1.999999999999999556e-01,5.867821503909680381e-01,1.198185222185285781e+00,6.128010742422453916e-01,-3.533737493970325327e-01,6.123132785235080311e-01,-3.530924603958943697e-01
-2.000000000000000111e-01,5.876175771040819118e-01,1.198788594383630501e+00,6.124303142159488456e-01,-3.540159227841606082e-01,6.119428136258612261e-01,-3.537341226066519351e-01
-1.999999999999999556e-01,5.884542669479952970e-01,1.199390213788081194e+00,6.120588812363476627e-01,-3.546577071699938410e-01,6.115716763105872866e-01,-3.543753961257636864e-01
-1.999999999999999556e-01,5.892922162452084445e-01,1.199990077754343076e+00,6.116867757115813653e-01,-3.552991018493239506e-01,6.111998669855003286e-01,-3.550162802485824498e-01
-1.999999999999999556e-01,5.901314213126864772e-01,1.200588183645835638e+00,6.113139980505282178e-01,-3.559401061173710912e-01,6.108273860591540982e-01,-3.556567742708895419e-01
-1.999999999999999556e-01,5.909718784618748222e-01,1.201184528833707743e+00,6.109405486628056714e-01,-3.565807192697841854e-01,6.104542339408394191e-01,-3.562968774888944368e-01
-1.999999999999999556e-01,5.918135839987153091e-01,1.201779110696844732e+00,6.105664279587689203e-01,-3.572209406026417011e-01,6.100804110405850800e-01,-3.569365891992360429e-01
-1.999999999999999556e-01,5.926565342236629341e-01,1.202371926621883524e+00,6.101916363495110129e-01,-3.578607694124529837e-01,6.097059177691566134e-01,-3.575759086989835911e-01
-1.999999999999999556e-01,5.935007254317025138e-01,1.202962974003222829e+00,6.098161742468617419e-01,-3.585002049961586446e-01,6.093307545380561852e-01,-3.582148352856374118e-01
-1.999999999999999556e-01,5.943461539123633397e-01,1.203552250243035138e+00,6.094400420633883098e-01,-3.591392466511313386e-01,6.089549217595227049e-01,-3.588533682571295458e-01
-1.999999999999999556e-01,5.951928159497371640e-01,1.204139752751275827e+00,6.090632402123936640e-01,-3.597778936751766521e-01,6.085784198465299388e-01,-3.594915069118243545e-01
-2.000000000000000111e-01,5.960407078224939648e-01,1.204725478945698036e+00,6.086857691079169408e-01,-3.604161453665336023e-01,6.082012492127872871e-01,-3.601292505485194084e-01
-1.999999999999999556e-01,5.968898258038976001e-01,1.205309426251862215e+00,6.083076291647326883e-01,-3.610540010238756370e-01,6.078234102727395616e-01,-3.607665984664467085e-01
-2.000000000000000111e-01,5.977401661618237938e-01,1.205891592103146337e+00,6.079288207983499781e-01,-3.616914599463116886e-01,6.074449034415647652e-01,-3.614035499652728523e-01
-1.999999999999999556e-01,5.985917251587745680e-01,1.206471973940759668e+00,6.075493444250128494e-01,-3.623285214333862303e-01,6.070657291351756468e-01,-3.620401043450999778e-01
-1.999999999999999556e-01,5.994444990518964511e-01,1.207050569213752311e+00,6.071692004616990879e-01,-3.629651847850807189e-01,6.066858877702182573e-01,-3.626762609064667631e-01
-1.999999999999999556e-01,6.002984840929955768e-01,1.207627375379026313e+00,6.067883893261200035e-01,-3.636014493018140392e-01,6.063053797640711728e-01,-3.633120189503489805e-01
-2.000000000000000111e-01,6.011536765285547812e-01,1.208202389901348539e+00,6.064069114367203195e-01,-3.642373142844432254e-01,6.059242055348461609e-01,-3.639473777781601638e-01
-2.000000000000000111e-01,6.020100725997508118e-01,1.208775610253359556e+00,6.060247672126771734e-01,-3.648727790342643496e-01,6.055423655013866258e-01,-3.645823366917524955e-01
-1.999999999999999556e-01,6.028676685424688708e-01,1.209347033915586733e+00,6.056419570738998948e-01,-3.655078428530134094e-01,6.051598600832677199e-01,-3.652168949934179176e-01
-2.000000000000000111e-01,6.037264605873212675e-01,1.209916658376453125e+00,6.052584814410294500e-01,-3.661425050428666617e-01,6.047766897007955667e-01,-3.658510519858881316e-01
-1.999999999999999556e-01,6.045864449596627388e-01,1.210484481132291457e+00,6.048743407354383317e-01,-3.667767649064421764e-01,6.043928547750071489e-01,-3.664848069723362078e-01
-1.999999999999999556e-01,6.054476178796077690e-01,1.211050499687352344e+00,6.044895353792295589e-01,-3.674106217467996149e-01,6.040083557276695325e-01,-3.671181592563767526e-01
-1.999999999999999556e-01,6.063099755620459108e-01,1.211614711553816726e+00,6.041040657952366777e-01,-3.680440748674416174e-01,6.036231929812797548e-01,-3.677511081420667960e-01
-1.999999999999999556e-01,6.071735142166604371e-01,1.212177114251806298e+00,6.037179324070230946e-01,-3.686771235723146356e-01,6.032373669590637144e-01,-3.683836529339066801e-01
-1.999999999999999556e-01,6.080382300479429958e-01,1.212737705309395064e+00,6.033311356388814106e-01,-3.693097671658094328e-01,6.028508780849770599e-01,-3.690157929368410583e-01
-1.999999999999999556e-01,6.089041192552119286e-01,1.213296482262619547e+00,6.029436759158334214e-01,-3.699420049527617493e-01,6.024637267837024135e-01,-3.696475274562589508e-01
-1.999999999999999556e-01,6.097711780326278141e-01,1.213853442655489001e+00,6.025555536636291176e-01,-3.705738362384533580e-01,6.020759134806513702e-01,-3.702788557979952433e-01
-1.999999999999999556e-01,6.106394025692106764e-01,1.214408584039997852e+00,6.021667693087467965e-01,-3.712052603286127295e-01,6.016874386019626098e-01,-3.709097772683309646e-01
-1.999999999999999556e-01,6.115087890488568600e-01,1.214961903976136348e+00,6.017773232783921733e-01,-3.718362765294157546e-01,6.012983025745016752e-01,-3.715402911739942304e-01
-1.999999999999999556e-01,6.123793336503553508e-01,1.215513400031898783e+00,6.013872160004980483e-01,-3.724668841474864101e-01,6.009085058258608614e-01,-3.721703968221610759e-01
-1.999999999999999556e-01,6.132510325474048729e-01,1.216063069783296591e+00,6.009964479037235296e-01,-3.730970824898977578e-01,6.005180487843579940e-01,-3.728000935204560662e-01
-2.000000000000000111e-01,6.141238819086309864e-01,1.216610910814369007e+00,6.006050194174543666e-01,-3.737268708641726112e-01,6.001269318790369844e-01,-3.734293805769532959e-01
-1.999999999999999556e-01,6.149978778976024074e-01,1.217156920717192170e+00,6.002129309718015060e-01,-3.743562485782841454e-01,5.997351555396666090e-01,-3.740582573001767774e-01
-1.999999999999999556e-01,6.158730166728482169e-01,1.217701097091891782e+00,5.998201829976013144e-01,-3.749852149406570634e-01,5.993427201967400642e-01,-3.746867229991016623e-01
-1.999999999999999556e-01,6.167492943878741807e-01,1.218243437546650654e+00,5.994267759264148010e-01,-3.756137692601675404e-01,5.989496262814749672e-01,-3.753147769831541858e-01
-1.999999999999999556e-01,6.176267071911806239e-01,1.218783939697722474e+00,5.990327101905272844e-01,-3.762419108461450001e-01,5.985558742258124676e-01,-3.759424185622137204e-01
-1.999999999999999556e-01,6.185052512262785296e-01,1.219322601169440468e+00,5.986379862229476156e-01,-3.768696390083719483e-01,5.981614644624169141e-01,-3.765696470466123880e-01
-1.999999999999999556e-01,6.193849226317069689e-01,1.219859419594227390e+00,5.982426044574081780e-01,-3.774969530570858600e-01,5.977663974246750778e-01,-3.771964617471362247e-01
-1.999999999999999556e-01,6.202657175410496437e-01,1.220394392612607959e+00,5.978465653283641101e-01,-3.781238523029784582e-01,5.973706735466964846e-01,-3.778228619750259587e-01
-1.999999999999999556e-01,6.211476320829524278e-01,1.220927517873217738e+00,5.974498692709927505e-01,-3.787503360571979893e-01,5.969742932633120835e-01,-3.784488470419780093e-01
-2.000000000000000111e-01,6.220306623811396873e-01,1.221458793032812462e+00,5.970525167211933049e-01,-3.793764036313483912e-01,5.965772570100741357e-01,-3.790744162601445422e-01
-1.999999999999999556e-01,6.229148045544321555e-01,1.221988215756281360e+00,5.966545081155865127e-01,-3.800020543374919013e-01,5.961795652232556586e-01,-3.796995689421350795e-01
-1.999999999999999556e-01,6.238000547167631415e-01,1.222515783716654481e+00,5.962558438915139813e-01,-3.806272874881478918e-01,5.957812183398502048e-01,-3.803243044010165552e-01
-2.000000000000000111e-01,6.246864089771961837e-01,1.223041494595114909e+00,5.958565244870374089e-01,-3.812521023962953115e-01,5.953822167975708624e-01,-3.809486219503145921e-01
-1.999999999999999556e-01,6.255738634399422571e-01,1.223565346081007199e+00,5.954565503409386951e-01,-3.818764983753723530e-01,5.949825610348502547e-01,-3.815725209040139454e-01
-1.999999999999999556e-01,6.264624142043759836e-01,1.224087335871849369e+00,5.950559218927193861e-01,-3.825004747392773408e-01,5.945822514908397638e-01,-3.821960005765589474e-01
-1.999999999999999556e-01,6.273520573650540610e-01,1.224607461673342002e+00,5.946546395825994535e-01,-3.831240308023700636e-01,5.941812886054094189e-01,-3.828190602828553946e-01
-1.999999999999999556e-01,6.282427890117312508e-01,1.225125721199377793e+00,5.942527038515178495e-01,-3.837471658794718299e-01,5.937796728191468976e-01,-3.834416993382699368e-01
-1.999999999999999556e-01,6.291346052293788071e-01,1.225642112172053100e+00,5.938501151411311740e-01,-3.843698792858668556e-01,5.933774045733573033e-01,-3.840639170586317985e-01
-1.999999999999999556e-01,6.300275020981999097e-01,1.226156632321676598e+00,5.934468738938137866e-01,-3.849921703373024306e-01,5.929744843100630547e-01,-3.846857127602328896e-01
-1.999999999999999556e-01,6.309214756936492030e-01,1.226669279386780165e+00,5.930429805526570286e-01,-3.856140383499899738e-01,5.925709124720021093e-01,-3.853070857598289156e-01
-1.999999999999999556e-01,6.318165220864476739e-01,1.227180051114127757e+00,5.926384355614685573e-01,-3.862354826406058650e-01,5.921666895026296284e-01,-3.859280353746403769e-01
-1.999999999999999556e-01,6.327126373426016359e-01,1.227688945258726960e+00,5.922332393647722348e-01,-3.868565025262920565e-01,5.917618158461153133e-01,-3.865485609223525687e-01
-1.999999999999999556e-01,6.336098175234194940e-01,1.228195959583837205e+00,5.918273924078076842e-01,-3.874770973246567385e-01,5.913562919473442925e-01,-3.871686617211169690e-01
-1.999999999999999556e-01,6.345080586855286198e-01,1.228701091860980643e+00,5.914208951365291789e-01,-3.880972663537753387e-01,5.909501182519160123e-01,-3.877883370895518489e-01
-1.999999999999999001e-01,6.354073568808935590e-01,1.229204339869951479e+00,5.910137479976058650e-01,-3.887170089321910771e-01,5.905432952061440144e-01,-3.884075863467428835e-01
-1.999999999999999556e-01,6.363077081568324633e-01,1.229705701398824846e+00,5.906059514384208731e-01,-3.893363243789156325e-01,5.901358232570552698e-01,-3.890264088122437625e-01
-2.000000000000000111e-01,6.372091085560348533e-01,1.230205174243969690e+00,5.901975059070710961e-01,-3.899552120134303634e-01,5.897277028523899567e-01,-3.896448038060774666e-01
-1.999999999999999556e-01,6.381115541165793825e-01,1.230702756210054760e+00,5.897884118523663011e-01,-3.905736711556863638e-01,5.893189344406006835e-01,-3.902627706487366566e-01
-1.999999999999999556e-01,6.390150408719507125e-01,1.231198445110059492e+00,5.893786697238290184e-01,-3.911917011261056287e-01,5.889095184708520447e-01,-3.908803086611841171e-01
-1.999999999999999556e-01,6.399195648510571655e-01,1.231692238765284886e+00,5.889682799716937645e-01,-3.918093012455819424e-01,5.884994553930202876e-01,-3.914974171648542001e-01
-1.999999999999999556e-01,6.408251220782480440e-01,1.232184135005361503e+00,5.885572430469068195e-01,-3.924264708354813780e-01,5.880887456576926464e-01,-3.921140954816531576e-01
-1.999999999999999556e-01,6.417317085733316162e-01,1.232674131668260342e+00,5.881455594011255616e-01,-3.930432092176427972e-01,5.876773897161671201e-01,-3.927303429339598084e-01
-1.999999999999999556e-01,6.426393203515916586e-01,1.233162226600300393e+00,5.877332294867180229e-01,-3.936595157143791823e-01,5.872653880204513621e-01,-3.933461588446264257e-01
-1.999999999999999556e-01,6.435479534238056631e-01,1.233648417656159957e+00,5.873202537567622228e-01,-3.942753896484779697e-01,5.868527410232630137e-01,-3.939615425369795698e-01
-1.999999999999999001e-01,6.444576037962629345e-01,1.234132702698885975e+00,5.869066326650459464e-01,-3.948908303432019373e-01,5.864394491780287044e-01,-3.945764933348208658e-01
-1.999999999999999556e-01,6.453682674707802436e-01,1.234615079599901577e+00,5.864923666660663004e-01,-3.955058371222897051e-01,5.860255129388831641e-01,-3.951910105624270031e-01
-1.999999999999999556e-01,6.462799404447215901e-01,1.235095546239018516e+00,5.860774562150286027e-01,-3.961204093099571777e-01,5.856109327606697779e-01,-3.958050935445519003e-01
-1.999999999999999556e-01,6.471926187110145223e-01,1.235574100504443384e+00,5.856619017678462713e-01,-3.967345462308976556e-01,5.851957090989398091e-01,-3.964187416064264280e-01
-1.999999999999999556e-01,6.481062982581677900e-01,1.236050740292788053e+00,5.852457037811412688e-01,-3.973482472102820018e-01,5.847798424099501791e-01,-3.970319540737586306e-01
-1.999999999999999556e-01,6.490209750702892189e-01,1.236525463509080103e+00,5.848288627122415484e-01,-3.979615115737610287e-01,5.843633331506660200e-01,-3.976447302727361688e-01
-1.999999999999999556e-01,6.499366451271038070e-01,1.236998268066770157e+00,5.844113790191824975e-01,-3.985743386474649985e-01,5.839461817787575670e-01,-3.982570695300255426e-01
-1.999999999999999556e-01,6.508533044039703785e-01,1.237469151887742758e+00,5.839932531607051613e-01,-3.991867277580045115e-01,5.835283887526009350e-01,-3.988689711727734788e-01
-1.999999999999999556e-01,6.517709488719004574e-01,1.237938112902323473e+00,5.835744855962564648e-01,-3.997986782324715049e-01,5.831099545312772303e-01,-3.994804345286077085e-01
-1.999999999999999556e-01,6.526895744975749203e-01,1.238405149049290888e+00,5.831550767859883244e-01,-4.004101893984402527e-01,5.826908795745721070e-01,-4.000914589256373555e-01
-1.999999999999999556e-01,6.536091772433620939e-01,1.238870258275881708e+00,5.827350271907573154e-01,-4.010212605839670319e-01,5.822711643429753225e-01,-4.007020436924539353e-01
-1.999999999999999556e-01,6.545297530673358510e-01,1.239333438537803644e+00,5.823143372721242272e-01,-4.016318911175920658e-01,5.818508092976801827e-01,-4.013121881581321326e-01
-1.999999999999999556e-01,6.554512979232932635e-01,1.239794687799242734e+00,5.818930074923533979e-01,-4.022420803283399127e-01,5.814298149005829863e-01,-4.019218916522303564e-01
-1.999999999999999556e-01,6.563738077607714771e-01,1.240254004032871782e+00,5.814710383144120476e-01,-4.028518275457195763e-01,5.810081816142826927e-01,-4.025311535047915168e-01
-1.999999999999999556e-01,6.572972785250671413e-01,1.240711385219860130e+00,5.810484302019702785e-01,-4.034611320997262829e-01,5.805859099020800329e-01,-4.031399730463442466e-01
-1.999999999999999556e-01,6.582217061572527284e-01,1.241166829349881429e+00,5.806251836194000759e-01,-4.040699933208411476e-01,5.801630002279776210e-01,-4.037483496079024570e-01
-1.999999999999999556e-01,6.591470865941951862e-01,1.241620334421124738e+00,5.802012990317751973e-01,-4.046784105400327292e-01,5.797394530566788440e-01,-4.043562825209672806e-01
-1.999999999999999556e-01,6.600734157685737014e-01,1.242071898440300970e+00,5.797767769048701725e-01,-4.052863830887574181e-01,5.793152688535875283e-01,-4.049637711175273491e-01
-1.999999999999999556e-01,6.610006896088975736e-01,1.242521519422651988e+00,5.793516177051601934e-01,-4.058939102989603254e-01,5.788904480848076073e-01,-4.055708147300594590e-01
-1.999999999999999556e-01,6.619289040395237578e-01,1.242969195391961268e+00,5.789258218998208916e-01,-4.065009915030756149e-01,5.784649912171423436e-01,-4.061774126915292382e-01
-1.999999999999999556e-01,6.628580549806749600e-01,1.243414924380559894e+00,5.784993899567265618e-01,-4.071076260340278918e-01,5.780388987180942184e-01,-4.067835643353922559e-01
-1.999999999999999001e-01,6.637881383484580677e-01,1.243858704429337436e+00,5.780723223444511616e-01,-4.077138132252323133e-01,5.776121710558640432e-01,-4.073892689955942448e-01
-1.999999999999999556e-01,6.647191500548810250e-01,1.244300533587748836e+00,5.776446195322670896e-01,-4.083195524105955321e-01,5.771848086993505156e-01,-4.079945260065722112e-01
-1.999999999999999556e-01,6.656510860078720393e-01,1.244740409913824619e+00,5.772162819901444086e-01,-4.089248429245168071e-01,5.767568121181498864e-01,-4.085993347032550460e-01
-1.999999999999999556e-01,6.665839421112970120e-01,1.245178331474177780e+00,5.767873101887508458e-01,-4.095296841018882250e-01,5.763281817825548492e-01,-4.092036944210643568e-01
-1.999999999999999556e-01,6.675177142649773021e-01,1.245614296344013550e+00,5.763577045994511261e-01,-4.101340752780954779e-01,5.758989181635550958e-01,-4.098076044959149677e-01
-2.000000000000000111e-01,6.684523983647074896e-01,1.246048302607137614e+00,5.759274656943063064e-01,-4.107380157890188621e-01,5.754690217328357615e-01,-4.104110642642157525e-01
-1.999999999999999556e-01,6.693879903022748046e-01,1.246480348355963663e+00,5.754965939460731095e-01,-4.113415049710341664e-01,5.750384929627777586e-01,-4.110140730628706329e-01
-2.000000000000000111e-01,6.703244859654754473e-01,1.246910431691522714e+00,5.750650898282041457e-01,-4.119445421610124503e-01,5.746073323264563326e-01,-4.116166302292786350e-01
-1.999999999999999556e-01,6.712618812381340172e-01,1.247338550723471329e+00,5.746329538148465810e-01,-4.125471266963219863e-01,5.741755402976413958e-01,-4.122187351013354428e-01
-1.999999999999999556e-01,6.722001720001208325e-01,1.247764703570100053e+00,5.742001863808418038e-01,-4.131492579148281497e-01,5.737431173507963056e-01,-4.128203870174336210e-01
-2.000000000000000111e-01,6.731393541273702485e-01,1.248188888358340298e+00,5.737667880017253141e-01,-4.137509351548945835e-01,5.733100639610780869e-01,-4.134215853164634469e-01
-1.999999999999999556e-01,6.740794234918990879e-01,1.248611103223774776e+00,5.733327591537257240e-01,-4.143521577553838653e-01,5.728763806043362106e-01,-4.140223293378136882e-01
-1.999999999999999556e-01,6.750203759618239596e-01,1.249031346310644386e+00,5.728981003137646466e-01,-4.149529250556577842e-01,5.724420677571125937e-01,-4.146226184213719912e-01
-1.999999999999999556e-01,6.759622074013805770e-01,1.249449615771855981e+00,5.724628119594555864e-01,-4.155532363955786734e-01,5.720071258966407113e-01,-4.152224519075263243e-01
-1.999999999999999556e-01,6.769049136709407444e-01,1.249865909768991701e+00,5.720268945691038276e-01,-4.161530911155099655e-01,5.715715555008451521e-01,-4.158218291371650333e-01
-2.000000000000000111e-01,6.778484906270314525e-01,1.250280226472316070e+00,5.715903486217063234e-01,-4.167524885563166359e-01,5.711353570483413966e-01,-4.164207494516777852e-01
-1.999999999999999556e-01,6.787929341223530866e-01,1.250692564060784884e+00,5.711531745969502527e-01,-4.173514280593662029e-01,5.706985310184348181e-01,-4.170192121929564011e-01
-1.999999999999999556e-01,6.797382400057966345e-01,1.251102920722052314e+00,5.707153729752129090e-01,-4.179499089665296152e-01,5.702610778911203493e-01,-4.176172167033956328e-01
-1.999999999999999556e-01,6.806844041224631159e-01,1.251511294652479123e+00,5.702769442375613673e-01,-4.185479306201811411e-01,5.698229981470822603e-01,-4.182147623258935520e-01
-1.999999999999999556e-01,6.816314223136810124e-01,1.251917684057141322e+00,5.698378888657520402e-01,-4.191454923632002560e-01,5.693842922676932705e-01,-4.188118484038523825e-01
-1.999999999999999556e-01,6.825792904170253639e-01,1.252322087149836616e+00,5.693982073422292345e-01,-4.197425935389716423e-01,5.689449607350138827e-01,-4.194084742811795552e-01
-1.999999999999999556e-01,6.835280042663350875e-01,1.252724502153094610e+00,5.689579001501260391e-01,-4.203392334913859663e-01,5.685050040317923825e-01,-4.200046393022880409e-01
-1.999999999999999556e-01,6.844775596917322957e-01,1.253124927298181923e+00,5.685169677732625493e-01,-4.209354115648407113e-01,5.680644226414638398e-01,-4.206003428120971832e-01
-1.999999999999999556e-01,6.854279525196398382e-01,1.253523360825111066e+00,5.680754106961457550e-01,-4.215311271042411767e-01,5.676232170481498862e-01,-4.211955841560336977e-01
-1.999999999999999556e-01,6.863791785727999528e-01,1.253919800982649768e+00,5.676332294039698745e-01,-4.221263794550002557e-01,5.671813877366574941e-01,-4.217903626800315608e-01
-1.999999999999999556e-01,6.873312336702925851e-01,1.254314246028325197e+00,5.671904243826138003e-01,-4.227211679630404895e-01,5.667389351924801977e-01,-4.223846777305339528e-01
-1.999999999999999556e-01,6.882841136275534843e-01,1.254706694228435060e+00,5.667469961186428762e-01,-4.233154919747936784e-01,5.662958599017950956e-01,-4.229785286544930911e-01
-1.999999999999999556e-01,6.892378142563936327e-01,1.255097143858053377e+00,5.663029450993066760e-01,-4.239093508372023811e-01,5.658521623514641830e-01,-4.235719147993710076e-01
-1.999999999999999556e-01,6.901923313650164538e-01,1.255485593201038919e+00,5.658582718125392264e-01,-4.245027438977198586e-01,5.654078430290330193e-01,-4.241648355131407699e-01
-1.999999999999999556e-01,6.911476607580369080e-01,1.255872040550040758e+00,5.654129767469584511e-01,-4.250956705043114070e-01,5.649629024227306173e-01,-4.247572901442864812e-01
-1.999999999999999556e-01,6.921037982364992569e-01,1.256256484206509594e+00,5.649670603918652834e-01,-4.256881300054549677e-01,5.645173410214684440e-01,-4.253492780418047792e-01
-1.999999999999999556e-01,6.930607395978964913e-01,1.256638922480701082e+00,5.645205232372435544e-01,-4.262801217501415163e-01,5.640711593148401981e-01,-4.259407985552048359e-01
-1.999999999999999556e-01,6.940184806361883174e-01,1.257019353691685826e+00,5.640733657737589946e-01,-4.268716450878763391e-01,5.636243577931211446e-01,-4.265318510345095793e-01
-1.999999999999999556e-01,6.949770171418190312e-01,1.257397776167356485e+00,5.636255884927591220e-01,-4.274626993686789778e-01,5.631769369472677811e-01,-4.271224348302563589e-01
-2.000000000000000111e-01,6.959363449017370584e-01,1.257774188244433766e+00,5.631771918862724657e-01,-4.280532839430847836e-01,5.627288972689167279e-01,-4.277125492934971684e-01
-1.999999999999999556e-01,6.968964596994133842e-01,1.258148588268475754e+00,5.627281764470083436e-01,-4.286433981621451950e-01,5.622802392503852831e-01,-4.283021937758000330e-01
-1.999999999999999556e-01,6.978573573148588727e-01,1.258520974593883235e+00,5.622785426683555299e-01,-4.292330413774281817e-01,5.618309633846693130e-01,-4.288913676292491206e-01
-1.999999999999999556e-01,6.988190335246444729e-01,1.258891345583907917e+00,5.618282910443828104e-01,-4.298222129410194103e-01,5.613810701654444735e-01,-4.294800702064459630e-01
-1.999999999999999556e-01,6.997814841019183163e-01,1.259259699610659977e+00,5.613774220698372064e-01,-4.304109122055230774e-01,5.609305600870642117e-01,-4.300683008605099555e-01
-1.999999999999999001e-01,7.007447048164254788e-01,1.259626035055114723e+00,5.609259362401448623e-01,-4.309991385240620199e-01,5.604794336445597658e-01,-4.306560589450788568e-01
-1.999999999999999556e-01,7.017086914345258553e-01,1.259990350307118590e+00,5.604738340514093808e-01,-4.315868912502787147e-01,5.600276913336396101e-01,-4.312433438143096764e-01
-1.999999999999999556e-01,7.026734397192130332e-01,1.260352643765398906e+00,5.600211160004112676e-01,-4.321741697383366665e-01,5.595753336506901210e-01,-4.318301548228798969e-01
-1.999999999999999556e-01,7.036389454301325008e-01,1.260712913837568561e+00,5.595677825846085973e-01,-4.327609733429192973e-01,5.591223610927719134e-01,-4.324164913259869736e-01
-1.999999999999999556e-01,7.046052043236011864e-01,1.261071158940133996e+00,5.591138343021346824e-01,-4.333473014192332773e-01,5.586687741576228383e-01,-4.330023526793504440e-01
-1.999999999999999556e-01,7.055722121526251112e-01,1.261427377498501645e+00,5.586592716517991830e-01,-4.339331533230064153e-01,5.582145733436547630e-01,-4.335877382392112622e-01
-1.999999999999999556e-01,7.065399646669189293e-01,1.261781567946986371e+00,5.582040951330865530e-01,-4.345185284104909340e-01,5.577597591499552365e-01,-4.341726473623340188e-01
-1.999999999999999556e-01,7.075084576129236913e-01,1.262133728728815463e+00,5.577483052461559287e-01,-4.351034260384622487e-01,5.573043320762842701e-01,-4.347570794060057753e-01
-1.999999999999999556e-01,7.084776867338262729e-01,1.262483858296137962e+00,5.572919024918400188e-01,-4.356878455642206327e-01,5.568482926230768904e-01,-4.353410337280388953e-01
-1.999999999999999556e-01,7.094476477695781380e-01,1.262831955110031767e+00,5.568348873716454372e-01,-4.362717863455917722e-01,5.563916412914401421e-01,-4.359245096867699898e-01
-1.999999999999999556e-01,7.104183364569129910e-01,1.263178017640507411e+00,5.563772603877513712e-01,-4.368552477409273771e-01,5.559343785831536433e-01,-4.365075066410615268e-01
-1.999999999999999556e-01,7.113897485293672052e-01,1.263522044366518049e+00,5.559190220430096918e-01,-4.374382291091056252e-01,5.554765050006682525e-01,-4.370900239503021645e-01
-1.999999999999999556e-01,7.123618797172970307e-01,1.263864033775964346e+00,5.554601728409436223e-01,-4.380207298095327717e-01,5.550180210471075126e-01,-4.376720609744079726e-01
-1.999999999999999556e-01,7.133347257478982462e-01,1.264203984365701805e+00,5.550007132857477377e-01,-4.386027492021428165e-01,5.545589272262639868e-01,-4.382536170738224324e-01
-1.999999999999999556e-01,7.143082823452246988e-01,1.264541894641546982e+00,5.545406438822877426e-01,-4.391842866473986695e-01,5.540992240426014792e-01,-4.388346916095176020e-01
-1.999999999999999556e-01,7.152825452302068454e-01,1.264877763118283482e+00,5.540799651360986955e-01,-4.397653415062928173e-01,5.536389120012527032e-01,-4.394152839429944502e-01
-1.999999999999999556e-01,7.162575101206711814e-01,1.265211588319671288e+00,5.536186775533857851e-01,-4.403459131403480997e-01,5.531779916080200588e-01,-4.399953934362844099e-01
-1.999999999999999556e-01,7.172331727313583372e-01,1.265543368778448752e+00,5.531567816410228877e-01,-4.409260009116183765e-01,5.527164633693738560e-01,-4.405750194519487128e-01
-1.999999999999999556e-01,7.182095287739423961e-01,1.265873103036342817e+00,5.526942779065524558e-01,-4.415056041826889710e-01,5.522543277924526484e-01,-4.411541613530804429e-01
-2.000000000000000111e-01,7.191865739570495464e-01,1.266200789644073676e+00,5.522311668581849631e-01,-4.420847223166778361e-01,5.517915853850620111e-01,-4.417328185033042587e-01
-1.999999999999999556e-01,7.201643039862771767e-01,1.266526427161362545e+00,5.517674490047980163e-01,-4.426633546772358874e-01,5.513282366556748748e-01,-4.423109902667778370e-01
-1.999999999999999556e-01,7.211427145642125280e-01,1.266850014156935211e+00,5.513031248559359110e-01,-4.432415006285477799e-01,5.508642821134297485e-01,-4.428886760081918172e-01
-1.999999999999999556e-01,7.221218013904514565e-01,1.267171549208531811e+00,5.508381949218096318e-01,-4.438191595353327412e-01,5.503997222681313861e-01,-4.434658750927710780e-01
-1.999999999999999556e-01,7.231015601616171962e-01,1.267491030902909710e+00,5.503726597132951870e-01,-4.443963307628451820e-01,5.499345576302494543e-01,-4.440425868862752368e-01
-1.999999999999999556e-01,7.240819865713806758e-01,1.267808457835853053e+00,5.499065197419339412e-01,-4.449730136768753619e-01,5.494687887109178659e-01,-4.446188107549995938e-01
-1.999999999999999556e-01,7.250630763104773946e-01,1.268123828612176318e+00,5.494397755199320610e-01,-4.455492076437498894e-01,5.490024160219350025e-01,-4.451945460657750209e-01
-1.999999999999999556e-01,7.260448250667274062e-01,1.268437141845731420e+00,5.489724275601592929e-01,-4.461249120303329985e-01,5.485354400757626037e-01,-4.457697921859697932e-01
-1.999999999999999556e-01,7.270272285250543032e-01,1.268748396159414815e+00,5.485044763761489639e-01,-4.467001262040266041e-01,5.480678613855252124e-01,-4.463445484834895338e-01
-1.999999999999999556e-01,7.280102823675046464e-01,1.269057590185170392e+00,5.480359224820972042e-01,-4.472748495327715235e-01,5.475996804650091754e-01,-4.469188143267778246e-01
-1.999999999999999556e-01,7.289939822732657282e-01,1.269364722563999681e+00,5.475667663928622808e-01,-4.478490813850478647e-01,5.471308978286638647e-01,-4.474925890848178711e-01
-1.999999999999999556e-01,7.299783239186848904e-01,1.269669791945965187e+00,5.470970086239643759e-01,-4.484228211298757483e-01,5.466615139915983468e-01,-4.480658721271316702e-01
-1.999999999999999556e-01,7.309633029772897306e-01,1.269972796990196162e+00,5.466266496915850315e-01,-4.489960681368155848e-01,5.461915294695829370e-01,-4.486386628237816754e-01
-1.999999999999999556e-01,7.319489151198057542e-01,1.270273736364895933e+00,5.461556901125654839e-01,-4.495688217759701844e-01,5.457209447790488666e-01,-4.492109605453722398e-01
-2.000000000000000111e-01,7.329351560141754707e-01,1.270572608747346344e+00,5.456841304044082186e-01,-4.501410814179833131e-01,5.452497604370849515e-01,-4.497827646630477849e-01
-1.999999999999999556e-01,7.339220213255787106e-01,1.270869412823916189e+00,5.452119710852738610e-01,-4.507128464340429130e-01,5.447779769614410350e-01,-4.503540745484971297e-01
-1.999999999999999556e-01,7.349095067164503892e-01,1.271164147290062552e+00,5.447392126739829532e-01,-4.512841161958792147e-01,5.443055948705232128e-01,-4.509248895739502716e-01
-1.999999999999999556e-01,7.358976078464998238e-01,1.271456810850340791e+00,5.442658556900138445e-01,-4.518548900757673459e-01,5.438326146833971642e-01,-4.514952091121821054e-01
-1.999999999999999001e-01,7.368863203727299416e-01,1.271747402218407430e+00,5.437919006535026911e-01,-4.524251674465268880e-01,5.433590369197848213e-01,-4.520650325365117017e-01
-1.999999999999999556e-01,7.378756399494568186e-01,1.272035920117027930e+00,5.433173480852425685e-01,-4.529949476815232634e-01,5.428848621000648134e-01,-4.526343592208031397e-01
-1.999999999999999556e-01,7.388655622283278879e-01,1.272322363278080237e+00,5.428421985066836930e-01,-4.535642301546682909e-01,5.424100907452720222e-01,-4.532031885394665061e-01
-1.999999999999999556e-01,7.398560828583421456e-01,1.272606730442562339e+00,5.423664524399318676e-01,-4.541330142404202408e-01,5.419347233770965833e-01,-4.537715198674580619e-01
-2.000000000000000111e-01,7.408471974858680253e-01,1.272889020360596035e+00,5.418901104077482600e-01,-4.547012993137858339e-01,5.414587605178841079e-01,-4.543393525802821298e-01
-1.999999999999999556e-01,7.418389017546636044e-01,1.273169231791434264e+00,5.414131729335491805e-01,-4.552690847503192972e-01,5.409822026906339065e-01,-4.549066860539898727e-01
-1.999999999999999556e-01,7.428311913058950333e-01,1.273447363503463992e+00,5.409356405414051938e-01,-4.558363699261242519e-01,5.405050504189991001e-01,-4.554735196651816809e-01
-1.999999999999999556e-01,7.438240617781557429e-01,1.273723414274214205e+00,5.404575137560403419e-01,-4.564031542178538792e-01,5.400273042272865087e-01,-4.560398527910067834e-01
-1.999999999999999556e-01,7.448175088074866501e-01,1.273997382890360575e+00,5.399787931028321442e-01,-4.569694370027118646e-01,5.395489646404549866e-01,-4.566056848091646914e-01
-1.999999999999999556e-01,7.458115280273935888e-01,1.274269268147729894e+00,5.394994791078101537e-01,-4.575352176584532304e-01,5.390700321841160880e-01,-4.571710150979056420e-01
-1.999999999999999556e-01,7.468061150688686256e-01,1.274539068851305412e+00,5.390195722976565129e-01,-4.581004955633841136e-01,5.385905073845319579e-01,-4.577358430360308206e-01
-1.999999999999999556e-01,7.478012655604064918e-01,1.274806783815233491e+00,5.385390731997045100e-01,-4.586652700963634310e-01,5.381103907686164423e-01,-4.583001680028934710e-01
-2.000000000000000111e-01,7.487969751280268982e-01,1.275072411862827604e+00,5.380579823419380237e-01,-4.592295406368033239e-01,5.376296828639330894e-01,-4.588639893783996726e-01
-2.000000000000000111e-01,7.497932393952910779e-01,1.275335951826573888e+00,5.375763002529915235e-01,-4.597933065646696016e-01,5.371483841986955943e-01,-4.594273065430089509e-01
-1.999999999999999556e-01,7.507900539833234355e-01,1.275597402548136472e+00,5.370940274621488486e-01,-4.603565672604825187e-01,5.366664953017665773e-01,-4.599901188777345551e-01
-1.999999999999999556e-01,7.517874145108283113e-01,1.275856762878361916e+00,5.366111644993432073e-01,-4.609193221053175527e-01,5.361840167026572512e-01,-4.605524257641447905e-01
-1.999999999999999556e-01,7.527853165941112978e-01,1.276114031677284544e+00,5.361277118951560672e-01,-4.614815704808061247e-01,5.357009489315266437e-01,-4.611142265843629073e-01
-1.999999999999999556e-01,7.537837558470971144e-01,1.276369207814132212e+00,5.356436701808168221e-01,-4.620433117691359337e-01,5.352172925191817088e-01,-4.616755207210688217e-01
-1.999999999999999556e-01,7.547827278813497021e-01,1.276622290167329865e+00,5.351590398882025701e-01,-4.626045453530520102e-01,5.347330479970756612e-01,-4.622363075574986713e-01
-1.999999999999999556e-01,7.557822283060918744e-01,1.276873277624506198e+00,5.346738215498365587e-01,-4.631652706158572719e-01,5.342482158973081985e-01,-4.627965864774464255e-01
-1.999999999999999556e-01,7.567822527282230816e-01,1.277122169082496539e+00,5.341880156988884076e-01,-4.637254869414132452e-01,5.337627967526245021e-01,-4.633563568652639408e-01
-1.999999999999999556e-01,7.577827967523401709e-01,1.277368963447349293e+00,5.337016228691736641e-01,-4.642851937141405649e-01,5.332767910964150149e-01,-4.639156181058619599e-01
-1.999999999999999556e-01,7.587838559807557060e-01,1.277613659634330601e+00,5.332146435951523600e-01,-4.648443903190198623e-01,5.327901994627145532e-01,-4.644743695847105558e-01
-1.999999999999999556e-01,7.597854260135186166e-01,1.277856256567928117e+00,5.327270784119291225e-01,-4.654030761415924866e-01,5.323030223862017518e-01,-4.650326106878401866e-01
-1.999999999999999556e-01,7.607875024484318516e-01,1.278096753181856560e+00,5.322389278552528413e-01,-4.659612505679604499e-01,5.318152604021988417e-01,-4.655903408018417511e-01
-1.999999999999999556e-01,7.617900808810730284e-01,1.278335148419061928e+00,5.317501924615147813e-01,-4.665189129847885363e-01,5.313269140466702067e-01,-4.661475593138679208e-01
-1.999999999999999556e-01,7.627931569048130855e-01,1.278571441231726613e+00,5.312608727677494702e-01,-4.670760627793034692e-01,5.308379838562226061e-01,-4.667042656116334176e-01
-1.999999999999999556e-01,7.637967261108361550e-01,1.278805630581274499e+00,5.307709693116330341e-01,-4.676326993392957432e-01,5.303484703681049517e-01,-4.672604590834160687e-01
-1.999999999999999001e-01,7.648007840881587693e-01,1.279037715438372969e+00,5.302804826314834186e-01,-4.681888220531195688e-01,5.298583741202063102e-01,-4.678161391180569173e-01
-2.000000000000000111e-01,7.658053264236486246e-01,1.279267694782940445e+00,5.297894132662593902e-01,-4.687444303096935383e-01,5.293676956510559029e-01,-4.683713051049609444e-01
-1.999999999999999556e-01,7.668103487020450082e-01,1.279495567604151063e+00,5.292977617555599812e-01,-4.692995234985021247e-01,5.288764354998237716e-01,-4.689259564340986230e-01
-1.999999999999999556e-01,7.678158465059775617e-01,1.279721332900434883e+00,5.288055286396234900e-01,-4.698541010095952930e-01,5.283845942063182255e-01,-4.694800924960054189e-01
-1.999999999999999556e-01,7.688218154159860429e-01,1.279944989679487222e+00,5.283127144593278146e-01,-4.704081622335898327e-01,5.278921723109865072e-01,-4.700337126817832334e-01
-1.999999999999999556e-01,7.698282510105387555e-01,1.280166536958270207e+00,5.278193197561892314e-01,-4.709617065616697462e-01,5.273991703549136822e-01,-4.705868163831007922e-01
-1.999999999999999556e-01,7.708351488660541984e-01,1.280385973763018104e+00,5.273253450723616176e-01,-4.715147333855873035e-01,5.269055888798221954e-01,-4.711394029921941451e-01
-1.999999999999999556e-01,7.718425045569180520e-01,1.280603299129240646e+00,5.268307909506364517e-01,-4.720672420976629313e-01,5.264114284280715372e-01,-4.716914719018679425e-01
-1.999999999999999556e-01,7.728503136555036068e-01,1.280818512101729478e+00,5.263356579344418140e-01,-4.726192320907866562e-01,5.259166895426571342e-01,-4.722430225054953246e-01
-1.999999999999999556e-01,7.738585717321920798e-01,1.281031611734559483e+00,5.258399465678419427e-01,-4.731707027584187153e-01,5.254213727672101264e-01,-4.727940541970191424e-01
-1.999999999999999556e-01,7.748672743553902675e-01,1.281242597091094337e+00,5.253436573955364564e-01,-4.737216534945894453e-01,5.249254786459965905e-01,-4.733445663709522355e-01
-1.999999999999999556e-01,7.758764170915520841e-01,1.281451467243991171e+00,5.248467909628599104e-01,-4.742720836939010032e-01,5.244290077239169845e-01,-4.738945584223786534e-01
-2.000000000000000111e-01,7.768859955051964361e-01,1.281658221275204124e+00,5.243493478157813525e-01,-4.748219927515272554e-01,5.239319605465055929e-01,-4.744440297469537104e-01
-1.999999999999999556e-01,7.778960051589273172e-01,1.281862858275988115e+00,5.238513285009033238e-01,-4.753713800632148323e-01,5.234343376599300823e-01,-4.749929797409049304e-01
-1.999999999999999556e-01,7.789064416134534596e-01,1.282065377346902402e+00,5.233527335654615253e-01,-4.759202450252832950e-01,5.229361396109905025e-01,-4.755414078010327117e-01
-1.999999999999999556e-01,7.799173004276076515e-01,1.282265777597816125e+00,5.228535635573241525e-01,-4.764685870346269114e-01,5.224373669471188419e-01,-4.760893133247110498e-01
-2.000000000000000111e-01,7.809285771583660551e-01,1.282464058147910535e+00,5.223538190249913393e-01,-4.770164054887139349e-01,5.219380202163788063e-01,-4.766366957098879809e-01
-2.000000000000000111e-01,7.819402673608684129e-01,1.282660218125684537e+00,5.218535005175946040e-01,-4.775636997855883248e-01,5.214380999674644857e-01,-4.771835543550865255e-01
-1.999999999999999556e-01,7.829523665884366990e-01,1.282854256668956694e+00,5.213526085848960712e-01,-4.781104693238695802e-01,5.209376067497006879e-01,-4.777298886594050775e-01
-1.999999999999999556e-01,7.839648703925951034e-01,1.283046172924869888e+00,5.208511437772880281e-01,-4.786567135027540165e-01,5.204365411130412733e-01,-4.782756980225180699e-01
-1.999999999999999556e-01,7.849777743230902383e-01,1.283235966049895094e+00,5.203491066457918146e-01,-4.792024317220155982e-01,5.199349036080695985e-01,-4.788209818446772514e-01
-1.999999999999999556e-01,7.859910739279092340e-01,1.283423635209836489e+00,5.198464977420584887e-01,-4.797476233820055502e-01,5.194326947859968513e-01,-4.793657395267112986e-01
-1.999999999999999556e-01,7.870047647533005009e-01,1.283609179579831894e+00,5.193433176183664957e-01,-4.802922878836543563e-01,5.189299151986623837e-01,-4.799099704700273139e-01
-1.999999999999999556e-01,7.880188423437930467e-01,1.283792598344358993e+00,5.188395668276227779e-01,-4.808364246284712595e-01,5.184265653985326017e-01,-4.804536740766111036e-01
-1.999999999999999556e-01,7.890333022422152398e-01,1.283973890697237774e+00,5.183352459233606657e-01,-4.813800330185454279e-01,5.179226459387006321e-01,-4.809968497490277883e-01
-1.999999999999999556e-01,7.900481399897161250e-01,1.284153055841634750e+00,5.178303554597404323e-01,-4.819231124565469537e-01,5.174181573728852124e-01,-4.815394968904229134e-01
-1.999999999999999556e-01,7.910633511257831874e-01,1.284330092990066507e+00,5.173248959915477396e-01,-4.824656623457269089e-01,5.169131002554306908e-01,-4.820816149045226151e-01
-1.999999999999999556e-01,7.920789311882631134e-01,1.284505001364401933e+00,5.168188680741939711e-01,-4.830076820899182333e-01,5.164074751413061382e-01,-4.826232031956342317e-01
-1.999999999999999556e-01,7.930948757133809979e-01,1.284677780195867314e+00,5.163122722637145667e-01,-4.835491710935369003e-01,5.159012825861050144e-01,-4.831642611686480793e-01
-1.999999999999999556e-01,7.941111802357596616e-01,1.284848428725048342e+00,5.158051091167696889e-01,-4.840901287615809179e-01,5.153945231460431708e-01,-4.837047882290355094e-01
-1.999999999999999556e-01,7.951278402884406349e-01,1.285016946201894106e+00,5.152973791906423351e-01,-4.846305544996332704e-01,5.148871973779610700e-01,-4.842447837828529611e-01
-1.999999999999999556e-01,7.961448514029014767e-01,1.285183331885720870e+00,5.147890830432384490e-01,-4.851704477138610305e-01,5.143793058393201223e-01,-4.847842472367400180e-01
-1.999999999999999556e-01,7.971622091090777573e-01,1.285347585045213847e+00,5.142802212330861433e-01,-4.857098078110165251e-01,5.138708490882040181e-01,-4.853231779979211291e-01
-1.999999999999999556e-01,7.981799089353807108e-01,1.285509704958431865e+00,5.137707943193354776e-01,-4.862486341984373905e-01,5.133618276833172844e-01,-4.858615754742059423e-01
-1.999999999999999556e-01,7.991979464087191065e-01,1.285669690912810248e+00,5.132608028617566820e-01,-4.867869262840484046e-01,5.128522421839850631e-01,-4.863994390739904139e-01
-1.999999999999999556e-01,8.002163170545165682e-01,1.285827542205163265e+00,5.127502474207409344e-01,-4.873246834763612645e-01,5.123420931501524445e-01,-4.869367682062571423e-01
-1.999999999999999556e-01,8.012350163967327799e-01,1.285983258141687235e+00,5.122391285572990283e-01,-4.878619051844748644e-01,5.118313811423831350e-01,-4.874735622805753121e-01
-1.999999999999999556e-01,8.022540399578825809e-01,1.286136838037964969e+00,5.117274468330607062e-01,-4.883985908180772384e-01,5.113201067218603457e-01,-4.880098207071028593e-01
-2.000000000000000111e-01,8.032733832590561729e-01,1.286288281218967544e+00,5.112152028102742163e-01,-4.889347397874453383e-01,5.108082704503846827e-01,-4.885455428965860825e-01
-1.999999999999999556e-01,8.042930418199376597e-01,1.286437587019057194e+00,5.107023970518058675e-01,-4.894703515034453112e-01,5.102958728903742580e-01,-4.890807282603603090e-01
-1.999999999999999556e-01,8.053130111588261419e-01,1.286584754781990858e+00,5.101890301211390311e-01,-4.900054253775342206e-01,5.097829146048639126e-01,-4.896153762103508944e-01
-1.999999999999999556e-01,8.063332867926544800e-01,1.286729783860922405e+00,5.096751025823735848e-01,-4.905399608217598240e-01,5.092693961575047723e-01,-4.901494861590737218e-01
-1.999999999999999556e-01,8.073538642370092777e-01,1.286872673618405960e+00,5.091606150002259135e-01,-4.910739572487614613e-01,5.087553181125631374e-01,-4.906830575196356459e-01
-2.000000000000000111e-01,8.083747390061504223e-01,1.287013423426399239e+00,5.086455679400272434e-01,-4.916074140717711094e-01,5.082406810349208159e-01,-4.912160897057355480e-01
-1.999999999999999001e-01,8.093959066130314017e-01,1.287152032666265544e+00,5.081299619677239754e-01,-4.921403307046133824e-01,5.077254854900733472e-01,-4.917485821316648908e-01
-1.999999999999999556e-01,8.104173625693185112e-01,1.287288500728774876e+00,5.076137976498761306e-01,-4.926727065617064194e-01,5.072097320441300017e-01,-4.922805342123078853e-01
-2.000000000000000111e-01,8.114391023854100604e-01,1.287422827014110593e+00,5.070970755536580166e-01,-4.932045410580627731e-01,5.066934212638133372e-01,-4.928119453631426561e-01
-2.000000000000000111e-01,8.124611215704580225e-01,1.287555010931868971e+00,5.065797962468561177e-01,-4.937358336092899647e-01,5.061765537164580886e-01,-4.933428150002419077e-01
-1.999999999999999556e-01,8.134834156323845766e-01,1.287685051901062749e+00,5.060619602978696507e-01,-4.942665836315905392e-01,5.056591299700110564e-01,-4.938731425402730912e-01
-2.000000000000000111e-01,8.145059800779054227e-01,1.287812949350122471e+00,5.055435682757094540e-01,-4.947967905417633983e-01,5.051411505930296642e-01,-4.944029274004991259e-01
-1.999999999999999556e-01,8.155288104125468784e-01,1.287938702716902029e+00,5.050246207499968776e-01,-4.953264537572049098e-01,5.046226161546828459e-01,-4.949321689987801198e-01
-1.999999999999999556e-01,8.165519021406673073e-01,1.288062311448677333e+00,5.045051182909643384e-01,-4.958555726959077981e-01,5.041035272247481602e-01,-4.954608667535721489e-01
-2.000000000000000111e-01,8.175752507654754364e-01,1.288183775002152087e+00,5.039850614694537656e-01,-4.963841467764633641e-01,5.035838843736134551e-01,-4.959890200839293661e-01
-1.999999999999999556e-01,8.185988517890514515e-01,1.288303092843458009e+00,5.034644508569162680e-01,-4.969121754180616524e-01,5.030636881722748699e-01,-4.965166284095041127e-01
-1.999999999999999556e-01,8.196227007123654262e-01,1.288420264448157049e+00,5.029432870254112453e-01,-4.974396580404917834e-01,5.025429391923367239e-01,-4.970436911505473621e-01
-1.999999999999999556e-01,8.206467930352989715e-01,1.288535289301246278e+00,5.024215705476063887e-01,-4.979665940641432864e-01,5.020216380060105177e-01,-4.975702077279100521e-01
-1.999999999999999556e-01,8.216711242566627771e-01,1.288648166897156999e+00,5.018993019967762370e-01,-4.984929829100059329e-01,5.014997851861145994e-01,-4.980961775630428079e-01
-1.999999999999999556e-01,8.226956898742181501e-01,1.288758896739758741e+00,5.013764819468022882e-01,-4.990188239996708464e-01,5.009773813060738323e-01,-4.986216000779971624e-01
-1.999999999999999001e-01,8.237204853846962216e-01,1.288867478342361483e+00,5.008531109721717778e-01,-4.995441167553313910e-01,5.004544269399180401e-01,-4.991464746954264453e-01
-2.000000000000000111e-01,8.247455062838169315e-01,1.288973911227715652e+00,5.003291896479776790e-01,-5.000688605997823943e-01,4.999309226622819513e-01,-4.996708008385848943e-01
-1.999999999999999556e-01,8.257707480663105670e-01,1.289078194928019006e+00,-4.998047185499173706e-01,5.005930549564232557e-01,-4.994068690484051998e-01,5.001945779313310414e-01
-1.999999999999999556e-01,8.267962062259356371e-01,1.289180328984913082e+00,-4.992796982542921924e-01,5.011166992492562811e-01,-4.988822666741305478e-01,5.007178053981256038e-01
-1.999999999999999556e-01,8.278218762555001886e-01,1.289280312949487861e+00,-4.987541293380075569e-01,5.016397929028882929e-01,-4.983571161159037755e-01,5.012404826640333155e-01
-1.999999999999999556e-01,8.288477536468811246e-01,1.289378146382284651e+00,-4.982280123785711723e-01,5.021623353425314074e-01,-4.978314179507729031e-01,5.017626091547239264e-01
-1.999999999999999556e-01,8.298738338910437440e-01,1.289473828853297421e+00,-4.977013479540930985e-01,5.026843259940033670e-01,-4.973051727563880808e-01,5.022841842964722581e-01
-1.999999999999999556e-01,8.309001124780612813e-01,1.289567359941971914e+00,-4.971741366432850806e-01,5.032057642837279854e-01,-4.967783811110001446e-01,5.028052075161585366e-01
-1.999999999999999556e-01,8.319265848971358901e-01,1.289658739237212526e+00,-4.966463790254597721e-01,5.037266496387361459e-01,-4.962510435934608943e-01,5.033256782412702801e-01
-2.000000000000000111e-01,8.329532466366171839e-01,1.289747966337379204e+00,-4.961180756805297354e-01,5.042469814866666900e-01,-4.957231607832208731e-01,5.038455958999007445e-01
-1.999999999999999556e-01,8.339800931840236631e-01,1.289835040850293657e+00,-4.955892271890079970e-01,5.047667592557660843e-01,-4.951947332603313656e-01,5.043649599207529199e-01
-2.000000000000000111e-01,8.350071200260600346e-01,1.289919962393236030e+00,-4.950598341320058826e-01,5.052859823748898638e-01,-4.946657616054408457e-01,5.048837697331362007e-01
-1.999999999999999556e-01,8.360343226486400825e-01,1.290002730592952451e+00,-4.945298970912332948e-01,5.058046502735032979e-01,-4.941362463997963639e-01,5.054020247669701593e-01
-1.999999999999999556e-01,8.370616965369039875e-01,1.290083345085651700e+00,-4.939994166489978800e-01,5.063227623816812795e-01,-4.936061882252421595e-01,5.059197244527833259e-01
-1.999999999999999556e-01,8.380892371752391989e-01,1.290161805517009208e+00,-4.934683933882046958e-01,5.068403181301096572e-01,-4.930755876642189950e-01,5.064368682217147422e-01
-2.000000000000000111e-01,8.391169400473007522e-01,1.290238111542167720e+00,-4.929368278923547675e-01,5.073573169500855684e-01,-4.925444452997636002e-01,5.069534555055144054e-01
-1.999999999999999556e-01,8.401448006360305865e-01,1.290312262825740408e+00,-4.924047207455452546e-01,5.078737582735184386e-01,-4.920127617155081179e-01,5.074694857365436018e-01
-2.000000000000000111e-01,8.411728144236769733e-01,1.290384259041809756e+00,-4.918720725324683962e-01,5.083896415329297591e-01,-4.914805374956794370e-01,5.079849583477756836e-01
-1.999999999999999556e-01,8.422009768918152783e-01,1.290454099873931781e+00,-4.913388838384109558e-01,5.089049661614545306e-01,-4.909477732250983051e-01,5.084998727727970680e-01
-1.999999999999999556e-01,8.432292835213669457e-01,1.290521785015134926e+00,-4.908051552492536662e-01,5.094197315928414849e-01,-4.904144694891792167e-01,5.090142284458071265e-01
-1.999999999999999556e-01,8.442577297926198154e-01,1.290587314167923161e+00,-4.902708873514705079e-01,5.099339372614538624e-01,-4.898806268739292480e-01,5.095280248016192948e-01
-2.000000000000000111e-01,8.452863111852484401e-01,1.290650687044275990e+00,-4.897360807321279319e-01,5.104475826022700780e-01,-4.893462459659475572e-01,5.100412612756616282e-01
-1.999999999999999556e-01,8.463150231783334032e-01,1.290711903365651558e+00,-4.892007359788845822e-01,5.109606670508840542e-01,-4.888113273524249403e-01,5.105539373039775786e-01
-1.999999999999999556e-01,8.473438612503807477e-01,1.290770962862985316e+00,-4.886648536799900189e-01,5.114731900435062206e-01,-4.882758716211428873e-01,5.110660523232262165e-01
-1.999999999999999556e-01,8.483728208793428482e-01,1.290827865276694020e+00,-4.881284344242849405e-01,5.119851510169638464e-01,-4.877398793604731941e-01,5.115776057706831192e-01
-1.999999999999999556e-01,8.494018975426371743e-01,1.290882610356674176e+00,-4.875914788011998513e-01,5.124965494087015960e-01,-4.872033511593772959e-01,5.120885970842408152e-01
-1.999999999999999556e-01,8.504310867171677168e-01,1.290935197862304928e+00,-4.870539874007543957e-01,5.130073846567828610e-01,-4.866662876074049904e-01,5.125990257024096719e-01
-1.999999999999999556e-01,8.514603838793434187e-01,1.290985627562449167e+00,-4.865159608135574687e-01,5.135176561998892053e-01,-4.861286892946953264e-01,5.131088910643186729e-01
-1.999999999999999556e-01,8.524897845050983802e-01,1.291033899235452864e+00,-4.859773996308058841e-01,5.140273634773216971e-01,-4.855905568119741611e-01,5.136181926097149741e-01
-1.999999999999999556e-01,8.535192840699122874e-01,1.291080012669148180e+00,-4.854383044442833195e-01,5.145365059290020193e-01,-4.850518907505543820e-01,5.141269297789657911e-01
-1.999999999999999556e-01,8.545488780488302849e-01,1.291123967660853022e+00,-4.848986758463608715e-01,5.150450829954719145e-01,-4.845126917023354629e-01,5.146351020130583986e-01
-2.000000000000000111e-01,8.555785619164811839e-01,1.291165764017371265e+00,-4.843585144299955569e-01,5.155530941178944060e-01,-4.839729602598024094e-01,5.151427087536006866e-01
-1.999999999999999556e-01,8.566083311471007766e-01,1.291205401554996524e+00,-4.838178207887297577e-01,5.160605387380546860e-01,-4.834326970160252590e-01,5.156497494428221584e-01
-1.999999999999999556e-01,8.576381812145478234e-01,1.291242880099509938e+00,-4.832765955166909433e-01,5.165674162983602269e-01,-4.828919025646584151e-01,5.161562235235741536e-01
-1.999999999999999556e-01,8.586681075923263684e-01,1.291278199486181499e+00,-4.827348392085905049e-01,5.170737262418415581e-01,-4.823505774999398699e-01,5.166621304393306247e-01
-1.999999999999999556e-01,8.596981057536058346e-01,1.291311359559772498e+00,-4.821925524597233670e-01,5.175794680121532654e-01,-4.818087224166907045e-01,5.171674696341889144e-01
-1.999999999999999556e-01,8.607281711712390093e-01,1.291342360174535076e+00,-4.816497358659675432e-01,5.180846410535737689e-01,-4.812663379103146455e-01,5.176722405528697557e-01
-1.999999999999999556e-01,8.617582993177834716e-01,1.291371201194211782e+00,-4.811063900237829150e-01,5.185892448110067665e-01,-4.807234245767968428e-01,5.181764426407188262e-01
-1.999999999999999556e-01,8.627884856655214652e-01,1.291397882492038018e+00,-4.805625155302111207e-01,5.190932787299813445e-01,-4.801799830127036484e-01,5.186800753437065259e-01
-1.999999999999999556e-01,8.638187256864792163e-01,1.291422403950741593e+00,-4.800181129828748894e-01,5.195967422566529770e-01,-4.796360138151817831e-01,5.191831381084290875e-01
-1.999999999999999001e-01,8.648490148524461407e-01,1.291444765462543387e+00,-4.794731829799768752e-01,5.200996348378033041e-01,-4.790915175819580596e-01,5.196856303821090206e-01
-1.999999999999999556e-01,8.658793486349972701e-01,1.291464966929157798e+00,-4.789277261202989355e-01,5.206019559208422409e-01,-4.785464949113377719e-01,5.201875516125951115e-01
-2.000000000000000111e-01,8.669097225055103495e-01,1.291483008261793408e+00,-4.783817430032029083e-01,5.211037049538068677e-01,-4.780009464022054733e-01,5.206889012483647550e-01
-1.999999999999999556e-01,8.679401319351873756e-01,1.291498889381153647e+00,-4.778352342286281140e-01,5.216048813853632060e-01,-4.774548726540228660e-01,5.211896787385223995e-01
-1.999999999999999556e-01,8.689705723950738037e-01,1.291512610217435686e+00,-4.772882003970915776e-01,5.221054846648063297e-01,-4.769082742668291908e-01,5.216898835328016570e-01
-1.999999999999999556e-01,8.700010393560789757e-01,1.291524170710332875e+00,-4.767406421096875291e-01,5.226055142420614752e-01,-4.763611518412399493e-01,5.221895150815655251e-01
-2.000000000000000111e-01,8.710315282889956601e-01,1.291533570809033193e+00,-4.761925599680860710e-01,5.231049695676838196e-01,-4.758135059784463494e-01,5.226885728358063865e-01
-1.999999999999999556e-01,8.720620346645201471e-01,1.291540810472220580e+00,-4.756439545745335673e-01,5.236038500928594797e-01,-4.752653372802156384e-01,5.231870562471481190e-01
-1.999999999999999556e-01,8.730925539532716773e-01,1.291545889668074487e+00,-4.750948265318504227e-01,5.241021552694069552e-01,-4.747166463488880495e-01,5.236849647678440967e-01
-1.999999999999999556e-01,8.741230816258128700e-01,1.291548808374270108e+00,-4.745451764434323039e-01,5.245998845497760188e-01,-4.741674337873791334e-01,5.241822978507809649e-01
-2.000000000000000111e-01,8.751536131526700402e-01,1.291549566577979258e+00,-4.739950049132479193e-01,5.250970373870497143e-01,-4.736177001991765945e-01,5.246790549494768641e-01
-1.999999999999999556e-01,8.761841440043519613e-01,1.291548164275869270e+00,-4.734443125458390744e-01,5.255936132349445788e-01,-4.730674461883413451e-01,5.251752355180832055e-01
-2.000000000000000111e-01,8.772146696513705155e-01,1.291544601474103438e+00,-4.728930999463198948e-01,5.260896115478108648e-01,-4.725166723595055629e-01,5.256708390113845608e-01
-1.999999999999999556e-01,8.782451855642606775e-01,1.291538878188341677e+00,-4.723413677203762706e-01,5.265850317806336500e-01,-4.719653793178731904e-01,5.261658648847998831e-01
-1.999999999999999556e-01,8.792756872135996105e-01,1.291530994443739644e+00,-4.717891164742649690e-01,5.270798733890330601e-01,-4.714135676692183252e-01,5.266603125943825070e-01
-2.000000000000000111e-01,8.803061700700277603e-01,1.291520950274947843e+00,-4.712363468148130230e-01,5.275741358292651562e-01,-4.708612380198849423e-01,5.271541815968214806e-01
-1.999999999999999556e-01,8.813366296042682846e-01,1.291508745726114293e+00,-4.706830593494172876e-01,5.280678185582222683e-01,-4.703083909767864501e-01,5.276474713494414548e-01
-1.999999999999999556e-01,8.823670612871464813e-01,1.291494380850881640e+00,-4.701292546860432187e-01,5.285609210334341057e-01,-4.697550271474042471e-01,5.281401813102037934e-01
-1.999999999999999556e-01,8.833974605896099952e-01,1.291477855712387157e+00,-4.695749334332250391e-01,5.290534427130675343e-01,-4.692011471397881661e-01,5.286323109377066842e-01
-2.000000000000000111e-01,8.844278229827488014e-01,1.291459170383263855e+00,-4.690200962000642959e-01,5.295453830559275765e-01,-4.686467515625551972e-01,5.291238596911861380e-01
-2.000000000000000111e-01,8.854581439378154117e-01,1.291438324945639371e+00,-4.684647435962296380e-01,5.300367415214585209e-01,-4.680918410248884332e-01,5.296148270305165440e-01
-1.999999999999999556e-01,8.864884189262445258e-01,1.291415319491135971e+00,-4.679088762319560946e-01,5.305275175697437007e-01,-4.675364161365370697e-01,5.301052124162110024e-01
-1.999999999999999556e-01,8.875186434196723484e-01,1.291390154120868772e+00,-4.673524947180441313e-01,5.310177106615062703e-01,-4.669804775078155723e-01,5.305950153094221022e-01
-2.000000000000000111e-01,8.885488128899575733e-01,1.291362828945447072e+00,-4.667955996658592621e-01,5.315073202581103162e-01,-4.664240257496026776e-01,5.310842351719426979e-01
-1.999999999999999556e-01,8.895789228092002565e-01,1.291333344084973911e+00,-4.662381916873313270e-01,5.319963458215609675e-01,-4.658670614733412263e-01,5.315728714662059096e-01
-2.000000000000000111e-01,8.906089686497625779e-01,1.291301699669043179e+00,-4.656802713949537154e-01,5.324847868145050622e-01,-4.653095852910369423e-01,5.320609236552864552e-01
-2.000000000000000111e-01,8.916389458842882698e-01,1.291267895836741619e+00,-4.651218394017829216e-01,5.329726427002315914e-01,-4.647515978152583771e-01,5.325483912029006506e-01
-1.999999999999999556e-01,8.926688499857224901e-01,1.291231932736647270e+00,-4.645628963214374907e-01,5.334599129426728092e-01,-4.641930996591355774e-01,5.330352735734072978e-01
-1.999999999999999001e-01,8.936986764273320283e-01,1.291193810526828578e+00,-4.640034427680976847e-01,5.339465970064042333e-01,-4.636340914363599741e-01,5.335215702318085729e-01
-1.999999999999999556e-01,8.947284206827245123e-01,1.291153529374843734e+00,-4.634434793565045951e-01,5.344326943566456434e-01,-4.630745737611833279e-01,5.340072806437492492e-01
-1.999999999999999556e-01,8.957580782258698360e-01,1.291111089457740668e+00,-4.628830067019594208e-01,5.349182044592617480e-01,-4.625145472484170628e-01,5.344924042755193616e-01
-1.999999999999999556e-01,8.967876445311177003e-01,1.291066490962054614e+00,-4.623220254203236901e-01,5.354031267807616290e-01,-4.619540125134323216e-01,5.349769405940532074e-01
-1.999999999999999556e-01,8.978171150732198180e-01,1.291019734083810100e+00,-4.617605361280167076e-01,5.358874607883014063e-01,-4.613929701721580234e-01,5.354608890669303456e-01
-1.999999999999999556e-01,8.988464853273486765e-01,1.290970819028516958e+00,-4.611985394420169970e-01,5.363712059496827944e-01,-4.608314208410812518e-01,5.359442491623769289e-01
-2.000000000000000111e-01,8.998757507691168556e-01,1.290919746011170988e+00,-4.606360359798595816e-01,5.368543617333551010e-01,-4.602693651372457007e-01,5.364270203492643718e-01
-1.999999999999999556e-01,9.009049068745985656e-01,1.290866515256253955e+00,-4.600730263596375380e-01,5.373369276084148938e-01,-4.597068036782523404e-01,5.369092020971126811e-01
-1.999999999999999556e-01,9.019339491203481884e-01,1.290811126997730485e+00,-4.595095111999991655e-01,5.378189030446071106e-01,-4.591437370822570307e-01,5.373907938760885683e-01
-1.999999999999999556e-01,9.029628729834200396e-01,1.290753581479048728e+00,-4.589454911201488185e-01,5.383002875123252817e-01,-4.585801659679711317e-01,5.378717951570071154e-01
-1.999999999999999556e-01,9.039916739413896840e-01,1.290693878953137474e+00,-4.583809667398454635e-01,5.387810804826125288e-01,-4.580160909546604486e-01,5.383522054113327737e-01
-1.999999999999999556e-01,9.050203474723723662e-01,1.290632019682407261e+00,-4.578159386794017349e-01,5.392612814271621202e-01,-4.574515126621437333e-01,5.388320241111786979e-01
-2.000000000000000111e-01,9.060488890550432162e-01,1.290568003938747932e+00,-4.572504075596846573e-01,5.397408898183172488e-01,-4.568864317107938500e-01,5.393112507293086333e-01
-1.999999999999999556e-01,9.070772941686576774e-01,1.290501832003528193e+00,-4.566843740021135911e-01,5.402199051290726972e-01,-4.563208487215355547e-01,5.397898847391370269e-01
-1.999999999999999556e-01,9.081055582930711578e-01,1.290433504167592504e+00,-4.561178386286597330e-01,5.406983268330748382e-01,-4.557547643158447737e-01,5.402679256147288056e-01
-1.999999999999999556e-01,9.091336769087584591e-01,1.290363020731262633e+00,-4.555508020618460052e-01,5.411761544046223005e-01,-4.551881791157490476e-01,5.407453728308012630e-01
-1.999999999999999556e-01,9.101616454968337599e-01,1.290290382004333436e+00,-4.549832649247459448e-01,5.416533873186663017e-01,-4.546210937438259214e-01,5.412222258627237270e-01
-1.999999999999999556e-01,9.111894595390709339e-01,1.290215588306073746e+00,-4.544152278409831491e-01,5.421300250508119811e-01,-4.540535088232025007e-01,5.416984841865183364e-01
-1.999999999999999556e-01,9.122171145179231999e-01,1.290138639965224376e+00,-4.538466914347304981e-01,5.426060670773182881e-01,-4.534854249775547852e-01,5.421741472788609295e-01
-2.000000000000000111e-01,9.132446059165429952e-01,1.290059537319995453e+00,-4.532776563307095441e-01,5.430815128750985377e-01,-4.529168428311071692e-01,5.426492146170813768e-01
-1.999999999999999556e-01,9.142719292188009605e-01,1.289978280718067749e+00,-4.527081231541902895e-01,5.435563619217211873e-01,-4.523477630086319423e-01,5.431236856791645806e-01
-1.999999999999999556e-01,9.152990799093075891e-01,1.289894870516586689e+00,-4.521380925309891330e-01,5.440306136954108363e-01,-4.517781861354473461e-01,5.435975599437496975e-01
-1.999999999999999556e-01,9.163260534734314344e-01,1.289809307082165457e+00,-4.515675650874698133e-01,5.445042676750480037e-01,-4.512081128374184069e-01,5.440708368901322478e-01
-1.999999999999999556e-01,9.173528453973200936e-01,1.289721590790880557e+00,-4.509965414505416881e-01,5.449773233401702388e-01,-4.506375437409555484e-01,5.445435159982641160e-01
-1.999999999999999556e-01,9.183794511679186368e-01,1.289631722028271144e+00,-4.504250222476595122e-01,5.454497801709724536e-01,-4.500664794730139806e-01,5.450155967487539943e-01
-1.999999999999999556e-01,9.194058662729913678e-01,1.289539701189336807e+00,-4.498530081068222164e-01,5.459216376483075894e-01,-4.494949206610928116e-01,5.454870786228681601e-01
-1.999999999999999556e-01,9.204320862011398097e-01,1.289445528678536901e+00,-4.492804996565730180e-01,5.463928952536871719e-01,-4.489228679332350480e-01,5.459579611025308088e-01
-1.999999999999999556e-01,9.214581064418236878e-01,1.289349204909786550e+00,-4.487074975259982001e-01,5.468635524692818661e-01,-4.483503219180259847e-01,5.464282436703248313e-01
-1.999999999999999556e-01,9.224839224853805808e-01,1.289250730306457982e+00,-4.481340023447261678e-01,5.473336087779222536e-01,-4.477772832445929829e-01,5.468979258094923690e-01
-2.000000000000000111e-01,9.235095298230451277e-01,1.289150105301375859e+00,-4.475600147429275033e-01,5.478030636630988326e-01,-4.472037525426049709e-01,5.473670070039351465e-01
-1.999999999999999556e-01,9.245349239469697888e-01,1.289047330336817065e+00,-4.469855353513139673e-01,5.482719166089633500e-01,-4.466297304422713887e-01,5.478354867382155824e-01
-1.999999999999999556e-01,9.255601003502440527e-01,1.288942405864508034e+00,-4.464105648011367222e-01,5.487401671003288017e-01,-4.460552175743415226e-01,5.483033644975564558e-01
-2.000000000000000111e-01,9.265850545269137539e-01,1.288835332345622309e+00,-4.458351037241879977e-01,5.492078146226700985e-01,-4.454802145701042271e-01,5.487706397678425718e-01
-2.000000000000000111e-01,9.276097819720023896e-01,1.288726110250780987e+00,-4.452591527527984261e-01,5.496748586621247323e-01,-4.449047220613868703e-01,5.492373120356204286e-01
-1.999999999999999556e-01,9.286342781815293268e-01,1.288614740060045838e+00,-4.446827125198365982e-01,5.501412987054934423e-01,-4.443287406805543904e-01,5.497033807880992162e-01
-1.999999999999999556e-01,9.296585386525306749e-01,1.288501222262923074e+00,-4.441057836587093410e-01,5.506071342402406588e-01,-4.437522710605093512e-01,5.501688455131512612e-01
-1.999999999999999556e-01,9.306825588830782703e-01,1.288385557358356692e+00,-4.435283668033599414e-01,5.510723647544947257e-01,-4.431753138346902210e-01,5.506337056993125811e-01
-1.999999999999999556e-01,9.317063343723006597e-01,1.288267745854727586e+00,-4.429504625882680346e-01,5.515369897370493435e-01,-4.425978696370718724e-01,5.510979608357836623e-01
-2.000000000000000111e-01,9.327298606204008635e-01,1.288147788269852878e+00,-4.423720716484487725e-01,5.520010086773631253e-01,-4.420199391021638058e-01,5.515616104124293484e-01
-2.000000000000000111e-01,9.337531331286785807e-01,1.288025685130981035e+00,-4.417931946194524895e-01,5.524644210655607068e-01,-4.414415228650105938e-01,5.520246539197807278e-01
-1.999999999999999001e-01,9.347761473995482850e-01,1.287901436974792535e+00,-4.412138321373630934e-01,5.529272263924335240e-01,-4.408626215611897159e-01,5.524870908490341348e-01
-1.999999999999999556e-01,9.357988989365594312e-01,1.287775044347393871e+00,-4.406339848387979541e-01,5.533894241494398125e-01,-4.402832358268117807e-01,5.529489206920521482e-01
-1.999999999999999556e-01,9.368213832444163280e-01,1.287646507804318219e+00,-4.400536533609076262e-01,5.538510138287053852e-01,-4.397033662985202485e-01,5.534101429413655904e-01
-1.999999999999999556e-01,9.378435958289979002e-01,1.287515827910521882e+00,-4.394728383413743500e-01,5.543119949230242982e-01,-4.391230136134897100e-01,5.538707570901720834e-01
-2.000000000000000111e-01,9.388655321973770063e-01,1.287383005240381628e+00,-4.388915404184118296e-01,5.547723669258591839e-01,-4.385421784094257758e-01,5.543307626323373816e-01
-1.999999999999999556e-01,9.398871878578415329e-01,1.287248040377692027e+00,-4.383097602307643448e-01,5.552321293313424722e-01,-4.379608613245641324e-01,5.547901590623963708e-01
-1.999999999999999556e-01,9.409085583199117142e-01,1.287110933915664557e+00,-4.377274984177060846e-01,5.556912816342756134e-01,-4.373790629976706534e-01,5.552489458755532903e-01
-1.999999999999999556e-01,9.419296390943623365e-01,1.286971686456921615e+00,-4.371447556190404260e-01,5.561498233301311878e-01,-4.367967840680389568e-01,5.557071225676816217e-01
-1.999999999999999556e-01,9.429504256932415007e-01,1.286830298613497625e+00,-4.365615324750993231e-01,5.566077539150523501e-01,-4.362140251754914044e-01,5.561646886353259767e-01
-1.999999999999999556e-01,9.439709136298899406e-01,1.286686771006833707e+00,-4.359778296267424746e-01,5.570650728858539402e-01,-4.356307869603776028e-01,5.566216435757016523e-01
-1.999999999999999556e-01,9.449910984189610064e-01,1.286541104267776348e+00,-4.353936477153568796e-01,5.575217797400227049e-01,-4.350470700635739041e-01,5.570779868866954088e-01
-1.999999999999999556e-01,9.460109755764406492e-01,1.286393299036574289e+00,-4.348089873828558383e-01,5.579778739757179640e-01,-4.344628751264826838e-01,5.575337180668660242e-01
-1.999999999999999556e-01,9.470305406196667386e-01,1.286243355962874535e+00,-4.342238492716782305e-01,5.584333550917723876e-01,-4.338782027910315642e-01,5.579888366154451829e-01
-1.999999999999999556e-01,9.480497890673493799e-01,1.286091275705721459e+00,-4.336382340247879608e-01,5.588882225876923293e-01,-4.332930536996724147e-01,5.584433420323373642e-01
-1.999999999999999556e-01,9.490687164395902320e-01,1.285937058933553256e+00,-4.330521422856732916e-01,5.593424759636582699e-01,-4.327074284953814076e-01,5.588972338181212862e-01
-1.999999999999999556e-01,9.500873182579014919e-01,1.285780706324198164e+00,-4.324655746983462334e-01,5.597961147205254839e-01,-4.321213278216580189e-01,5.593505114740493500e-01
-1.999999999999999556e-01,9.511055900452269896e-01,1.285622218564871577e+00,-4.318785319073413231e-01,5.602491383598249275e-01,-4.315347523225234183e-01,5.598031745020489724e-01
-1.999999999999999556e-01,9.521235273259608389e-01,1.285461596352174496e+00,-4.312910145577155130e-01,5.607015463837629055e-01,-4.309477026425214685e-01,5.602552224047235852e-01
-1.999999999999999556e-01,9.531411256259674225e-01,1.285298840392089748e+00,-4.307030232950472270e-01,5.611533382952227367e-01,-4.303601794267163383e-01,5.607066546853514133e-01
-1.999999999999999556e-01,9.541583804726009310e-01,1.285133951399977104e+00,-4.301145587654354174e-01,5.616045135977643099e-01,-4.297721833206929465e-01,5.611574708478878071e-01
-1.999999999999999556e-01,9.551752873947254585e-01,1.284966930100572169e+00,-4.295256216154992313e-01,5.620550717956254161e-01,-4.291837149705555743e-01,5.616076703969652417e-01
-1.999999999999999556e-01,9.561918419227337651e-01,1.284797777227983939e+00,-4.289362124923771225e-01,5.625050123937216373e-01,-4.285947750229276987e-01,5.620572528378932065e-01
-1.999999999999999556e-01,9.572080395885683712e-01,1.284626493525689028e+00,-4.283463320437260746e-01,5.629543348976474570e-01,-4.280053641249506047e-01,5.625062176766598698e-01
-1.999999999999999556e-01,9.582238759257394323e-01,1.284453079746529447e+00,-4.277559809177213235e-01,5.634030388136762602e-01,-4.274154829242835518e-01,5.629545644199315246e-01
-1.999999999999999556e-01,9.592393464693456107e-01,1.284277536652710827e+00,-4.271651597630545805e-01,5.638511236487613321e-01,-4.268251320691021644e-01,5.634022925750541422e-01
-1.999999999999999556e-01,9.602544467560932828e-01,1.284099865015796427e+00,-4.265738692289349210e-01,5.642985889105360808e-01,-4.262343122080984870e-01,5.638494016500528172e-01
-1.999999999999999556e-01,9.612691723243168562e-01,1.283920065616706241e+00,-4.259821099650863419e-01,5.647454341073150363e-01,-4.256430239904794299e-01,5.642958911536336553e-01
-1.999999999999999556e-01,9.622835187139965329e-01,1.283738139245711452e+00,-4.253898826217487050e-01,5.651916587480936283e-01,-4.250512680659670472e-01,5.647417605951827735e-01
-1.999999999999999556e-01,9.632974814667797370e-01,1.283554086702432651e+00,-4.247971878496756282e-01,5.656372623425494073e-01,-4.244590450847972596e-01,5.651870094847681880e-01
-2.000000000000000111e-01,9.643110561260003211e-01,1.283367908795834733e+00,-4.242040263001343736e-01,5.660822444010423782e-01,-4.238663556977187996e-01,5.656316373331395919e-01
-1.999999999999999556e-01,9.653242382366978847e-01,1.283179606344224899e+00,-4.236103986249054598e-01,5.665266044346155550e-01,-4.232732005559932120e-01,5.660756436517290213e-01
-2.000000000000000111e-01,9.663370233456364256e-01,1.282989180175248434e+00,-4.230163054762813291e-01,5.669703419549950718e-01,-4.226795803113939654e-01,5.665190279526516326e-01
-1.999999999999999556e-01,9.673494070013267665e-01,1.282796631125884490e+00,-4.224217475070658478e-01,5.674134564745917375e-01,-4.220854956162050642e-01,5.669617897487060354e-01
-1.999999999999999556e-01,9.683613847540423203e-01,1.282601960042442979e+00,-4.218267253705739739e-01,5.678559475065001472e-01,-4.214909471232215488e-01,5.674039285533746257e-01
-1.999999999999999556e-01,9.693729521558414053e-01,1.282405167780561017e+00,-4.212312397206302572e-01,5.682978145645005696e-01,-4.208959354857476076e-01,5.678454438808246962e-01
-2.000000000000000111e-01,9.703841047605860082e-01,1.282206255205198930e+00,-4.206352912115690623e-01,5.687390571630588365e-01,-4.203004613575964110e-01,5.682863352459083250e-01
-1.999999999999999556e-01,9.713948381239615459e-01,1.282005223190636478e+00,-4.200388804982329027e-01,5.691796748173267861e-01,-4.197045253930895559e-01,5.687266021641635971e-01
-1.999999999999999556e-01,9.724051478034955176e-01,1.281802072620468635e+00,-4.194420082359723856e-01,5.696196670431429299e-01,-4.191081282470557889e-01,5.691662441518146043e-01
-1.999999999999999556e-01,9.734150293585778213e-01,1.281596804387602040e+00,-4.188446750806451013e-01,5.700590333570335622e-01,-4.185112705748307294e-01,5.696052607257715561e-01
-2.000000000000000111e-01,9.744244783504800722e-01,1.281389419394251661e+00,-4.182468816886154572e-01,5.704977732762117615e-01,-4.179139530322562579e-01,5.700436514036327784e-01
-1.999999999999999556e-01,9.754334903423753644e-01,1.281179918551936137e+00,-4.176486287167533451e-01,5.709358863185797217e-01,-4.173161762756794624e-01,5.704814157036839362e-01
-1.999999999999999556e-01,9.764420608993570339e-01,1.280968302781473334e+00,-4.170499168224335307e-01,5.713733720027280860e-01,-4.167179409619517494e-01,5.709185531448988105e-01
-1.999999999999999556e-01,9.774501855884597523e-01,1.280754573012977460e+00,-4.164507466635352650e-01,5.718102298479370571e-01,-4.161192477484287333e-01,5.713550632469402979e-01
-1.999999999999999556e-01,9.784578599786765141e-01,1.280538730185853513e+00,-4.158511188984411744e-01,5.722464593741766192e-01,-4.155200972929689596e-01,5.717909455301605215e-01
-1.999999999999999556e-01,9.794650796409801741e-01,1.280320775248795284e+00,-4.152510341860369825e-01,5.726820601021070933e-01,-4.149204902539336270e-01,5.722261995156012748e-01
-1.999999999999999556e-01,9.804718401483425438e-01,1.280100709159778916e+00,-4.146504931857101783e-01,5.731170315530798032e-01,-4.143204272901854779e-01,5.726608247249950212e-01
-1.999999999999999556e-01,9.814781370757530432e-01,1.279878532886059794e+00,-4.140494965573499608e-01,5.735513732491377414e-01,-4.137199090610882424e-01,5.730948206807650047e-01
-1.999999999999999556e-01,9.824839660002389063e-01,1.279654247404168999e+00,-4.134480449613459618e-01,5.739850847130154587e-01,-4.131189362265059728e-01,5.735281869060260274e-01
-1.999999999999999556e-01,9.834893225008840556e-01,1.279427853699906636e+00,-4.128461390585877466e-01,5.744181654681403959e-01,-4.125175094468022108e-01,5.739609229245845601e-01
-1.999999999999999556e-01,9.844942021588498626e-01,1.279199352768341180e+00,-4.122437795104640923e-01,5.748506150386329949e-01,-4.119156293828391546e-01,5.743930282609398530e-01
-1.999999999999999556e-01,9.854986005573920238e-01,1.278968745613800806e+00,-4.116409669788624326e-01,5.752824329493068101e-01,-4.113132966959774928e-01,5.748245024402840464e-01
-2.000000000000000111e-01,9.865025132818826537e-01,1.278736033249872950e+00,-4.110377021261678032e-01,5.757136187256701731e-01,-4.107105120480749050e-01,5.752553449885029480e-01
-2.000000000000000111e-01,9.875059359198283815e-01,1.278501216699397203e+00,-4.104339856152623423e-01,5.761441718939255274e-01,-4.101072761014858403e-01,5.756855554321762547e-01
-1.999999999999999556e-01,9.885088640608896693e-01,1.278264296994461313e+00,-4.098298181095241244e-01,5.765740919809708709e-01,-4.095035895190604069e-01,5.761151332985779971e-01
-1.999999999999999556e-01,9.895112932969004627e-01,1.278025275176398301e+00,-4.092252002728273830e-01,5.770033785143992011e-01,-4.088994529641443165e-01,5.765440781156779826e-01
-1.999999999999999556e-01,9.905132192218876197e-01,1.277784152295779130e+00,-4.086201327695406227e-01,5.774320310225001807e-01,-4.082948671005773300e-01,5.769723894121410179e-01
-1.999999999999999556e-01,9.915146374320901179e-01,1.277540929412410042e+00,-4.080146162645270080e-01,5.778600490342600260e-01,-4.076898325926932021e-01,5.774000667173282419e-01
-1.999999999999999556e-01,9.925155435259785941e-01,1.277295607595328564e+00,-4.074086514231425316e-01,5.782874320793621736e-01,-4.070843501053185709e-01,5.778271095612975694e-01
-1.999999999999999556e-01,9.935159331042746622e-01,1.277048187922795952e+00,-4.068022389112364579e-01,5.787141796881876132e-01,-4.064784203037723476e-01,5.782535174748040241e-01
-1.999999999999999556e-01,9.945158017699697872e-01,1.276798671482294978e+00,-4.061953793951489922e-01,5.791402913918161088e-01,-4.058720438538645503e-01,5.786792899892997388e-01
-1.999999999999999556e-01,9.955151451283454911e-01,1.276547059370524151e+00,-4.055880735417126126e-01,5.795657667220253106e-01,-4.052652214218967486e-01,5.791044266369360649e-01
-1.999999999999999556e-01,9.965139587869920046e-01,1.276293352693393279e+00,-4.049803220182494057e-01,5.799906052112927535e-01,-4.046579536746598982e-01,5.795289269505622398e-01
-1.999999999999999556e-01,9.975122383558274741e-01,1.276037552566018807e+00,-4.043721254925718434e-01,5.804148063927956347e-01,-4.040502412794348408e-01,5.799527904637272746e-01
-1.999999999999999556e-01,9.985099794471179457e-01,1.275779660112716929e+00,-4.037634846329807847e-01,5.808383698004113693e-01,-4.034420849039904167e-01,5.803760167106792878e-01
-2.000000000000000111e-01,9.995071776754957948e-01,1.275519676467002261e+00,-4.031544001082655870e-01,5.812612949687181452e-01,-4.028334852165838531e-01,5.807986052263672816e-01
-1.999999999999999556e-01,1.000503828657980154e+00,1.275257602771579846e+00,-4.025448725877033840e-01,5.816835814329954779e-01,-4.022244428859592102e-01,5.812205555464409201e-01
-1.999999999999999556e-01,1.001499928013994456e+00,1.274993440178339821e+00,-4.019349027410574204e-01,5.821052287292249883e-01,-4.016149585813468814e-01,5.816418672072500851e-01
-1.999999999999999556e-01,1.002495471365387747e+00,1.274727189848356756e+00,-4.013244912385776630e-01,5.825262363940902910e-01,-4.010050329724630380e-01,5.820625397458483175e-01
-1.999999999999999556e-01,1.003490454336452009e+00,1.274458852951878551e+00,-4.007136387509990239e-01,5.829466039649776610e-01,-4.003946667295089079e-01,5.824825726999898201e-01
-1.999999999999999556e-01,1.004484872553942809e+00,1.274188430668325545e+00,-4.001023459495411383e-01,5.833663309799772545e-01,-3.997838605231696651e-01,5.829019656081324552e-01
-1.999999999999999556e-01,1.005478721647097284e+00,1.273915924186283410e+00,-3.994906135059071439e-01,5.837854169778828872e-01,-3.991726150246138749e-01,5.833207180094367450e-01
-1.999999999999999556e-01,1.006471997247655459e+00,1.273641334703499606e+00,-3.988784420922837914e-01,5.842038614981924782e-01,-3.985609309054931604e-01,5.837388294437676484e-01
-1.999999999999999556e-01,1.007464694989876453e+00,1.273364663426875376e+00,-3.982658323813397239e-01,5.846216640811091603e-01,-3.979488088379408151e-01,5.841562994516942275e-01
-1.999999999999999556e-01,1.008456810510560020e+00,1.273085911572463313e+00,-3.976527850462254765e-01,5.850388242675412798e-01,-3.973362494945714141e-01,5.845731275744902034e-01
-1.999999999999999556e-01,1.009448339449064758e+00,1.272805080365460029e+00,-3.970393007605723112e-01,5.854553415991030629e-01,-3.967232535484799261e-01,5.849893133541347323e-01
-2.000000000000000111e-01,1.010439277447327644e+00,1.272522171040201933e+00,-3.964253801984915504e-01,5.858712156181152819e-01,-3.961098216732413246e-01,5.854048563333125177e-01
-1.999999999999999556e-01,1.011429620149883135e+00,1.272237184840159241e+00,-3.958110240345741881e-01,5.862864458676052548e-01,-3.954959545429095336e-01,5.858197560554153638e-01
-1.999999999999999556e-01,1.012419363203881373e+00,1.271950123017930423e+00,-3.951962329438896138e-01,5.867010318913079558e-01,-3.948816528320164276e-01,5.862340120645408437e-01
-1.999999999999999556e-01,1.013408502259109500e+00,1.271660986835237317e+00,-3.945810076019851675e-01,5.871149732336663485e-01,-3.942669172155718327e-01,5.866476239054948527e-01
-1.999999999999999556e-01,1.014397032968007872e+00,1.271369777562919356e+00,-3.939653486848855302e-01,5.875282694398314964e-01,-3.936517483690620822e-01,5.870605911237902763e-01
-2.000000000000000111e-01,1.015384950985692036e+00,1.271076496480926910e+00,-3.933492568690915014e-01,5.879409200556634518e-01,-3.930361469684496845e-01,5.874729132656488773e-01
-1.999999999999999556e-01,1.016372251969969387e+00,1.270781144878317725e+00,-3.927327328315800559e-01,5.883529246277318103e-01,-3.924201136901724896e-01,5.878845898780010737e-01
-2.000000000000000111e-01,1.017358931581360260e+00,1.270483724053248498e+00,-3.921157772498023997e-01,5.887642827033158222e-01,-3.918036492111426350e-01,5.882956205084864942e-01
-2.000000000000000111e-01,1.018344985483115916e+00,1.270184235312972865e+00,-3.914983908016844705e-01,5.891749938304052803e-01,-3.911867542087464344e-01,5.887060047054549772e-01
-1.999999999999999556e-01,1.019330409341237864e+00,1.269882679973832307e+00,-3.908805741656254940e-01,5.895850575577010755e-01,-3.905694293608430456e-01,5.891157420179661264e-01
-1.999999999999999556e-01,1.020315198824495617e+00,1.269579059361251261e+00,-3.902623280204974288e-01,5.899944734346147523e-01,-3.899516753457640261e-01,5.895248319957907546e-01
-1.999999999999999556e-01,1.021299349604448459e+00,1.269273374809732235e+00,-3.896436530456441338e-01,5.904032410112703966e-01,-3.893334928423125008e-01,5.899332741894107723e-01
-1.999999999999999556e-01,1.022282857355462760e+00,1.268965627662849371e+00,-3.890245499208805913e-01,5.908113598385045240e-01,-3.887148825297622734e-01,5.903410681500199653e-01
-1.999999999999999556e-01,1.023265717754730408e+00,1.268655819273243113e+00,-3.884050193264925177e-01,5.912188294678660805e-01,-3.880958450878575494e-01,5.907482134295245491e-01
-1.999999999999999556e-01,1.024247926482289461e+00,1.268343951002612213e+00,-3.877850619432350876e-01,5.916256494516173303e-01,-3.874763811968116034e-01,5.911547095805432805e-01
-1.999999999999999556e-01,1.025229479221041684e+00,1.268030024221710184e+00,-3.871646784523325446e-01,5.920318193427348552e-01,-3.868564915373065016e-01,5.915605561564084569e-01
-1.999999999999999556e-01,1.026210371656772313e+00,1.267714040310338408e+00,-3.865438695354773690e-01,5.924373386949091103e-01,-3.862361767904920473e-01,5.919657527111658046e-01
-1.999999999999999556e-01,1.027190599478168709e+00,1.267396000657339705e+00,-3.859226358748295005e-01,5.928422070625457563e-01,-3.856154376379851700e-01,5.923702987995759228e-01
-1.999999999999999556e-01,1.028170158376839671e+00,1.267075906660591889e+00,-3.853009781530153943e-01,5.932464240007656597e-01,-3.849942747618688710e-01,5.927741939771130619e-01
-1.999999999999999556e-01,1.029149044047334094e+00,1.266753759727003548e+00,-3.846788970531279106e-01,5.936499890654052258e-01,-3.843726888446923895e-01,5.931774377999678993e-01
-2.000000000000000111e-01,1.030127252187158948e+00,1.266429561272504944e+00,-3.840563932587247042e-01,5.940529018130173977e-01,-3.837506805694690937e-01,5.935800298250460960e-01
-1.999999999999999556e-01,1.031104778496801266e+00,1.266103312722045127e+00,-3.834334674538281140e-01,5.944551618008719895e-01,-3.831282506196770354e-01,5.939819696099700730e-01
-1.999999999999999556e-01,1.032081618679742352e+00,1.265775015509582602e+00,-3.828101203229241078e-01,5.948567685869557975e-01,-3.825053996792572297e-01,5.943832567130782341e-01
-1.999999999999999556e-01,1.033057768442481317e+00,1.265444671078080896e+00,-3.821863525509617276e-01,5.952577217299735990e-01,-3.818821284326134879e-01,5.947838906934268532e-01
-1.999999999999999556e-01,1.034033223494550846e+00,1.265112280879501450e+00,-3.815621648233520347e-01,5.956580207893483747e-01,-3.812584375646113077e-01,5.951838711107894087e-01
-1.999999999999999556e-01,1.035007979548536960e+00,1.264777846374797621e+00,-3.809375578259678874e-01,5.960576653252217527e-01,-3.806343277605775399e-01,5.955831975256576927e-01
-1.999999999999999556e-01,1.035982032320098778e+00,1.264441369033907803e+00,-3.803125322451423318e-01,5.964566548984546746e-01,-3.800097997062989452e-01,5.959818694992423671e-01
-2.000000000000000111e-01,1.036955377527985611e+00,1.264102850335749872e+00,-3.796870887676688788e-01,5.968549890706275063e-01,-3.793848540880223608e-01,5.963798865934726301e-01
-1.999999999999999556e-01,1.037928010894058062e+00,1.263762291768213419e+00,-3.790612280807998946e-01,5.972526674040413708e-01,-3.787594915924529237e-01,5.967772483709981035e-01
-1.999999999999999556e-01,1.038899928143303786e+00,1.263419694828154860e+00,-3.784349508722464894e-01,5.976496894617172595e-01,-3.781337129067545155e-01,5.971739543951876117e-01
-2.000000000000000111e-01,1.039871125003859031e+00,1.263075061021387446e+00,-3.778082578301770189e-01,5.980460548073979199e-01,-3.775075187185475967e-01,5.975700042301309578e-01
-1.999999999999999556e-01,1.040841597207026847e+00,1.262728391862680155e+00,-3.771811496432170840e-01,5.984417630055474113e-01,-3.768809097159097066e-01,5.979653974406392569e-01
-1.999999999999999556e-01,1.041811340487293513e+00,1.262379688875746586e+00,-3.765536270004485320e-01,5.988368136213518822e-01,-3.762538865873741312e-01,5.983601335922446030e-01
-1.999999999999999556e-01,1.042780350582351190e+00,1.262028953593238967e+00,-3.759256905914083458e-01,5.992312062207202361e-01,-3.756264500219289038e-01,5.987542122512014009e-01
-1.999999999999999556e-01,1.043748623233113459e+00,1.261676187556742601e+00,-3.752973411060883668e-01,5.996249403702842429e-01,-3.749986007090168605e-01,5.991476329844863669e-01
-1.999999999999999001e-01,1.044716154183735757e+00,1.261321392316769208e+00,-3.746685792349342958e-01,6.000180156373994267e-01,-3.743703393385336975e-01,5.995403953597994162e-01
-1.999999999999999556e-01,1.045682939181632687e+00,1.260964569432748483e+00,-3.740394056688448043e-01,6.004104315901448441e-01,-3.737416666008284705e-01,5.999324989455635526e-01
-1.999999999999999556e-01,1.046648973977498009e+00,1.260605720473022551e+00,-3.734098210991713129e-01,6.008021877973244163e-01,-3.731125831867021514e-01,6.003239433109257561e-01
-1.999999999999999556e-01,1.047614254325323735e+00,1.260244847014839298e+00,-3.727798262177164368e-01,6.011932838284671510e-01,-3.724830897874066293e-01,6.007147280257577604e-01
-1.999999999999999556e-01,1.048578775982415889e+00,1.259881950644343274e+00,-3.721494217167340968e-01,6.015837192538268097e-01,-3.718531870946449325e-01,6.011048526606556086e-01
-1.999999999999999556e-01,1.049542534709417385e+00,1.259517032956572358e+00,-3.715186082889275765e-01,6.019734936443837947e-01,-3.712228758005688967e-01,6.014943167869408747e-01
-1.999999999999999001e-01,1.050505526270323120e+00,1.259150095555447990e+00,-3.708873866274505771e-01,6.023626065718444833e-01,-3.705921565977802756e-01,6.018831199766609963e-01
-2.000000000000000111e-01,1.051467746432499517e+00,1.258781140053767844e+00,-3.702557574259046635e-01,6.027510576086418936e-01,-3.699610301793286316e-01,6.022712618025894971e-01
-1.999999999999999556e-01,1.052429190966705175e+00,1.258410168073200941e+00,-3.696237213783388764e-01,6.031388463279369061e-01,-3.693294972387108355e-01,6.026587418382267636e-01
-1.999999999999999556e-01,1.053389855647106188e+00,1.258037181244279212e+00,-3.689912791792505087e-01,6.035259723036177082e-01,-3.686975584698707897e-01,6.030455596578003785e-01
-1.999999999999999556e-01,1.054349736251297465e+00,1.257662181206389507e+00,-3.683584315235816087e-01,6.039124351103010158e-01,-3.680652145671979292e-01,6.034317148362654537e-01
-1.999999999999999556e-01,1.055308828560318934e+00,1.257285169607768260e+00,-3.677251791067213116e-01,6.042982343233317399e-01,-3.674324662255274432e-01,6.038172069493051852e-01
-1.999999999999999556e-01,1.056267128358676866e+00,1.256906148105493504e+00,-3.670915226245022867e-01,6.046833695187847635e-01,-3.667993141401382218e-01,6.042020355733317416e-01
-1.999999999999999556e-01,1.057224631434359630e+00,1.256525118365475979e+00,-3.664574627732017365e-01,6.050678402734639416e-01,-3.661657590067532997e-01,6.045862002854860418e-01
-2.000000000000000111e-01,1.058181333578857686e+00,1.256142082062454923e+00,-3.658230002495401201e-01,6.054516461649035453e-01,-3.655318015215385241e-01,6.049697006636380880e-01
-1.999999999999999556e-01,1.059137230587182010e+00,1.255757040879987851e+00,-3.651881357506802650e-01,6.058347867713683721e-01,-3.648974423811017220e-01,6.053525362863890757e-01
-1.999999999999999556e-01,1.060092318257882749e+00,1.255369996510445008e+00,-3.645528699742267009e-01,6.062172616718540796e-01,-3.642626822824921451e-01,6.057347067330693946e-01
-1.999999999999999556e-01,1.061046592393066756e+00,1.254980950655000704e+00,-3.639172036182247716e-01,6.065990704460881844e-01,-3.636275219231994704e-01,6.061162115837411823e-01
-1.999999999999999556e-01,1.062000048798416696e+00,1.254589905023626661e+00,-3.632811373811601907e-01,6.069802126745297288e-01,-3.629919620011534120e-01,6.064970504191975476e-01
-1.999999999999999556e-01,1.062952683283209243e+00,1.254196861335084012e+00,-3.626446719619580428e-01,6.073606879383702806e-01,-3.623560032147228327e-01,6.068772228209633468e-01
-1.999999999999999556e-01,1.063904491660334628e+00,1.253801821316916421e+00,-3.620078080599818393e-01,6.077404958195347096e-01,-3.617196462627143561e-01,6.072567283712961839e-01
-1.999999999999999556e-01,1.064855469746312178e+00,1.253404786705441643e+00,-3.613705463750335189e-01,6.081196359006806329e-01,-3.610828918443728663e-01,6.076355666531858546e-01
-1.999999999999999556e-01,1.065805613361313187e+00,1.253005759245743977e+00,-3.607328876073510604e-01,6.084981077651999692e-01,-3.604457406593790658e-01,6.080137372503560123e-01
-1.999999999999999556e-01,1.066754918329174240e+00,1.252604740691667828e+00,-3.600948324576098702e-01,6.088759109972182726e-01,-3.598081934078506960e-01,6.083912397472633904e-01
-1.999999999999999556e-01,1.067703380477419417e+00,1.252201732805807488e+00,-3.594563816269203960e-01,6.092530451815965087e-01,-3.591702507903398178e-01,6.087680737290990240e-01
-2.000000000000000111e-01,1.068650995637276946e+00,1.251796737359502476e+00,-3.588175358168276263e-01,6.096295099039302778e-01,-3.585319135078332553e-01,6.091442387817888049e-01
-1.999999999999999556e-01,1.069597759643697632e+00,1.251389756132827769e+00,-3.581782957293113134e-01,6.100053047505511472e-01,-3.578931822617518188e-01,6.095197344919932592e-01
-1.999999999999999556e-01,1.070543668335373511e+00,1.250980790914585805e+00,-3.575386620667834747e-01,6.103804293085264288e-01,-3.572540577539485285e-01,6.098945604471085469e-01
-1.999999999999999556e-01,1.071488717554755610e+00,1.250569843502300271e+00,-3.568986355320895587e-01,6.107548831656602895e-01,-3.566145406867092249e-01,6.102687162352669059e-01
-1.999999999999999556e-01,1.072432903148073713e+00,1.250156915702206550e+00,-3.562582168285060580e-01,6.111286659104937513e-01,-3.559746317627507373e-01,6.106422014453368741e-01
-1.999999999999999556e-01,1.073376220965351902e+00,1.249742009329244175e+00,-3.556174066597405092e-01,6.115017771323051354e-01,-3.553343316852202727e-01,6.110150156669238442e-01
-1.999999999999999556e-01,1.074318666860429428e+00,1.249325126207049497e+00,-3.549762057299309936e-01,6.118742164211108392e-01,-3.546936411576955828e-01,6.113871584903703971e-01
-1.999999999999999556e-01,1.075260236690978033e+00,1.248906268167947697e+00,-3.543346147436443605e-01,6.122459833676655583e-01,-3.540525608841825767e-01,6.117586295067570790e-01
-1.999999999999999556e-01,1.076200926318519269e+00,1.248485437052943681e+00,-3.536926344058766158e-01,6.126170775634626198e-01,-3.534110915691159871e-01,6.121294283079022902e-01
