-6.299999999999998934e-01,4.849999999999999867e-01,1.000000000000000000e+00,1.000000000000000000e+00,0.000000000000000000e+00,0.000000000000000000e+00,0.000000000000000000e+00
-6.298552730069916228e-01,4.829561465756863070e-01,1.000000000000000000e+00,9.999987638285974256e-01,0.000000000000000000e+00,0.000000000000000000e+00,1.572368047584594888e-03
-6.297041193579210328e-01,4.809127583852152443e-01,1.000000000000000000e+00,9.999950553174459245e-01,0.000000000000000000e+00,0.000000000000000000e+00,3.144732207736360141e-03
-6.295465405476017295e-01,4.788698556363986669e-01,9.999999999999998890e-01,9.999888744757141623e-01,0.000000000000000000e+00,0.000000000000000000e+00,4.717088593032077795e-03
-6.293825381343881586e-01,4.768274585322476722e-01,1.000000000000000000e+00,9.999802213186832489e-01,0.000000000000000000e+00,0.000000000000000000e+00,6.289433316067750621e-03
-6.292121137401600617e-01,4.747855872707730240e-01,9.999999999999998890e-01,9.999690958677468489e-01,0.000000000000000000e+00,0.000000000000000000e+00,7.861762489468215528e-03
-6.290352690503064892e-01,4.727442620447851462e-01,1.000000000000000000e+00,9.999554981504109596e-01,0.000000000000000000e+00,0.000000000000000000e+00,9.434072225896754371e-03
-6.288520058137091473e-01,4.707035030416943933e-01,1.000000000000000000e+00,9.999394282002936896e-01,0.000000000000000000e+00,0.000000000000000000e+00,1.100635863806470084e-02
-6.286623258427250782e-01,4.686633304433117098e-01,1.000000000000000000e+00,9.999208860571254798e-01,0.000000000000000000e+00,0.000000000000000000e+00,1.257861783874105778e-02
-6.284662310131686747e-01,4.666237644256487904e-01,1.000000000000000000e+00,9.998998717667488823e-01,0.000000000000000000e+00,0.000000000000000000e+00,1.415084594076210234e-02
-6.282637232642935832e-01,4.645848251587186284e-01,9.999999999999998890e-01,9.998763853811184488e-01,0.000000000000000000e+00,0.000000000000000000e+00,1.572303905704099461e-02
-6.280548045987726091e-01,4.625465328063361747e-01,1.000000000000000000e+00,9.998504269583003978e-01,0.000000000000000000e+00,0.000000000000000000e+00,1.729519330057740709e-02
-6.278394770826787319e-01,4.605089075259185538e-01,1.000000000000000000e+00,9.998219965624731698e-01,0.000000000000000000e+00,0.000000000000000000e+00,1.886730478446708992e-02
-6.276177428454644547e-01,4.584719694682862223e-01,1.000000000000000000e+00,9.997910942639262055e-01,0.000000000000000000e+00,0.000000000000000000e+00,2.043936962191153853e-02
-6.273896040799407103e-01,4.564357387774632402e-01,1.000000000000000000e+00,9.997577201390606128e-01,0.000000000000000000e+00,0.000000000000000000e+00,2.201138392622756235e-02
-6.271550630422547679e-01,4.544002355904784851e-01,1.000000000000000000e+00,9.997218742703887218e-01,0.000000000000000000e+00,0.000000000000000000e+00,2.358334381085690212e-02
-6.269141220518689162e-01,4.523654800371659790e-01,1.000000000000000222e+00,9.996835567465338634e-01,0.000000000000000000e+00,0.000000000000000000e+00,2.515524538937584723e-02
-6.266667834915362612e-01,4.503314922399664355e-01,1.000000000000000000e+00,9.996427676622299252e-01,0.000000000000000000e+00,0.000000000000000000e+00,2.672708477550483908e-02
-6.264130498072782993e-01,4.482982923137277531e-01,1.000000000000000222e+00,9.995995071183216840e-01,0.000000000000000000e+00,0.000000000000000000e+00,2.829885808311808845e-02
-6.261529235083600486e-01,4.462659003655063961e-01,9.999999999999998890e-01,9.995537752217638072e-01,0.000000000000000000e+00,0.000000000000000000e+00,2.987056142625316157e-02
-6.258864071672655127e-01,4.442343364943682760e-01,1.000000000000000000e+00,9.995055720856215187e-01,0.000000000000000000e+00,0.000000000000000000e+00,3.144219091912060088e-02
-6.256135034196719236e-01,4.422036207911903549e-01,9.999999999999998890e-01,9.994548978290692665e-01,0.000000000000000000e+00,0.000000000000000000e+00,3.301374267611353885e-02
-6.253342149644243175e-01,4.401737733384615825e-01,9.999999999999998890e-01,9.994017525773912780e-01,0.000000000000000000e+00,0.000000000000000000e+00,3.458521281181731188e-02
-6.250485445635080017e-01,4.381448142100844989e-01,1.000000000000000000e+00,9.993461364619808940e-01,0.000000000000000000e+00,0.000000000000000000e+00,3.615659744101901857e-02
-6.247564950420220198e-01,4.361167634711768937e-01,9.999999999999998890e-01,9.992880496203400131e-01,0.000000000000000000e+00,0.000000000000000000e+00,3.772789267871717866e-02
-6.244580692881506190e-01,4.340896411778728536e-01,1.000000000000000000e+00,9.992274921960794254e-01,0.000000000000000000e+00,0.000000000000000000e+00,3.929909464013131570e-02
-6.241532702531349397e-01,4.320634673771248102e-01,1.000000000000000000e+00,9.991644643389177016e-01,0.000000000000000000e+00,0.000000000000000000e+00,4.087019944071158123e-02
-6.238421009512442605e-01,4.300382621065053645e-01,1.000000000000000000e+00,9.990989662046814157e-01,0.000000000000000000e+00,0.000000000000000000e+00,4.244120319614830966e-02
-6.235245644597451342e-01,4.280140453940087797e-01,9.999999999999998890e-01,9.990309979553043673e-01,0.000000000000000000e+00,0.000000000000000000e+00,4.401210202238166336e-02
-6.232006639188718555e-01,4.259908372578532498e-01,1.000000000000000222e+00,9.989605597588274710e-01,0.000000000000000000e+00,0.000000000000000000e+00,4.558289203561124298e-02
-6.228704025317952642e-01,4.239686577062826700e-01,1.000000000000000000e+00,9.988876517893978679e-01,0.000000000000000000e+00,0.000000000000000000e+00,4.715356935230567009e-02
-6.225337835645907703e-01,4.219475267373688498e-01,1.000000000000000000e+00,9.988122742272691479e-01,0.000000000000000000e+00,0.000000000000000000e+00,4.872413008921215594e-02
-6.221908103462060469e-01,4.199274643388140604e-01,1.000000000000000000e+00,9.987344272588005722e-01,0.000000000000000000e+00,0.000000000000000000e+00,5.029457036336618114e-02
-6.218414862684288336e-01,4.179084904877528595e-01,9.999999999999998890e-01,9.986541110764564078e-01,0.000000000000000000e+00,0.000000000000000000e+00,5.186488629210102980e-02
-6.214858147858522974e-01,4.158906251505546936e-01,9.999999999999998890e-01,9.985713258788059266e-01,0.000000000000000000e+00,0.000000000000000000e+00,5.343507399305741368e-02
-6.211237994158413933e-01,4.138738882826266674e-01,9.999999999999998890e-01,9.984860718705224070e-01,0.000000000000000000e+00,0.000000000000000000e+00,5.500512958419307569e-02
-6.207554437384985579e-01,4.118582998282160901e-01,1.000000000000000222e+00,9.983983492623831335e-01,0.000000000000000000e+00,0.000000000000000000e+00,5.657504918379234471e-02
-6.203807513966275167e-01,4.098438797202129669e-01,9.999999999999998890e-01,9.983081582712681756e-01,0.000000000000000000e+00,0.000000000000000000e+00,5.814482891047582230e-02
-6.199997260956975342e-01,4.078306478799533230e-01,9.999999999999998890e-01,9.982154991201608318e-01,0.000000000000000000e+00,0.000000000000000000e+00,5.971446488320988205e-02
-6.196123716038072216e-01,4.058186242170218061e-01,1.000000000000000000e+00,9.981203720381461864e-01,0.000000000000000000e+00,0.000000000000000000e+00,6.128395322131632850e-02
-6.192186917516461220e-01,4.038078286290550101e-01,9.999999999999998890e-01,9.980227772604111092e-01,0.000000000000000000e+00,0.000000000000000000e+00,6.285329004448193813e-02
-6.188186904324582960e-01,4.017982810015447992e-01,1.000000000000000000e+00,9.979227150282432568e-01,0.000000000000000000e+00,0.000000000000000000e+00,6.442247147276813912e-02
-6.184123716020029082e-01,3.997900012076411880e-01,1.000000000000000000e+00,9.978201855890307392e-01,0.000000000000000000e+00,0.000000000000000000e+00,6.599149362662048990e-02
-6.179997392785150367e-01,3.977830091079564423e-01,9.999999999999998890e-01,9.977151891962614538e-01,0.000000000000000000e+00,0.000000000000000000e+00,6.756035262687838661e-02
-6.175807975426664820e-01,3.957773245503681259e-01,1.000000000000000000e+00,9.976077261095226412e-01,0.000000000000000000e+00,0.000000000000000000e+00,6.912904459478454167e-02
-6.171555505375251327e-01,3.937729673698231458e-01,9.999999999999998890e-01,9.974977965944996638e-01,0.000000000000000000e+00,0.000000000000000000e+00,7.069756565199465659e-02
-6.167240024685135547e-01,3.917699573881414099e-01,1.000000000000000000e+00,9.973854009229762285e-01,0.000000000000000000e+00,0.000000000000000000e+00,7.226591192058699764e-02
-6.162861576033684674e-01,3.897683144138200384e-01,1.000000000000000000e+00,9.972705393728327206e-01,0.000000000000000000e+00,0.000000000000000000e+00,7.383407952307192990e-02
-6.158420202720975567e-01,3.877680582418371880e-01,1.000000000000000000e+00,9.971532122280464261e-01,0.000000000000000000e+00,0.000000000000000000e+00,7.540206458240159004e-02
-6.153915948669368419e-01,3.857692086534564302e-01,1.000000000000000222e+00,9.970334197786901997e-01,0.000000000000000000e+00,0.000000000000000000e+00,7.696986322197937880e-02
-6.149348858423079323e-01,3.837717854160310749e-01,1.000000000000000000e+00,9.969111623209320205e-01,0.000000000000000000e+00,0.000000000000000000e+00,7.853747156566960597e-02
-6.144718977147729522e-01,3.817758082828089372e-01,1.000000000000000000e+00,9.967864401570343258e-01,0.000000000000000000e+00,0.000000000000000000e+00,8.010488573780707999e-02
-6.140026350629905760e-01,3.797812969927366056e-01,1.000000000000000000e+00,9.966592535953529008e-01,0.000000000000000000e+00,0.000000000000000000e+00,8.167210186320662813e-02
-6.135271025276702872e-01,3.777882712702643753e-01,1.000000000000000000e+00,9.965296029503367681e-01,0.000000000000000000e+00,0.000000000000000000e+00,8.323911606717276923e-02
-6.130453048115271919e-01,3.757967508251512379e-01,1.000000000000000000e+00,9.963974885425265215e-01,0.000000000000000000e+00,0.000000000000000000e+00,8.480592447550919233e-02
-6.125572466792348347e-01,3.738067553522701481e-01,1.000000000000000000e+00,9.962629106985543270e-01,0.000000000000000000e+00,0.000000000000000000e+00,8.637252321452838777e-02
-6.120629329573781252e-01,3.718183045314127910e-01,1.000000000000000000e+00,9.961258697511429228e-01,0.000000000000000000e+00,0.000000000000000000e+00,8.793890841106125067e-02
-6.115623685344059313e-01,3.698314180270954044e-01,1.000000000000000000e+00,9.959863660391043982e-01,0.000000000000000000e+00,0.000000000000000000e+00,8.950507619246661495e-02
-6.110555583605827845e-01,3.678461154883639894e-01,1.000000000000000000e+00,9.958443999073396391e-01,0.000000000000000000e+00,0.000000000000000000e+00,9.107102268664080125e-02
-6.105425074479393643e-01,3.658624165486002444e-01,1.000000000000000000e+00,9.956999717068376610e-01,0.000000000000000000e+00,0.000000000000000000e+00,9.263674402202731750e-02
-6.100232208702235370e-01,3.638803408253272198e-01,1.000000000000000000e+00,9.955530817946746103e-01,0.000000000000000000e+00,0.000000000000000000e+00,9.420223632762625421e-02
-6.094977037628498406e-01,3.618999079200154734e-01,1.000000000000000000e+00,9.954037305340125430e-01,0.000000000000000000e+00,0.000000000000000000e+00,9.576749573300395724e-02
-6.089659613228487478e-01,3.599211374178890033e-01,1.000000000000000000e+00,9.952519182940990916e-01,0.000000000000000000e+00,0.000000000000000000e+00,9.733251836830261738e-02
-6.084279988088155955e-01,3.579440488877318471e-01,1.000000000000000000e+00,9.950976454502660218e-01,0.000000000000000000e+00,0.000000000000000000e+00,9.889730036424977666e-02
-6.078838215408578494e-01,3.559686618816942927e-01,9.999999999999998890e-01,9.949409123839287883e-01,0.000000000000000000e+00,0.000000000000000000e+00,1.004618378521679456e-01
-6.073334349005433674e-01,3.539949959350995323e-01,1.000000000000000000e+00,9.947817194825853138e-01,0.000000000000000000e+00,0.000000000000000000e+00,1.020261269639840956e-01
-6.067768443308465542e-01,3.520230705662510395e-01,1.000000000000000000e+00,9.946200671398148785e-01,0.000000000000000000e+00,0.000000000000000000e+00,1.035901638322392904e-01
-6.062140553360947370e-01,3.500529052762384463e-01,1.000000000000000000e+00,9.944559557552775653e-01,0.000000000000000000e+00,0.000000000000000000e+00,1.051539445900982750e-01
-6.056450734819137649e-01,3.480845195487457522e-01,9.999999999999998890e-01,9.942893857347129272e-01,0.000000000000000000e+00,0.000000000000000000e+00,1.067174653713588856e-01
-6.050699043951729417e-01,3.461179328498580898e-01,1.000000000000000222e+00,9.941203574899393214e-01,0.000000000000000000e+00,0.000000000000000000e+00,1.082807223104618188e-01
-6.044885537639292927e-01,3.441531646278694345e-01,1.000000000000000000e+00,9.939488714388522439e-01,0.000000000000000000e+00,0.000000000000000000e+00,1.098437115425000138e-01
-6.039010273373717208e-01,3.421902343130898694e-01,1.000000000000000000e+00,9.937749280054242185e-01,0.000000000000000000e+00,0.000000000000000000e+00,1.114064292032282549e-01
-6.033073309257632744e-01,3.402291613176540719e-01,1.000000000000000000e+00,9.935985276197029092e-01,0.000000000000000000e+00,0.000000000000000000e+00,1.129688714290728313e-01
-6.027074704003847483e-01,3.382699650353290233e-01,1.000000000000000000e+00,9.934196707178106767e-01,0.000000000000000000e+00,0.000000000000000000e+00,1.145310343571409040e-01
-6.021014516934756200e-01,3.363126648413218844e-01,1.000000000000000000e+00,9.932383577419430232e-01,0.000000000000000000e+00,0.000000000000000000e+00,1.160929141252302205e-01
-6.014892807981764289e-01,3.343572800920889265e-01,1.000000000000000000e+00,9.930545891403677050e-01,0.000000000000000000e+00,0.000000000000000000e+00,1.176545068718385656e-01
-6.008709637684686022e-01,3.324038301251440175e-01,9.999999999999998890e-01,9.928683653674237330e-01,0.000000000000000000e+00,0.000000000000000000e+00,1.192158087361733509e-01
-6.002465067191148362e-01,3.304523342588669421e-01,1.000000000000000000e+00,9.926796868835202625e-01,0.000000000000000000e+00,0.000000000000000000e+00,1.207768158581611212e-01
-5.996159158255990329e-01,3.285028117923128321e-01,1.000000000000000000e+00,9.924885541551350387e-01,0.000000000000000000e+00,0.000000000000000000e+00,1.223375243784571992e-01
-5.989791973240647938e-01,3.265552820050212635e-01,1.000000000000000000e+00,9.922949676548137310e-01,0.000000000000000000e+00,0.000000000000000000e+00,1.238979304384550534e-01
-5.983363575112538024e-01,3.246097641568252978e-01,1.000000000000000000e+00,9.920989278611684892e-01,0.000000000000000000e+00,0.000000000000000000e+00,1.254580301802960263e-01
-5.976874027444435411e-01,3.226662774876611905e-01,1.000000000000000000e+00,9.919004352588769446e-01,0.000000000000000000e+00,0.000000000000000000e+00,1.270178197468787296e-01
-5.970323394413848961e-01,3.207248412173783203e-01,1.000000000000000000e+00,9.916994903386807669e-01,0.000000000000000000e+00,0.000000000000000000e+00,1.285772952818686754e-01
-5.963711740802378758e-01,3.187854745455487304e-01,1.000000000000000000e+00,9.914960935973847755e-01,0.000000000000000000e+00,0.000000000000000000e+00,1.301364529297076855e-01
-5.957039131995082171e-01,3.168481966512775583e-01,1.000000000000000000e+00,9.912902455378553856e-01,0.000000000000000000e+00,0.000000000000000000e+00,1.316952888356235918e-01
-5.950305633979822151e-01,3.149130266930131872e-01,1.000000000000000000e+00,9.910819466690196089e-01,0.000000000000000000e+00,0.000000000000000000e+00,1.332537991456397009e-01
-5.943511313346621083e-01,3.129799838083577868e-01,1.000000000000000000e+00,9.908711975058637211e-01,0.000000000000000000e+00,0.000000000000000000e+00,1.348119800065842033e-01
-5.936656237286996873e-01,3.110490871138784086e-01,1.000000000000000000e+00,9.906579985694317081e-01,0.000000000000000000e+00,0.000000000000000000e+00,1.363698275660998882e-01
-5.929740473593296812e-01,3.091203557049172490e-01,1.000000000000000000e+00,9.904423503868245993e-01,0.000000000000000000e+00,0.000000000000000000e+00,1.379273379726535798e-01
-5.922764090658034775e-01,3.071938086554035774e-01,9.999999999999998890e-01,9.902242534911985805e-01,0.000000000000000000e+00,0.000000000000000000e+00,1.394845073755455744e-01
-5.915727157473207320e-01,3.052694650176644986e-01,1.000000000000000000e+00,9.900037084217637728e-01,0.000000000000000000e+00,0.000000000000000000e+00,1.410413319249192998e-01
-5.908629743629618680e-01,3.033473438222367702e-01,1.000000000000000000e+00,9.897807157237834552e-01,0.000000000000000000e+00,0.000000000000000000e+00,1.425978077717708348e-01
-5.901471919316183534e-01,3.014274640776787861e-01,1.000000000000000000e+00,9.895552759485719552e-01,0.000000000000000000e+00,0.000000000000000000e+00,1.441539310679582908e-01
-5.894253755319240895e-01,2.995098447703822830e-01,1.000000000000000000e+00,9.893273896534935385e-01,0.000000000000000000e+00,0.000000000000000000e+00,1.457096979662114156e-01
-5.886975323021849116e-01,2.975945048643846569e-01,1.000000000000000000e+00,9.890970574019614103e-01,0.000000000000000000e+00,0.000000000000000000e+00,1.472651046201411407e-01
-5.879636694403082009e-01,2.956814633011816129e-01,1.000000000000000000e+00,9.888642797634357162e-01,0.000000000000000000e+00,0.000000000000000000e+00,1.488201471842490187e-01
-5.872237942037320524e-01,2.937707389995395935e-01,1.000000000000000000e+00,9.886290573134226545e-01,0.000000000000000000e+00,0.000000000000000000e+00,1.503748218139366877e-01
-5.864779139093525551e-01,2.918623508553089274e-01,1.000000000000000000e+00,9.883913906334728106e-01,0.000000000000000000e+00,0.000000000000000000e+00,1.519291246655156136e-01
-5.857260359334521826e-01,2.899563177412366466e-01,1.000000000000000000e+00,9.881512803111796028e-01,0.000000000000000000e+00,0.000000000000000000e+00,1.534830518962162493e-01
-5.849681677116268519e-01,2.880526585067801348e-01,1.000000000000000000e+00,9.879087269401780613e-01,0.000000000000000000e+00,0.000000000000000000e+00,1.550365996641978328e-01
-5.842043167387124258e-01,2.861513919779206105e-01,1.000000000000000000e+00,9.876637311201432734e-01,0.000000000000000000e+00,0.000000000000000000e+00,1.565897641285576569e-01
-5.834344905687094407e-01,2.842525369569769422e-01,1.000000000000000000e+00,9.874162934567889405e-01,0.000000000000000000e+00,0.000000000000000000e+00,1.581425414493408399e-01
-5.826586968147104972e-01,2.823561122224198527e-01,1.000000000000000000e+00,9.871664145618657127e-01,0.000000000000000000e+00,0.000000000000000000e+00,1.596949277875494011e-01
-5.818769431488231003e-01,2.804621365286856793e-01,9.999999999999998890e-01,9.869140950531599676e-01,0.000000000000000000e+00,0.000000000000000000e+00,1.612469193051522531e-01
-5.810892373020946078e-01,2.785706286059917991e-01,1.000000000000000000e+00,9.866593355544919230e-01,0.000000000000000000e+00,0.000000000000000000e+00,1.627985121650943057e-01
-5.802955870644357361e-01,2.766816071601506111e-01,9.999999999999998890e-01,9.864021366957146375e-01,0.000000000000000000e+00,0.000000000000000000e+00,1.643497025313060966e-01
-5.794960002845436220e-01,2.747950908723847396e-01,1.000000000000000000e+00,9.861424991127114570e-01,0.000000000000000000e+00,0.000000000000000000e+00,1.659004865687133401e-01
-5.786904848698237736e-01,2.729110983991426820e-01,1.000000000000000000e+00,9.858804234473957928e-01,0.000000000000000000e+00,0.000000000000000000e+00,1.674508604432461967e-01
-5.778790487863121328e-01,2.710296483719138450e-01,1.000000000000000000e+00,9.856159103477084571e-01,0.000000000000000000e+00,0.000000000000000000e+00,1.690008203218490712e-01
-5.770617000585964718e-01,2.691507593970445811e-01,9.999999999999998890e-01,9.853489604676165525e-01,0.000000000000000000e+00,0.000000000000000000e+00,1.705503623724896889e-01
-5.762384467697366786e-01,2.672744500555536695e-01,1.000000000000000000e+00,9.850795744671114740e-01,0.000000000000000000e+00,0.000000000000000000e+00,1.720994827641690039e-01
-5.754092970611852653e-01,2.654007389029495179e-01,9.999999999999998890e-01,9.848077530122080203e-01,0.000000000000000000e+00,0.000000000000000000e+00,1.736481776669303312e-01
-5.745742591327064330e-01,2.635296444690456985e-01,1.000000000000000000e+00,9.845334967749419519e-01,0.000000000000000000e+00,0.000000000000000000e+00,1.751964432518689774e-01
-5.737333412422950252e-01,2.616611852577783170e-01,1.000000000000000000e+00,9.842568064333686584e-01,0.000000000000000000e+00,0.000000000000000000e+00,1.767442756911416224e-01
-5.728865517060950374e-01,2.597953797470226034e-01,1.000000000000000000e+00,9.839776826715614932e-01,0.000000000000000000e+00,0.000000000000000000e+00,1.782916711579759506e-01
-5.720338988983175721e-01,2.579322463884104466e-01,1.000000000000000000e+00,9.836961261796101086e-01,0.000000000000000000e+00,0.000000000000000000e+00,1.798386258266798376e-01
-5.711753912511574605e-01,2.560718036071480963e-01,9.999999999999998890e-01,9.834121376536186787e-01,0.000000000000000000e+00,0.000000000000000000e+00,1.813851358726510654e-01
-5.703110372547102180e-01,2.542140698018331979e-01,1.000000000000000000e+00,9.831257177957042348e-01,0.000000000000000000e+00,0.000000000000000000e+00,1.829311974723866752e-01
-5.694408454568880007e-01,2.523590633442737152e-01,1.000000000000000000e+00,9.828368673139947775e-01,0.000000000000000000e+00,0.000000000000000000e+00,1.844768068034923214e-01
-5.685648244633354498e-01,2.505068025793059650e-01,1.000000000000000000e+00,9.825455869226277228e-01,0.000000000000000000e+00,0.000000000000000000e+00,1.860219600446919863e-01
-5.676829829373438718e-01,2.486573058246125678e-01,1.000000000000000000e+00,9.822518773417481253e-01,0.000000000000000000e+00,0.000000000000000000e+00,1.875666533758371390e-01
-5.667953295997660845e-01,2.468105913705425647e-01,1.000000000000000000e+00,9.819557392975066801e-01,0.000000000000000000e+00,0.000000000000000000e+00,1.891108829779162837e-01
-5.659018732289300413e-01,2.449666774799292845e-01,1.000000000000000000e+00,9.816571735220581685e-01,0.000000000000000000e+00,0.000000000000000000e+00,1.906546450330645348e-01
-5.650026226605522339e-01,2.431255823879104883e-01,9.999999999999998890e-01,9.813561807535594594e-01,0.000000000000000000e+00,0.000000000000000000e+00,1.921979357245728326e-01
-5.640975867876494299e-01,2.412873243017476244e-01,1.000000000000000000e+00,9.810527617361680663e-01,0.000000000000000000e+00,0.000000000000000000e+00,1.937407512368976292e-01
-5.631867745604521858e-01,2.394519214006461116e-01,1.000000000000000000e+00,9.807469172200395935e-01,0.000000000000000000e+00,0.000000000000000000e+00,1.952830877556699929e-01
-5.622701949863148085e-01,2.376193918355752888e-01,1.000000000000000000e+00,9.804386479613267369e-01,0.000000000000000000e+00,0.000000000000000000e+00,1.968249414677053777e-01
-5.613478571296276476e-01,2.357897537290892243e-01,1.000000000000000000e+00,9.801279547221766197e-01,0.000000000000000000e+00,0.000000000000000000e+00,1.983663085610128662e-01
-5.604197701117265007e-01,2.339630251751472212e-01,1.000000000000000000e+00,9.798148382707294601e-01,0.000000000000000000e+00,0.000000000000000000e+00,1.999071852248045789e-01
-5.594859431108025749e-01,2.321392242389347105e-01,1.000000000000000000e+00,9.794992993811164617e-01,0.000000000000000000e+00,0.000000000000000000e+00,2.014475676495051937e-01
-5.585463853618121144e-01,2.303183689566851433e-01,1.000000000000000000e+00,9.791813388334580370e-01,0.000000000000000000e+00,0.000000000000000000e+00,2.029874520267613280e-01
-5.576011061563848070e-01,2.285004773355012730e-01,1.000000000000000000e+00,9.788609574138614766e-01,0.000000000000000000e+00,0.000000000000000000e+00,2.045268345494508644e-01
-5.566501148427317469e-01,2.266855673531768534e-01,1.000000000000000000e+00,9.785381559144196162e-01,0.000000000000000000e+00,0.000000000000000000e+00,2.060657114116925537e-01
-5.556934208255532859e-01,2.248736569580196132e-01,1.000000000000000000e+00,9.782129351332083944e-01,0.000000000000000000e+00,0.000000000000000000e+00,2.076040788088552302e-01
-5.547310335659458858e-01,2.230647640686727329e-01,9.999999999999998890e-01,9.778852958742850765e-01,0.000000000000000000e+00,0.000000000000000000e+00,2.091419329375673597e-01
-5.537629625813085266e-01,2.212589065739387073e-01,1.000000000000000222e+00,9.775552389476862558e-01,0.000000000000000000e+00,0.000000000000000000e+00,2.106792699957262816e-01
-5.527892174452485596e-01,2.194561023326014604e-01,1.000000000000000000e+00,9.772227651694256334e-01,0.000000000000000000e+00,0.000000000000000000e+00,2.122160861825078682e-01
-5.518098077874872276e-01,2.176563691732503747e-01,1.000000000000000000e+00,9.768878753614925747e-01,0.000000000000000000e+00,0.000000000000000000e+00,2.137523776983756285e-01
-5.508247432937641852e-01,2.158597248941037106e-01,1.000000000000000000e+00,9.765505703518493341e-01,0.000000000000000000e+00,0.000000000000000000e+00,2.152881407450903117e-01
-5.498340337057419092e-01,2.140661872628328855e-01,1.000000000000000000e+00,9.762108509744296114e-01,0.000000000000000000e+00,0.000000000000000000e+00,2.168233715257191496e-01
-5.488376888209091087e-01,2.122757740163862539e-01,1.000000000000000000e+00,9.758687180691361096e-01,0.000000000000000000e+00,0.000000000000000000e+00,2.183580662446454324e-01
-5.478357184924842471e-01,2.104885028608139974e-01,9.999999999999998890e-01,9.755241724818386473e-01,0.000000000000000000e+00,0.000000000000000000e+00,2.198922211075776401e-01
-5.468281326293177314e-01,2.087043914710934589e-01,9.999999999999998890e-01,9.751772150643721604e-01,0.000000000000000000e+00,0.000000000000000000e+00,2.214258323215591018e-01
-5.458149411957941011e-01,2.069234574909530611e-01,1.000000000000000222e+00,9.748278466745342596e-01,0.000000000000000000e+00,0.000000000000000000e+00,2.229588960949771548e-01
-5.447961542117332190e-01,2.051457185326995836e-01,1.000000000000000000e+00,9.744760681760832322e-01,0.000000000000000000e+00,0.000000000000000000e+00,2.244914086375725815e-01
-5.437717817522915720e-01,2.033711921770425535e-01,1.000000000000000000e+00,9.741218804387362651e-01,0.000000000000000000e+00,0.000000000000000000e+00,2.260233661604490185e-01
-5.427418339478624620e-01,2.015998959729209117e-01,9.999999999999998890e-01,9.737652843381667811e-01,0.000000000000000000e+00,0.000000000000000000e+00,2.275547648760823660e-01
-5.417063209839756421e-01,1.998318474373296239e-01,9.999999999999998890e-01,9.734062807560026620e-01,0.000000000000000000e+00,0.000000000000000000e+00,2.290856009983299468e-01
-5.406652531011971741e-01,1.980670640551461803e-01,9.999999999999998890e-01,9.730448705798238063e-01,0.000000000000000000e+00,0.000000000000000000e+00,2.306158707424401377e-01
-5.396186405950271769e-01,1.963055632789575400e-01,1.000000000000000222e+00,9.726810547031601306e-01,0.000000000000000000e+00,0.000000000000000000e+00,2.321455703250615843e-01
-5.385664938157989079e-01,1.945473625288884623e-01,1.000000000000000000e+00,9.723148340254890165e-01,0.000000000000000000e+00,0.000000000000000000e+00,2.336746959642524157e-01
-5.375088231685760665e-01,1.927924791924277570e-01,1.000000000000000000e+00,9.719462094522336448e-01,0.000000000000000000e+00,0.000000000000000000e+00,2.352032438794899594e-01
-5.364456391130498769e-01,1.910409306242576433e-01,9.999999999999998890e-01,9.715751818947602203e-01,0.000000000000000000e+00,0.000000000000000000e+00,2.367312102916797334e-01
-5.353769521634356154e-01,1.892927341460812207e-01,1.000000000000000000e+00,9.712017522703763062e-01,0.000000000000000000e+00,0.000000000000000000e+00,2.382585914231649948e-01
-5.343027728883686933e-01,1.875479070464519671e-01,1.000000000000000000e+00,9.708259215023277156e-01,0.000000000000000000e+00,0.000000000000000000e+00,2.397853834977359544e-01
-5.332231119108001849e-01,1.858064665806020699e-01,1.000000000000000000e+00,9.704476905197969572e-01,0.000000000000000000e+00,0.000000000000000000e+00,2.413115827406392411e-01
-5.321379799078915784e-01,1.840684299702719517e-01,1.000000000000000000e+00,9.700670602579007928e-01,0.000000000000000000e+00,0.000000000000000000e+00,2.428371853785871448e-01
-5.310473876109095270e-01,1.823338144035404063e-01,9.999999999999998890e-01,9.696840316576875729e-01,0.000000000000000000e+00,0.000000000000000000e+00,2.443621876397669146e-01
-5.299513458051196002e-01,1.806026370346540122e-01,9.999999999999998890e-01,9.692986056661354599e-01,0.000000000000000000e+00,0.000000000000000000e+00,2.458865857538502508e-01
-5.288498653296790364e-01,1.788749149838577412e-01,1.000000000000000000e+00,9.689107832361495420e-01,0.000000000000000000e+00,0.000000000000000000e+00,2.474103759520024093e-01
-5.277429570775307166e-01,1.771506653372258711e-01,9.999999999999998890e-01,9.685205653265598347e-01,0.000000000000000000e+00,0.000000000000000000e+00,2.489335544668916100e-01
-5.266306319952942516e-01,1.754299051464927595e-01,9.999999999999998890e-01,9.681279529021187269e-01,0.000000000000000000e+00,0.000000000000000000e+00,2.504561175326984745e-01
-5.255129010831587344e-01,1.737126514288841461e-01,1.000000000000000000e+00,9.677329469334988721e-01,0.000000000000000000e+00,0.000000000000000000e+00,2.519780613851251294e-01
-5.243897753947730500e-01,1.719989211669490925e-01,9.999999999999998890e-01,9.673355483972903013e-01,0.000000000000000000e+00,0.000000000000000000e+00,2.534993822614046710e-01
-5.232612660371374069e-01,1.702887313083915055e-01,1.000000000000000000e+00,9.669357582759983138e-01,0.000000000000000000e+00,0.000000000000000000e+00,2.550200764003104359e-01
-5.221273841704926477e-01,1.685820987659037151e-01,1.000000000000000000e+00,9.665335775580413680e-01,0.000000000000000000e+00,0.000000000000000000e+00,2.565401400421650768e-01
-5.209881410082106701e-01,1.668790404169979702e-01,1.000000000000000000e+00,9.661290072377479721e-01,0.000000000000000000e+00,0.000000000000000000e+00,2.580595694288502218e-01
-5.198435478166830714e-01,1.651795731038397386e-01,1.000000000000000000e+00,9.657220483153545754e-01,0.000000000000000000e+00,0.000000000000000000e+00,2.595783608038156332e-01
-5.186936159152097936e-01,1.634837136330823115e-01,1.000000000000000000e+00,9.653127017970033474e-01,0.000000000000000000e+00,0.000000000000000000e+00,2.610965104120882008e-01
-5.175383566758871012e-01,1.617914787756987438e-01,1.000000000000000000e+00,9.649009686947389586e-01,0.000000000000000000e+00,0.000000000000000000e+00,2.626140145002818782e-01
-5.163777815234957824e-01,1.601028852668176794e-01,1.000000000000000000e+00,9.644868500265070255e-01,0.000000000000000000e+00,0.000000000000000000e+00,2.641308693166062871e-01
-5.152119019353867957e-01,1.584179498055565960e-01,1.000000000000000000e+00,9.640703468161506695e-01,0.000000000000000000e+00,0.000000000000000000e+00,2.656470711108762650e-01
-5.140407294413693595e-01,1.567366890548575753e-01,9.999999999999998890e-01,9.636514600934086294e-01,0.000000000000000000e+00,0.000000000000000000e+00,2.671626161345213024e-01
-5.128642756235957112e-01,1.550591196413220185e-01,1.000000000000000000e+00,9.632301908939125967e-01,0.000000000000000000e+00,0.000000000000000000e+00,2.686775006405945354e-01
-5.116825521164475310e-01,1.533852581550464445e-01,9.999999999999998890e-01,9.628065402591843291e-01,0.000000000000000000e+00,0.000000000000000000e+00,2.701917208837820716e-01
-5.104955706064194798e-01,1.517151211494578711e-01,1.000000000000000000e+00,9.623805092366335412e-01,0.000000000000000000e+00,0.000000000000000000e+00,2.717052731204125382e-01
-5.093033428320055123e-01,1.500487251411514178e-01,1.000000000000000000e+00,9.619520988795547956e-01,0.000000000000000000e+00,0.000000000000000000e+00,2.732181536084658524e-01
-5.081058805835813041e-01,1.483860866097251874e-01,1.000000000000000000e+00,9.615213102471255047e-01,0.000000000000000000e+00,0.000000000000000000e+00,2.747303586075828252e-01
-5.069031957032880120e-01,1.467272219976189507e-01,9.999999999999998890e-01,9.610881444044027111e-01,0.000000000000000000e+00,0.000000000000000000e+00,2.762418843790743761e-01
-5.056953000849159219e-01,1.450721477099505274e-01,1.000000000000000000e+00,9.606526024223210891e-01,0.000000000000000000e+00,0.000000000000000000e+00,2.777527271859305258e-01
-5.044822056737854332e-01,1.434208801143536383e-01,1.000000000000000000e+00,9.602146853776895030e-01,0.000000000000000000e+00,0.000000000000000000e+00,2.792628832928300553e-01
-5.032639244666303746e-01,1.417734355408166169e-01,1.000000000000000000e+00,9.597743943531890087e-01,0.000000000000000000e+00,0.000000000000000000e+00,2.807723489661492766e-01
-5.020404685114782106e-01,1.401298302815202068e-01,1.000000000000000000e+00,9.593317304373701893e-01,0.000000000000000000e+00,0.000000000000000000e+00,2.822811204739716362e-01
-5.008118499075316921e-01,1.384900805906769949e-01,9.999999999999998890e-01,9.588866947246497130e-01,0.000000000000000000e+00,0.000000000000000000e+00,2.837891940860968187e-01
-4.995780808050487298e-01,1.368542026843703185e-01,1.000000000000000000e+00,9.584392883153086684e-01,0.000000000000000000e+00,0.000000000000000000e+00,2.852965660740497400e-01
-4.983391734052224353e-01,1.352222127403940044e-01,1.000000000000000000e+00,9.579895123154889003e-01,0.000000000000000000e+00,0.000000000000000000e+00,2.868032327110902058e-01
-4.970951399600603282e-01,1.335941268980925800e-01,1.000000000000000000e+00,9.575373678371909003e-01,0.000000000000000000e+00,0.000000000000000000e+00,2.883091902722217936e-01
-4.958459927722635441e-01,1.319699612582014014e-01,1.000000000000000000e+00,9.570828559982708095e-01,0.000000000000000000e+00,0.000000000000000000e+00,2.898144350342011233e-01
-4.945917441951045435e-01,1.303497318826872253e-01,1.000000000000000000e+00,9.566259779224377535e-01,0.000000000000000000e+00,0.000000000000000000e+00,2.913189632755471825e-01
-4.933324066323055423e-01,1.287334547945901964e-01,1.000000000000000000e+00,9.561667347392509564e-01,0.000000000000000000e+00,0.000000000000000000e+00,2.928227712765503754e-01
-4.920679925379153885e-01,1.271211459778643638e-01,1.000000000000000000e+00,9.557051275841169646e-01,0.000000000000000000e+00,0.000000000000000000e+00,2.943258553192817928e-01
-4.907985144161869373e-01,1.255128213772203905e-01,1.000000000000000000e+00,9.552411575982868719e-01,0.000000000000000000e+00,0.000000000000000000e+00,2.958282116876024270e-01
-4.895239848214525957e-01,1.239084968979674850e-01,9.999999999999998890e-01,9.547748259288535433e-01,0.000000000000000000e+00,0.000000000000000000e+00,2.973298366671722759e-01
-4.882444163580008656e-01,1.223081884058560831e-01,1.000000000000000000e+00,9.543061337287488399e-01,0.000000000000000000e+00,0.000000000000000000e+00,2.988307265454597239e-01
-4.869598216799515544e-01,1.207119117269211117e-01,1.000000000000000000e+00,9.538350821567403992e-01,0.000000000000000000e+00,0.000000000000000000e+00,3.003308776117504242e-01
-4.856702134911304869e-01,1.191196826473256282e-01,1.000000000000000000e+00,9.533616723774293034e-01,0.000000000000000000e+00,0.000000000000000000e+00,3.018302861571566797e-01
-4.843756045449437164e-01,1.175315169132040427e-01,1.000000000000000000e+00,9.528859055612467488e-01,0.000000000000000000e+00,0.000000000000000000e+00,3.033289484746266584e-01
-4.830760076442520701e-01,1.159474302305076171e-01,1.000000000000000000e+00,9.524077828844514926e-01,0.000000000000000000e+00,0.000000000000000000e+00,3.048268608589531636e-01
-4.817714356412435284e-01,1.143674382648475485e-01,1.000000000000000000e+00,9.519273055291265218e-01,0.000000000000000000e+00,0.000000000000000000e+00,3.063240196067834042e-01
-4.804619014373070485e-01,1.127915566413414256e-01,1.000000000000000000e+00,9.514444746831767219e-01,0.000000000000000000e+00,0.000000000000000000e+00,3.078204210166277099e-01
-4.791474179829045554e-01,1.112198009444577834e-01,1.000000000000000000e+00,9.509592915403253244e-01,0.000000000000000000e+00,0.000000000000000000e+00,3.093160613888688570e-01
-4.778279982774426005e-01,1.096521867178627541e-01,1.000000000000000000e+00,9.504717573001115749e-01,0.000000000000000000e+00,0.000000000000000000e+00,3.108109370257711168e-01
-4.765036553691447407e-01,1.080887294642657592e-01,1.000000000000000000e+00,9.499818731678870698e-01,0.000000000000000000e+00,0.000000000000000000e+00,3.123050442314894704e-01
-4.751744023549211438e-01,1.065294446452664523e-01,9.999999999999998890e-01,9.494896403548134245e-01,0.000000000000000000e+00,0.000000000000000000e+00,3.137983793120786014e-01
-4.738402523802406896e-01,1.049743476812014936e-01,9.999999999999998890e-01,9.489950600778587209e-01,0.000000000000000000e+00,0.000000000000000000e+00,3.152909385755024441e-01
-4.725012186389990765e-01,1.034234539509928247e-01,1.000000000000000000e+00,9.484981335597951757e-01,0.000000000000000000e+00,0.000000000000000000e+00,3.167827183316427320e-01
-4.711573143733901459e-01,1.018767787919946100e-01,1.000000000000000000e+00,9.479988620291954771e-01,0.000000000000000000e+00,0.000000000000000000e+00,3.182737148923084902e-01
-4.698085528737738215e-01,1.003343374998422188e-01,1.000000000000000000e+00,9.474972467204297866e-01,0.000000000000000000e+00,0.000000000000000000e+00,3.197639245712451950e-01
-4.684549474785448808e-01,9.879614532830088836e-02,1.000000000000000000e+00,9.469932888736632970e-01,0.000000000000000000e+00,0.000000000000000000e+00,3.212533436841436552e-01
-4.670965115740015050e-01,9.726221748911427489e-02,1.000000000000000000e+00,9.464869897348524574e-01,0.000000000000000000e+00,0.000000000000000000e+00,3.227419685486492273e-01
-4.657332585942121073e-01,9.573256915185511529e-02,1.000000000000000222e+00,9.459783505557424199e-01,0.000000000000000000e+00,0.000000000000000000e+00,3.242297954843709196e-01
-4.643652020208833275e-01,9.420721544377438916e-02,1.000000000000000000e+00,9.454673725938634865e-01,0.000000000000000000e+00,0.000000000000000000e+00,3.257168208128904952e-01
-4.629923553832259175e-01,9.268617144965166088e-02,1.000000000000000000e+00,9.449540571125283339e-01,0.000000000000000000e+00,0.000000000000000000e+00,3.272030408577715765e-01
-4.616147322578217915e-01,9.116945221164633739e-02,1.000000000000000000e+00,9.444384053808289048e-01,0.000000000000000000e+00,0.000000000000000000e+00,3.286884519445687491e-01
-4.602323462684886346e-01,8.965707272914869019e-02,1.000000000000000000e+00,9.439204186736329660e-01,0.000000000000000000e+00,0.000000000000000000e+00,3.301730504008367206e-01
-4.588452110861466204e-01,8.814904795863159892e-02,1.000000000000000000e+00,9.434000982715812222e-01,0.000000000000000000e+00,0.000000000000000000e+00,3.316568325561390362e-01
-4.574533404286816873e-01,8.664539281350275290e-02,1.000000000000000222e+00,9.428774454610842071e-01,0.000000000000000000e+00,0.000000000000000000e+00,3.331397947420575711e-01
-4.560567480608112012e-01,8.514612216395683886e-02,1.000000000000000000e+00,9.423524615343186195e-01,0.000000000000000000e+00,0.000000000000000000e+00,3.346219332922014122e-01
-4.546554477939469541e-01,8.365125083682872775e-02,1.000000000000000000e+00,9.418251477892248813e-01,0.000000000000000000e+00,0.000000000000000000e+00,3.361032445422159620e-01
-4.532494534860587176e-01,8.216079361544659232e-02,1.000000000000000000e+00,9.412955055295032514e-01,0.000000000000000000e+00,0.000000000000000000e+00,3.375837248297922089e-01
-4.518387790415376859e-01,8.067476523948623190e-02,9.999999999999998890e-01,9.407635360646109390e-01,0.000000000000000000e+00,0.000000000000000000e+00,3.390633704946751648e-01
-4.504234384110585299e-01,7.919318040482473120e-02,9.999999999999998890e-01,9.402292407097588844e-01,0.000000000000000000e+00,0.000000000000000000e+00,3.405421778786736353e-01
-4.490034455914413414e-01,7.771605376339550675e-02,1.000000000000000000e+00,9.396926207859084279e-01,0.000000000000000000e+00,0.000000000000000000e+00,3.420201433256687129e-01
-4.475788146255138544e-01,7.624339992304324243e-02,1.000000000000000000e+00,9.391536776197677572e-01,0.000000000000000000e+00,0.000000000000000000e+00,3.434972631816232136e-01
-4.461495596019715570e-01,7.477523344737943556e-02,1.000000000000000000e+00,9.386124125437893539e-01,0.000000000000000000e+00,0.000000000000000000e+00,3.449735337945904479e-01
-4.447156946552391910e-01,7.331156885563835934e-02,1.000000000000000000e+00,9.380688268961658860e-01,0.000000000000000000e+00,0.000000000000000000e+00,3.464489515147234910e-01
-4.432772339653309746e-01,7.185242062253366369e-02,1.000000000000000000e+00,9.375229220208274317e-01,0.000000000000000000e+00,0.000000000000000000e+00,3.479235126942838430e-01
-4.418341917577097155e-01,7.039780317811475396e-02,9.999999999999998890e-01,9.369746992674380381e-01,0.000000000000000000e+00,0.000000000000000000e+00,3.493972136876508650e-01
-4.403865823031465343e-01,6.894773090762479351e-02,1.000000000000000222e+00,9.364241599913923908e-01,0.000000000000000000e+00,0.000000000000000000e+00,3.508700508513304950e-01
-4.389344199175803096e-01,6.750221815135802605e-02,1.000000000000000000e+00,9.358713055538120384e-01,0.000000000000000000e+00,0.000000000000000000e+00,3.523420205439642960e-01
-4.374777189619745710e-01,6.606127920451762559e-02,1.000000000000000000e+00,9.353161373215428398e-01,0.000000000000000000e+00,0.000000000000000000e+00,3.538131191263386710e-01
-4.360164938421771663e-01,6.462492831707511431e-02,1.000000000000000000e+00,9.347586566671510777e-01,0.000000000000000000e+00,0.000000000000000000e+00,3.552833429613935778e-01
-4.345507590087767658e-01,6.319317969362868437e-02,9.999999999999998890e-01,9.341988649689197954e-01,0.000000000000000000e+00,0.000000000000000000e+00,3.567526884142316335e-01
-4.330805289569603644e-01,6.176604749326337906e-02,9.999999999999998890e-01,9.336367636108461321e-01,0.000000000000000000e+00,0.000000000000000000e+00,3.582211518521273841e-01
-4.316058182263695087e-01,6.034354582941033746e-02,1.000000000000000000e+00,9.330723539826373258e-01,0.000000000000000000e+00,0.000000000000000000e+00,3.596887296445356874e-01
-4.301266414009572436e-01,5.892568876970809971e-02,1.000000000000000000e+00,9.325056374797074943e-01,0.000000000000000000e+00,0.000000000000000000e+00,3.611554181631010940e-01
-4.286430131088431739e-01,5.751249033586271903e-02,1.000000000000000000e+00,9.319366155031739707e-01,0.000000000000000000e+00,0.000000000000000000e+00,3.626212137816668957e-01
-4.271549480221693007e-01,5.610396450350951802e-02,1.000000000000000000e+00,9.313652894598541954e-01,0.000000000000000000e+00,0.000000000000000000e+00,3.640861128762837295e-01
-4.256624608569544166e-01,5.470012520207474110e-02,1.000000000000000000e+00,9.307916607622620520e-01,0.000000000000000000e+00,0.000000000000000000e+00,3.655501118252189596e-01
-4.241655663729491654e-01,5.330098631463781045e-02,1.000000000000000000e+00,9.302157308286043147e-01,0.000000000000000000e+00,0.000000000000000000e+00,3.670132070089652809e-01
-4.226642793734894932e-01,5.190656167779373470e-02,1.000000000000000000e+00,9.296375010827770957e-01,0.000000000000000000e+00,0.000000000000000000e+00,3.684753948102498788e-01
-4.211586147053506535e-01,5.051686508151725929e-02,9.999999999999998890e-01,9.290569729543627364e-01,0.000000000000000000e+00,0.000000000000000000e+00,3.699366716140431999e-01
-4.196485872586003807e-01,4.913191026902516412e-02,1.000000000000000000e+00,9.284741478786256996e-01,0.000000000000000000e+00,0.000000000000000000e+00,3.713970338075681110e-01
-4.181342119664512857e-01,4.775171093664141303e-02,1.000000000000000000e+00,9.278890272965093500e-01,0.000000000000000000e+00,0.000000000000000000e+00,3.728564777803085595e-01
-4.166155038051137516e-01,4.637628073366115156e-02,1.000000000000000000e+00,9.273016126546322901e-01,0.000000000000000000e+00,0.000000000000000000e+00,3.743149999240188430e-01
-4.150924777936471632e-01,4.500563326221557886e-02,1.000000000000000000e+00,9.267119054052850302e-01,0.000000000000000000e+00,0.000000000000000000e+00,3.757725966327321587e-01
-4.135651489938117487e-01,4.363978207713820751e-02,9.999999999999998890e-01,9.261199070064258798e-01,0.000000000000000000e+00,0.000000000000000000e+00,3.772292643027698178e-01
-4.120335325099196422e-01,4.227874068582976319e-02,1.000000000000000000e+00,9.255256189216779505e-01,0.000000000000000000e+00,0.000000000000000000e+00,3.786849993327500719e-01
-4.104976434886857817e-01,4.092252254812609596e-02,1.000000000000000000e+00,9.249290426203250481e-01,0.000000000000000000e+00,0.000000000000000000e+00,3.801397981235967172e-01
-4.089574971190769737e-01,3.957114107616281629e-02,9.999999999999998890e-01,9.243301795773084528e-01,0.000000000000000000e+00,0.000000000000000000e+00,3.815936570785484760e-01
-4.074131086321633455e-01,3.822460963424520464e-02,1.000000000000000000e+00,9.237290312732225894e-01,0.000000000000000000e+00,0.000000000000000000e+00,3.830465726031676565e-01
-4.058644933009663003e-01,3.688294153871426312e-02,1.000000000000000000e+00,9.231255991943123629e-01,0.000000000000000000e+00,0.000000000000000000e+00,3.844985411053490343e-01
-4.043116664403085259e-01,3.554615005781541076e-02,1.000000000000000000e+00,9.225198848324687173e-01,0.000000000000000000e+00,0.000000000000000000e+00,3.859495589953286787e-01
-4.027546434066614500e-01,3.421424841156795599e-02,1.000000000000000000e+00,9.219118896852250833e-01,0.000000000000000000e+00,0.000000000000000000e+00,3.873996226856930014e-01
-4.011934395979946943e-01,3.288724977163342417e-02,1.000000000000000000e+00,9.213016152557540472e-01,0.000000000000000000e+00,0.000000000000000000e+00,3.888487285913874714e-01
-3.996280704536223638e-01,3.156516726118580723e-02,1.000000000000000000e+00,9.206890630528631325e-01,0.000000000000000000e+00,0.000000000000000000e+00,3.902968731297254967e-01
-3.980585514540517789e-01,3.024801395478185495e-02,1.000000000000000000e+00,9.200742345909913578e-01,0.000000000000000000e+00,0.000000000000000000e+00,3.917440527203973066e-01
-3.964848981208292655e-01,2.893580287823153963e-02,1.000000000000000000e+00,9.194571313902054621e-01,0.000000000000000000e+00,0.000000000000000000e+00,3.931902637854788884e-01
-3.949071260163871111e-01,2.762854700846915923e-02,9.999999999999998890e-01,9.188377549761960195e-01,0.000000000000000000e+00,0.000000000000000000e+00,3.946355027494407031e-01
-3.933252507438896872e-01,2.632625927342545358e-02,9.999999999999998890e-01,9.182161068802739967e-01,0.000000000000000000e+00,0.000000000000000000e+00,3.960797660391567332e-01
-3.917392879470791844e-01,2.502895255189910989e-02,1.000000000000000000e+00,9.175921886393665350e-01,0.000000000000000000e+00,0.000000000000000000e+00,3.975230500839129211e-01
-3.901492533101207916e-01,2.373663967343014880e-02,1.000000000000000000e+00,9.169660017960133969e-01,0.000000000000000000e+00,0.000000000000000000e+00,3.989653513154163278e-01
-3.885551625574475976e-01,2.244933341817235972e-02,1.000000000000000000e+00,9.163375478983630806e-01,0.000000000000000000e+00,0.000000000000000000e+00,4.004066661678038486e-01
-3.869570314536049382e-01,2.116704651676740850e-02,1.000000000000000000e+00,9.157068285001691565e-01,0.000000000000000000e+00,0.000000000000000000e+00,4.018469910776510945e-01
-3.853548758030949095e-01,1.988979165021863976e-02,9.999999999999998890e-01,9.150738451607860480e-01,0.000000000000000000e+00,0.000000000000000000e+00,4.032863224839812188e-01
-3.837487114502196595e-01,1.861758144976548290e-02,9.999999999999998890e-01,9.144385994451657007e-01,0.000000000000000000e+00,0.000000000000000000e+00,4.047246568282734658e-01
-3.821385542789248468e-01,1.735042849675945409e-02,1.000000000000000000e+00,9.138010929238532531e-01,0.000000000000000000e+00,0.000000000000000000e+00,4.061619905544723852e-01
-3.805244202126426556e-01,1.608834532253847205e-02,9.999999999999998890e-01,9.131613271729832615e-01,0.000000000000000000e+00,0.000000000000000000e+00,4.075983201089961594e-01
-3.789063252141341986e-01,1.483134440830409517e-02,1.000000000000000000e+00,9.125193037742761470e-01,0.000000000000000000e+00,0.000000000000000000e+00,4.090336419407458735e-01
-3.772842852853317552e-01,1.357943818499732919e-02,1.000000000000000000e+00,9.118750243150337553e-01,0.000000000000000000e+00,0.000000000000000000e+00,4.104679525011137864e-01
-3.756583164671803976e-01,1.233263903317555893e-02,9.999999999999998890e-01,9.112284903881356923e-01,0.000000000000000000e+00,0.000000000000000000e+00,4.119012482439926015e-01
-3.740284348394792846e-01,1.109095928289104138e-02,1.000000000000000000e+00,9.105797035920356608e-01,0.000000000000000000e+00,0.000000000000000000e+00,4.133335256257839041e-01
-3.723946565207230108e-01,9.854411213568295413e-03,1.000000000000000000e+00,9.099286655307567973e-01,0.000000000000000000e+00,0.000000000000000000e+00,4.147647811054069322e-01
-3.707569976679419010e-01,8.623007053882338069e-03,9.999999999999998890e-01,9.092753778138884524e-01,0.000000000000000000e+00,0.000000000000000000e+00,4.161950111443076250e-01
-3.691154744765422491e-01,7.396758981638711095e-03,1.000000000000000000e+00,9.086198420565819722e-01,0.000000000000000000e+00,0.000000000000000000e+00,4.176242122064668383e-01
-3.674701031801461126e-01,6.175679123652362545e-03,1.000000000000000000e+00,9.079620598795462572e-01,0.000000000000000000e+00,0.000000000000000000e+00,4.190523807584098925e-01
-3.658209000504313302e-01,4.959779555627638614e-03,1.000000000000000000e+00,9.073020329090443203e-01,0.000000000000000000e+00,0.000000000000000000e+00,4.204795132692143445e-01
-3.641678813969693729e-01,3.749072302039524462e-03,1.000000000000000000e+00,9.066397627768894019e-01,0.000000000000000000e+00,0.000000000000000000e+00,4.219056062105193128e-01
-3.625110635670654724e-01,2.543569336013982995e-03,1.000000000000000000e+00,9.059752511204399728e-01,0.000000000000000000e+00,0.000000000000000000e+00,4.233306560565343601e-01
-3.608504629455959734e-01,1.343282579209785499e-03,1.000000000000000000e+00,9.053084995825966264e-01,0.000000000000000000e+00,0.000000000000000000e+00,4.247546592840478197e-01
-3.591860959548467402e-01,1.482239017013137206e-04,1.000000000000000000e+00,9.046395098117980815e-01,0.000000000000000000e+00,0.000000000000000000e+00,4.261776123724352883e-01
-3.575179790543507319e-01,-1.041594878140192360e-03,1.000000000000000000e+00,9.039682834620160756e-01,0.000000000000000000e+00,0.000000000000000000e+00,4.275995118036690634e-01
-3.558461287407247986e-01,-2.226161993762215685e-03,1.000000000000000000e+00,9.032948221927523669e-01,0.000000000000000000e+00,0.000000000000000000e+00,4.290203540623264145e-01
-3.541705615475073121e-01,-3.405465730548146164e-03,1.000000000000000000e+00,9.026191276690339604e-01,0.000000000000000000e+00,0.000000000000000000e+00,4.304401356355981312e-01
-3.524912940449939636e-01,-4.579494425932674473e-03,1.000000000000000000e+00,9.019412015614095557e-01,0.000000000000000000e+00,0.000000000000000000e+00,4.318588530132972947e-01
-3.508083428400739501e-01,-5.748236469517629954e-03,1.000000000000000000e+00,9.012610455459447723e-01,0.000000000000000000e+00,0.000000000000000000e+00,4.332765026878685477e-01
-3.491217245760665500e-01,-6.911680303185854801e-03,1.000000000000000000e+00,9.005786613042183752e-01,0.000000000000000000e+00,0.000000000000000000e+00,4.346930811543955886e-01
-3.474314559325554219e-01,-8.069814421216577049e-03,1.000000000000000000e+00,8.998940505233181675e-01,0.000000000000000000e+00,0.000000000000000000e+00,4.361085849106110524e-01
-3.457375536252243475e-01,-9.222627370398923941e-03,1.000000000000000000e+00,8.992072148958367706e-01,0.000000000000000000e+00,0.000000000000000000e+00,4.375230104569042822e-01
-3.440400344056916415e-01,-1.037010775014444303e-02,1.000000000000000000e+00,8.985181561198672950e-01,0.000000000000000000e+00,0.000000000000000000e+00,4.389363542963304887e-01
-3.423389150613446730e-01,-1.151224421260088615e-02,9.999999999999998890e-01,8.978268758989992326e-01,0.000000000000000000e+00,0.000000000000000000e+00,4.403486129346191880e-01
-3.406342124151737205e-01,-1.264902546276382850e-02,1.000000000000000000e+00,8.971333759423141263e-01,0.000000000000000000e+00,0.000000000000000000e+00,4.417597828801830828e-01
-3.389259433256056053e-01,-1.378044025858844029e-02,1.000000000000000000e+00,8.964376579643816845e-01,0.000000000000000000e+00,0.000000000000000000e+00,4.431698606441261123e-01
-3.372141246863372133e-01,-1.490647741110032176e-02,1.000000000000000000e+00,8.957397236852554512e-01,0.000000000000000000e+00,0.000000000000000000e+00,4.445788427402526111e-01
-3.354987734261679622e-01,-1.602712578450716380e-02,1.000000000000000000e+00,8.950395748304679211e-01,0.000000000000000000e+00,0.000000000000000000e+00,4.459867256850759687e-01
-3.337799065088327133e-01,-1.714237429630825066e-02,9.999999999999998890e-01,8.943372131310273199e-01,0.000000000000000000e+00,0.000000000000000000e+00,4.473935059978267903e-01
-3.320575409328340721e-01,-1.825221191740378918e-02,1.000000000000000000e+00,8.936326403234122751e-01,0.000000000000000000e+00,0.000000000000000000e+00,4.487991802004621111e-01
-3.303316937312740231e-01,-1.935662767220418246e-02,1.000000000000000000e+00,8.929258581495684854e-01,0.000000000000000000e+00,0.000000000000000000e+00,4.502037448176732237e-01
-3.286023819716856198e-01,-2.045561063873883867e-02,9.999999999999998890e-01,8.922168683569038361e-01,0.000000000000000000e+00,0.000000000000000000e+00,4.516071963768949482e-01
-3.268696227558643419e-01,-2.154914994876421658e-02,1.000000000000000000e+00,8.915056726982839574e-01,0.000000000000000000e+00,0.000000000000000000e+00,4.530095314083140146e-01
-3.251334332196986199e-01,-2.263723478787037224e-02,9.999999999999998890e-01,8.907922729320283395e-01,0.000000000000000000e+00,0.000000000000000000e+00,4.544107464448773892e-01
-3.233938305330007479e-01,-2.371985439558928904e-02,9.999999999999998890e-01,8.900766708219058909e-01,0.000000000000000000e+00,0.000000000000000000e+00,4.558108380223011569e-01
-3.216508318993368531e-01,-2.479699806550057783e-02,1.000000000000000000e+00,8.893588681371302762e-01,0.000000000000000000e+00,0.000000000000000000e+00,4.572098026790791248e-01
-3.199044545558567543e-01,-2.586865514533689958e-02,1.000000000000000000e+00,8.886388666523559188e-01,0.000000000000000000e+00,0.000000000000000000e+00,4.586076369564908162e-01
-3.181547157731235975e-01,-2.693481503709022062e-02,1.000000000000000000e+00,8.879166681476730050e-01,0.000000000000000000e+00,0.000000000000000000e+00,4.600043373986109629e-01
-3.164016328549431045e-01,-2.799546719711612508e-02,9.999999999999998890e-01,8.871922744086040424e-01,0.000000000000000000e+00,0.000000000000000000e+00,4.613999005523171659e-01
-3.146452231381922648e-01,-2.905060113623829376e-02,1.000000000000000000e+00,8.864656872260986420e-01,0.000000000000000000e+00,0.000000000000000000e+00,4.627943229672989989e-01
-3.128855039926480286e-01,-3.010020641985191453e-02,1.000000000000000000e+00,8.857369083965294099e-01,0.000000000000000000e+00,0.000000000000000000e+00,4.641876011960660575e-01
-3.111224928208156659e-01,-3.114427266802681504e-02,1.000000000000000000e+00,8.850059397216873958e-01,0.000000000000000000e+00,0.000000000000000000e+00,4.655797317939570634e-01
-3.093562070577561829e-01,-3.218278955561101884e-02,1.000000000000000000e+00,8.842727830087777630e-01,0.000000000000000000e+00,0.000000000000000000e+00,4.669707113191479686e-01
-3.075866641709145144e-01,-3.321574681233162990e-02,1.000000000000000000e+00,8.835374400704152364e-01,0.000000000000000000e+00,0.000000000000000000e+00,4.683605363326605042e-01
-3.058138816599461629e-01,-3.424313422289741726e-02,1.000000000000000000e+00,8.827999127246196620e-01,0.000000000000000000e+00,0.000000000000000000e+00,4.697492033983707849e-01
-3.040378770565446143e-01,-3.526494162709899877e-02,1.000000000000000000e+00,8.820602027948113433e-01,0.000000000000000000e+00,0.000000000000000000e+00,4.711367090830179127e-01
-3.022586679242681429e-01,-3.628115891990983666e-02,1.000000000000000000e+00,8.813183121098070449e-01,0.000000000000000000e+00,0.000000000000000000e+00,4.725230499562119157e-01
-3.004762718583653403e-01,-3.729177605158619235e-02,1.000000000000000000e+00,8.805742425038146637e-01,0.000000000000000000e+00,0.000000000000000000e+00,4.739082225904431844e-01
-2.986907064856014760e-01,-3.829678302776648446e-02,1.000000000000000000e+00,8.798279958164294534e-01,0.000000000000000000e+00,0.000000000000000000e+00,4.752922235610899659e-01
-2.969019894640845814e-01,-3.929616990956928679e-02,1.000000000000000000e+00,8.790795738926289182e-01,0.000000000000000000e+00,0.000000000000000000e+00,4.766750494464274124e-01
-2.951101384830902563e-01,-4.028992681369321371e-02,1.000000000000000000e+00,8.783289785827687046e-01,0.000000000000000000e+00,0.000000000000000000e+00,4.780566968276360185e-01
-2.933151712628873087e-01,-4.127804391251334998e-02,9.999999999999998890e-01,8.775762117425776054e-01,0.000000000000000000e+00,0.000000000000000000e+00,4.794371622888097262e-01
-2.915171055545616730e-01,-4.226051143417897810e-02,1.000000000000000000e+00,8.768212752331535631e-01,0.000000000000000000e+00,0.000000000000000000e+00,4.808164424169647511e-01
-2.897159591398418277e-01,-4.323731966270986937e-02,1.000000000000000000e+00,8.760641709209582295e-01,0.000000000000000000e+00,0.000000000000000000e+00,4.821945338020476868e-01
-2.879117498309221590e-01,-4.420845893809288024e-02,1.000000000000000000e+00,8.753049006778129693e-01,0.000000000000000000e+00,0.000000000000000000e+00,4.835714330369443315e-01
-2.861044954702872678e-01,-4.517391965637727186e-02,1.000000000000000000e+00,8.745434663808941966e-01,0.000000000000000000e+00,0.000000000000000000e+00,4.849471367174876812e-01
-2.842942139305353333e-01,-4.613369226976961335e-02,1.000000000000000000e+00,8.737798699127286017e-01,0.000000000000000000e+00,0.000000000000000000e+00,4.863216414424666456e-01
-2.824809231142016430e-01,-4.708776728672770667e-02,1.000000000000000000e+00,8.730141131611881544e-01,0.000000000000000000e+00,0.000000000000000000e+00,4.876949438136345405e-01
-2.806646409535809017e-01,-4.803613527205569111e-02,1.000000000000000000e+00,8.722461980194863296e-01,0.000000000000000000e+00,0.000000000000000000e+00,4.890670404357168044e-01
-2.788453854105507057e-01,-4.897878684699608076e-02,1.000000000000000000e+00,8.714761263861724450e-01,0.000000000000000000e+00,0.000000000000000000e+00,4.904379279164204353e-01
-2.770231744763930193e-01,-4.991571268932354366e-02,1.000000000000000000e+00,8.707039001651275534e-01,0.000000000000000000e+00,0.000000000000000000e+00,4.918076028664417065e-01
-2.751980261716175935e-01,-5.084690353343614827e-02,1.000000000000000000e+00,8.699295212655596687e-01,0.000000000000000000e+00,0.000000000000000000e+00,4.931760618994743828e-01
-2.733699585457820547e-01,-5.177235017044776177e-02,1.000000000000000000e+00,8.691529916019988811e-01,0.000000000000000000e+00,0.000000000000000000e+00,4.945433016322187125e-01
-2.715389896773146572e-01,-5.269204344827866510e-02,1.000000000000000000e+00,8.683743130942926935e-01,0.000000000000000000e+00,0.000000000000000000e+00,4.959093186843894774e-01
-2.697051376733350381e-01,-5.360597427174614016e-02,1.000000000000000000e+00,8.675934876676013596e-01,0.000000000000000000e+00,0.000000000000000000e+00,4.972741096787240966e-01
-2.678684206694752490e-01,-5.451413360265461999e-02,1.000000000000000000e+00,8.668105172523928870e-01,0.000000000000000000e+00,0.000000000000000000e+00,4.986376712409914536e-01
-2.660288568297002887e-01,-5.541651245988499924e-02,1.000000000000000000e+00,8.660254037844387076e-01,0.000000000000000000e+00,0.000000000000000000e+00,4.999999999999999445e-01
-2.641864643461286910e-01,-5.631310191948345201e-02,1.000000000000000000e+00,8.652381492048083489e-01,0.000000000000000000e+00,0.000000000000000000e+00,5.013610925876058610e-01
-2.623412614388522801e-01,-5.720389311474916721e-02,1.000000000000000000e+00,8.644487554598649925e-01,0.000000000000000000e+00,0.000000000000000000e+00,5.027209456387217168e-01
-2.604932663557563699e-01,-5.808887723632279176e-02,1.000000000000000000e+00,8.636572245012605897e-01,0.000000000000000000e+00,0.000000000000000000e+00,5.040795557913246849e-01
-2.586424973723391307e-01,-5.896804553227329854e-02,1.000000000000000000e+00,8.628635582859311981e-01,0.000000000000000000e+00,0.000000000000000000e+00,5.054369196864644254e-01
-2.567889727915306231e-01,-5.984138930818453522e-02,1.000000000000000222e+00,8.620677587760915417e-01,0.000000000000000000e+00,0.000000000000000000e+00,5.067930339682724661e-01
-2.549327109435123306e-01,-6.070889992724077394e-02,1.000000000000000000e+00,8.612698279392307921e-01,0.000000000000000000e+00,0.000000000000000000e+00,5.081478952839691976e-01
-2.530737301855350840e-01,-6.157056881031319068e-02,1.000000000000000000e+00,8.604697677481076834e-01,0.000000000000000000e+00,0.000000000000000000e+00,5.095015002838731988e-01
-2.512120489017388714e-01,-6.242638743604324997e-02,1.000000000000000000e+00,8.596675801807452943e-01,0.000000000000000000e+00,0.000000000000000000e+00,5.108538456214085643e-01
-2.493476855029690686e-01,-6.327634734092815738e-02,1.000000000000000000e+00,8.588632672204260521e-01,0.000000000000000000e+00,0.000000000000000000e+00,5.122049279531143418e-01
-2.474806584265963894e-01,-6.412044011940398747e-02,1.000000000000000000e+00,8.580568308556875134e-01,0.000000000000000000e+00,0.000000000000000000e+00,5.135547439386516366e-01
-2.456109861363332258e-01,-6.495865742392939457e-02,9.999999999999998890e-01,8.572482730803168138e-01,0.000000000000000000e+00,0.000000000000000000e+00,5.149032902408126056e-01
-2.437386871220512397e-01,-6.579099096506703381e-02,1.000000000000000000e+00,8.564375958933458932e-01,0.000000000000000000e+00,0.000000000000000000e+00,5.162505635255286718e-01
-2.418637798995990906e-01,-6.661743251156720946e-02,1.000000000000000222e+00,8.556248012990466112e-01,0.000000000000000000e+00,0.000000000000000000e+00,5.175965604618785187e-01
-2.399862830106191114e-01,-6.743797389044681179e-02,1.000000000000000000e+00,8.548098913069259730e-01,0.000000000000000000e+00,0.000000000000000000e+00,5.189412777220957507e-01
-2.381062150223631213e-01,-6.825260698707336093e-02,1.000000000000000000e+00,8.539928679317208005e-01,0.000000000000000000e+00,0.000000000000000000e+00,5.202847119815788846e-01
-2.362235945275100724e-01,-6.906132374524244499e-02,1.000000000000000000e+00,8.531737331933928470e-01,0.000000000000000000e+00,0.000000000000000000e+00,5.216268599188976784e-01
-2.343384401439815856e-01,-6.986411616725857199e-02,9.999999999999997780e-01,8.523524891171240236e-01,0.000000000000000000e+00,0.000000000000000000e+00,5.229677182158023463e-01
-2.324507705147572101e-01,-7.066097631401474510e-02,1.000000000000000000e+00,8.515291377333114031e-01,0.000000000000000000e+00,0.000000000000000000e+00,5.243072835572315515e-01
-2.305606043076912359e-01,-7.145189630506987299e-02,9.999999999999998890e-01,8.507036810775614466e-01,0.000000000000000000e+00,0.000000000000000000e+00,5.256455526313207338e-01
-2.286679602153277868e-01,-7.223686831872730418e-02,1.000000000000000000e+00,8.498761211906864510e-01,0.000000000000000000e+00,0.000000000000000000e+00,5.269825221294095474e-01
-2.267728569547148576e-01,-7.301588459211240389e-02,1.000000000000000000e+00,8.490464601186978877e-01,0.000000000000000000e+00,0.000000000000000000e+00,5.283181887460514092e-01
-2.248753132672208221e-01,-7.378893742124861821e-02,1.000000000000000000e+00,8.482146999128022946e-01,0.000000000000000000e+00,0.000000000000000000e+00,5.296525491790204931e-01
-2.229753479183478604e-01,-7.455601916113431538e-02,1.000000000000000000e+00,8.473808426293962803e-01,0.000000000000000000e+00,0.000000000000000000e+00,5.309856001293202787e-01
-2.210729796975470507e-01,-7.531712222581818383e-02,1.000000000000000000e+00,8.465448903300606398e-01,0.000000000000000000e+00,0.000000000000000000e+00,5.323173383011919890e-01
-2.191682274180322687e-01,-7.607223908847388083e-02,1.000000000000000000e+00,8.457068450815561356e-01,0.000000000000000000e+00,0.000000000000000000e+00,5.336477604021222509e-01
-2.172611099165941972e-01,-7.682136228147548596e-02,1.000000000000000000e+00,8.448667089558178356e-01,0.000000000000000000e+00,0.000000000000000000e+00,5.349768631428516441e-01
-2.153516460534142252e-01,-7.756448439646990156e-02,1.000000000000000000e+00,8.440244840299503393e-01,0.000000000000000000e+00,0.000000000000000000e+00,5.363046432373824723e-01
-2.134398547118777079e-01,-7.830159808445139036e-02,1.000000000000000000e+00,8.431801723862224485e-01,0.000000000000000000e+00,0.000000000000000000e+00,5.376310974029870904e-01
-2.115257547983869224e-01,-7.903269605583349011e-02,1.000000000000000000e+00,8.423337761120618383e-01,0.000000000000000000e+00,0.000000000000000000e+00,5.389562223602163415e-01
-2.096093652421750775e-01,-7.975777108052124753e-02,9.999999999999998890e-01,8.414852973000501724e-01,0.000000000000000000e+00,0.000000000000000000e+00,5.402800148329068852e-01
-2.076907049951180473e-01,-8.047681598798334113e-02,1.000000000000000000e+00,8.406347380479182174e-01,0.000000000000000000e+00,0.000000000000000000e+00,5.416024715481899676e-01
-2.057697930315475210e-01,-8.118982366732194200e-02,1.000000000000000000e+00,8.397821004585397375e-01,0.000000000000000000e+00,0.000000000000000000e+00,5.429235892364993044e-01
-2.038466483480633751e-01,-8.189678706734383751e-02,1.000000000000000000e+00,8.389273866399273860e-01,0.000000000000000000e+00,0.000000000000000000e+00,5.442433646315789630e-01
-2.019212899633452407e-01,-8.259769919662998672e-02,1.000000000000000000e+00,8.380705987052264883e-01,0.000000000000000000e+00,0.000000000000000000e+00,5.455617944704919120e-01
-1.999937369179657365e-01,-8.329255312360414609e-02,1.000000000000000000e+00,8.372117387727107118e-01,0.000000000000000000e+00,0.000000000000000000e+00,5.468788754936273477e-01
-1.980640082741999541e-01,-8.398134197660243883e-02,1.000000000000000000e+00,8.363508089657761824e-01,0.000000000000000000e+00,0.000000000000000000e+00,5.481946044447097988e-01
-1.961321231158396072e-01,-8.466405894394020415e-02,1.000000000000000000e+00,8.354878114129363764e-01,0.000000000000000000e+00,0.000000000000000000e+00,5.495089780708060090e-01
-1.941981005480020728e-01,-8.534069727397999849e-02,1.000000000000000000e+00,8.346227482478173476e-01,0.000000000000000000e+00,0.000000000000000000e+00,5.508219931223339305e-01
-1.922619596969427913e-01,-8.601125027519851418e-02,1.000000000000000000e+00,8.337556216091516204e-01,0.000000000000000000e+00,0.000000000000000000e+00,5.521336463530701621e-01
-1.903237197098655020e-01,-8.667571131625245728e-02,1.000000000000000000e+00,8.328864336407735269e-01,0.000000000000000000e+00,0.000000000000000000e+00,5.534439345201583871e-01
-1.883833997547329220e-01,-8.733407382604357894e-02,1.000000000000000000e+00,8.320151864916136564e-01,0.000000000000000000e+00,0.000000000000000000e+00,5.547528543841170334e-01
-1.864410190200777862e-01,-8.798633129378499729e-02,1.000000000000000000e+00,8.311418823156936364e-01,0.000000000000000000e+00,0.000000000000000000e+00,5.560604027088474899e-01
-1.844965967148121389e-01,-8.863247726906439694e-02,1.000000000000000000e+00,8.302665232721208044e-01,0.000000000000000000e+00,0.000000000000000000e+00,5.573665762616420993e-01
-1.825501520680382905e-01,-8.927250536190806107e-02,9.999999999999998890e-01,8.293891115250828783e-01,0.000000000000000000e+00,0.000000000000000000e+00,5.586713718131918194e-01
-1.806017043288577206e-01,-8.990640924284484803e-02,1.000000000000000000e+00,8.285096492438421834e-01,0.000000000000000000e+00,0.000000000000000000e+00,5.599747861375953262e-01
-1.786512727661817568e-01,-9.053418264296769769e-02,1.000000000000000000e+00,8.276281386027312115e-01,0.000000000000000000e+00,0.000000000000000000e+00,5.612768160123651207e-01
-1.766988766685402834e-01,-9.115581935399610924e-02,1.000000000000000000e+00,8.267445817811464037e-01,0.000000000000000000e+00,0.000000000000000000e+00,5.625774582184370765e-01
-1.747445353438909499e-01,-9.177131322833800842e-02,1.000000000000000000e+00,8.258589809635431545e-01,0.000000000000000000e+00,0.000000000000000000e+00,5.638767095401778784e-01
-1.727882681194288228e-01,-9.238065817914928313e-02,1.000000000000000000e+00,8.249713383394301491e-01,0.000000000000000000e+00,0.000000000000000000e+00,5.651745667653927940e-01
-1.708300943413947892e-01,-9.298384818039570621e-02,1.000000000000000000e+00,8.240816561033643683e-01,0.000000000000000000e+00,0.000000000000000000e+00,5.664710266853338894e-01
-1.688700333748840987e-01,-9.358087726691083352e-02,1.000000000000000000e+00,8.231899364549453146e-01,0.000000000000000000e+00,0.000000000000000000e+00,5.677660860947078003e-01
-1.669081046036552940e-01,-9.417173953445609480e-02,1.000000000000000000e+00,8.222961815988094614e-01,0.000000000000000000e+00,0.000000000000000000e+00,5.690597417916837264e-01
-1.649443274299385032e-01,-9.475642913977905257e-02,1.000000000000000000e+00,8.214003937446253678e-01,0.000000000000000000e+00,0.000000000000000000e+00,5.703519905779013133e-01
-1.629787212742429270e-01,-9.533494030067037051e-02,1.000000000000000000e+00,8.205025751070875728e-01,0.000000000000000000e+00,0.000000000000000000e+00,5.716428292584786464e-01
-1.610113055751655475e-01,-9.590726729602215561e-02,1.000000000000000000e+00,8.196027279059114878e-01,0.000000000000000000e+00,0.000000000000000000e+00,5.729322546420199114e-01
-1.590420997891988097e-01,-9.647340446588367757e-02,1.000000000000000000e+00,8.187008543658281789e-01,0.000000000000000000e+00,0.000000000000000000e+00,5.742202635406234990e-01
-1.570711233905374704e-01,-9.703334621151769868e-02,1.000000000000000000e+00,8.177969567165778164e-01,0.000000000000000000e+00,0.000000000000000000e+00,5.755068527698898873e-01
-1.550983958708866683e-01,-9.758708699545612375e-02,9.999999999999998890e-01,8.168910371929054559e-01,0.000000000000000000e+00,0.000000000000000000e+00,5.767920191489295245e-01
-1.531239367392693285e-01,-9.813462134155410965e-02,1.000000000000000000e+00,8.159830980345545992e-01,0.000000000000000000e+00,0.000000000000000000e+00,5.780757595003707117e-01
-1.511477655218324001e-01,-9.867594383504432742e-02,1.000000000000000000e+00,8.150731414862621982e-01,0.000000000000000000e+00,0.000000000000000000e+00,5.793580706503669298e-01
-1.491699017616550382e-01,-9.921104912259127995e-02,1.000000000000000000e+00,8.141611697977528816e-01,0.000000000000000000e+00,0.000000000000000000e+00,5.806389494286054997e-01
-1.471903650185538148e-01,-9.973993191234309386e-02,9.999999999999998890e-01,8.132471852237330712e-01,0.000000000000000000e+00,0.000000000000000000e+00,5.819183926683149100e-01
-1.452091748688902340e-01,-1.002625869739853653e-01,1.000000000000000000e+00,8.123311900238859851e-01,0.000000000000000000e+00,0.000000000000000000e+00,5.831963972062732537e-01
-1.432263509053770534e-01,-1.007790091387907039e-01,1.000000000000000000e+00,8.114131864628658652e-01,0.000000000000000000e+00,0.000000000000000000e+00,5.844729598828148909e-01
-1.412419127368846339e-01,-1.012891932996721756e-01,1.000000000000000000e+00,8.104931768102920930e-01,0.000000000000000000e+00,0.000000000000000000e+00,5.857480775418393293e-01
-1.392558799882463727e-01,-1.017931344112322084e-01,1.000000000000000000e+00,8.095711633407440821e-01,0.000000000000000000e+00,0.000000000000000000e+00,5.870217470308185526e-01
-1.372682723000651916e-01,-1.022908274898130382e-01,1.000000000000000000e+00,8.086471483337550614e-01,0.000000000000000000e+00,0.000000000000000000e+00,5.882939652008050135e-01
-1.352791093285193591e-01,-1.027822676135461966e-01,9.999999999999998890e-01,8.077211340738068568e-01,0.000000000000000000e+00,0.000000000000000000e+00,5.895647289064392949e-01
-1.332884107451676736e-01,-1.032674499224010695e-01,1.000000000000000000e+00,8.067931228503243402e-01,0.000000000000000000e+00,0.000000000000000000e+00,5.908340350059578805e-01
-1.312961962367552027e-01,-1.037463696182325257e-01,1.000000000000000000e+00,8.058631169576692121e-01,0.000000000000000000e+00,0.000000000000000000e+00,5.921018803612010384e-01
-1.293024855050186050e-01,-1.042190219648285732e-01,1.000000000000000222e+00,8.049311186951348951e-01,0.000000000000000000e+00,0.000000000000000000e+00,5.933682618376203699e-01
-1.273072982664915365e-01,-1.046854022879577933e-01,1.000000000000000000e+00,8.039971303669405378e-01,0.000000000000000000e+00,0.000000000000000000e+00,5.946331763042865814e-01
-1.253106542523085842e-01,-1.051455059754150684e-01,1.000000000000000000e+00,8.030611542822256865e-01,0.000000000000000000e+00,0.000000000000000000e+00,5.958966206338977001e-01
-1.233125732080115611e-01,-1.055993284770669199e-01,1.000000000000000222e+00,8.021231927550438456e-01,0.000000000000000000e+00,0.000000000000000000e+00,5.971585917027861790e-01
-1.213130748933538006e-01,-1.060468653048966398e-01,9.999999999999998890e-01,8.011832481043574816e-01,0.000000000000000000e+00,0.000000000000000000e+00,5.984190863909267799e-01
-1.193121790821035089e-01,-1.064881120330494618e-01,1.000000000000000000e+00,8.002413226540321389e-01,0.000000000000000000e+00,0.000000000000000000e+00,5.996781015819447891e-01
-1.173099055618503639e-01,-1.069230642978754725e-01,1.000000000000000000e+00,7.992974187328302227e-01,0.000000000000000000e+00,0.000000000000000000e+00,6.009356341631229004e-01
-1.153062741338082564e-01,-1.073517177979726872e-01,1.000000000000000000e+00,7.983515386744060027e-01,0.000000000000000000e+00,0.000000000000000000e+00,6.021916810254094310e-01
-1.133013046126198353e-01,-1.077740682942303491e-01,1.000000000000000000e+00,7.974036848172990632e-01,0.000000000000000000e+00,0.000000000000000000e+00,6.034462390634260931e-01
-1.112950168261605394e-01,-1.081901116098698545e-01,1.000000000000000000e+00,7.964538595049290848e-01,0.000000000000000000e+00,0.000000000000000000e+00,6.046993051754753212e-01
-1.092874306153429897e-01,-1.085998436304873305e-01,1.000000000000000000e+00,7.955020650855899600e-01,0.000000000000000000e+00,0.000000000000000000e+00,6.059508762635480439e-01
-1.072785658339201059e-01,-1.090032603040928250e-01,9.999999999999998890e-01,7.945483039124436875e-01,0.000000000000000000e+00,0.000000000000000000e+00,6.072009492333315661e-01
-1.052684423482892068e-01,-1.094003576411521628e-01,1.000000000000000000e+00,7.935925783435149317e-01,0.000000000000000000e+00,0.000000000000000000e+00,6.084495209942170080e-01
-1.032570800372955289e-01,-1.097911317146242488e-01,1.000000000000000000e+00,7.926348907416848055e-01,0.000000000000000000e+00,0.000000000000000000e+00,6.096965884593068541e-01
-1.012444987920350092e-01,-1.101755786600017578e-01,1.000000000000000000e+00,7.916752434746854306e-01,0.000000000000000000e+00,0.000000000000000000e+00,6.109421485454229472e-01
-9.923071851565873347e-02,-1.105536946753486460e-01,1.000000000000000000e+00,7.907136389150938305e-01,0.000000000000000000e+00,0.000000000000000000e+00,6.121861981731135938e-01
-9.721575912317481638e-02,-1.109254760213371771e-01,1.000000000000000000e+00,7.897500794403260471e-01,0.000000000000000000e+00,0.000000000000000000e+00,6.134287342666617793e-01
-9.519964054125265585e-02,-1.112909190212863220e-01,1.000000000000000000e+00,7.887845674326314782e-01,0.000000000000000000e+00,0.000000000000000000e+00,6.146697537540922740e-01
-9.318238270802475798e-02,-1.116500200611968002e-01,9.999999999999998890e-01,7.878171052790867712e-01,0.000000000000000000e+00,0.000000000000000000e+00,6.159092535671795154e-01
-9.116400557289036644e-02,-1.120027755897869959e-01,1.000000000000000000e+00,7.868476953715900502e-01,0.000000000000000000e+00,0.000000000000000000e+00,6.171472306414551579e-01
-8.914452909631799538e-02,-1.123491821185288037e-01,1.000000000000000000e+00,7.858763401068549204e-01,0.000000000000000000e+00,0.000000000000000000e+00,6.183836819162152887e-01
-8.712397324964782364e-02,-1.126892362216816712e-01,1.000000000000000000e+00,7.849030418864044734e-01,0.000000000000000000e+00,0.000000000000000000e+00,6.196186043345286443e-01
-8.510235801489444973e-02,-1.130229345363265026e-01,1.000000000000000000e+00,7.839278031165657357e-01,0.000000000000000000e+00,0.000000000000000000e+00,6.208519948432436042e-01
-8.307970338454877257e-02,-1.133502737623987150e-01,1.000000000000000000e+00,7.829506262084632295e-01,0.000000000000000000e+00,0.000000000000000000e+00,6.220838503929959629e-01
-8.105602936138131542e-02,-1.136712506627212266e-01,1.000000000000000000e+00,7.819715135780130888e-01,0.000000000000000000e+00,0.000000000000000000e+00,6.233141679382165901e-01
-7.903135595824277437e-02,-1.139858620630361669e-01,9.999999999999998890e-01,7.809904676459175077e-01,0.000000000000000000e+00,0.000000000000000000e+00,6.245429444371387584e-01
-7.700570319786799456e-02,-1.142941048520365738e-01,1.000000000000000000e+00,7.800074908376583016e-01,0.000000000000000000e+00,0.000000000000000000e+00,6.257701768518059149e-01
-7.497909111267699045e-02,-1.145959759813969941e-01,1.000000000000000000e+00,7.790225855834911339e-01,0.000000000000000000e+00,0.000000000000000000e+00,6.269958621480784533e-01
-7.295153974457634083e-02,-1.148914724658035152e-01,9.999999999999998890e-01,7.780357543184395208e-01,0.000000000000000000e+00,0.000000000000000000e+00,6.282199972956422629e-01
-7.092306914476151358e-02,-1.151805913829838934e-01,1.000000000000000000e+00,7.770469994822885029e-01,0.000000000000000000e+00,0.000000000000000000e+00,6.294425792680158338e-01
-6.889369937351938478e-02,-1.154633298737352126e-01,1.000000000000000000e+00,7.760563235195789833e-01,0.000000000000000000e+00,0.000000000000000000e+00,6.306636050425571405e-01
-6.686345050002823198e-02,-1.157396851419533051e-01,1.000000000000000000e+00,7.750637288796017321e-01,0.000000000000000000e+00,0.000000000000000000e+00,6.318830716004720793e-01
-6.483234260216047540e-02,-1.160096544546602715e-01,1.000000000000000000e+00,7.740692180163907254e-01,0.000000000000000000e+00,0.000000000000000000e+00,6.331009759268212411e-01
-6.280039576628387854e-02,-1.162732351420309451e-01,1.000000000000000000e+00,7.730727933887178160e-01,0.000000000000000000e+00,0.000000000000000000e+00,6.343173150105275715e-01
-6.076763008706219382e-02,-1.165304245974194686e-01,1.000000000000000000e+00,7.720744574600862942e-01,0.000000000000000000e+00,0.000000000000000000e+00,6.355320858443840315e-01
-5.873406566725801470e-02,-1.167812202773856473e-01,1.000000000000000000e+00,7.710742126987247813e-01,0.000000000000000000e+00,0.000000000000000000e+00,6.367452854250604810e-01
-5.669972261753176979e-02,-1.170256197017189997e-01,1.000000000000000000e+00,7.700720615775812350e-01,0.000000000000000000e+00,0.000000000000000000e+00,6.379569107531117833e-01
-5.466462105624483175e-02,-1.172636204534650006e-01,9.999999999999998890e-01,7.690680065743168425e-01,0.000000000000000000e+00,0.000000000000000000e+00,6.391669588329847995e-01
-5.262878110925952452e-02,-1.174952201789470629e-01,9.999999999999998890e-01,7.680620501712995818e-01,0.000000000000000000e+00,0.000000000000000000e+00,6.403754266730259381e-01
-5.059222290974052516e-02,-1.177204165877910463e-01,1.000000000000000000e+00,7.670541948555987810e-01,0.000000000000000000e+00,0.000000000000000000e+00,6.415823112854882604e-01
-4.855496659795553727e-02,-1.179392074529469342e-01,9.999999999999998890e-01,7.660444431189781245e-01,0.000000000000000000e+00,0.000000000000000000e+00,6.427876096865391409e-01
-4.651703232107566588e-02,-1.181515906107126340e-01,1.000000000000000000e+00,7.650327974578899903e-01,0.000000000000000000e+00,0.000000000000000000e+00,6.439913188962682611e-01
-4.447844023297731209e-02,-1.183575639607533647e-01,1.000000000000000000e+00,7.640192603734693444e-01,0.000000000000000000e+00,0.000000000000000000e+00,6.451934359386933826e-01
-4.243921049404183327e-02,-1.185571254661232782e-01,1.000000000000000000e+00,7.630038343715273008e-01,0.000000000000000000e+00,0.000000000000000000e+00,6.463939578417692289e-01
-4.039936327095677848e-02,-1.187502731532859429e-01,1.000000000000000000e+00,7.619865219625451269e-01,0.000000000000000000e+00,0.000000000000000000e+00,6.475928816373940355e-01
-3.835891873651619405e-02,-1.189370051121331345e-01,1.000000000000000000e+00,7.609673256616675818e-01,0.000000000000000000e+00,0.000000000000000000e+00,6.487902043614172110e-01
-3.631789706942074869e-02,-1.191173194960046394e-01,1.000000000000000000e+00,7.599462479886975874e-01,0.000000000000000000e+00,0.000000000000000000e+00,6.499859230536465526e-01
-3.427631845407893424e-02,-1.192912145217055742e-01,1.000000000000000000e+00,7.589232914680889008e-01,0.000000000000000000e+00,0.000000000000000000e+00,6.511800347578556858e-01
-3.223420308040725324e-02,-1.194586884695243156e-01,1.000000000000000000e+00,7.578984586289410075e-01,0.000000000000000000e+00,0.000000000000000000e+00,6.523725365217909467e-01
-3.019157114363038921e-02,-1.196197396832502508e-01,1.000000000000000000e+00,7.568717520049917935e-01,0.000000000000000000e+00,0.000000000000000000e+00,6.535634253971791541e-01
-2.814844284408083222e-02,-1.197743665701888199e-01,1.000000000000000000e+00,7.558431741346121058e-01,0.000000000000000000e+00,0.000000000000000000e+00,6.547526984397349370e-01
-2.610483838700065895e-02,-1.199225676011785174e-01,1.000000000000000000e+00,7.548127275607988684e-01,0.000000000000000000e+00,0.000000000000000000e+00,6.559403527091676178e-01
-2.406077798234050255e-02,-1.200643413106051438e-01,1.000000000000000000e+00,7.537804148311695318e-01,0.000000000000000000e+00,0.000000000000000000e+00,6.571263852691885399e-01
-2.201628184456010107e-02,-1.201996862964165302e-01,1.000000000000000000e+00,7.527462384979548560e-01,0.000000000000000000e+00,0.000000000000000000e+00,6.583107931875187280e-01
-1.997137019242783626e-02,-1.203286012201369576e-01,1.000000000000000000e+00,7.517102011179932486e-01,0.000000000000000000e+00,0.000000000000000000e+00,6.594935735358958828e-01
-1.792606324882182328e-02,-1.204510848068792994e-01,1.000000000000000000e+00,7.506723052527243256e-01,0.000000000000000000e+00,0.000000000000000000e+00,6.606747233900813754e-01
-1.588038124052921010e-02,-1.205671358453593578e-01,1.000000000000000000e+00,7.496325534681825831e-01,0.000000000000000000e+00,0.000000000000000000e+00,6.618542398298680185e-01
-1.383434439804643798e-02,-1.206767531879053557e-01,1.000000000000000000e+00,7.485909483349906246e-01,0.000000000000000000e+00,0.000000000000000000e+00,6.630321199390866171e-01
-1.178797295537861375e-02,-1.207799357504717591e-01,1.000000000000000000e+00,7.475474924283536104e-01,0.000000000000000000e+00,0.000000000000000000e+00,6.642083608056139621e-01
-9.741287149840172771e-03,-1.208766825126483535e-01,1.000000000000000000e+00,7.465021883280520409e-01,0.000000000000000000e+00,0.000000000000000000e+00,6.653829595213793802e-01
-7.694307221854459339e-03,-1.209669925176709848e-01,1.000000000000000000e+00,7.454550386184362054e-01,0.000000000000000000e+00,0.000000000000000000e+00,6.665559131823719508e-01
-5.647053414753109429e-03,-1.210508648724313296e-01,1.000000000000000000e+00,7.444060458884190767e-01,0.000000000000000000e+00,0.000000000000000000e+00,6.677272188886483884e-01
-3.599545974576578294e-03,-1.211282987474847500e-01,9.999999999999998890e-01,7.433552127314702052e-01,0.000000000000000000e+00,0.000000000000000000e+00,6.688968737443392598e-01
-1.551805149873488471e-03,-1.211992933770597303e-01,1.000000000000000000e+00,7.423025417456093900e-01,0.000000000000000000e+00,0.000000000000000000e+00,6.700648748576572000e-01
4.961488084995815950e-04,-1.212638480590640805e-01,1.000000000000000000e+00,7.412480355334002402e-01,0.000000000000000000e+00,0.000000000000000000e+00,6.712312193409026850e-01
2.544295647578097286e-03,-1.213219621550934435e-01,1.000000000000000000e+00,7.401916967019435134e-01,0.000000000000000000e+00,0.000000000000000000e+00,6.723959043104725808e-01
4.592615112489806944e-03,-1.213736350904356109e-01,9.999999999999998890e-01,7.391335278628711203e-01,0.000000000000000000e+00,0.000000000000000000e+00,6.735589268868658053e-01
6.641086946656288986e-03,-1.214188663540787388e-01,1.000000000000000000e+00,7.380735316323390194e-01,0.000000000000000000e+00,0.000000000000000000e+00,6.747202841946925433e-01
8.689690891991428551e-03,-1.214576554987141510e-01,1.000000000000000000e+00,7.370117106310213329e-01,0.000000000000000000e+00,0.000000000000000000e+00,6.758799733626790207e-01
1.073840668910285359e-02,-1.214900021407417235e-01,1.000000000000000000e+00,7.359480674841034631e-01,0.000000000000000000e+00,0.000000000000000000e+00,6.770379915236762747e-01
1.278721407749170563e-02,-1.215159059602734792e-01,1.000000000000000000e+00,7.348826048212759865e-01,0.000000000000000000e+00,0.000000000000000000e+00,6.781943358146662604e-01
1.483609279575440545e-02,-1.215353667011377647e-01,1.000000000000000000e+00,7.338153252767277701e-01,0.000000000000000000e+00,0.000000000000000000e+00,6.793490033767697334e-01
1.688502258178060933e-02,-1.215483841708795004e-01,1.000000000000000000e+00,7.327462314891398654e-01,0.000000000000000000e+00,0.000000000000000000e+00,6.805019913552523558e-01
1.893398317295590452e-02,-1.215549582407646212e-01,1.000000000000000000e+00,7.316753261016784027e-01,0.000000000000000000e+00,0.000000000000000000e+00,6.816532968995328012e-01
2.098295430636068146e-02,-1.215550888457795214e-01,1.000000000000000000e+00,7.306026117619888183e-01,0.000000000000000000e+00,0.000000000000000000e+00,6.828029171631889715e-01
2.303191571897144838e-02,-1.215487759846326926e-01,1.000000000000000000e+00,7.295280911221885267e-01,0.000000000000000000e+00,0.000000000000000000e+00,6.839508493039655468e-01
2.508084714786101149e-02,-1.215360197197543346e-01,1.000000000000000000e+00,7.284517668388609257e-01,0.000000000000000000e+00,0.000000000000000000e+00,6.850970904837808684e-01
2.712972833039772533e-02,-1.215168201772956758e-01,1.000000000000000000e+00,7.273736415730487348e-01,0.000000000000000000e+00,0.000000000000000000e+00,6.862416378687336005e-01
2.917853900444797657e-02,-1.214911775471283345e-01,1.000000000000000000e+00,7.262937179902471119e-01,0.000000000000000000e+00,0.000000000000000000e+00,6.873844886291102796e-01
3.122725890857469544e-02,-1.214590920828411691e-01,9.999999999999998890e-01,7.252119987603973250e-01,0.000000000000000000e+00,0.000000000000000000e+00,6.885256399393920868e-01
3.327586778223902420e-02,-1.214205641017395004e-01,1.000000000000000000e+00,7.241284865578802021e-01,0.000000000000000000e+00,0.000000000000000000e+00,6.896650889782618421e-01
3.532434536599973057e-02,-1.213755939848402826e-01,1.000000000000000000e+00,7.230431840615093586e-01,0.000000000000000000e+00,0.000000000000000000e+00,6.908028329286108882e-01
3.737267140171404711e-02,-1.213241821768695494e-01,1.000000000000000000e+00,7.219560939545245359e-01,0.000000000000000000e+00,0.000000000000000000e+00,6.919388689775460843e-01
3.942082563273804907e-02,-1.212663291862574738e-01,1.000000000000000000e+00,7.208672189245851625e-01,0.000000000000000000e+00,0.000000000000000000e+00,6.930731943163970232e-01
4.146878780412666110e-02,-1.212020355851333858e-01,1.000000000000000000e+00,7.197765616637635810e-01,0.000000000000000000e+00,0.000000000000000000e+00,6.942058061407224701e-01
4.351653766283399005e-02,-1.211313020093200549e-01,9.999999999999998890e-01,7.186841248685383876e-01,0.000000000000000000e+00,0.000000000000000000e+00,6.953367016503178011e-01
4.556405495791464311e-02,-1.210541291583278611e-01,1.000000000000000000e+00,7.175899112397878810e-01,0.000000000000000000e+00,0.000000000000000000e+00,6.964658780492216650e-01
4.761131944072204136e-02,-1.209705177953471350e-01,1.000000000000000000e+00,7.164939234827832903e-01,0.000000000000000000e+00,0.000000000000000000e+00,6.975933325457228662e-01
4.965831086511034165e-02,-1.208804687472412182e-01,1.000000000000000000e+00,7.153961643071820031e-01,0.000000000000000000e+00,0.000000000000000000e+00,6.987190623523673594e-01
5.170500898763406850e-02,-1.207839829045380398e-01,1.000000000000000000e+00,7.142966364270210144e-01,0.000000000000000000e+00,0.000000000000000000e+00,6.998430646859652438e-01
5.375139356774820409e-02,-1.206810612214212763e-01,1.000000000000000000e+00,7.131953425607101549e-01,0.000000000000000000e+00,0.000000000000000000e+00,7.009653367675974245e-01
5.579744436800818108e-02,-1.205717047157210536e-01,1.000000000000000000e+00,7.120922854310255401e-01,0.000000000000000000e+00,0.000000000000000000e+00,7.020858758226224960e-01
5.784314115427098557e-02,-1.204559144689038575e-01,1.000000000000000000e+00,7.109874677651023545e-01,0.000000000000000000e+00,0.000000000000000000e+00,7.032046790806838477e-01
5.988846369589420626e-02,-1.203336916260615286e-01,1.000000000000000000e+00,7.098808922944286337e-01,0.000000000000000000e+00,0.000000000000000000e+00,7.043217437757163246e-01
6.193339176593631173e-02,-1.202050373959006185e-01,1.000000000000000000e+00,7.087725617548382706e-01,0.000000000000000000e+00,0.000000000000000000e+00,7.054370671459531117e-01
6.397790514135678897e-02,-1.200699530507296220e-01,1.000000000000000000e+00,7.076624788865044646e-01,0.000000000000000000e+00,0.000000000000000000e+00,7.065506464339322834e-01
6.602198360321666348e-02,-1.199284399264470002e-01,1.000000000000000000e+00,7.065506464339323944e-01,0.000000000000000000e+00,0.000000000000000000e+00,7.076624788865043536e-01
6.806560693687778441e-02,-1.197804994225277753e-01,1.000000000000000000e+00,7.054370671459532227e-01,0.000000000000000000e+00,0.000000000000000000e+00,7.087725617548381596e-01
7.010875493220289356e-02,-1.196261330020093189e-01,1.000000000000000000e+00,7.043217437757164356e-01,0.000000000000000000e+00,0.000000000000000000e+00,7.098808922944285227e-01
7.215140738375515339e-02,-1.194653421914780578e-01,1.000000000000000000e+00,7.032046790806839587e-01,0.000000000000000000e+00,0.000000000000000000e+00,7.109874677651022434e-01
7.419354409099900016e-02,-1.192981285810524872e-01,1.000000000000000000e+00,7.020858758226226071e-01,0.000000000000000000e+00,0.000000000000000000e+00,7.120922854310254291e-01
7.623514485849855471e-02,-1.191244938243692791e-01,1.000000000000000000e+00,7.009653367675975355e-01,0.000000000000000000e+00,0.000000000000000000e+00,7.131953425607100439e-01
7.827618949611900301e-02,-1.189444396385659353e-01,1.000000000000000000e+00,6.998430646859653548e-01,0.000000000000000000e+00,0.000000000000000000e+00,7.142966364270209034e-01
8.031665781922439629e-02,-1.187579678042640918e-01,1.000000000000000000e+00,6.987190623523674704e-01,0.000000000000000000e+00,0.000000000000000000e+00,7.153961643071818921e-01
8.235652964887842098e-02,-1.185650801655517700e-01,1.000000000000000000e+00,6.975933325457229772e-01,0.000000000000000000e+00,0.000000000000000000e+00,7.164939234827831793e-01
8.439578481204372540e-02,-1.183657786299650294e-01,9.999999999999998890e-01,6.964658780492217760e-01,0.000000000000000000e+00,0.000000000000000000e+00,7.175899112397877699e-01
8.643440314178178763e-02,-1.181600651684698300e-01,1.000000000000000000e+00,6.953367016503179121e-01,0.000000000000000000e+00,0.000000000000000000e+00,7.186841248685382766e-01
8.847236447745149279e-02,-1.179479418154416731e-01,1.000000000000000000e+00,6.942058061407225811e-01,0.000000000000000000e+00,0.000000000000000000e+00,7.197765616637634700e-01
9.050964866490879279e-02,-1.177294106686457842e-01,1.000000000000000000e+00,6.930731943163971343e-01,0.000000000000000000e+00,0.000000000000000000e+00,7.208672189245850515e-01
9.254623555670700441e-02,-1.175044738892163515e-01,1.000000000000000222e+00,6.919388689775463064e-01,0.000000000000000000e+00,0.000000000000000000e+00,7.219560939545244249e-01
9.458210501229442901e-02,-1.172731337016352515e-01,1.000000000000000000e+00,6.908028329286109992e-01,0.000000000000000000e+00,0.000000000000000000e+00,7.230431840615092476e-01
9.661723689821472005e-02,-1.170353923937103302e-01,9.999999999999998890e-01,6.896650889782619531e-01,0.000000000000000000e+00,0.000000000000000000e+00,7.241284865578800911e-01
9.865161108830608483e-02,-1.167912523165521160e-01,9.999999999999998890e-01,6.885256399393921978e-01,0.000000000000000000e+00,0.000000000000000000e+00,7.252119987603972140e-01
1.006852074638988903e-01,-1.165407158845509078e-01,1.000000000000000000e+00,6.873844886291103906e-01,0.000000000000000000e+00,0.000000000000000000e+00,7.262937179902470008e-01
1.027180059140162388e-01,-1.162837855753529465e-01,1.000000000000000000e+00,6.862416378687337115e-01,0.000000000000000000e+00,0.000000000000000000e+00,7.273736415730486238e-01
1.047499863355723509e-01,-1.160204639298357959e-01,1.000000000000000000e+00,6.850970904837808684e-01,0.000000000000000000e+00,0.000000000000000000e+00,7.284517668388609257e-01
1.067811286335702825e-01,-1.157507535520834879e-01,1.000000000000000000e+00,6.839508493039656578e-01,0.000000000000000000e+00,0.000000000000000000e+00,7.295280911221884157e-01
1.088114127213027915e-01,-1.154746571093605151e-01,1.000000000000000000e+00,6.828029171631890826e-01,0.000000000000000000e+00,0.000000000000000000e+00,7.306026117619887073e-01
1.108408185205488339e-01,-1.151921773320849773e-01,1.000000000000000000e+00,6.816532968995329123e-01,0.000000000000000000e+00,0.000000000000000000e+00,7.316753261016782917e-01
1.128693259617741251e-01,-1.149033170138030469e-01,1.000000000000000000e+00,6.805019913552525779e-01,0.000000000000000000e+00,0.000000000000000000e+00,7.327462314891395323e-01
1.148969149843275528e-01,-1.146080790111593667e-01,1.000000000000000000e+00,6.793490033767697334e-01,0.000000000000000000e+00,0.000000000000000000e+00,7.338153252767276591e-01
1.169235655366412246e-01,-1.143064662438709744e-01,1.000000000000000000e+00,6.781943358146663714e-01,0.000000000000000000e+00,0.000000000000000000e+00,7.348826048212759865e-01
1.189492575764274501e-01,-1.139984816946960910e-01,1.000000000000000000e+00,6.770379915236763857e-01,0.000000000000000000e+00,0.000000000000000000e+00,7.359480674841033521e-01
1.209739710708784555e-01,-1.136841284094065874e-01,1.000000000000000000e+00,6.758799733626791317e-01,0.000000000000000000e+00,0.000000000000000000e+00,7.370117106310212218e-01
1.229976859968627684e-01,-1.133634094967568839e-01,1.000000000000000000e+00,6.747202841946926544e-01,0.000000000000000000e+00,0.000000000000000000e+00,7.380735316323389084e-01
1.250203823411253912e-01,-1.130363281284532673e-01,1.000000000000000000e+00,6.735589268868660273e-01,0.000000000000000000e+00,0.000000000000000000e+00,7.391335278628710093e-01
1.270420401004831168e-01,-1.127028875391231366e-01,1.000000000000000222e+00,6.723959043104725808e-01,0.000000000000000000e+00,0.000000000000000000e+00,7.401916967019435134e-01
1.290626392820241053e-01,-1.123630910262817112e-01,1.000000000000000000e+00,6.712312193409029071e-01,0.000000000000000000e+00,0.000000000000000000e+00,7.412480355334000182e-01
1.310821599033059615e-01,-1.120169419503011105e-01,1.000000000000000000e+00,6.700648748576574221e-01,0.000000000000000000e+00,0.000000000000000000e+00,7.423025417456091679e-01
1.331005819925515365e-01,-1.116644437343759372e-01,1.000000000000000000e+00,6.688968737443394819e-01,0.000000000000000000e+00,0.000000000000000000e+00,7.433552127314700941e-01
1.351178855888473807e-01,-1.113055998644897071e-01,1.000000000000000000e+00,6.677272188886484994e-01,0.000000000000000000e+00,0.000000000000000000e+00,7.444060458884189657e-01
1.371340507423423061e-01,-1.109404138893803626e-01,1.000000000000000000e+00,6.665559131823720618e-01,0.000000000000000000e+00,0.000000000000000000e+00,7.454550386184360944e-01
1.391490575144431474e-01,-1.105688894205055922e-01,1.000000000000000000e+00,6.653829595213793802e-01,0.000000000000000000e+00,0.000000000000000000e+00,7.465021883280520409e-01
1.411628859780116041e-01,-1.101910301320062485e-01,1.000000000000000000e+00,6.642083608056140731e-01,0.000000000000000000e+00,0.000000000000000000e+00,7.475474924283534994e-01
1.431755162175629981e-01,-1.098068397606708629e-01,9.999999999999998890e-01,6.630321199390867282e-01,0.000000000000000000e+00,0.000000000000000000e+00,7.485909483349905136e-01
1.451869283294624502e-01,-1.094163221058984253e-01,1.000000000000000000e+00,6.618542398298681295e-01,0.000000000000000000e+00,0.000000000000000000e+00,7.496325534681824720e-01
1.471971024221206403e-01,-1.090194810296604977e-01,1.000000000000000000e+00,6.606747233900814864e-01,0.000000000000000000e+00,0.000000000000000000e+00,7.506723052527243256e-01
1.492060186161921764e-01,-1.086163204564632584e-01,1.000000000000000000e+00,6.594935735358961049e-01,0.000000000000000000e+00,0.000000000000000000e+00,7.517102011179930265e-01
1.512136570447715211e-01,-1.082068443733089219e-01,1.000000000000000000e+00,6.583107931875188390e-01,0.000000000000000000e+00,0.000000000000000000e+00,7.527462384979547450e-01
1.532199978535892793e-01,-1.077910568296561594e-01,1.000000000000000000e+00,6.571263852691886509e-01,0.000000000000000000e+00,0.000000000000000000e+00,7.537804148311694208e-01
1.552250212012085961e-01,-1.073689619373795895e-01,1.000000000000000000e+00,6.559403527091677288e-01,0.000000000000000000e+00,0.000000000000000000e+00,7.548127275607988684e-01
1.572287072592212787e-01,-1.069405638707295048e-01,1.000000000000000000e+00,6.547526984397350480e-01,0.000000000000000000e+00,0.000000000000000000e+00,7.558431741346119948e-01
1.592310362124444434e-01,-1.065058668662912794e-01,1.000000000000000000e+00,6.535634253971792651e-01,0.000000000000000000e+00,0.000000000000000000e+00,7.568717520049916825e-01
1.612319882591164710e-01,-1.060648752229419733e-01,1.000000000000000000e+00,6.523725365217910577e-01,0.000000000000000000e+00,0.000000000000000000e+00,7.578984586289408965e-01
1.632315436110912399e-01,-1.056175933018090596e-01,9.999999999999998890e-01,6.511800347578557968e-01,0.000000000000000000e+00,0.000000000000000000e+00,7.589232914680887898e-01
1.652296824940364117e-01,-1.051640255262267509e-01,1.000000000000000000e+00,6.499859230536466637e-01,0.000000000000000000e+00,0.000000000000000000e+00,7.599462479886974764e-01
1.672263851476268048e-01,-1.047041763816924514e-01,9.999999999999998890e-01,6.487902043614173220e-01,0.000000000000000000e+00,0.000000000000000000e+00,7.609673256616674708e-01
1.692216318257410979e-01,-1.042380504158221255e-01,1.000000000000000000e+00,6.475928816373941466e-01,0.000000000000000000e+00,0.000000000000000000e+00,7.619865219625450159e-01
1.712154027966560077e-01,-1.037656522383057223e-01,1.000000000000000000e+00,6.463939578417693399e-01,0.000000000000000000e+00,0.000000000000000000e+00,7.630038343715271898e-01
1.732076783432426603e-01,-1.032869865208611709e-01,1.000000000000000000e+00,6.451934359386936046e-01,0.000000000000000000e+00,0.000000000000000000e+00,7.640192603734691223e-01
1.751984387631610185e-01,-1.028020579971887366e-01,1.000000000000000000e+00,6.439913188962683721e-01,0.000000000000000000e+00,0.000000000000000000e+00,7.650327974578898793e-01
1.771876643690538933e-01,-1.023108714629234473e-01,1.000000000000000222e+00,6.427876096865394739e-01,0.000000000000000000e+00,0.000000000000000000e+00,7.660444431189780135e-01
1.791753354887436200e-01,-1.018134317755882146e-01,1.000000000000000000e+00,6.415823112854883714e-01,0.000000000000000000e+00,0.000000000000000000e+00,7.670541948555986700e-01
1.811614324654244601e-01,-1.013097438545460804e-01,1.000000000000000000e+00,6.403754266730260492e-01,0.000000000000000000e+00,0.000000000000000000e+00,7.680620501712995818e-01
1.831459356578580278e-01,-1.007998126809502570e-01,1.000000000000000000e+00,6.391669588329849105e-01,0.000000000000000000e+00,0.000000000000000000e+00,7.690680065743167315e-01
1.851288254405679123e-01,-1.002836432976967757e-01,9.999999999999997780e-01,6.379569107531118943e-01,0.000000000000000000e+00,0.000000000000000000e+00,7.700720615775811240e-01
1.871100822040332734e-01,-9.976124080937304184e-02,1.000000000000000000e+00,6.367452854250605920e-01,0.000000000000000000e+00,0.000000000000000000e+00,7.710742126987246703e-01
1.890896863548825468e-01,-9.923261038220787533e-02,1.000000000000000000e+00,6.355320858443841425e-01,0.000000000000000000e+00,0.000000000000000000e+00,7.720744574600861831e-01
1.910676183160872899e-01,-9.869775724402056472e-02,1.000000000000000000e+00,6.343173150105276825e-01,0.000000000000000000e+00,0.000000000000000000e+00,7.730727933887177050e-01
1.930438585271561924e-01,-9.815668668416918652e-02,9.999999999999998890e-01,6.331009759268213521e-01,0.000000000000000000e+00,0.000000000000000000e+00,7.740692180163905034e-01
1.950183874443284504e-01,-9.760940405349791127e-02,9.999999999999998890e-01,6.318830716004721904e-01,0.000000000000000000e+00,0.000000000000000000e+00,7.750637288796015101e-01
1.969911855407666113e-01,-9.705591476428461484e-02,1.000000000000000000e+00,6.306636050425572515e-01,0.000000000000000000e+00,0.000000000000000000e+00,7.760563235195788723e-01
1.989622333067502247e-01,-9.649622429018700487e-02,1.000000000000000000e+00,6.294425792680159448e-01,0.000000000000000000e+00,0.000000000000000000e+00,7.770469994822883919e-01
2.009315112498678002e-01,-9.593033816618824761e-02,1.000000000000000000e+00,6.282199972956423739e-01,0.000000000000000000e+00,0.000000000000000000e+00,7.780357543184394098e-01
2.028989998952114016e-01,-9.535826198854333025e-02,1.000000000000000222e+00,6.269958621480785643e-01,0.000000000000000000e+00,0.000000000000000000e+00,7.790225855834911339e-01
2.048646797855667168e-01,-9.478000141472187057e-02,1.000000000000000000e+00,6.257701768518060259e-01,0.000000000000000000e+00,0.000000000000000000e+00,7.800074908376581906e-01
2.068285314816081244e-01,-9.419556216335395193e-02,9.999999999999998890e-01,6.245429444371388694e-01,0.000000000000000000e+00,0.000000000000000000e+00,7.809904676459173967e-01
2.087905355620891246e-01,-9.360495001417318273e-02,1.000000000000000000e+00,6.233141679382167011e-01,0.000000000000000000e+00,0.000000000000000000e+00,7.819715135780129778e-01
2.107506726240350181e-01,-9.300817080795838188e-02,1.000000000000000000e+00,6.220838503929960739e-01,0.000000000000000000e+00,0.000000000000000000e+00,7.829506262084631185e-01
2.127089232829344201e-01,-9.240523044647701301e-02,1.000000000000000000e+00,6.208519948432437152e-01,0.000000000000000000e+00,0.000000000000000000e+00,7.839278031165656246e-01
2.146652681729320500e-01,-9.179613489242624547e-02,9.999999999999998890e-01,6.196186043345287553e-01,0.000000000000000000e+00,0.000000000000000000e+00,7.849030418864043623e-01
2.166196879470189129e-01,-9.118089016937486191e-02,1.000000000000000000e+00,6.183836819162153997e-01,0.000000000000000000e+00,0.000000000000000000e+00,7.858763401068548093e-01
2.185721632772238965e-01,-9.055950236170216827e-02,1.000000000000000000e+00,6.171472306414552689e-01,0.000000000000000000e+00,0.000000000000000000e+00,7.868476953715899391e-01
2.205226748548061166e-01,-8.993197761453929073e-02,1.000000000000000000e+00,6.159092535671796265e-01,0.000000000000000000e+00,0.000000000000000000e+00,7.878171052790867712e-01
2.224712033904444053e-01,-8.929832213370732241e-02,1.000000000000000000e+00,6.146697537540923850e-01,0.000000000000000000e+00,0.000000000000000000e+00,7.887845674326313672e-01
2.244177296144282963e-01,-8.865854218565703826e-02,1.000000000000000000e+00,6.134287342666618903e-01,0.000000000000000000e+00,0.000000000000000000e+00,7.897500794403259361e-01
2.263622342768493445e-01,-8.801264409740586214e-02,1.000000000000000000e+00,6.121861981731135938e-01,0.000000000000000000e+00,0.000000000000000000e+00,7.907136389150938305e-01
2.283046981477911130e-01,-8.736063425647551395e-02,1.000000000000000000e+00,6.109421485454230583e-01,0.000000000000000000e+00,0.000000000000000000e+00,7.916752434746853195e-01
2.302451020175190766e-01,-8.670251911082953178e-02,1.000000000000000222e+00,6.096965884593070761e-01,0.000000000000000000e+00,0.000000000000000000e+00,7.926348907416846945e-01
2.321834266966710247e-01,-8.603830516880875412e-02,1.000000000000000000e+00,6.084495209942171190e-01,0.000000000000000000e+00,0.000000000000000000e+00,7.935925783435148206e-01
2.341196530164466605e-01,-8.536799899906763467e-02,1.000000000000000000e+00,6.072009492333316771e-01,0.000000000000000000e+00,0.000000000000000000e+00,7.945483039124436875e-01
2.360537618287961159e-01,-8.469160723050841999e-02,9.999999999999998890e-01,6.059508762635481549e-01,0.000000000000000000e+00,0.000000000000000000e+00,7.955020650855898490e-01
2.379857340066123539e-01,-8.400913655221635412e-02,1.000000000000000000e+00,6.046993051754754323e-01,0.000000000000000000e+00,0.000000000000000000e+00,7.964538595049289738e-01
2.399155504439166031e-01,-8.332059371339305132e-02,1.000000000000000000e+00,6.034462390634262041e-01,0.000000000000000000e+00,0.000000000000000000e+00,7.974036848172989522e-01
2.418431920560495663e-01,-8.262598552329029900e-02,1.000000000000000000e+00,6.021916810254095420e-01,0.000000000000000000e+00,0.000000000000000000e+00,7.983515386744058917e-01
2.437686397798592419e-01,-8.192531885114177903e-02,1.000000000000000000e+00,6.009356341631230114e-01,0.000000000000000000e+00,0.000000000000000000e+00,7.992974187328301117e-01
2.456918745738906062e-01,-8.121860062609609354e-02,1.000000000000000000e+00,5.996781015819449001e-01,0.000000000000000000e+00,0.000000000000000000e+00,8.002413226540320279e-01
2.476128774185718806e-01,-8.050583783714794495e-02,1.000000000000000000e+00,5.984190863909270020e-01,0.000000000000000000e+00,0.000000000000000000e+00,8.011832481043572596e-01
2.495316293164055732e-01,-7.978703753306873314e-02,1.000000000000000000e+00,5.971585917027861790e-01,0.000000000000000000e+00,0.000000000000000000e+00,8.021231927550438456e-01
2.514481112921528871e-01,-7.906220682233711106e-02,1.000000000000000000e+00,5.958966206338978111e-01,0.000000000000000000e+00,0.000000000000000000e+00,8.030611542822255755e-01
2.533623043930236518e-01,-7.833135287306827732e-02,1.000000000000000000e+00,5.946331763042866925e-01,0.000000000000000000e+00,0.000000000000000000e+00,8.039971303669404268e-01
2.552741896888645057e-01,-7.759448291294447630e-02,1.000000000000000000e+00,5.933682618376204809e-01,0.000000000000000000e+00,0.000000000000000000e+00,8.049311186951347841e-01
2.571837482723425827e-01,-7.685160422914108502e-02,1.000000000000000000e+00,5.921018803612011494e-01,0.000000000000000000e+00,0.000000000000000000e+00,8.058631169576691011e-01
2.590909612591361100e-01,-7.610272416825696051e-02,1.000000000000000000e+00,5.908340350059581025e-01,0.000000000000000000e+00,0.000000000000000000e+00,8.067931228503242291e-01
2.609958097881198147e-01,-7.534785013624061001e-02,1.000000000000000000e+00,5.895647289064395169e-01,0.000000000000000000e+00,0.000000000000000000e+00,8.077211340738067458e-01
2.628982750215509423e-01,-7.458698959831649988e-02,1.000000000000000000e+00,5.882939652008051246e-01,0.000000000000000000e+00,0.000000000000000000e+00,8.086471483337549504e-01
2.647983381452562734e-01,-7.382015007891284952e-02,1.000000000000000000e+00,5.870217470308186636e-01,0.000000000000000000e+00,0.000000000000000000e+00,8.095711633407439711e-01
2.666959803688176422e-01,-7.304733916158522022e-02,1.000000000000000000e+00,5.857480775418394403e-01,0.000000000000000000e+00,0.000000000000000000e+00,8.104931768102919820e-01
2.685911829257586203e-01,-7.226856448894294904e-02,1.000000000000000000e+00,5.844729598828150019e-01,0.000000000000000000e+00,0.000000000000000000e+00,8.114131864628657542e-01
2.704839270737287027e-01,-7.148383376257344546e-02,1.000000000000000000e+00,5.831963972062733648e-01,0.000000000000000000e+00,0.000000000000000000e+00,8.123311900238859851e-01
2.723741940946901030e-01,-7.069315474296478108e-02,9.999999999999997780e-01,5.819183926683151320e-01,0.000000000000000000e+00,0.000000000000000000e+00,8.132471852237328491e-01
2.742619652951025500e-01,-6.989653524943116591e-02,1.000000000000000000e+00,5.806389494286056108e-01,0.000000000000000000e+00,0.000000000000000000e+00,8.141611697977527706e-01
2.761472220061066962e-01,-6.909398316003306784e-02,1.000000000000000000e+00,5.793580706503670408e-01,0.000000000000000000e+00,0.000000000000000000e+00,8.150731414862620872e-01
2.780299455837112466e-01,-6.828550641150157863e-02,9.999999999999998890e-01,5.780757595003708227e-01,0.000000000000000000e+00,0.000000000000000000e+00,8.159830980345544882e-01
2.799101174089753674e-01,-6.747111299915803384e-02,1.000000000000000000e+00,5.767920191489297466e-01,0.000000000000000000e+00,0.000000000000000000e+00,8.168910371929053449e-01
2.817877188881925954e-01,-6.665081097683643596e-02,1.000000000000000000e+00,5.755068527698901093e-01,0.000000000000000000e+00,0.000000000000000000e+00,8.177969567165777054e-01
2.836627314530769661e-01,-6.582460845680292161e-02,1.000000000000000000e+00,5.742202635406234990e-01,0.000000000000000000e+00,0.000000000000000000e+00,8.187008543658281789e-01
2.855351365609445913e-01,-6.499251360967597813e-02,1.000000000000000000e+00,5.729322546420200224e-01,0.000000000000000000e+00,0.000000000000000000e+00,8.196027279059114878e-01
2.874049156948976225e-01,-6.415453466434535568e-02,1.000000000000000000e+00,5.716428292584787574e-01,0.000000000000000000e+00,0.000000000000000000e+00,8.205025751070874618e-01
2.892720503640076601e-01,-6.331067990789049360e-02,1.000000000000000000e+00,5.703519905779015353e-01,0.000000000000000000e+00,0.000000000000000000e+00,8.214003937446252568e-01
2.911365221034982187e-01,-6.246095768549927985e-02,9.999999999999998890e-01,5.690597417916838374e-01,0.000000000000000000e+00,0.000000000000000000e+00,8.222961815988093504e-01
2.929983124749274692e-01,-6.160537640038542262e-02,1.000000000000000000e+00,5.677660860947079113e-01,0.000000000000000000e+00,0.000000000000000000e+00,8.231899364549452036e-01
2.948574030663708712e-01,-6.074394451370428161e-02,1.000000000000000000e+00,5.664710266853340004e-01,0.000000000000000000e+00,0.000000000000000000e+00,8.240816561033643683e-01
2.967137754926023607e-01,-5.987667054447030901e-02,1.000000000000000000e+00,5.651745667653927940e-01,0.000000000000000000e+00,0.000000000000000000e+00,8.249713383394302602e-01
2.985674113952776487e-01,-5.900356306947250606e-02,1.000000000000000000e+00,5.638767095401779894e-01,0.000000000000000000e+00,0.000000000000000000e+00,8.258589809635430434e-01
3.004182924431142987e-01,-5.812463072318935220e-02,9.999999999999998890e-01,5.625774582184371875e-01,0.000000000000000000e+00,0.000000000000000000e+00,8.267445817811462927e-01
3.022664003320741921e-01,-5.723988219770384522e-02,1.000000000000000000e+00,5.612768160123653427e-01,0.000000000000000000e+00,0.000000000000000000e+00,8.276281386027309894e-01
3.041117167855433290e-01,-5.634932624261716760e-02,1.000000000000000000e+00,5.599747861375954372e-01,0.000000000000000000e+00,0.000000000000000000e+00,8.285096492438420723e-01
3.059542235545135158e-01,-5.545297166496235275e-02,1.000000000000000000e+00,5.586713718131921524e-01,0.000000000000000000e+00,0.000000000000000000e+00,8.293891115250826562e-01
3.077939024177629435e-01,-5.455082732911704924e-02,1.000000000000000000e+00,5.573665762616422104e-01,0.000000000000000000e+00,0.000000000000000000e+00,8.302665232721206934e-01
3.096307351820353770e-01,-5.364290215671567441e-02,1.000000000000000000e+00,5.560604027088477119e-01,0.000000000000000000e+00,0.000000000000000000e+00,8.311418823156934144e-01
3.114647036822207893e-01,-5.272920512656226188e-02,1.000000000000000000e+00,5.547528543841171444e-01,0.000000000000000000e+00,0.000000000000000000e+00,8.320151864916135453e-01
3.132957897815356607e-01,-5.180974527454026979e-02,1.000000000000000000e+00,5.534439345201586091e-01,0.000000000000000000e+00,0.000000000000000000e+00,8.328864336407734159e-01
3.151239753717002268e-01,-5.088453169352344374e-02,1.000000000000000000e+00,5.521336463530703842e-01,0.000000000000000000e+00,0.000000000000000000e+00,8.337556216091515093e-01
3.169492423731203323e-01,-4.995357353328698513e-02,1.000000000000000000e+00,5.508219931223340415e-01,0.000000000000000000e+00,0.000000000000000000e+00,8.346227482478172366e-01
3.187715727350641792e-01,-4.901688000041605486e-02,1.000000000000000000e+00,5.495089780708061200e-01,0.000000000000000000e+00,0.000000000000000000e+00,8.354878114129363764e-01
3.205909484358410722e-01,-4.807446035821494323e-02,1.000000000000000000e+00,5.481946044447099098e-01,0.000000000000000000e+00,0.000000000000000000e+00,8.363508089657760713e-01
3.224073514829806641e-01,-4.712632392661572633e-02,1.000000000000000000e+00,5.468788754936275698e-01,0.000000000000000000e+00,0.000000000000000000e+00,8.372117387727106008e-01
3.242207639134098707e-01,-4.617248008208546528e-02,1.000000000000000000e+00,5.455617944704920230e-01,0.000000000000000000e+00,0.000000000000000000e+00,8.380705987052263772e-01
3.260311677936318375e-01,-4.521293825753437690e-02,1.000000000000000000e+00,5.442433646315791851e-01,0.000000000000000000e+00,0.000000000000000000e+00,8.389273866399272750e-01
3.278385452199005234e-01,-4.424770794222185333e-02,1.000000000000000000e+00,5.429235892364994154e-01,0.000000000000000000e+00,0.000000000000000000e+00,8.397821004585397375e-01
3.296428783184012223e-01,-4.327679868166285637e-02,9.999999999999998890e-01,5.416024715481900786e-01,0.000000000000000000e+00,0.000000000000000000e+00,8.406347380479181064e-01
3.314441492454248683e-01,-4.230022007753360402e-02,1.000000000000000000e+00,5.402800148329069962e-01,0.000000000000000000e+00,0.000000000000000000e+00,8.414852973000501724e-01
3.332423401875456159e-01,-4.131798178757661866e-02,1.000000000000000000e+00,5.389562223602166746e-01,0.000000000000000000e+00,0.000000000000000000e+00,8.423337761120613942e-01
3.350374333617975875e-01,-4.033009352550476212e-02,1.000000000000000000e+00,5.376310974029873124e-01,0.000000000000000000e+00,0.000000000000000000e+00,8.431801723862223374e-01
3.368294110158477905e-01,-3.933656506090585370e-02,1.000000000000000000e+00,5.363046432373826944e-01,0.000000000000000000e+00,0.000000000000000000e+00,8.440244840299502282e-01
3.386182554281754742e-01,-3.833740621914540070e-02,1.000000000000000000e+00,5.349768631428517551e-01,0.000000000000000000e+00,0.000000000000000000e+00,8.448667089558177246e-01
3.404039489082453795e-01,-3.733262688127017559e-02,1.000000000000000000e+00,5.336477604021223620e-01,0.000000000000000000e+00,0.000000000000000000e+00,8.457068450815560245e-01
3.421864737966818781e-01,-3.632223698390993349e-02,1.000000000000000000e+00,5.323173383011921000e-01,0.000000000000000000e+00,0.000000000000000000e+00,8.465448903300605288e-01
3.439658124654463300e-01,-3.530624651917935175e-02,1.000000000000000000e+00,5.309856001293203898e-01,0.000000000000000000e+00,0.000000000000000000e+00,8.473808426293961693e-01
3.457419473180085023e-01,-3.428466553457888699e-02,9.999999999999998890e-01,5.296525491790206042e-01,0.000000000000000000e+00,0.000000000000000000e+00,8.482146999128021836e-01
3.475148607895230946e-01,-3.325750413289599305e-02,1.000000000000000222e+00,5.283181887460515203e-01,0.000000000000000000e+00,0.000000000000000000e+00,8.490464601186978877e-01
3.492845353470005465e-01,-3.222477247210478457e-02,1.000000000000000000e+00,5.269825221294097695e-01,0.000000000000000000e+00,0.000000000000000000e+00,8.498761211906863400e-01
3.510509534894835637e-01,-3.118648076526536750e-02,9.999999999999998890e-01,5.256455526313207338e-01,0.000000000000000000e+00,0.000000000000000000e+00,8.507036810775614466e-01
3.528140977482179252e-01,-3.014263928042436314e-02,1.000000000000000000e+00,5.243072835572318846e-01,0.000000000000000000e+00,0.000000000000000000e+00,8.515291377333111811e-01
3.545739506868269553e-01,-2.909325834051050552e-02,1.000000000000000000e+00,5.229677182158025683e-01,0.000000000000000000e+00,0.000000000000000000e+00,8.523524891171240236e-01
3.563304949014813316e-01,-2.803834832323534587e-02,1.000000000000000000e+00,5.216268599188979005e-01,0.000000000000000000e+00,0.000000000000000000e+00,8.531737331933927360e-01
3.580837130210748342e-01,-2.697791966098916916e-02,1.000000000000000000e+00,5.202847119815791066e-01,0.000000000000000000e+00,0.000000000000000000e+00,8.539928679317204674e-01
3.598335877073932099e-01,-2.591198284073846503e-02,1.000000000000000000e+00,5.189412777220959727e-01,0.000000000000000000e+00,0.000000000000000000e+00,8.548098913069258620e-01
3.615801016552866454e-01,-2.484054840392113661e-02,1.000000000000000000e+00,5.175965604618785187e-01,0.000000000000000000e+00,0.000000000000000000e+00,8.556248012990466112e-01
3.633232375928411306e-01,-2.376362694634381878e-02,1.000000000000000000e+00,5.162505635255287828e-01,0.000000000000000000e+00,0.000000000000000000e+00,8.564375958933458932e-01
3.650629782815487112e-01,-2.268122911807621267e-02,1.000000000000000000e+00,5.149032902408128276e-01,0.000000000000000000e+00,0.000000000000000000e+00,8.572482730803167028e-01
3.667993065164790178e-01,-2.159336562334501775e-02,1.000000000000000000e+00,5.135547439386516366e-01,0.000000000000000000e+00,0.000000000000000000e+00,8.580568308556875134e-01
3.685322051264476317e-01,-2.050004722043009819e-02,9.999999999999998890e-01,5.122049279531144528e-01,0.000000000000000000e+00,0.000000000000000000e+00,8.588632672204259411e-01
3.702616569741879471e-01,-1.940128472155594475e-02,1.000000000000000000e+00,5.108538456214086754e-01,0.000000000000000000e+00,0.000000000000000000e+00,8.596675801807451833e-01
3.719876449565187038e-01,-1.829708899278635614e-02,9.999999999999998890e-01,5.095015002838733098e-01,0.000000000000000000e+00,0.000000000000000000e+00,8.604697677481075724e-01
3.737101520045150727e-01,-1.718747095391588708e-02,9.999999999999998890e-01,5.081478952839693086e-01,0.000000000000000000e+00,0.000000000000000000e+00,8.612698279392306810e-01
3.754291610836759663e-01,-1.607244157836265619e-02,1.000000000000000000e+00,5.067930339682727992e-01,0.000000000000000000e+00,0.000000000000000000e+00,8.620677587760910976e-01
3.771446551940927927e-01,-1.495201189305880862e-02,1.000000000000000000e+00,5.054369196864645364e-01,0.000000000000000000e+00,0.000000000000000000e+00,8.628635582859310871e-01
3.788566173706175433e-01,-1.382619297834315752e-02,1.000000000000000000e+00,5.040795557913247960e-01,0.000000000000000000e+00,0.000000000000000000e+00,8.636572245012604787e-01
3.805650306830317686e-01,-1.269499596784949558e-02,1.000000000000000000e+00,5.027209456387218278e-01,0.000000000000000000e+00,0.000000000000000000e+00,8.644487554598648815e-01
3.822698782362122794e-01,-1.155843204839834826e-02,1.000000000000000000e+00,5.013610925876060831e-01,0.000000000000000000e+00,0.000000000000000000e+00,8.652381492048081268e-01
3.839711431702995670e-01,-1.041651245988506336e-02,1.000000000000000000e+00,5.000000000000001110e-01,0.000000000000000000e+00,0.000000000000000000e+00,8.660254037844385966e-01
3.856688086608630051e-01,-9.269248495169746249e-03,1.000000000000000000e+00,4.986376712409915091e-01,0.000000000000000000e+00,0.000000000000000000e+00,8.668105172523928870e-01
3.873628579190686039e-01,-8.116651499964475103e-03,1.000000000000000000e+00,4.972741096787242077e-01,0.000000000000000000e+00,0.000000000000000000e+00,8.675934876676012486e-01
3.890532741918454329e-01,-6.958732872721348772e-03,1.000000000000000000e+00,4.959093186843894774e-01,0.000000000000000000e+00,0.000000000000000000e+00,8.683743130942926935e-01
3.907400407620488236e-01,-5.795504064521117549e-03,1.000000000000000000e+00,4.945433016322188791e-01,0.000000000000000000e+00,0.000000000000000000e+00,8.691529916019987700e-01
3.924231409486295119e-01,-4.626976578957539554e-03,1.000000000000000000e+00,4.931760618994744383e-01,0.000000000000000000e+00,0.000000000000000000e+00,8.699295212655596687e-01
3.941025581067940098e-01,-3.453161972026011495e-03,9.999999999999998890e-01,4.918076028664418176e-01,0.000000000000000000e+00,0.000000000000000000e+00,8.707039001651274424e-01
3.957782756281736369e-01,-2.274071852007564232e-03,1.000000000000000000e+00,4.904379279164205463e-01,0.000000000000000000e+00,0.000000000000000000e+00,8.714761263861723339e-01
3.974502769409859471e-01,-1.089717879355064922e-03,1.000000000000000000e+00,4.890670404357170820e-01,0.000000000000000000e+00,0.000000000000000000e+00,8.722461980194862186e-01
3.991185455101997626e-01,9.988823342300945374e-05,1.000000000000000000e+00,4.876949438136345960e-01,0.000000000000000000e+00,0.000000000000000000e+00,8.730141131611881544e-01
4.007830648376968230e-01,1.294734721877063843e-03,9.999999999999998890e-01,4.863216414424668677e-01,0.000000000000000000e+00,0.000000000000000000e+00,8.737798699127284907e-01
4.024438184624393178e-01,2.494809769734429583e-03,1.000000000000000000e+00,4.849471367174878478e-01,0.000000000000000000e+00,0.000000000000000000e+00,8.745434663808941966e-01
4.041007899606272047e-01,3.700101509014161461e-03,1.000000000000000000e+00,4.835714330369445535e-01,0.000000000000000000e+00,0.000000000000000000e+00,8.753049006778128582e-01
4.057539629458654096e-01,4.910598020146678122e-03,1.000000000000000000e+00,4.821945338020478533e-01,0.000000000000000000e+00,0.000000000000000000e+00,8.760641709209581185e-01
4.074033210693217000e-01,6.126287332089863646e-03,1.000000000000000000e+00,4.808164424169648066e-01,0.000000000000000000e+00,0.000000000000000000e+00,8.768212752331535631e-01
4.090488480198916088e-01,7.347157422448097330e-03,1.000000000000000000e+00,4.794371622888098927e-01,0.000000000000000000e+00,0.000000000000000000e+00,8.775762117425776054e-01
4.106905275243585840e-01,8.573196217591713686e-03,1.000000000000000000e+00,4.780566968276360740e-01,0.000000000000000000e+00,0.000000000000000000e+00,8.783289785827685936e-01
4.123283433475549709e-01,9.804391592774838737e-03,1.000000000000000000e+00,4.766750494464275789e-01,0.000000000000000000e+00,0.000000000000000000e+00,8.790795738926288072e-01
4.139622792925211625e-01,1.104073137225734802e-02,1.000000000000000000e+00,4.752922235610900215e-01,0.000000000000000000e+00,0.000000000000000000e+00,8.798279958164293424e-01
4.155923192006687472e-01,1.228220332942363269e-02,1.000000000000000000e+00,4.739082225904432955e-01,0.000000000000000000e+00,0.000000000000000000e+00,8.805742425038145527e-01
4.172184469519378824e-01,1.352879518690447425e-02,1.000000000000000000e+00,4.725230499562119713e-01,0.000000000000000000e+00,0.000000000000000000e+00,8.813183121098070449e-01
4.188406464649571670e-01,1.478049461669724007e-02,1.000000000000000000e+00,4.711367090830180238e-01,0.000000000000000000e+00,0.000000000000000000e+00,8.820602027948113433e-01
4.204589016972032911e-01,1.603728924028990921e-02,9.999999999999998890e-01,4.697492033983708959e-01,0.000000000000000000e+00,0.000000000000000000e+00,8.827999127246195510e-01
4.220731966451600758e-01,1.729916662878099032e-02,1.000000000000000000e+00,4.683605363326607263e-01,0.000000000000000000e+00,0.000000000000000000e+00,8.835374400704151254e-01
4.236835153444748481e-01,1.856611430300482424e-02,1.000000000000000000e+00,4.669707113191481351e-01,0.000000000000000000e+00,0.000000000000000000e+00,8.842727830087776519e-01
4.252898418701183125e-01,1.983811973365301462e-02,1.000000000000000000e+00,4.655797317939573410e-01,0.000000000000000000e+00,0.000000000000000000e+00,8.850059397216872847e-01
4.268921603365405937e-01,2.111517034139960558e-02,9.999999999999998890e-01,4.641876011960662241e-01,0.000000000000000000e+00,0.000000000000000000e+00,8.857369083965292988e-01
4.284904548978301086e-01,2.239725349702467727e-02,1.000000000000000000e+00,4.627943229672989989e-01,0.000000000000000000e+00,0.000000000000000000e+00,8.864656872260986420e-01
4.300847097478672776e-01,2.368435652153980109e-02,9.999999999999998890e-01,4.613999005523173325e-01,0.000000000000000000e+00,0.000000000000000000e+00,8.871922744086039314e-01
4.316749091204850619e-01,2.497646668631328670e-02,1.000000000000000000e+00,4.600043373986110185e-01,0.000000000000000000e+00,0.000000000000000000e+00,8.879166681476730050e-01
4.332610372896203432e-01,2.627357121319594258e-02,1.000000000000000000e+00,4.586076369564910382e-01,0.000000000000000000e+00,0.000000000000000000e+00,8.886388666523558078e-01
4.348430785694726297e-01,2.757565727464773853e-02,1.000000000000000000e+00,4.572098026790791803e-01,0.000000000000000000e+00,0.000000000000000000e+00,8.893588681371302762e-01
4.364210173146587102e-01,2.888271199386384380e-02,1.000000000000000000e+00,4.558108380223013789e-01,0.000000000000000000e+00,0.000000000000000000e+00,8.900766708219058909e-01
4.379948379203655318e-01,3.019472244490313539e-02,1.000000000000000000e+00,4.544107464448775002e-01,0.000000000000000000e+00,0.000000000000000000e+00,8.907922729320283395e-01
4.395645248225069079e-01,3.151167565281520755e-02,1.000000000000000000e+00,4.530095314083142366e-01,0.000000000000000000e+00,0.000000000000000000e+00,8.915056726982838464e-01
4.411300624978756746e-01,3.283355859376915764e-02,1.000000000000000000e+00,4.516071963768951147e-01,0.000000000000000000e+00,0.000000000000000000e+00,8.922168683569037251e-01
4.426914354642983995e-01,3.416035819518135896e-02,1.000000000000000000e+00,4.502037448176734458e-01,0.000000000000000000e+00,0.000000000000000000e+00,8.929258581495683744e-01
4.442486282807877607e-01,3.549206133584698053e-02,1.000000000000000000e+00,4.487991802004622222e-01,0.000000000000000000e+00,0.000000000000000000e+00,8.936326403234121640e-01
4.458016255476955347e-01,3.682865484606666351e-02,1.000000000000000000e+00,4.473935059978269013e-01,0.000000000000000000e+00,0.000000000000000000e+00,8.943372131310272088e-01
4.473504119068641982e-01,3.817012550777951208e-02,9.999999999999998890e-01,4.459867256850761352e-01,0.000000000000000000e+00,0.000000000000000000e+00,8.950395748304678101e-01
4.488949720417805267e-01,3.951646005469254541e-02,9.999999999999998890e-01,4.445788427402526666e-01,0.000000000000000000e+00,0.000000000000000000e+00,8.957397236852553402e-01
4.504352906777253640e-01,4.086764517241138484e-02,1.000000000000000000e+00,4.431698606441262234e-01,0.000000000000000000e+00,0.000000000000000000e+00,8.964376579643816845e-01
4.519713525819255007e-01,4.222366749857361934e-02,1.000000000000000222e+00,4.417597828801831938e-01,0.000000000000000000e+00,0.000000000000000000e+00,8.971333759423141263e-01
4.535031425637028879e-01,4.358451362297897924e-02,1.000000000000000000e+00,4.403486129346194655e-01,0.000000000000000000e+00,0.000000000000000000e+00,8.978268758989991216e-01
4.550306454746284035e-01,4.495017008772372868e-02,1.000000000000000000e+00,4.389363542963305997e-01,0.000000000000000000e+00,0.000000000000000000e+00,8.985181561198672950e-01
4.565538462086675686e-01,4.632062338733174134e-02,1.000000000000000222e+00,4.375230104569045597e-01,0.000000000000000000e+00,0.000000000000000000e+00,8.992072148958366595e-01
4.580727297023317046e-01,4.769585996889086354e-02,1.000000000000000000e+00,4.361085849106110524e-01,0.000000000000000000e+00,0.000000000000000000e+00,8.998940505233181675e-01
4.595872809348280352e-01,4.907586623218368471e-02,1.000000000000000000e+00,4.346930811543958106e-01,0.000000000000000000e+00,0.000000000000000000e+00,9.005786613042182642e-01
4.610974849282065691e-01,5.046062852982480251e-02,1.000000000000000000e+00,4.332765026878686032e-01,0.000000000000000000e+00,0.000000000000000000e+00,9.012610455459446612e-01
4.626033267475078703e-01,5.185013316739402189e-02,1.000000000000000000e+00,4.318588530132975722e-01,0.000000000000000000e+00,0.000000000000000000e+00,9.019412015614094447e-01
4.641047915009130498e-01,5.324436640357314843e-02,1.000000000000000000e+00,4.304401356355981867e-01,0.000000000000000000e+00,0.000000000000000000e+00,9.026191276690339604e-01
4.656018643398890378e-01,5.464331445028024203e-02,1.000000000000000000e+00,4.290203540623264145e-01,0.000000000000000000e+00,0.000000000000000000e+00,9.032948221927523669e-01
4.670945304593352443e-01,5.604696347280721525e-02,9.999999999999998890e-01,4.275995118036692300e-01,0.000000000000000000e+00,0.000000000000000000e+00,9.039682834620159646e-01
4.685827750977320516e-01,5.745529958995657105e-02,1.000000000000000000e+00,4.261776123724353438e-01,0.000000000000000000e+00,0.000000000000000000e+00,9.046395098117980815e-01
4.700665835372842549e-01,5.886830887417836278e-02,1.000000000000000000e+00,4.247546592840479307e-01,0.000000000000000000e+00,0.000000000000000000e+00,9.053084995825966264e-01
4.715459411040692217e-01,6.028597735170780625e-02,1.000000000000000000e+00,4.233306560565344712e-01,0.000000000000000000e+00,0.000000000000000000e+00,9.059752511204398617e-01
4.730208331681794998e-01,6.170829100270344703e-02,1.000000000000000000e+00,4.219056062105195348e-01,0.000000000000000000e+00,0.000000000000000000e+00,9.066397627768892908e-01
4.744912451438687562e-01,6.313523576138689586e-02,1.000000000000000000e+00,4.204795132692144000e-01,0.000000000000000000e+00,0.000000000000000000e+00,9.073020329090443203e-01
4.759571624896960507e-01,6.456679751617973306e-02,1.000000000000000000e+00,4.190523807584101146e-01,0.000000000000000000e+00,0.000000000000000000e+00,9.079620598795461461e-01
4.774185707086702757e-01,6.600296210984570033e-02,1.000000000000000000e+00,4.176242122064669493e-01,0.000000000000000000e+00,0.000000000000000000e+00,9.086198420565818612e-01
4.788754553483908771e-01,6.744371533962831289e-02,9.999999999999998890e-01,4.161950111443078471e-01,0.000000000000000000e+00,0.000000000000000000e+00,9.092753778138883414e-01
4.803278020011947924e-01,6.888904295739323169e-02,1.000000000000000000e+00,4.147647811054070988e-01,0.000000000000000000e+00,0.000000000000000000e+00,9.099286655307566862e-01
4.817755963042951173e-01,7.033893066976751318e-02,1.000000000000000222e+00,4.133335256257841817e-01,0.000000000000000000e+00,0.000000000000000000e+00,9.105797035920355498e-01
4.832188239399254348e-01,7.179336413828277252e-02,1.000000000000000000e+00,4.119012482439927680e-01,0.000000000000000000e+00,0.000000000000000000e+00,9.112284903881356923e-01
4.846574706354811468e-01,7.325232897951515498e-02,1.000000000000000000e+00,4.104679525011138419e-01,0.000000000000000000e+00,0.000000000000000000e+00,9.118750243150337553e-01
4.860915221636589734e-01,7.471581076522820775e-02,1.000000000000000222e+00,4.090336419407460400e-01,0.000000000000000000e+00,0.000000000000000000e+00,9.125193037742761470e-01
4.875209643426002826e-01,7.618379502251687585e-02,1.000000000000000000e+00,4.075983201089962704e-01,0.000000000000000000e+00,0.000000000000000000e+00,9.131613271729832615e-01
4.889457830360293689e-01,7.765626723394836173e-02,1.000000000000000000e+00,4.061619905544725517e-01,0.000000000000000000e+00,0.000000000000000000e+00,9.138010929238531421e-01
4.903659641533945623e-01,7.913321283770802239e-02,1.000000000000000000e+00,4.047246568282735768e-01,0.000000000000000000e+00,0.000000000000000000e+00,9.144385994451657007e-01
4.917814936500053968e-01,8.061461722774077021e-02,1.000000000000000000e+00,4.032863224839813854e-01,0.000000000000000000e+00,0.000000000000000000e+00,9.150738451607860480e-01
4.931923575271743299e-01,8.210046575389820522e-02,1.000000000000000000e+00,4.018469910776511500e-01,0.000000000000000000e+00,0.000000000000000000e+00,9.157068285001691565e-01
4.945985418323526339e-01,8.359074372208147308e-02,9.999999999999998890e-01,4.004066661678040151e-01,0.000000000000000000e+00,0.000000000000000000e+00,9.163375478983629696e-01
4.960000326592719500e-01,8.508543639438803652e-02,1.000000000000000000e+00,3.989653513154164388e-01,0.000000000000000000e+00,0.000000000000000000e+00,9.169660017960133969e-01
4.973968161480759598e-01,8.658452898925583785e-02,9.999999999999998890e-01,3.975230500839131431e-01,0.000000000000000000e+00,0.000000000000000000e+00,9.175921886393664240e-01
4.987888784854639934e-01,8.808800668161131942e-02,1.000000000000000000e+00,3.960797660391568997e-01,0.000000000000000000e+00,0.000000000000000000e+00,9.182161068802739967e-01
5.001762059048223685e-01,8.959585460301419668e-02,1.000000000000000000e+00,3.946355027494410361e-01,0.000000000000000000e+00,0.000000000000000000e+00,9.188377549761959084e-01
5.015587846863646115e-01,9.110805784180642242e-02,1.000000000000000000e+00,3.931902637854790550e-01,0.000000000000000000e+00,0.000000000000000000e+00,9.194571313902053511e-01
5.029366011572642403e-01,9.262460144325752875e-02,1.000000000000000000e+00,3.917440527203973621e-01,0.000000000000000000e+00,0.000000000000000000e+00,9.200742345909913578e-01
5.043096416917906000e-01,9.414547040971429914e-02,9.999999999999998890e-01,3.902968731297256078e-01,0.000000000000000000e+00,0.000000000000000000e+00,9.206890630528630215e-01
5.056778927114451427e-01,9.567064970074845576e-02,1.000000000000000000e+00,3.888487285913875269e-01,0.000000000000000000e+00,0.000000000000000000e+00,9.213016152557540472e-01
5.070413406850933224e-01,9.720012423330466611e-02,1.000000000000000000e+00,3.873996226856932790e-01,0.000000000000000000e+00,0.000000000000000000e+00,9.219118896852249723e-01
5.083999721291005969e-01,9.873387888185142236e-02,9.999999999999998890e-01,3.859495589953287897e-01,0.000000000000000000e+00,0.000000000000000000e+00,9.225198848324686063e-01
5.097537736074645442e-01,1.002718984785285761e-01,1.000000000000000000e+00,3.844985411053492008e-01,0.000000000000000000e+00,0.000000000000000000e+00,9.231255991943122519e-01
5.111027317319488672e-01,1.018141678132990363e-01,1.000000000000000000e+00,3.830465726031678231e-01,0.000000000000000000e+00,0.000000000000000000e+00,9.237290312732224784e-01
5.124468331622128447e-01,1.033606716340980947e-01,1.000000000000000000e+00,3.815936570785486426e-01,0.000000000000000000e+00,0.000000000000000000e+00,9.243301795773083418e-01
5.137860646059471126e-01,1.049113946469849845e-01,1.000000000000000000e+00,3.801397981235967727e-01,0.000000000000000000e+00,0.000000000000000000e+00,9.249290426203250481e-01
5.151204128190032261e-01,1.064663215162934135e-01,9.999999999999998890e-01,3.786849993327502939e-01,0.000000000000000000e+00,0.000000000000000000e+00,9.255256189216778395e-01
5.164498646055245556e-01,1.080254368647843993e-01,1.000000000000000000e+00,3.772292643027699843e-01,0.000000000000000000e+00,0.000000000000000000e+00,9.261199070064258798e-01
5.177744068180766268e-01,1.095887252737961504e-01,1.000000000000000000e+00,3.757725966327324918e-01,0.000000000000000000e+00,0.000000000000000000e+00,9.267119054052849192e-01
5.190940263577787928e-01,1.111561712833995519e-01,1.000000000000000000e+00,3.743149999240190096e-01,0.000000000000000000e+00,0.000000000000000000e+00,9.273016126546322901e-01
5.204087101744304666e-01,1.127277593925485599e-01,1.000000000000000000e+00,3.728564777803086150e-01,0.000000000000000000e+00,0.000000000000000000e+00,9.278890272965093500e-01
5.217184452666434602e-01,1.143034740592343140e-01,1.000000000000000000e+00,3.713970338075682776e-01,0.000000000000000000e+00,0.000000000000000000e+00,9.284741478786255886e-01
5.230232186819705476e-01,1.158832997006393750e-01,9.999999999999998890e-01,3.699366716140432554e-01,0.000000000000000000e+00,0.000000000000000000e+00,9.290569729543627364e-01
5.243230175170295881e-01,1.174672206932910468e-01,1.000000000000000000e+00,3.684753948102500454e-01,0.000000000000000000e+00,0.000000000000000000e+00,9.296375010827770957e-01
5.256178289176358653e-01,1.190552213732166409e-01,9.999999999999998890e-01,3.670132070089653920e-01,0.000000000000000000e+00,0.000000000000000000e+00,9.302157308286042037e-01
5.269076400789267645e-01,1.206472860360970067e-01,1.000000000000000000e+00,3.655501118252191817e-01,0.000000000000000000e+00,0.000000000000000000e+00,9.307916607622619409e-01
5.281924382454893374e-01,1.222433989374242524e-01,1.000000000000000000e+00,3.640861128762838406e-01,0.000000000000000000e+00,0.000000000000000000e+00,9.313652894598541954e-01
5.294722107114842036e-01,1.238435442926544283e-01,1.000000000000000000e+00,3.626212137816671177e-01,0.000000000000000000e+00,0.000000000000000000e+00,9.319366155031738597e-01
5.307469448207751128e-01,1.254477062773663998e-01,9.999999999999998890e-01,3.611554181631012050e-01,0.000000000000000000e+00,0.000000000000000000e+00,9.325056374797073833e-01
5.320166279670505149e-01,1.270558690274160574e-01,1.000000000000000000e+00,3.596887296445359095e-01,0.000000000000000000e+00,0.000000000000000000e+00,9.330723539826373258e-01
5.332812475939505692e-01,1.286680166390954116e-01,1.000000000000000000e+00,3.582211518521275506e-01,0.000000000000000000e+00,0.000000000000000000e+00,9.336367636108461321e-01
5.345407911951898239e-01,1.302841331692876636e-01,1.000000000000000000e+00,3.567526884142319665e-01,0.000000000000000000e+00,0.000000000000000000e+00,9.341988649689196844e-01
5.357952463146823385e-01,1.319042026356266328e-01,9.999999999999998890e-01,3.552833429613937444e-01,0.000000000000000000e+00,0.000000000000000000e+00,9.347586566671509667e-01
5.370446005466625872e-01,1.335282090166540481e-01,1.000000000000000000e+00,3.538131191263387265e-01,0.000000000000000000e+00,0.000000000000000000e+00,9.353161373215428398e-01
5.382888415358109135e-01,1.351561362519772824e-01,1.000000000000000000e+00,3.523420205439644626e-01,0.000000000000000000e+00,0.000000000000000000e+00,9.358713055538120384e-01
5.395279569773735462e-01,1.367879682424300580e-01,1.000000000000000000e+00,3.508700508513305505e-01,0.000000000000000000e+00,0.000000000000000000e+00,9.364241599913922798e-01
5.407619346172859442e-01,1.384236888502296814e-01,1.000000000000000000e+00,3.493972136876510315e-01,0.000000000000000000e+00,0.000000000000000000e+00,9.369746992674380381e-01
5.419907622522921464e-01,1.400632818991381923e-01,1.000000000000000000e+00,3.479235126942839540e-01,0.000000000000000000e+00,0.000000000000000000e+00,9.375229220208274317e-01
5.432144277300674506e-01,1.417067311746208758e-01,1.000000000000000000e+00,3.464489515147237131e-01,0.000000000000000000e+00,0.000000000000000000e+00,9.380688268961657750e-01
5.444329189493366528e-01,1.433540204240083826e-01,9.999999999999998890e-01,3.449735337945905589e-01,0.000000000000000000e+00,0.000000000000000000e+00,9.386124125437892429e-01
5.456462238599961712e-01,1.450051333566552136e-01,1.000000000000000000e+00,3.434972631816234356e-01,0.000000000000000000e+00,0.000000000000000000e+00,9.391536776197676462e-01
5.468543304632299540e-01,1.466600536441033942e-01,9.999999999999998890e-01,3.420201433256688239e-01,0.000000000000000000e+00,0.000000000000000000e+00,9.396926207859083169e-01
5.480572268116308265e-01,1.483187649202413749e-01,1.000000000000000000e+00,3.405421778786738574e-01,0.000000000000000000e+00,0.000000000000000000e+00,9.402292407097588844e-01
5.492549010093176198e-01,1.499812507814683449e-01,1.000000000000000000e+00,3.390633704946753313e-01,0.000000000000000000e+00,0.000000000000000000e+00,9.407635360646109390e-01
5.504473412120531872e-01,1.516474947868540757e-01,9.999999999999998890e-01,3.375837248297924864e-01,0.000000000000000000e+00,0.000000000000000000e+00,9.412955055295031404e-01
5.516345356273608669e-01,1.533174804583037343e-01,1.000000000000000000e+00,3.361032445422161841e-01,0.000000000000000000e+00,0.000000000000000000e+00,9.418251477892248813e-01
5.528164725146414993e-01,1.549911912807188097e-01,1.000000000000000000e+00,3.346219332922014678e-01,0.000000000000000000e+00,0.000000000000000000e+00,9.423524615343186195e-01
5.539931401852893345e-01,1.566686107021622310e-01,1.000000000000000000e+00,3.331397947420576822e-01,0.000000000000000000e+00,0.000000000000000000e+00,9.428774454610840960e-01
5.551645270028090495e-01,1.583497221340207650e-01,1.000000000000000000e+00,3.316568325561390917e-01,0.000000000000000000e+00,0.000000000000000000e+00,9.434000982715812222e-01
5.563306213829277702e-01,1.600345089511695518e-01,1.000000000000000000e+00,3.301730504008368872e-01,0.000000000000000000e+00,0.000000000000000000e+00,9.439204186736328550e-01
5.574914117937136426e-01,1.617229544921371109e-01,1.000000000000000000e+00,3.286884519445689157e-01,0.000000000000000000e+00,0.000000000000000000e+00,9.444384053808287938e-01
5.586468867556849682e-01,1.634150420592683228e-01,9.999999999999998890e-01,3.272030408577717986e-01,0.000000000000000000e+00,0.000000000000000000e+00,9.449540571125282229e-01
5.597970348419292197e-01,1.651107549188921275e-01,1.000000000000000000e+00,3.257168208128906062e-01,0.000000000000000000e+00,0.000000000000000000e+00,9.454673725938633755e-01
5.609418446782116208e-01,1.668100763014843113e-01,1.000000000000000000e+00,3.242297954843711416e-01,0.000000000000000000e+00,0.000000000000000000e+00,9.459783505557423089e-01
5.620813049430896102e-01,1.685129894018358998e-01,1.000000000000000000e+00,3.227419685486493384e-01,0.000000000000000000e+00,0.000000000000000000e+00,9.464869897348524574e-01
5.632154043680240862e-01,1.702194773792168880e-01,1.000000000000000000e+00,3.212533436841439327e-01,0.000000000000000000e+00,0.000000000000000000e+00,9.469932888736631860e-01
5.643441317374932042e-01,1.719295233575451332e-01,1.000000000000000000e+00,3.197639245712454170e-01,0.000000000000000000e+00,0.000000000000000000e+00,9.474972467204296755e-01
5.654674758890984032e-01,1.736431104255512503e-01,1.000000000000000000e+00,3.182737148923087678e-01,0.000000000000000000e+00,0.000000000000000000e+00,9.479988620291953660e-01
5.665854257136800909e-01,1.753602216369473665e-01,1.000000000000000000e+00,3.167827183316428985e-01,0.000000000000000000e+00,0.000000000000000000e+00,9.484981335597951757e-01
5.676979701554241142e-01,1.770808400105936542e-01,9.999999999999998890e-01,3.152909385755024996e-01,0.000000000000000000e+00,0.000000000000000000e+00,9.489950600778587209e-01
5.688050982119721155e-01,1.788049485306665298e-01,1.000000000000000000e+00,3.137983793120787679e-01,0.000000000000000000e+00,0.000000000000000000e+00,9.494896403548133135e-01
5.699067989345305563e-01,1.805325301468277965e-01,1.000000000000000000e+00,3.123050442314895259e-01,0.000000000000000000e+00,0.000000000000000000e+00,9.499818731678870698e-01
5.710030614279787420e-01,1.822635677743917326e-01,1.000000000000000000e+00,3.108109370257713389e-01,0.000000000000000000e+00,0.000000000000000000e+00,9.504717573001114639e-01
5.720938748509769578e-01,1.839980442944956773e-01,1.000000000000000000e+00,3.093160613888689681e-01,0.000000000000000000e+00,0.000000000000000000e+00,9.509592915403253244e-01
5.731792284160726059e-01,1.857359425542673692e-01,1.000000000000000000e+00,3.078204210166279320e-01,0.000000000000000000e+00,0.000000000000000000e+00,9.514444746831766109e-01
5.742591113898082300e-01,1.874772453669971140e-01,1.000000000000000222e+00,3.063240196067835153e-01,0.000000000000000000e+00,0.000000000000000000e+00,9.519273055291265218e-01
5.753335130928263208e-01,1.892219355123050395e-01,1.000000000000000000e+00,3.048268608589533857e-01,0.000000000000000000e+00,0.000000000000000000e+00,9.524077828844513816e-01
5.764024228999773403e-01,1.909699957363138467e-01,1.000000000000000000e+00,3.033289484746267695e-01,0.000000000000000000e+00,0.000000000000000000e+00,9.528859055612467488e-01
5.774658302404201971e-01,1.927214087518172581e-01,9.999999999999998890e-01,3.018302861571569573e-01,0.000000000000000000e+00,0.000000000000000000e+00,9.533616723774291923e-01
5.785237245977331577e-01,1.944761572384529902e-01,1.000000000000000000e+00,3.003308776117505907e-01,0.000000000000000000e+00,0.000000000000000000e+00,9.538350821567403992e-01
5.795760955100117684e-01,1.962342238428719798e-01,9.999999999999998890e-01,2.988307265454600015e-01,0.000000000000000000e+00,0.000000000000000000e+00,9.543061337287487289e-01
5.806229325699759913e-01,1.979955911789123557e-01,1.000000000000000000e+00,2.973298366671724424e-01,0.000000000000000000e+00,0.000000000000000000e+00,9.547748259288535433e-01
5.816642254250722344e-01,1.997602418277690250e-01,1.000000000000000222e+00,2.958282116876024825e-01,0.000000000000000000e+00,0.000000000000000000e+00,9.552411575982868719e-01
5.826999637775746033e-01,2.015281583381673680e-01,9.999999999999998890e-01,2.943258553192819593e-01,0.000000000000000000e+00,0.000000000000000000e+00,9.557051275841168536e-01
5.837301373846890407e-01,2.032993232265358219e-01,1.000000000000000000e+00,2.928227712765504309e-01,0.000000000000000000e+00,0.000000000000000000e+00,9.561667347392509564e-01
5.847547360586524690e-01,2.050737189771778546e-01,1.000000000000000000e+00,2.913189632755473490e-01,0.000000000000000000e+00,0.000000000000000000e+00,9.566259779224377535e-01
5.857737496668339316e-01,2.068513280424464362e-01,1.000000000000000000e+00,2.898144350342012343e-01,0.000000000000000000e+00,0.000000000000000000e+00,9.570828559982708095e-01
5.867871681318364008e-01,2.086321328429159572e-01,1.000000000000000000e+00,2.883091902722220157e-01,0.000000000000000000e+00,0.000000000000000000e+00,9.575373678371907893e-01
5.877949814315950317e-01,2.104161157675581706e-01,1.000000000000000000e+00,2.868032327110903168e-01,0.000000000000000000e+00,0.000000000000000000e+00,9.579895123154889003e-01
5.887971795994747515e-01,2.122032591739140550e-01,9.999999999999998890e-01,2.852965660740499620e-01,0.000000000000000000e+00,0.000000000000000000e+00,9.584392883153085574e-01
5.897937527243737321e-01,2.139935453882702843e-01,1.000000000000000000e+00,2.837891940860969298e-01,0.000000000000000000e+00,0.000000000000000000e+00,9.588866947246497130e-01
5.907846909508148725e-01,2.157869567058325611e-01,9.999999999999998890e-01,2.822811204739718582e-01,0.000000000000000000e+00,0.000000000000000000e+00,9.593317304373701893e-01
5.917699844790496044e-01,2.175834753909020036e-01,1.000000000000000000e+00,2.807723489661494432e-01,0.000000000000000000e+00,0.000000000000000000e+00,9.597743943531890087e-01
5.927496235651497081e-01,2.193830836770489512e-01,1.000000000000000000e+00,2.792628832928303328e-01,0.000000000000000000e+00,0.000000000000000000e+00,9.602146853776893920e-01
5.937235985211067879e-01,2.211857637672903776e-01,9.999999999999998890e-01,2.777527271859306923e-01,0.000000000000000000e+00,0.000000000000000000e+00,9.606526024223209781e-01
5.946918997149267527e-01,2.229914978342645571e-01,1.000000000000000000e+00,2.762418843790744316e-01,0.000000000000000000e+00,0.000000000000000000e+00,9.610881444044027111e-01
5.956545175707257389e-01,2.248002680204079229e-01,9.999999999999998890e-01,2.747303586075829362e-01,0.000000000000000000e+00,0.000000000000000000e+00,9.615213102471255047e-01
5.966114425688243683e-01,2.266120564381317593e-01,1.000000000000000000e+00,2.732181536084659079e-01,0.000000000000000000e+00,0.000000000000000000e+00,9.619520988795547956e-01
5.975626652458416732e-01,2.284268451699987823e-01,1.000000000000000000e+00,2.717052731204127602e-01,0.000000000000000000e+00,0.000000000000000000e+00,9.623805092366334302e-01
5.985081761947894652e-01,2.302446162689010811e-01,1.000000000000000000e+00,2.701917208837821271e-01,0.000000000000000000e+00,0.000000000000000000e+00,9.628065402591843291e-01
5.994479660651647057e-01,2.320653517582360326e-01,1.000000000000000000e+00,2.686775006405947575e-01,0.000000000000000000e+00,0.000000000000000000e+00,9.632301908939124857e-01
6.003820255630422098e-01,2.338890336320859076e-01,9.999999999999998890e-01,2.671626161345214134e-01,0.000000000000000000e+00,0.000000000000000000e+00,9.636514600934086294e-01
6.013103454511666834e-01,2.357156438553947297e-01,9.999999999999998890e-01,2.656470711108764871e-01,0.000000000000000000e+00,0.000000000000000000e+00,9.640703468161505585e-01
6.022329165490442060e-01,2.375451643641471877e-01,1.000000000000000000e+00,2.641308693166063981e-01,0.000000000000000000e+00,0.000000000000000000e+00,9.644868500265070255e-01
6.031497297330316032e-01,2.393775770655467983e-01,1.000000000000000000e+00,2.626140145002821558e-01,0.000000000000000000e+00,0.000000000000000000e+00,9.649009686947389586e-01
6.040607759364290397e-01,2.412128638381956236e-01,1.000000000000000000e+00,2.610965104120883673e-01,0.000000000000000000e+00,0.000000000000000000e+00,9.653127017970033474e-01
6.049660461495677266e-01,2.430510065322722402e-01,1.000000000000000000e+00,2.595783608038158552e-01,0.000000000000000000e+00,0.000000000000000000e+00,9.657220483153545754e-01
6.058655314198999609e-01,2.448919869697130658e-01,9.999999999999998890e-01,2.580595694288503883e-01,0.000000000000000000e+00,0.000000000000000000e+00,9.661290072377478610e-01
6.067592228520877207e-01,2.467357869443899399e-01,1.000000000000000000e+00,2.565401400421651323e-01,0.000000000000000000e+00,0.000000000000000000e+00,9.665335775580413680e-01
6.076471116080901513e-01,2.485823882222916448e-01,1.000000000000000222e+00,2.550200764003106024e-01,0.000000000000000000e+00,0.000000000000000000e+00,9.669357582759983138e-01
6.085291889072508287e-01,2.504317725417044005e-01,1.000000000000000000e+00,2.534993822614047820e-01,0.000000000000000000e+00,0.000000000000000000e+00,9.673355483972901903e-01
6.094054460263854667e-01,2.522839216133908602e-01,1.000000000000000000e+00,2.519780613851253515e-01,0.000000000000000000e+00,0.000000000000000000e+00,9.677329469334987611e-01
6.102758742998679597e-01,2.541388171207731861e-01,9.999999999999998890e-01,2.504561175326985856e-01,0.000000000000000000e+00,0.000000000000000000e+00,9.681279529021187269e-01
6.111404651197147597e-01,2.559964407201118508e-01,1.000000000000000000e+00,2.489335544668918043e-01,0.000000000000000000e+00,0.000000000000000000e+00,9.685205653265598347e-01
6.119992099356719173e-01,2.578567740406896291e-01,1.000000000000000000e+00,2.474103759520025203e-01,0.000000000000000000e+00,0.000000000000000000e+00,9.689107832361495420e-01
6.128521002552977937e-01,2.597197986849902884e-01,1.000000000000000000e+00,2.458865857538504729e-01,0.000000000000000000e+00,0.000000000000000000e+00,9.692986056661354599e-01
6.136991276440494358e-01,2.615854962288834962e-01,1.000000000000000000e+00,2.443621876397670534e-01,0.000000000000000000e+00,0.000000000000000000e+00,9.696840316576875729e-01
6.145402837253627348e-01,2.634538482218046762e-01,9.999999999999998890e-01,2.428371853785873669e-01,0.000000000000000000e+00,0.000000000000000000e+00,9.700670602579006818e-01
6.153755601807398001e-01,2.653248361869391947e-01,1.000000000000000000e+00,2.413115827406394076e-01,0.000000000000000000e+00,0.000000000000000000e+00,9.704476905197969572e-01
6.162049487498251210e-01,2.671984416214038260e-01,1.000000000000000222e+00,2.397853834977360099e-01,0.000000000000000000e+00,0.000000000000000000e+00,9.708259215023277156e-01
6.170284412304923860e-01,2.690746459964299397e-01,9.999999999999998890e-01,2.382585914231651614e-01,0.000000000000000000e+00,0.000000000000000000e+00,9.712017522703761951e-01
6.178460294789249740e-01,2.709534307575480749e-01,1.000000000000000000e+00,2.367312102916797889e-01,0.000000000000000000e+00,0.000000000000000000e+00,9.715751818947602203e-01
6.186577054096931150e-01,2.728347773247692953e-01,1.000000000000000000e+00,2.352032438794901537e-01,0.000000000000000000e+00,0.000000000000000000e+00,9.719462094522335338e-01
6.194634609958379334e-01,2.747186670927708185e-01,1.000000000000000222e+00,2.336746959642524990e-01,0.000000000000000000e+00,0.000000000000000000e+00,9.723148340254890165e-01
6.202632882689478322e-01,2.766050814310787032e-01,1.000000000000000000e+00,2.321455703250617786e-01,0.000000000000000000e+00,0.000000000000000000e+00,9.726810547031600196e-01
6.210571793192386503e-01,2.784940016842530897e-01,9.999999999999998890e-01,2.306158707424402488e-01,0.000000000000000000e+00,0.000000000000000000e+00,9.730448705798238063e-01
6.218451262956327108e-01,2.803854091720714425e-01,1.000000000000000000e+00,2.290856009983301689e-01,0.000000000000000000e+00,0.000000000000000000e+00,9.734062807560026620e-01
6.226271214058336501e-01,2.822792851897151234e-01,1.000000000000000000e+00,2.275547648760824770e-01,0.000000000000000000e+00,0.000000000000000000e+00,9.737652843381667811e-01
6.234031569164070197e-01,2.841756110079521891e-01,9.999999999999998890e-01,2.260233661604492683e-01,0.000000000000000000e+00,0.000000000000000000e+00,9.741218804387361541e-01
6.241732251528545605e-01,2.860743678733247419e-01,1.000000000000000000e+00,2.244914086375727202e-01,0.000000000000000000e+00,0.000000000000000000e+00,9.744760681760832322e-01
6.249373184996895869e-01,2.879755370083324495e-01,1.000000000000000000e+00,2.229588960949774046e-01,0.000000000000000000e+00,0.000000000000000000e+00,9.748278466745341486e-01
6.256954294005145911e-01,2.898790996116200613e-01,1.000000000000000000e+00,2.214258323215592683e-01,0.000000000000000000e+00,0.000000000000000000e+00,9.751772150643721604e-01
6.264475503580936300e-01,2.917850368581616505e-01,9.999999999999998890e-01,2.198922211075777233e-01,0.000000000000000000e+00,0.000000000000000000e+00,9.755241724818386473e-01
6.271936739344284861e-01,2.936933298994477970e-01,1.000000000000000000e+00,2.183580662446455989e-01,0.000000000000000000e+00,0.000000000000000000e+00,9.758687180691361096e-01
6.279337927508300554e-01,2.956039598636723276e-01,1.000000000000000000e+00,2.168233715257192606e-01,0.000000000000000000e+00,0.000000000000000000e+00,9.762108509744295004e-01
6.286678994879932869e-01,2.975169078559175007e-01,9.999999999999998890e-01,2.152881407450905060e-01,0.000000000000000000e+00,0.000000000000000000e+00,9.765505703518492231e-01
6.293959868860692364e-01,2.994321549583425779e-01,9.999999999999998890e-01,2.137523776983757395e-01,0.000000000000000000e+00,0.000000000000000000e+00,9.768878753614924637e-01
6.301180477447353434e-01,3.013496822303692868e-01,1.000000000000000000e+00,2.122160861825081180e-01,0.000000000000000000e+00,0.000000000000000000e+00,9.772227651694255224e-01
6.308340749232674849e-01,3.032694707088707808e-01,1.000000000000000000e+00,2.106792699957264203e-01,0.000000000000000000e+00,0.000000000000000000e+00,9.775552389476861448e-01
6.315440613406129167e-01,3.051915014083573241e-01,1.000000000000000000e+00,2.091419329375675817e-01,0.000000000000000000e+00,0.000000000000000000e+00,9.778852958742850765e-01
6.322479999754558877e-01,3.071157553211661950e-01,1.000000000000000000e+00,2.076040788088553690e-01,0.000000000000000000e+00,0.000000000000000000e+00,9.782129351332083944e-01
6.329458838662900266e-01,3.090422134176473157e-01,1.000000000000000000e+00,2.060657114116928035e-01,0.000000000000000000e+00,0.000000000000000000e+00,9.785381559144196162e-01
6.336377061114869536e-01,3.109708566463537105e-01,1.000000000000000000e+00,2.045268345494510032e-01,0.000000000000000000e+00,0.000000000000000000e+00,9.788609574138614766e-01
6.343234598693642257e-01,3.129016659342277462e-01,1.000000000000000000e+00,2.029874520267615778e-01,0.000000000000000000e+00,0.000000000000000000e+00,9.791813388334579260e-01
6.350031383582520617e-01,3.148346221867922012e-01,1.000000000000000000e+00,2.014475676495053602e-01,0.000000000000000000e+00,0.000000000000000000e+00,9.794992993811164617e-01
6.356767348565621756e-01,3.167697062883363390e-01,1.000000000000000000e+00,1.999071852248046344e-01,0.000000000000000000e+00,0.000000000000000000e+00,9.798148382707294601e-01
6.363442427028521697e-01,3.187068991021069220e-01,1.000000000000000000e+00,1.983663085610130328e-01,0.000000000000000000e+00,0.000000000000000000e+00,9.801279547221765087e-01
6.370056552958944796e-01,3.206461814704973934e-01,1.000000000000000000e+00,1.968249414677054610e-01,0.000000000000000000e+00,0.000000000000000000e+00,9.804386479613267369e-01
6.376609660947369917e-01,3.225875342152358938e-01,1.000000000000000000e+00,1.952830877556701872e-01,0.000000000000000000e+00,0.000000000000000000e+00,9.807469172200395935e-01
6.383101686187729884e-01,3.245309381375767188e-01,1.000000000000000000e+00,1.937407512368977125e-01,0.000000000000000000e+00,0.000000000000000000e+00,9.810527617361680663e-01
6.389532564478014320e-01,3.264763740184885021e-01,1.000000000000000000e+00,1.921979357245730546e-01,0.000000000000000000e+00,0.000000000000000000e+00,9.813561807535594594e-01
6.395902232220919137e-01,3.284238226188461174e-01,1.000000000000000222e+00,1.906546450330646736e-01,0.000000000000000000e+00,0.000000000000000000e+00,9.816571735220581685e-01
6.402210626424469364e-01,3.303732646796186945e-01,9.999999999999998890e-01,1.891108829779165057e-01,0.000000000000000000e+00,0.000000000000000000e+00,9.819557392975065691e-01
6.408457684702664192e-01,3.323246809220624098e-01,1.000000000000000222e+00,1.875666533758372501e-01,0.000000000000000000e+00,0.000000000000000000e+00,9.822518773417481253e-01
6.414643345276050956e-01,3.342780520479091688e-01,1.000000000000000000e+00,1.860219600446922361e-01,0.000000000000000000e+00,0.000000000000000000e+00,9.825455869226277228e-01
6.420767546972379058e-01,3.362333587395591739e-01,1.000000000000000000e+00,1.844768068034924879e-01,0.000000000000000000e+00,0.000000000000000000e+00,9.828368673139947775e-01
6.426830229227183944e-01,3.381905816602701620e-01,1.000000000000000000e+00,1.829311974723869527e-01,0.000000000000000000e+00,0.000000000000000000e+00,9.831257177957041238e-01
6.432831332084382181e-01,3.401497014543505282e-01,1.000000000000000000e+00,1.813851358726512319e-01,0.000000000000000000e+00,0.000000000000000000e+00,9.834121376536186787e-01
6.438770796196878754e-01,3.421106987473492289e-01,1.000000000000000000e+00,1.798386258266798932e-01,0.000000000000000000e+00,0.000000000000000000e+00,9.836961261796101086e-01
6.444648562827149929e-01,3.440735541462476288e-01,1.000000000000000000e+00,1.782916711579761171e-01,0.000000000000000000e+00,0.000000000000000000e+00,9.839776826715614932e-01
6.450464573847806138e-01,3.460382482396526793e-01,1.000000000000000000e+00,1.767442756911417057e-01,0.000000000000000000e+00,0.000000000000000000e+00,9.842568064333686584e-01
6.456218771742197049e-01,3.480047615979864895e-01,1.000000000000000000e+00,1.751964432518691717e-01,0.000000000000000000e+00,0.000000000000000000e+00,9.845334967749419519e-01
6.461911099604955577e-01,3.499730747736811698e-01,9.999999999999998890e-01,1.736481776669304145e-01,0.000000000000000000e+00,0.000000000000000000e+00,9.848077530122080203e-01
6.467541501142575200e-01,3.519431683013684031e-01,1.000000000000000000e+00,1.720994827641692260e-01,0.000000000000000000e+00,0.000000000000000000e+00,9.850795744671114740e-01
6.473109920673956186e-01,3.539150226980746217e-01,1.000000000000000000e+00,1.705503623724897999e-01,0.000000000000000000e+00,0.000000000000000000e+00,9.853489604676164415e-01
6.478616303130971810e-01,3.558886184634111327e-01,1.000000000000000000e+00,1.690008203218492933e-01,0.000000000000000000e+00,0.000000000000000000e+00,9.856159103477084571e-01
6.484060594058990157e-01,3.578639360797694624e-01,1.000000000000000000e+00,1.674508604432463632e-01,0.000000000000000000e+00,0.000000000000000000e+00,9.858804234473957928e-01
6.489442739617432565e-01,3.598409560125119810e-01,1.000000000000000000e+00,1.659004865687135899e-01,0.000000000000000000e+00,0.000000000000000000e+00,9.861424991127114570e-01
6.494762686580289879e-01,3.618196587101671913e-01,1.000000000000000000e+00,1.643497025313062632e-01,0.000000000000000000e+00,0.000000000000000000e+00,9.864021366957145265e-01
6.500020382336672009e-01,3.638000246046211861e-01,9.999999999999998890e-01,1.627985121650945832e-01,0.000000000000000000e+00,0.000000000000000000e+00,9.866593355544919230e-01
6.505215774891307534e-01,3.657820341113131590e-01,1.000000000000000000e+00,1.612469193051524197e-01,0.000000000000000000e+00,0.000000000000000000e+00,9.869140950531599676e-01
6.510348812865056622e-01,3.677656676294270288e-01,1.000000000000000000e+00,1.596949277875494844e-01,0.000000000000000000e+00,0.000000000000000000e+00,9.871664145618657127e-01
6.515419445495437278e-01,3.697509055420865609e-01,1.000000000000000000e+00,1.581425414493410064e-01,0.000000000000000000e+00,0.000000000000000000e+00,9.874162934567889405e-01
6.520427622637103848e-01,3.717377282165497676e-01,1.000000000000000000e+00,1.565897641285577679e-01,0.000000000000000000e+00,0.000000000000000000e+00,9.876637311201432734e-01
6.525373294762373266e-01,3.737261160044012542e-01,1.000000000000000222e+00,1.550365996641980548e-01,0.000000000000000000e+00,0.000000000000000000e+00,9.879087269401780613e-01
6.530256412961685797e-01,3.757160492417487285e-01,1.000000000000000000e+00,1.534830518962163604e-01,0.000000000000000000e+00,0.000000000000000000e+00,9.881512803111794918e-01
6.535076928944103525e-01,3.777075082494152358e-01,1.000000000000000000e+00,1.519291246655158356e-01,0.000000000000000000e+00,0.000000000000000000e+00,9.883913906334728106e-01
6.539834795037775539e-01,3.797004733331362791e-01,1.000000000000000000e+00,1.503748218139368265e-01,0.000000000000000000e+00,0.000000000000000000e+00,9.886290573134226545e-01
6.544529964190435312e-01,3.816949247837518322e-01,1.000000000000000000e+00,1.488201471842492407e-01,0.000000000000000000e+00,0.000000000000000000e+00,9.888642797634357162e-01
6.549162389969842568e-01,3.836908428774039037e-01,1.000000000000000222e+00,1.472651046201412794e-01,0.000000000000000000e+00,0.000000000000000000e+00,9.890970574019614103e-01
6.553732026564240698e-01,3.856882078757291055e-01,1.000000000000000000e+00,1.457096979662116654e-01,0.000000000000000000e+00,0.000000000000000000e+00,9.893273896534935385e-01
6.558238828782829710e-01,3.876870000260563831e-01,1.000000000000000000e+00,1.441539310679584296e-01,0.000000000000000000e+00,0.000000000000000000e+00,9.895552759485719552e-01
6.562682752056192559e-01,3.896871995615996953e-01,1.000000000000000000e+00,1.425978077717711123e-01,0.000000000000000000e+00,0.000000000000000000e+00,9.897807157237834552e-01
6.567063752436754775e-01,3.916887867016563551e-01,1.000000000000000000e+00,1.410413319249194664e-01,0.000000000000000000e+00,0.000000000000000000e+00,9.900037084217637728e-01
6.571381786599199692e-01,3.936917416517997648e-01,1.000000000000000000e+00,1.394845073755456299e-01,0.000000000000000000e+00,0.000000000000000000e+00,9.902242534911984695e-01
6.575636811840914753e-01,3.956960446040769797e-01,1.000000000000000000e+00,1.379273379726537463e-01,0.000000000000000000e+00,0.000000000000000000e+00,9.904423503868245993e-01
6.579828786082400072e-01,3.977016757372048295e-01,1.000000000000000000e+00,1.363698275660999992e-01,0.000000000000000000e+00,0.000000000000000000e+00,9.906579985694317081e-01
6.583957667867691432e-01,3.997086152167643180e-01,1.000000000000000000e+00,1.348119800065844254e-01,0.000000000000000000e+00,0.000000000000000000e+00,9.908711975058637211e-01
6.588023416364766627e-01,4.017168431953986318e-01,1.000000000000000000e+00,1.332537991456397841e-01,0.000000000000000000e+00,0.000000000000000000e+00,9.910819466690196089e-01
6.592025991365961790e-01,4.037263398130075953e-01,1.000000000000000000e+00,1.316952888356238138e-01,0.000000000000000000e+00,0.000000000000000000e+00,9.912902455378553856e-01
6.595965353288344435e-01,4.057370851969459014e-01,1.000000000000000000e+00,1.301364529297077965e-01,0.000000000000000000e+00,0.000000000000000000e+00,9.914960935973847755e-01
6.599841463174129785e-01,4.077490594622178999e-01,1.000000000000000000e+00,1.285772952818688974e-01,0.000000000000000000e+00,0.000000000000000000e+00,9.916994903386807669e-01
6.603654282691047150e-01,4.097622427116759392e-01,9.999999999999998890e-01,1.270178197468788683e-01,0.000000000000000000e+00,0.000000000000000000e+00,9.919004352588768336e-01
6.607403774132737384e-01,4.117766150362153765e-01,9.999999999999998890e-01,1.254580301802962761e-01,0.000000000000000000e+00,0.000000000000000000e+00,9.920989278611683782e-01
6.611089900419111487e-01,4.137921565149732528e-01,9.999999999999998890e-01,1.238979304384552199e-01,0.000000000000000000e+00,0.000000000000000000e+00,9.922949676548136200e-01
6.614712625096720311e-01,4.158088472155235804e-01,1.000000000000000222e+00,1.223375243784574629e-01,0.000000000000000000e+00,0.000000000000000000e+00,9.924885541551350387e-01
6.618271912339114271e-01,4.178266671940761845e-01,1.000000000000000000e+00,1.207768158581613016e-01,0.000000000000000000e+00,0.000000000000000000e+00,9.926796868835202625e-01
6.621767726947194177e-01,4.198455964956723241e-01,9.999999999999998890e-01,1.192158087361734065e-01,0.000000000000000000e+00,0.000000000000000000e+00,9.928683653674237330e-01
6.625200034349592038e-01,4.218656151543827004e-01,1.000000000000000000e+00,1.176545068718387460e-01,0.000000000000000000e+00,0.000000000000000000e+00,9.930545891403677050e-01
6.628568800602956390e-01,4.238867031935059093e-01,1.000000000000000222e+00,1.160929141252303037e-01,0.000000000000000000e+00,0.000000000000000000e+00,9.932383577419430232e-01
6.631873992392320893e-01,4.259088406257637294e-01,1.000000000000000000e+00,1.145310343571411121e-01,0.000000000000000000e+00,0.000000000000000000e+00,9.934196707178106767e-01
6.635115577031446277e-01,4.279320074535015173e-01,1.000000000000000000e+00,1.129688714290729284e-01,0.000000000000000000e+00,0.000000000000000000e+00,9.935985276197029092e-01
6.638293522463122320e-01,4.299561836688830518e-01,1.000000000000000000e+00,1.114064292032284909e-01,0.000000000000000000e+00,0.000000000000000000e+00,9.937749280054242185e-01
6.641407797259475387e-01,4.319813492540914290e-01,1.000000000000000000e+00,1.098437115425001248e-01,0.000000000000000000e+00,0.000000000000000000e+00,9.939488714388522439e-01
6.644458370622310373e-01,4.340074841815242390e-01,1.000000000000000000e+00,1.082807223104620686e-01,0.000000000000000000e+00,0.000000000000000000e+00,9.941203574899392104e-01
6.647445212383396029e-01,4.360345684139939060e-01,9.999999999999998890e-01,1.067174653713590382e-01,0.000000000000000000e+00,0.000000000000000000e+00,9.942893857347129272e-01
6.650368293004756959e-01,4.380625819049237535e-01,1.000000000000000000e+00,1.051539445900985248e-01,0.000000000000000000e+00,0.000000000000000000e+00,9.944559557552775653e-01
6.653227583578987803e-01,4.400915045985485663e-01,1.000000000000000000e+00,1.035901638322394569e-01,0.000000000000000000e+00,0.000000000000000000e+00,9.946200671398148785e-01
6.656023055829518587e-01,4.421213164301104337e-01,9.999999999999998890e-01,1.020261269639843593e-01,0.000000000000000000e+00,0.000000000000000000e+00,9.947817194825852027e-01
6.658754682110903378e-01,4.441519973260596443e-01,9.999999999999998890e-01,1.004618378521681121e-01,0.000000000000000000e+00,0.000000000000000000e+00,9.949409123839287883e-01
6.661422435409090070e-01,4.461835272042511402e-01,1.000000000000000000e+00,9.889730036424985993e-02,0.000000000000000000e+00,0.000000000000000000e+00,9.950976454502660218e-01
6.664026289341696829e-01,4.482158859741439128e-01,1.000000000000000000e+00,9.733251836830282555e-02,0.000000000000000000e+00,0.000000000000000000e+00,9.952519182940989806e-01
6.666566218158257451e-01,4.502490535370005653e-01,1.000000000000000000e+00,9.576749573300404050e-02,0.000000000000000000e+00,0.000000000000000000e+00,9.954037305340125430e-01
6.669042196740490036e-01,4.522830097860843224e-01,1.000000000000000000e+00,9.420223632762644850e-02,0.000000000000000000e+00,0.000000000000000000e+00,9.955530817946746103e-01
6.671454200602535689e-01,4.543177346068596467e-01,1.000000000000000000e+00,9.263674402202741465e-02,0.000000000000000000e+00,0.000000000000000000e+00,9.956999717068376610e-01
6.673802205891212758e-01,4.563532078771894152e-01,1.000000000000000222e+00,9.107102268664103717e-02,0.000000000000000000e+00,0.000000000000000000e+00,9.958443999073396391e-01
6.676086189386236658e-01,4.583894094675357023e-01,9.999999999999998890e-01,8.950507619246672597e-02,0.000000000000000000e+00,0.000000000000000000e+00,9.959863660391042872e-01
6.678306128500463013e-01,4.604263192411572891e-01,1.000000000000000000e+00,8.793890841106148659e-02,0.000000000000000000e+00,0.000000000000000000e+00,9.961258697511429228e-01
6.680462001280099704e-01,4.624639170543100031e-01,9.999999999999998890e-01,8.637252321452852655e-02,0.000000000000000000e+00,0.000000000000000000e+00,9.962629106985543270e-01
6.682553786404938911e-01,4.645021827564447259e-01,1.000000000000000000e+00,8.480592447550944213e-02,0.000000000000000000e+00,0.000000000000000000e+00,9.963974885425265215e-01
6.684581463188542516e-01,4.665410961904081777e-01,9.999999999999998890e-01,8.323911606717292189e-02,0.000000000000000000e+00,0.000000000000000000e+00,9.965296029503366571e-01
6.686545011578487463e-01,4.685806371926405367e-01,1.000000000000000000e+00,8.167210186320691956e-02,0.000000000000000000e+00,0.000000000000000000e+00,9.966592535953529008e-01
6.688444412156525631e-01,4.706207855933766115e-01,9.999999999999998890e-01,8.010488573780724653e-02,0.000000000000000000e+00,0.000000000000000000e+00,9.967864401570342148e-01
6.690279646138783676e-01,4.726615212168439051e-01,1.000000000000000000e+00,7.853747156566968923e-02,0.000000000000000000e+00,0.000000000000000000e+00,9.969111623209320205e-01
6.692050695375966196e-01,4.747028238814622880e-01,1.000000000000000222e+00,7.696986322197955921e-02,0.000000000000000000e+00,0.000000000000000000e+00,9.970334197786901997e-01
6.693757542353520051e-01,4.767446734000451158e-01,1.000000000000000000e+00,7.540206458240167331e-02,0.000000000000000000e+00,0.000000000000000000e+00,9.971532122280464261e-01
6.695400170191809774e-01,4.787870495799962933e-01,1.000000000000000000e+00,7.383407952307213806e-02,0.000000000000000000e+00,0.000000000000000000e+00,9.972705393728327206e-01
6.696978562646300759e-01,4.808299322235127793e-01,1.000000000000000000e+00,7.226591192058709479e-02,0.000000000000000000e+00,0.000000000000000000e+00,9.973854009229762285e-01
6.698492704107676943e-01,4.828733011277815956e-01,1.000000000000000000e+00,7.069756565199487863e-02,0.000000000000000000e+00,0.000000000000000000e+00,9.974977965944996638e-01
6.699942579602055082e-01,4.849171360851821655e-01,1.000000000000000000e+00,6.912904459478465269e-02,0.000000000000000000e+00,0.000000000000000000e+00,9.976077261095226412e-01
6.701328174791075787e-01,4.869614168834838219e-01,9.999999999999998890e-01,6.756035262687862253e-02,0.000000000000000000e+00,0.000000000000000000e+00,9.977151891962614538e-01
6.702649475972091153e-01,4.890061233060480350e-01,1.000000000000000000e+00,6.599149362662062868e-02,0.000000000000000000e+00,0.000000000000000000e+00,9.978201855890307392e-01
6.703906470078268010e-01,4.910512351320256985e-01,1.000000000000000000e+00,6.442247147276840280e-02,0.000000000000000000e+00,0.000000000000000000e+00,9.979227150282432568e-01
6.705099144678726697e-01,4.930967321365599676e-01,9.999999999999998890e-01,6.285329004448210466e-02,0.000000000000000000e+00,0.000000000000000000e+00,9.980227772604111092e-01
6.706227487978685398e-01,4.951425940909838785e-01,1.000000000000000000e+00,6.128395322131638401e-02,0.000000000000000000e+00,0.000000000000000000e+00,9.981203720381461864e-01
6.707291488819531189e-01,4.971888007630211881e-01,9.999999999999998890e-01,5.971446488321005552e-02,0.000000000000000000e+00,0.000000000000000000e+00,9.982154991201608318e-01
6.708291136678979916e-01,4.992353319169877124e-01,9.999999999999998890e-01,5.814482891047589863e-02,0.000000000000000000e+00,0.000000000000000000e+00,9.983081582712681756e-01
6.709226421671150575e-01,5.012821673139891132e-01,9.999999999999998890e-01,5.657504918379253206e-02,0.000000000000000000e+00,0.000000000000000000e+00,9.983983492623831335e-01
6.710097334546660797e-01,5.033292867121232916e-01,9.999999999999998890e-01,5.500512958419315895e-02,0.000000000000000000e+00,0.000000000000000000e+00,9.984860718705224070e-01
6.710903866692743414e-01,5.053766698666786183e-01,1.000000000000000000e+00,5.343507399305762878e-02,0.000000000000000000e+00,0.000000000000000000e+00,9.985713258788059266e-01
6.711646010133301976e-01,5.074242965303360497e-01,9.999999999999998890e-01,5.186488629210114082e-02,0.000000000000000000e+00,0.000000000000000000e+00,9.986541110764564078e-01
6.712323757529012891e-01,5.094721464533673583e-01,1.000000000000000000e+00,5.029457036336641013e-02,0.000000000000000000e+00,0.000000000000000000e+00,9.987344272588005722e-01
6.712937102177379822e-01,5.115201993838376371e-01,1.000000000000000000e+00,4.872413008921228084e-02,0.000000000000000000e+00,0.000000000000000000e+00,9.988122742272691479e-01
6.713486038012818069e-01,5.135684350678030308e-01,1.000000000000000000e+00,4.715356935230590602e-02,0.000000000000000000e+00,0.000000000000000000e+00,9.988876517893978679e-01
6.713970559606694533e-01,5.156168332495135731e-01,9.999999999999998890e-01,4.558289203561138175e-02,0.000000000000000000e+00,0.000000000000000000e+00,9.989605597588274710e-01
6.714390662167405432e-01,5.176653736716112508e-01,1.000000000000000000e+00,4.401210202238192010e-02,0.000000000000000000e+00,0.000000000000000000e+00,9.990309979553043673e-01
6.714746341540399621e-01,5.197140360753325083e-01,9.999999999999998890e-01,4.244120319614846232e-02,0.000000000000000000e+00,0.000000000000000000e+00,9.990989662046814157e-01
6.715037594208240757e-01,5.217628002007065335e-01,1.000000000000000000e+00,4.087019944071164368e-02,0.000000000000000000e+00,0.000000000000000000e+00,9.991644643389177016e-01
6.715264417290609522e-01,5.238116457867564302e-01,1.000000000000000000e+00,3.929909464013149611e-02,0.000000000000000000e+00,0.000000000000000000e+00,9.992274921960794254e-01
6.715426808544381343e-01,5.258605525717010565e-01,9.999999999999998890e-01,3.772789267871724805e-02,0.000000000000000000e+00,0.000000000000000000e+00,9.992880496203400131e-01
6.715524766363609732e-01,5.279095002931522007e-01,1.000000000000000000e+00,3.615659744101920592e-02,0.000000000000000000e+00,0.000000000000000000e+00,9.993461364619808940e-01
6.715558289779548495e-01,5.299584686883184181e-01,9.999999999999998890e-01,3.458521281181740209e-02,0.000000000000000000e+00,0.000000000000000000e+00,9.994017525773912780e-01
6.715527378460677266e-01,5.320074374942028728e-01,9.999999999999998890e-01,3.301374267611375396e-02,0.000000000000000000e+00,0.000000000000000000e+00,9.994548978290692665e-01
6.715432032712689292e-01,5.340563864478050649e-01,1.000000000000000000e+00,3.144219091912071190e-02,0.000000000000000000e+00,0.000000000000000000e+00,9.995055720856215187e-01
6.715272253478488107e-01,5.361052952863205601e-01,9.999999999999998890e-01,2.987056142625338709e-02,0.000000000000000000e+00,0.000000000000000000e+00,9.995537752217638072e-01
6.715048042338198631e-01,5.381541437473420508e-01,1.000000000000000222e+00,2.829885808311821682e-02,0.000000000000000000e+00,0.000000000000000000e+00,9.995995071183216840e-01
6.714759401509116099e-01,5.402029115690586414e-01,1.000000000000000000e+00,2.672708477550508888e-02,0.000000000000000000e+00,0.000000000000000000e+00,9.996427676622299252e-01
6.714406333845717167e-01,5.422515784904577973e-01,9.999999999999998890e-01,2.515524538937598600e-02,0.000000000000000000e+00,0.000000000000000000e+00,9.996835567465338634e-01
6.713988842839624382e-01,5.443001242515239646e-01,1.000000000000000000e+00,2.358334381085716580e-02,0.000000000000000000e+00,0.000000000000000000e+00,9.997218742703887218e-01
6.713506932619550671e-01,5.463485285934404079e-01,1.000000000000000000e+00,2.201138392622772194e-02,0.000000000000000000e+00,0.000000000000000000e+00,9.997577201390606128e-01
6.712960607951288239e-01,5.483967712587887178e-01,1.000000000000000000e+00,2.043936962191159751e-02,0.000000000000000000e+00,0.000000000000000000e+00,9.997910942639262055e-01
6.712349874237634184e-01,5.504448319917488730e-01,1.000000000000000000e+00,1.886730478446727033e-02,0.000000000000000000e+00,0.000000000000000000e+00,9.998219965624731698e-01
6.711674737518360523e-01,5.524926905383013009e-01,1.000000000000000000e+00,1.729519330057747994e-02,0.000000000000000000e+00,0.000000000000000000e+00,9.998504269583003978e-01
6.710935204470140913e-01,5.545403266464242753e-01,1.000000000000000000e+00,1.572303905704119237e-02,0.000000000000000000e+00,0.000000000000000000e+00,9.998763853811183377e-01
6.710131282406495146e-01,5.565877200662976421e-01,1.000000000000000000e+00,1.415084594076219601e-02,0.000000000000000000e+00,0.000000000000000000e+00,9.998998717667488823e-01
6.709262979277688110e-01,5.586348505504994399e-01,1.000000000000000000e+00,1.257861783874127115e-02,0.000000000000000000e+00,0.000000000000000000e+00,9.999208860571254798e-01
6.708330303670696493e-01,5.606816978542097374e-01,1.000000000000000000e+00,1.100635863806481186e-02,0.000000000000000000e+00,0.000000000000000000e+00,9.999394282002936896e-01
6.707333264809084428e-01,5.627282417354073640e-01,1.000000000000000000e+00,9.434072225896985089e-03,0.000000000000000000e+00,0.000000000000000000e+00,9.999554981504109596e-01
6.706271872552937996e-01,5.647744619550735257e-01,9.999999999999998890e-01,7.861762489468343898e-03,0.000000000000000000e+00,0.000000000000000000e+00,9.999690958677468489e-01
6.705146137398748651e-01,5.668203382773886467e-01,1.000000000000000000e+00,6.289433316067998686e-03,0.000000000000000000e+00,0.000000000000000000e+00,9.999802213186832489e-01
6.703956070479322182e-01,5.688658504699354301e-01,9.999999999999998890e-01,4.717088593032223512e-03,0.000000000000000000e+00,0.000000000000000000e+00,9.999888744757141623e-01
6.702701683563672130e-01,5.709109783038963659e-01,1.000000000000000222e+00,3.144732207736625988e-03,0.000000000000000000e+00,0.000000000000000000e+00,9.999950553174459245e-01
6.701382989056881012e-01,5.729557015542562359e-01,1.000000000000000000e+00,1.572368047584758385e-03,0.000000000000000000e+00,0.000000000000000000e+00,9.999987638285974256e-01
6.699999999999999289e-01,5.749999999999999556e-01,1.000000000000000000e+00,6.123233995736766036e-17,0.000000000000000000e+00,0.000000000000000000e+00,1.000000000000000000e+00
