-6.299999999999998934e-01,4.899999999999999911e-01,1.000000000000000000e+00,1.000000000000000000e+00,0.000000000000000000e+00,0.000000000000000000e+00,0.000000000000000000e+00
-6.299160361446487499e-01,4.888216684067394069e-01,9.999999999999998890e-01,9.999996556663262037e-01,0.000000000000000000e+00,0.000000000000000000e+00,8.298597646102930060e-04
-6.298301167056599148e-01,4.876434777928379538e-01,1.000000000000000000e+00,9.999986226655421806e-01,0.000000000000000000e+00,0.000000000000000000e+00,1.659718957723263022e-03
-6.297422419197133969e-01,4.864654314038208138e-01,1.000000000000000000e+00,9.999969009983591395e-01,0.000000000000000000e+00,0.000000000000000000e+00,2.489577007841980733e-03
-6.296524120288747861e-01,4.852875324848156535e-01,1.000000000000000000e+00,9.999944906659626875e-01,0.000000000000000000e+00,0.000000000000000000e+00,3.319433343470304821e-03
-6.295606272805958081e-01,4.841097842805440754e-01,1.000000000000000222e+00,9.999913916700130523e-01,0.000000000000000000e+00,0.000000000000000000e+00,4.149287393113271737e-03
-6.294668879277131035e-01,4.829321900353124031e-01,1.000000000000000000e+00,9.999876040126440824e-01,0.000000000000000000e+00,0.000000000000000000e+00,4.979138585277496747e-03
-6.293711942284474503e-01,4.817547529930029659e-01,1.000000000000000000e+00,9.999831276964642468e-01,0.000000000000000000e+00,0.000000000000000000e+00,5.808986348471560125e-03
-6.292735464464035422e-01,4.805774763970649954e-01,1.000000000000000000e+00,9.999779627245565239e-01,0.000000000000000000e+00,0.000000000000000000e+00,6.638830111206401804e-03
-6.291739448505684340e-01,4.794003634905055766e-01,1.000000000000000222e+00,9.999721091004776241e-01,0.000000000000000000e+00,0.000000000000000000e+00,7.468669301995721661e-03
-6.290723897153116528e-01,4.782234175158811551e-01,1.000000000000000000e+00,9.999655668282586563e-01,0.000000000000000000e+00,0.000000000000000000e+00,8.298503349356362024e-03
-6.289688813203838658e-01,4.770466417152882665e-01,1.000000000000000000e+00,9.999583359124053494e-01,0.000000000000000000e+00,0.000000000000000000e+00,9.128331681808715334e-03
-6.288634199509166578e-01,4.758700393303545995e-01,1.000000000000000000e+00,9.999504163578971649e-01,0.000000000000000000e+00,0.000000000000000000e+00,9.958153727877101444e-03
-6.287560058974209776e-01,4.746936136022301134e-01,9.999999999999998890e-01,9.999418081701881844e-01,0.000000000000000000e+00,0.000000000000000000e+00,1.078796891609017441e-02
-6.286466394557870263e-01,4.735173677715782126e-01,1.000000000000000000e+00,9.999325113552065547e-01,0.000000000000000000e+00,0.000000000000000000e+00,1.161777667498130676e-02
-6.285353209272833697e-01,4.723413050785668088e-01,1.000000000000000000e+00,9.999225259193545989e-01,0.000000000000000000e+00,0.000000000000000000e+00,1.244757643308899535e-02
-6.284220506185552724e-01,4.711654287628591620e-01,9.999999999999998890e-01,9.999118518695090385e-01,0.000000000000000000e+00,0.000000000000000000e+00,1.327736761895723788e-02
-6.283068288416252534e-01,4.699897420636052203e-01,9.999999999999998890e-01,9.999004892130207711e-01,0.000000000000000000e+00,0.000000000000000000e+00,1.410714966113594052e-02
-6.281896559138909764e-01,4.688142482194325722e-01,1.000000000000000000e+00,9.998884379577148707e-01,0.000000000000000000e+00,0.000000000000000000e+00,1.493692198818130645e-02
-6.280705321581253608e-01,4.676389504684376197e-01,1.000000000000000000e+00,9.998756981118905873e-01,0.000000000000000000e+00,0.000000000000000000e+00,1.576668402865622626e-02
-6.279494579024743617e-01,4.664638520481764750e-01,1.000000000000000000e+00,9.998622696843214586e-01,0.000000000000000000e+00,0.000000000000000000e+00,1.659643521113067510e-02
-6.278264334804581903e-01,4.652889561956563003e-01,1.000000000000000000e+00,9.998481526842551981e-01,0.000000000000000000e+00,0.000000000000000000e+00,1.742617496418211523e-02
-6.277014592309677621e-01,4.641142661473262043e-01,1.000000000000000000e+00,9.998333471214138068e-01,0.000000000000000000e+00,0.000000000000000000e+00,1.825590271639586371e-02
-6.275745354982660285e-01,4.629397851390681939e-01,9.999999999999998890e-01,9.998178530059932401e-01,0.000000000000000000e+00,0.000000000000000000e+00,1.908561789636551223e-02
-6.274456626319859787e-01,4.617655164061887918e-01,1.000000000000000000e+00,9.998016703486639623e-01,0.000000000000000000e+00,0.000000000000000000e+00,1.991531993269330530e-02
-6.273148409871294184e-01,4.605914631834093775e-01,1.000000000000000000e+00,9.997847991605702811e-01,0.000000000000000000e+00,0.000000000000000000e+00,2.074500825399054962e-02
-6.271820709240668590e-01,4.594176287048580276e-01,9.999999999999998890e-01,9.997672394533309026e-01,0.000000000000000000e+00,0.000000000000000000e+00,2.157468228887798878e-02
-6.270473528085356296e-01,4.582440162040600229e-01,1.000000000000000000e+00,9.997489912390387090e-01,0.000000000000000000e+00,0.000000000000000000e+00,2.240434146598619877e-02
-6.269106870116398778e-01,4.570706289139292999e-01,1.000000000000000000e+00,9.997300545302605368e-01,0.000000000000000000e+00,0.000000000000000000e+00,2.323398521395600089e-02
-6.267720739098484595e-01,4.558974700667592361e-01,1.000000000000000000e+00,9.997104293400375097e-01,0.000000000000000000e+00,0.000000000000000000e+00,2.406361296143883291e-02
-6.266315138849944955e-01,4.547245428942141565e-01,1.000000000000000000e+00,9.996901156818848166e-01,0.000000000000000000e+00,0.000000000000000000e+00,2.489322413709715853e-02
-6.264890073242744828e-01,4.535518506273200634e-01,9.999999999999998890e-01,9.996691135697918229e-01,0.000000000000000000e+00,0.000000000000000000e+00,2.572281816960484552e-02
-6.263445546202466296e-01,4.523793964964558101e-01,1.000000000000000222e+00,9.996474230182221810e-01,0.000000000000000000e+00,0.000000000000000000e+00,2.655239448764757162e-02
-6.261981561708305222e-01,4.512071837313443856e-01,1.000000000000000000e+00,9.996250440421131644e-01,0.000000000000000000e+00,0.000000000000000000e+00,2.738195251992322013e-02
-6.260498123793051262e-01,4.500352155610439220e-01,1.000000000000000222e+00,9.996019766568766673e-01,0.000000000000000000e+00,0.000000000000000000e+00,2.821149169514225452e-02
-6.258995236543087870e-01,4.488634952139386458e-01,1.000000000000000000e+00,9.995782208783983158e-01,0.000000000000000000e+00,0.000000000000000000e+00,2.904101144202813831e-02
-6.257472904098371203e-01,4.476920259177301076e-01,1.000000000000000000e+00,9.995537767230379123e-01,0.000000000000000000e+00,0.000000000000000000e+00,2.987051118931770624e-02
-6.255931130652421235e-01,4.465208108994285774e-01,1.000000000000000000e+00,9.995286442076295463e-01,0.000000000000000000e+00,0.000000000000000000e+00,3.069999036576155638e-02
-6.254369920452315101e-01,4.453498533853434416e-01,1.000000000000000000e+00,9.995028233494810399e-01,0.000000000000000000e+00,0.000000000000000000e+00,3.152944840012447680e-02
-6.252789277798669332e-01,4.441791566010750980e-01,9.999999999999998890e-01,9.994763141663742800e-01,0.000000000000000000e+00,0.000000000000000000e+00,3.235888472118580300e-02
-6.251189207045629859e-01,4.430087237715054638e-01,1.000000000000000000e+00,9.994491166765654411e-01,0.000000000000000000e+00,0.000000000000000000e+00,3.318829875773982030e-02
-6.249569712600864246e-01,4.418385581207896484e-01,1.000000000000000000e+00,9.994212308987845406e-01,0.000000000000000000e+00,0.000000000000000000e+00,3.401768993859616286e-02
-6.247930798925542817e-01,4.406686628723464061e-01,1.000000000000000000e+00,9.993926568522354392e-01,0.000000000000000000e+00,0.000000000000000000e+00,3.484705769258020919e-02
-6.246272470534329768e-01,4.394990412488499198e-01,1.000000000000000000e+00,9.993633945565962851e-01,0.000000000000000000e+00,0.000000000000000000e+00,3.567640144853347073e-02
-6.244594731995369852e-01,4.383296964722205313e-01,9.999999999999998890e-01,9.993334440320189582e-01,0.000000000000000000e+00,0.000000000000000000e+00,3.650572063531397349e-02
-6.242897587930278380e-01,4.371606317636159145e-01,9.999999999999998890e-01,9.993028052991295151e-01,0.000000000000000000e+00,0.000000000000000000e+00,3.733501468179667437e-02
-6.241181043014125684e-01,4.359918503434222492e-01,9.999999999999998890e-01,9.992714783790278554e-01,0.000000000000000000e+00,0.000000000000000000e+00,3.816428301687384977e-02
-6.239445101975423791e-01,4.348233554312454507e-01,1.000000000000000000e+00,9.992394632932877219e-01,0.000000000000000000e+00,0.000000000000000000e+00,3.899352506945547719e-02
-6.237689769596115319e-01,4.336551502459021212e-01,9.999999999999998890e-01,9.992067600639569225e-01,0.000000000000000000e+00,0.000000000000000000e+00,3.982274026846961690e-02
-6.235915050711560159e-01,4.324872380054107235e-01,1.000000000000000000e+00,9.991733687135571085e-01,0.000000000000000000e+00,0.000000000000000000e+00,4.065192804286284906e-02
-6.234120950210523260e-01,4.313196219269828102e-01,1.000000000000000000e+00,9.991392892650837743e-01,0.000000000000000000e+00,0.000000000000000000e+00,4.148108782160062763e-02
-6.232307473035154644e-01,4.301523052270141978e-01,1.000000000000000000e+00,9.991045217420062574e-01,0.000000000000000000e+00,0.000000000000000000e+00,4.231021903366768977e-02
-6.230474624180984966e-01,4.289852911210756958e-01,1.000000000000000000e+00,9.990690661682679607e-01,0.000000000000000000e+00,0.000000000000000000e+00,4.313932110806843745e-02
-6.228622408696905532e-01,4.278185828239050581e-01,1.000000000000000000e+00,9.990329225682859082e-01,0.000000000000000000e+00,0.000000000000000000e+00,4.396839347382733992e-02
-6.226750831685157195e-01,4.266521835493972126e-01,1.000000000000000000e+00,9.989960909669509670e-01,0.000000000000000000e+00,0.000000000000000000e+00,4.479743555998933618e-02
-6.224859898301312588e-01,4.254860965105959347e-01,1.000000000000000000e+00,9.989585713896279584e-01,0.000000000000000000e+00,0.000000000000000000e+00,4.562644679562020966e-02
-6.222949613754270581e-01,4.243203249196850768e-01,1.000000000000000000e+00,9.989203638621553250e-01,0.000000000000000000e+00,0.000000000000000000e+00,4.645542660980699762e-02
-6.221019983306231849e-01,4.231548719879793530e-01,9.999999999999998890e-01,9.988814684108453523e-01,0.000000000000000000e+00,0.000000000000000000e+00,4.728437443165835891e-02
-6.219071012272687771e-01,4.219897409259156240e-01,1.000000000000000000e+00,9.988418850624841694e-01,0.000000000000000000e+00,0.000000000000000000e+00,4.811328969030501113e-02
-6.217102706022410441e-01,4.208249349430442932e-01,9.999999999999998890e-01,9.988016138443313041e-01,0.000000000000000000e+00,0.000000000000000000e+00,4.894217181490007063e-02
-6.215115069977429352e-01,4.196604572480203132e-01,1.000000000000000000e+00,9.987606547841204607e-01,0.000000000000000000e+00,0.000000000000000000e+00,4.977102023461948965e-02
-6.213108109613025842e-01,4.184963110485940274e-01,1.000000000000000000e+00,9.987190079100587425e-01,0.000000000000000000e+00,0.000000000000000000e+00,5.059983437866241718e-02
-6.211081830457709785e-01,4.173324995516027869e-01,1.000000000000000000e+00,9.986766732508268740e-01,0.000000000000000000e+00,0.000000000000000000e+00,5.142861367625162217e-02
-6.209036238093211812e-01,4.161690259629620692e-01,1.000000000000000000e+00,9.986336508355795338e-01,0.000000000000000000e+00,0.000000000000000000e+00,5.225735755663386134e-02
-6.206971338154458895e-01,4.150058934876562633e-01,1.000000000000000000e+00,9.985899406939446887e-01,0.000000000000000000e+00,0.000000000000000000e+00,5.308606544908028163e-02
-6.204887136329567676e-01,4.138431053297303430e-01,1.000000000000000000e+00,9.985455428560241486e-01,0.000000000000000000e+00,0.000000000000000000e+00,5.391473678288682264e-02
-6.202783638359823382e-01,4.126806646922806521e-01,1.000000000000000000e+00,9.985004573523933447e-01,0.000000000000000000e+00,0.000000000000000000e+00,5.474337098737459828e-02
-6.200660850039667604e-01,4.115185747774462999e-01,1.000000000000000000e+00,9.984546842141011069e-01,0.000000000000000000e+00,0.000000000000000000e+00,5.557196749189027840e-02
-6.198518777216679432e-01,4.103568387864002798e-01,1.000000000000000000e+00,9.984082234726698868e-01,0.000000000000000000e+00,0.000000000000000000e+00,5.640052572580651208e-02
-6.196357425791559903e-01,4.091954599193405873e-01,1.000000000000000000e+00,9.983610751600956457e-01,0.000000000000000000e+00,0.000000000000000000e+00,5.722904511852230230e-02
-6.194176801718116465e-01,4.080344413754813937e-01,9.999999999999998890e-01,9.983132393088479661e-01,0.000000000000000000e+00,0.000000000000000000e+00,5.805752509946338763e-02
-6.191976911003247430e-01,4.068737863530446641e-01,9.999999999999998890e-01,9.982647159518698299e-01,0.000000000000000000e+00,0.000000000000000000e+00,5.888596509808266544e-02
-6.189757759706921991e-01,4.057134980492503873e-01,1.000000000000000000e+00,9.982155051225777287e-01,0.000000000000000000e+00,0.000000000000000000e+00,5.971436454386054582e-02
-6.187519353942166900e-01,4.045535796603088596e-01,1.000000000000000000e+00,9.981656068548614424e-01,0.000000000000000000e+00,0.000000000000000000e+00,6.054272286630539568e-02
-6.185261699875050923e-01,4.033940343814111928e-01,9.999999999999998890e-01,9.981150211830843721e-01,0.000000000000000000e+00,0.000000000000000000e+00,6.137103949495387178e-02
-6.182984803724662637e-01,4.022348654067207097e-01,1.000000000000000000e+00,9.980637481420830959e-01,0.000000000000000000e+00,0.000000000000000000e+00,6.219931385937137874e-02
-6.180688671763094888e-01,4.010760759293641176e-01,1.000000000000000000e+00,9.980117877671678128e-01,0.000000000000000000e+00,0.000000000000000000e+00,6.302754538915238125e-02
-6.178373310315434797e-01,3.999176691414228491e-01,1.000000000000000222e+00,9.979591400941218993e-01,0.000000000000000000e+00,0.000000000000000000e+00,6.385573351392090369e-02
-6.176038725759734893e-01,3.987596482339239579e-01,1.000000000000000000e+00,9.979058051592020195e-01,0.000000000000000000e+00,0.000000000000000000e+00,6.468387766333077993e-02
-6.173684924527002016e-01,3.976020163968318477e-01,1.000000000000000000e+00,9.978517829991382371e-01,0.000000000000000000e+00,0.000000000000000000e+00,6.551197726706622926e-02
-6.171311913101179547e-01,3.964447768190387800e-01,1.000000000000000000e+00,9.977970736511340144e-01,0.000000000000000000e+00,0.000000000000000000e+00,6.634003175484202985e-02
-6.168919698019128539e-01,3.952879326883566025e-01,9.999999999999998890e-01,9.977416771528656581e-01,0.000000000000000000e+00,0.000000000000000000e+00,6.716804055640415716e-02
-6.166508285870611061e-01,3.941314871915079787e-01,1.000000000000000000e+00,9.976855935424830957e-01,0.000000000000000000e+00,0.000000000000000000e+00,6.799600310152995042e-02
-6.164077683298266885e-01,3.929754435141175062e-01,1.000000000000000000e+00,9.976288228586090989e-01,0.000000000000000000e+00,0.000000000000000000e+00,6.882391882002865391e-02
-6.161627896997601272e-01,3.918198048407025014e-01,1.000000000000000000e+00,9.975713651403399496e-01,0.000000000000000000e+00,0.000000000000000000e+00,6.965178714174173613e-02
-6.159158933716964990e-01,3.906645743546650618e-01,1.000000000000000000e+00,9.975132204272448844e-01,0.000000000000000000e+00,0.000000000000000000e+00,7.047960749654330614e-02
-6.156670800257536547e-01,3.895097552382826844e-01,1.000000000000000000e+00,9.974543887593662062e-01,0.000000000000000000e+00,0.000000000000000000e+00,7.130737931434054377e-02
-6.154163503473296659e-01,3.883553506726995508e-01,9.999999999999998890e-01,9.973948701772192837e-01,0.000000000000000000e+00,0.000000000000000000e+00,7.213510202507400493e-02
-6.151637050271020479e-01,3.872013638379183109e-01,9.999999999999998890e-01,9.973346647217927741e-01,0.000000000000000000e+00,0.000000000000000000e+00,7.296277505871810731e-02
-6.149091447610247618e-01,3.860477979127903692e-01,9.999999999999998890e-01,9.972737724345481780e-01,0.000000000000000000e+00,0.000000000000000000e+00,7.379039784528143575e-02
-6.146526702503272155e-01,3.848946560750080015e-01,1.000000000000000000e+00,9.972121933574200625e-01,0.000000000000000000e+00,0.000000000000000000e+00,7.461796981480721402e-02
-6.143942822015117100e-01,3.837419415010952517e-01,1.000000000000000000e+00,9.971499275328158385e-01,0.000000000000000000e+00,0.000000000000000000e+00,7.544549039737363794e-02
-6.141339813263518854e-01,3.825896573663989941e-01,9.999999999999998890e-01,9.970869750036158718e-01,0.000000000000000000e+00,0.000000000000000000e+00,7.627295902309431941e-02
-6.138717683418903892e-01,3.814378068450806625e-01,1.000000000000000000e+00,9.970233358131737056e-01,0.000000000000000000e+00,0.000000000000000000e+00,7.710037512211863342e-02
-6.136076439704370999e-01,3.802863931101070349e-01,1.000000000000000000e+00,9.969590100053155046e-01,0.000000000000000000e+00,0.000000000000000000e+00,7.792773812463209271e-02
-6.133416089395673509e-01,3.791354193332416855e-01,1.000000000000000000e+00,9.968939976243402779e-01,0.000000000000000000e+00,0.000000000000000000e+00,7.875504746085687513e-02
-6.130736639821194878e-01,3.779848886850363243e-01,9.999999999999998890e-01,9.968282987150199892e-01,0.000000000000000000e+00,0.000000000000000000e+00,7.958230256105199019e-02
-6.128038098361932029e-01,3.768348043348220267e-01,9.999999999999998890e-01,9.967619133225993355e-01,0.000000000000000000e+00,0.000000000000000000e+00,8.040950285551391741e-02
-6.125320472451473153e-01,3.756851694507002959e-01,9.999999999999998890e-01,9.966948414927957467e-01,0.000000000000000000e+00,0.000000000000000000e+00,8.123664777457678676e-02
-6.122583769575976609e-01,3.745359871995346812e-01,1.000000000000000000e+00,9.966270832717994965e-01,0.000000000000000000e+00,0.000000000000000000e+00,8.206373674861293377e-02
-6.119827997274154274e-01,3.733872607469417293e-01,9.999999999999998890e-01,9.965586387062732587e-01,0.000000000000000000e+00,0.000000000000000000e+00,8.289076920803314930e-02
-6.117053163137247118e-01,3.722389932572826021e-01,9.999999999999998890e-01,9.964895078433527731e-01,0.000000000000000000e+00,0.000000000000000000e+00,8.371774458328720692e-02
-6.114259274809001887e-01,3.710911878936540287e-01,1.000000000000000000e+00,9.964196907306461792e-01,0.000000000000000000e+00,0.000000000000000000e+00,8.454466230486418210e-02
-6.111446339985657783e-01,3.699438478178798118e-01,9.999999999999998890e-01,9.963491874162340167e-01,0.000000000000000000e+00,0.000000000000000000e+00,8.537152180329279916e-02
-6.108614366415918706e-01,3.687969761905017796e-01,9.999999999999998890e-01,9.962779979486698911e-01,0.000000000000000000e+00,0.000000000000000000e+00,8.619832250914195859e-02
-6.105763361900934383e-01,3.676505761707718478e-01,1.000000000000000000e+00,9.962061223769795859e-01,0.000000000000000000e+00,0.000000000000000000e+00,8.702506385302098690e-02
-6.102893334294278160e-01,3.665046509166421940e-01,1.000000000000000000e+00,9.961335607506613954e-01,0.000000000000000000e+00,0.000000000000000000e+00,8.785174526558015007e-02
-6.100004291501924802e-01,3.653592035847578745e-01,1.000000000000000222e+00,9.960603131196862359e-01,0.000000000000000000e+00,0.000000000000000000e+00,8.867836617751090333e-02
-6.097096241482232726e-01,3.642142373304467218e-01,1.000000000000000000e+00,9.959863795344972015e-01,0.000000000000000000e+00,0.000000000000000000e+00,8.950492601954646021e-02
-6.094169192245915134e-01,3.630697553077118500e-01,1.000000000000000000e+00,9.959117600460101194e-01,0.000000000000000000e+00,0.000000000000000000e+00,9.033142422246201453e-02
-6.091223151856024476e-01,3.619257606692223295e-01,1.000000000000000000e+00,9.958364547056128835e-01,0.000000000000000000e+00,0.000000000000000000e+00,9.115786021707526776e-02
-6.088258128427925797e-01,3.607822565663044156e-01,1.000000000000000222e+00,9.957604635651658986e-01,0.000000000000000000e+00,0.000000000000000000e+00,9.198423343424672050e-02
-6.085274130129278980e-01,3.596392461489336667e-01,9.999999999999998890e-01,9.956837866770016365e-01,0.000000000000000000e+00,0.000000000000000000e+00,9.281054330488011650e-02
-6.082271165180008765e-01,3.584967325657250625e-01,1.000000000000000000e+00,9.956064240939251908e-01,0.000000000000000000e+00,0.000000000000000000e+00,9.363678925992284519e-02
-6.079249241852291430e-01,3.573547189639253441e-01,1.000000000000000222e+00,9.955283758692134999e-01,0.000000000000000000e+00,0.000000000000000000e+00,9.446297073036627467e-02
-6.076208368470523702e-01,3.562132084894039652e-01,9.999999999999998890e-01,9.954496420566157910e-01,0.000000000000000000e+00,0.000000000000000000e+00,9.528908714724622364e-02
-6.073148553411306105e-01,3.550722042866442107e-01,1.000000000000000000e+00,9.953702227103535805e-01,0.000000000000000000e+00,0.000000000000000000e+00,9.611513794164328051e-02
-6.070069805103414096e-01,3.539317094987349255e-01,1.000000000000000000e+00,9.952901178851203401e-01,0.000000000000000000e+00,0.000000000000000000e+00,9.694112254468324752e-02
-6.066972132027783626e-01,3.527917272673616877e-01,1.000000000000000000e+00,9.952093276360816088e-01,0.000000000000000000e+00,0.000000000000000000e+00,9.776704038753747383e-02
-6.063855542717475622e-01,3.516522607327981498e-01,1.000000000000000000e+00,9.951278520188749921e-01,0.000000000000000000e+00,0.000000000000000000e+00,9.859289090142334122e-02
-6.060720045757661545e-01,3.505133130338973224e-01,9.999999999999998890e-01,9.950456910896101625e-01,0.000000000000000000e+00,0.000000000000000000e+00,9.941867351760454163e-02
-6.057565649785598971e-01,3.493748873080829709e-01,1.000000000000000000e+00,9.949628449048686374e-01,0.000000000000000000e+00,0.000000000000000000e+00,1.002443876673915629e-01
-6.054392363490603834e-01,3.482369866913410661e-01,1.000000000000000000e+00,9.948793135217038897e-01,0.000000000000000000e+00,0.000000000000000000e+00,1.010700327821420219e-01
-6.051200195614028221e-01,3.470996143182111804e-01,9.999999999999998890e-01,9.947950969976411262e-01,0.000000000000000000e+00,0.000000000000000000e+00,1.018956082932610946e-01
-6.047989154949239277e-01,3.459627733217774948e-01,1.000000000000000000e+00,9.947101953906777316e-01,0.000000000000000000e+00,0.000000000000000000e+00,1.027211136322018908e-01
-6.044759250341591450e-01,3.448264668336606942e-01,1.000000000000000000e+00,9.946246087592824914e-01,0.000000000000000000e+00,0.000000000000000000e+00,1.035465482304658291e-01
-6.041510490688399848e-01,3.436906979840088083e-01,1.000000000000000000e+00,9.945383371623962576e-01,0.000000000000000000e+00,0.000000000000000000e+00,1.043719115196030667e-01
-6.038242884938923583e-01,3.425554699014890514e-01,1.000000000000000222e+00,9.944513806594313943e-01,0.000000000000000000e+00,0.000000000000000000e+00,1.051972029312128187e-01
-6.034956442094333573e-01,3.414207857132789403e-01,9.999999999999998890e-01,9.943637393102718880e-01,0.000000000000000000e+00,0.000000000000000000e+00,1.060224218969438997e-01
-6.031651171207693674e-01,3.402866485450577461e-01,1.000000000000000000e+00,9.942754131752736813e-01,0.000000000000000000e+00,0.000000000000000000e+00,1.068475678484949037e-01
-6.028327081383930697e-01,3.391530615209977784e-01,9.999999999999998890e-01,9.941864023152640062e-01,0.000000000000000000e+00,0.000000000000000000e+00,1.076726402176147596e-01
-6.024984181779808878e-01,3.380200277637560591e-01,1.000000000000000000e+00,9.940967067915418287e-01,0.000000000000000000e+00,0.000000000000000000e+00,1.084976384361031054e-01
-6.021622481603912114e-01,3.368875503944654404e-01,9.999999999999998890e-01,9.940063266658772934e-01,0.000000000000000000e+00,0.000000000000000000e+00,1.093225619358105527e-01
-6.018241990116610651e-01,3.357556325327262225e-01,1.000000000000000000e+00,9.939152620005125005e-01,0.000000000000000000e+00,0.000000000000000000e+00,1.101474101486392687e-01
-6.014842716630038888e-01,3.346242772965972168e-01,1.000000000000000000e+00,9.938235128581606181e-01,0.000000000000000000e+00,0.000000000000000000e+00,1.109721825065431988e-01
-6.011424670508072055e-01,3.334934878025875848e-01,1.000000000000000000e+00,9.937310793020062150e-01,0.000000000000000000e+00,0.000000000000000000e+00,1.117968784415285660e-01
-6.007987861166292909e-01,3.323632671656480131e-01,1.000000000000000000e+00,9.936379613957052603e-01,0.000000000000000000e+00,0.000000000000000000e+00,1.126214973856541901e-01
-6.004532298071973972e-01,3.312336184991620525e-01,1.000000000000000000e+00,9.935441592033851244e-01,0.000000000000000000e+00,0.000000000000000000e+00,1.134460387710319457e-01
-6.001057990744047554e-01,3.301045449149379030e-01,9.999999999999998890e-01,9.934496727896442447e-01,0.000000000000000000e+00,0.000000000000000000e+00,1.142705020298271090e-01
-5.997564948753080216e-01,3.289760495231994208e-01,9.999999999999998890e-01,9.933545022195523488e-01,0.000000000000000000e+00,0.000000000000000000e+00,1.150948865942587190e-01
-5.994053181721248347e-01,3.278481354325777919e-01,1.000000000000000000e+00,9.932586475586503427e-01,0.000000000000000000e+00,0.000000000000000000e+00,1.159191918966000906e-01
-5.990522699322303746e-01,3.267208057501028717e-01,9.999999999999998890e-01,9.931621088729500890e-01,0.000000000000000000e+00,0.000000000000000000e+00,1.167434173691790367e-01
-5.986973511281558080e-01,3.255940635811947481e-01,9.999999999999998890e-01,9.930648862289347401e-01,0.000000000000000000e+00,0.000000000000000000e+00,1.175675624443784234e-01
-5.983405627375848468e-01,3.244679120296549701e-01,9.999999999999998890e-01,9.929669796935582937e-01,0.000000000000000000e+00,0.000000000000000000e+00,1.183916265546364199e-01
-5.979819057433516383e-01,3.233423541976583326e-01,9.999999999999998890e-01,9.928683893342458155e-01,0.000000000000000000e+00,0.000000000000000000e+00,1.192156091324469980e-01
-5.976213811334372128e-01,3.222173931857437723e-01,1.000000000000000000e+00,9.927691152188933277e-01,0.000000000000000000e+00,0.000000000000000000e+00,1.200395096103602510e-01
-5.972589899009675962e-01,3.210930320928067072e-01,9.999999999999998890e-01,9.926691574158674758e-01,0.000000000000000000e+00,0.000000000000000000e+00,1.208633274209828384e-01
-5.968947330442107013e-01,3.199692740160894888e-01,9.999999999999998890e-01,9.925685159940060842e-01,0.000000000000000000e+00,0.000000000000000000e+00,1.216870619969783185e-01
-5.965286115665734412e-01,3.188461220511736860e-01,1.000000000000000000e+00,9.924671910226176008e-01,0.000000000000000000e+00,0.000000000000000000e+00,1.225107127710675786e-01
-5.961606264765992869e-01,3.177235792919710367e-01,9.999999999999998890e-01,9.923651825714812080e-01,0.000000000000000000e+00,0.000000000000000000e+00,1.233342791760292517e-01
-5.957907787879654915e-01,3.166016488307151766e-01,1.000000000000000000e+00,9.922624907108468229e-01,0.000000000000000000e+00,0.000000000000000000e+00,1.241577606447000215e-01
-5.954190695194797600e-01,3.154803337579531464e-01,9.999999999999998890e-01,9.921591155114348748e-01,0.000000000000000000e+00,0.000000000000000000e+00,1.249811566099750942e-01
-5.950454996950781394e-01,3.143596371625366204e-01,1.000000000000000000e+00,9.920550570444366389e-01,0.000000000000000000e+00,0.000000000000000000e+00,1.258044665048085597e-01
-5.946700703438219104e-01,3.132395621316137468e-01,1.000000000000000000e+00,9.919503153815136809e-01,0.000000000000000000e+00,0.000000000000000000e+00,1.266276897622138076e-01
-5.942927824998947006e-01,3.121201117506203770e-01,9.999999999999998890e-01,9.918448905947983008e-01,0.000000000000000000e+00,0.000000000000000000e+00,1.274508258152637907e-01
-5.939136372025992650e-01,3.110012891032716831e-01,1.000000000000000000e+00,9.917387827568928671e-01,0.000000000000000000e+00,0.000000000000000000e+00,1.282738740970916225e-01
-5.935326354963555984e-01,3.098830972715534982e-01,9.999999999999998890e-01,9.916319919408704830e-01,0.000000000000000000e+00,0.000000000000000000e+00,1.290968340408908677e-01
-5.931497784306972720e-01,3.087655393357143785e-01,1.000000000000000000e+00,9.915245182202746532e-01,0.000000000000000000e+00,0.000000000000000000e+00,1.299197050799158204e-01
-5.927650670602687688e-01,3.076486183742562774e-01,1.000000000000000000e+00,9.914163616691188397e-01,0.000000000000000000e+00,0.000000000000000000e+00,1.307424866474820868e-01
-5.923785024448224856e-01,3.065323374639266074e-01,1.000000000000000000e+00,9.913075223618869058e-01,0.000000000000000000e+00,0.000000000000000000e+00,1.315651781769668904e-01
-5.919900856492158470e-01,3.054166996797098022e-01,1.000000000000000000e+00,9.911980003735331168e-01,0.000000000000000000e+00,0.000000000000000000e+00,1.323877791018093775e-01
-5.915998177434086402e-01,3.043017080948184350e-01,9.999999999999998890e-01,9.910877957794814730e-01,0.000000000000000000e+00,0.000000000000000000e+00,1.332102888555112274e-01
-5.912076998024597962e-01,3.031873657806853362e-01,1.000000000000000000e+00,9.909769086556264872e-01,0.000000000000000000e+00,0.000000000000000000e+00,1.340327068716367642e-01
-5.908137329065243915e-01,3.020736758069544892e-01,1.000000000000000222e+00,9.908653390783324078e-01,0.000000000000000000e+00,0.000000000000000000e+00,1.348550325838136221e-01
-5.904179181408506505e-01,3.009606412414732035e-01,1.000000000000000000e+00,9.907530871244334403e-01,0.000000000000000000e+00,0.000000000000000000e+00,1.356772654257328570e-01
-5.900202565957772816e-01,2.998482651502830665e-01,1.000000000000000222e+00,9.906401528712340809e-01,0.000000000000000000e+00,0.000000000000000000e+00,1.364994048311496122e-01
-5.896207493667301458e-01,2.987365505976119495e-01,1.000000000000000000e+00,9.905265363965082281e-01,0.000000000000000000e+00,0.000000000000000000e+00,1.373214502338833132e-01
-5.892193975542194817e-01,2.976255006458654595e-01,1.000000000000000000e+00,9.904122377784999598e-01,0.000000000000000000e+00,0.000000000000000000e+00,1.381434010678181390e-01
-5.888162022638366855e-01,2.965151183556182235e-01,9.999999999999998890e-01,9.902972570959229781e-01,0.000000000000000000e+00,0.000000000000000000e+00,1.389652567669033556e-01
-5.884111646062512024e-01,2.954054067856058952e-01,1.000000000000000000e+00,9.901815944279607207e-01,0.000000000000000000e+00,0.000000000000000000e+00,1.397870167651537876e-01
-5.880042856972075294e-01,2.942963689927164950e-01,9.999999999999998890e-01,9.900652498542663604e-01,0.000000000000000000e+00,0.000000000000000000e+00,1.406086804966502068e-01
-5.875955666575226610e-01,2.931880080319818616e-01,1.000000000000000000e+00,9.899482234549625836e-01,0.000000000000000000e+00,0.000000000000000000e+00,1.414302473955395822e-01
-5.871850086130820934e-01,2.920803269565694915e-01,9.999999999999998890e-01,9.898305153106414789e-01,0.000000000000000000e+00,0.000000000000000000e+00,1.422517168960356349e-01
-5.867726126948372700e-01,2.909733288177740462e-01,1.000000000000000000e+00,9.897121255023650921e-01,0.000000000000000000e+00,0.000000000000000000e+00,1.430730884324191154e-01
-5.863583800388023626e-01,2.898670166650089142e-01,9.999999999999998890e-01,9.895930541116643164e-01,0.000000000000000000e+00,0.000000000000000000e+00,1.438943614390383319e-01
-5.859423117860513841e-01,2.887613935457977177e-01,9.999999999999998890e-01,9.894733012205398914e-01,0.000000000000000000e+00,0.000000000000000000e+00,1.447155353503093156e-01
-5.855244090827144143e-01,2.876564625057660973e-01,1.000000000000000000e+00,9.893528669114618479e-01,0.000000000000000000e+00,0.000000000000000000e+00,1.455366096007164323e-01
-5.851046730799750462e-01,2.865522265886333853e-01,1.000000000000000000e+00,9.892317512673690638e-01,0.000000000000000000e+00,0.000000000000000000e+00,1.463575836248126594e-01
-5.846831049340671660e-01,2.854486888362038344e-01,1.000000000000000000e+00,9.891099543716701525e-01,0.000000000000000000e+00,0.000000000000000000e+00,1.471784568572199470e-01
-5.842597058062712900e-01,2.843458522883585693e-01,1.000000000000000000e+00,9.889874763082425746e-01,0.000000000000000000e+00,0.000000000000000000e+00,1.479992287326297729e-01
-5.838344768629118997e-01,2.832437199830470931e-01,1.000000000000000000e+00,9.888643171614330818e-01,0.000000000000000000e+00,0.000000000000000000e+00,1.488198986858033368e-01
-5.834074192753541110e-01,2.821422949562791271e-01,1.000000000000000000e+00,9.887404770160571621e-01,0.000000000000000000e+00,0.000000000000000000e+00,1.496404661515720047e-01
-5.829785342199997888e-01,2.810415802421160070e-01,1.000000000000000000e+00,9.886159559573995947e-01,0.000000000000000000e+00,0.000000000000000000e+00,1.504609305648377526e-01
-5.825478228782855483e-01,2.799415788726621890e-01,1.000000000000000000e+00,9.884907540712140062e-01,0.000000000000000000e+00,0.000000000000000000e+00,1.512812913605735554e-01
-5.821152864366785362e-01,2.788422938780572014e-01,1.000000000000000000e+00,9.883648714437227589e-01,0.000000000000000000e+00,0.000000000000000000e+00,1.521015479738237475e-01
-5.816809260866734332e-01,2.777437282864674839e-01,1.000000000000000000e+00,9.882383081616171738e-01,0.000000000000000000e+00,0.000000000000000000e+00,1.529216998397043281e-01
-5.812447430247890123e-01,2.766458851240773953e-01,1.000000000000000000e+00,9.881110643120571968e-01,0.000000000000000000e+00,0.000000000000000000e+00,1.537417463934034889e-01
-5.808067384525654742e-01,2.755487674150813859e-01,9.999999999999998890e-01,9.879831399826715099e-01,0.000000000000000000e+00,0.000000000000000000e+00,1.545616870701819467e-01
-5.803669135765601172e-01,2.744523781816753938e-01,1.000000000000000000e+00,9.878545352615575315e-01,0.000000000000000000e+00,0.000000000000000000e+00,1.553815213053733879e-01
-5.799252696083450065e-01,2.733567204440489062e-01,9.999999999999998890e-01,9.877252502372809717e-01,0.000000000000000000e+00,0.000000000000000000e+00,1.562012485343847179e-01
-5.794818077645029764e-01,2.722617972203761338e-01,1.000000000000000000e+00,9.875952849988763882e-01,0.000000000000000000e+00,0.000000000000000000e+00,1.570208681926965055e-01
-5.790365292666247443e-01,2.711676115268081833e-01,9.999999999999998890e-01,9.874646396358464084e-01,0.000000000000000000e+00,0.000000000000000000e+00,1.578403797158634825e-01
-5.785894353413051361e-01,2.700741663774642309e-01,1.000000000000000000e+00,9.873333142381623961e-01,0.000000000000000000e+00,0.000000000000000000e+00,1.586597825395148764e-01
-5.781405272201396439e-01,2.689814647844237516e-01,1.000000000000000000e+00,9.872013088962636740e-01,0.000000000000000000e+00,0.000000000000000000e+00,1.594790760993546608e-01
-5.776898061397217621e-01,2.678895097577177475e-01,9.999999999999998890e-01,9.870686237010581898e-01,0.000000000000000000e+00,0.000000000000000000e+00,1.602982598311621376e-01
-5.772372733416386570e-01,2.667983043053208103e-01,1.000000000000000000e+00,9.869352587439218505e-01,0.000000000000000000e+00,0.000000000000000000e+00,1.611173331707922152e-01
-5.767829300724685027e-01,2.657078514331427943e-01,1.000000000000000000e+00,9.868012141166987439e-01,0.000000000000000000e+00,0.000000000000000000e+00,1.619362955541757965e-01
-5.763267775837765949e-01,2.646181541450202679e-01,1.000000000000000000e+00,9.866664899117009169e-01,0.000000000000000000e+00,0.000000000000000000e+00,1.627551464173202789e-01
-5.758688171321117988e-01,2.635292154427084088e-01,1.000000000000000000e+00,9.865310862217087085e-01,0.000000000000000000e+00,0.000000000000000000e+00,1.635738851963097762e-01
-5.754090499790037727e-01,2.624410383258728441e-01,9.999999999999998890e-01,9.863950031399700835e-01,0.000000000000000000e+00,0.000000000000000000e+00,1.643925113273056460e-01
-5.749474773909587499e-01,2.613536257920813233e-01,1.000000000000000000e+00,9.862582407602011880e-01,0.000000000000000000e+00,0.000000000000000000e+00,1.652110242465467671e-01
-5.744841006394564298e-01,2.602669808367952808e-01,1.000000000000000000e+00,9.861207991765855718e-01,0.000000000000000000e+00,0.000000000000000000e+00,1.660294233903500671e-01
-5.740189210009460918e-01,2.591811064533617315e-01,1.000000000000000000e+00,9.859826784837749658e-01,0.000000000000000000e+00,0.000000000000000000e+00,1.668477081951107721e-01
-5.735519397568439315e-01,2.580960056330053320e-01,1.000000000000000000e+00,9.858438787768885048e-01,0.000000000000000000e+00,0.000000000000000000e+00,1.676658780973028229e-01
-5.730831581935285080e-01,2.570116813648192222e-01,1.000000000000000000e+00,9.857044001515129494e-01,0.000000000000000000e+00,0.000000000000000000e+00,1.684839325334793747e-01
-5.726125776023378577e-01,2.559281366357581411e-01,1.000000000000000000e+00,9.855642427037027975e-01,0.000000000000000000e+00,0.000000000000000000e+00,1.693018709402729360e-01
-5.721401992795657199e-01,2.548453744306288238e-01,1.000000000000000000e+00,9.854234065299798395e-01,0.000000000000000000e+00,0.000000000000000000e+00,1.701196927543961734e-01
-5.716660245264579832e-01,2.537633977320827294e-01,1.000000000000000000e+00,9.852818917273332699e-01,0.000000000000000000e+00,0.000000000000000000e+00,1.709373974126418561e-01
-5.711900546492089115e-01,2.526822095206073260e-01,1.000000000000000000e+00,9.851396983932199092e-01,0.000000000000000000e+00,0.000000000000000000e+00,1.717549843518834385e-01
-5.707122909589582571e-01,2.516018127745184851e-01,1.000000000000000000e+00,9.849968266255635374e-01,0.000000000000000000e+00,0.000000000000000000e+00,1.725724530090755326e-01
-5.702327347717865980e-01,2.505222104699511565e-01,9.999999999999998890e-01,9.848532765227552277e-01,0.000000000000000000e+00,0.000000000000000000e+00,1.733898028212541853e-01
-5.697513874087126728e-01,2.494434055808524842e-01,1.000000000000000000e+00,9.847090481836533460e-01,0.000000000000000000e+00,0.000000000000000000e+00,1.742070332255372389e-01
-5.692682501956887187e-01,2.483654010789726474e-01,1.000000000000000000e+00,9.845641417075832180e-01,0.000000000000000000e+00,0.000000000000000000e+00,1.750241436591248312e-01
-5.687833244635981389e-01,2.472881999338572279e-01,1.000000000000000222e+00,9.844185571943372404e-01,0.000000000000000000e+00,0.000000000000000000e+00,1.758411335592996450e-01
-5.682966115482505076e-01,2.462118051128387719e-01,9.999999999999998890e-01,9.842722947441745474e-01,0.000000000000000000e+00,0.000000000000000000e+00,1.766580023634274077e-01
-5.678081127903791270e-01,2.451362195810285194e-01,1.000000000000000222e+00,9.841253544578215662e-01,0.000000000000000000e+00,0.000000000000000000e+00,1.774747495089572802e-01
-5.673178295356359202e-01,2.440614463013085211e-01,1.000000000000000000e+00,9.839777364364710177e-01,0.000000000000000000e+00,0.000000000000000000e+00,1.782913744334221895e-01
-5.668257631345892111e-01,2.429874882343233122e-01,1.000000000000000000e+00,9.838294407817828047e-01,0.000000000000000000e+00,0.000000000000000000e+00,1.791078765744391899e-01
-5.663319149427188393e-01,2.419143483384719184e-01,1.000000000000000000e+00,9.836804675958832345e-01,0.000000000000000000e+00,0.000000000000000000e+00,1.799242553697098790e-01
-5.658362863204133841e-01,2.408420295698993074e-01,1.000000000000000000e+00,9.835308169813652412e-01,0.000000000000000000e+00,0.000000000000000000e+00,1.807405102570208977e-01
-5.653388786329651694e-01,2.397705348824887284e-01,1.000000000000000000e+00,9.833804890412883859e-01,0.000000000000000000e+00,0.000000000000000000e+00,1.815566406742441241e-01
-5.648396932505680423e-01,2.386998672278532463e-01,1.000000000000000000e+00,9.832294838791785230e-01,0.000000000000000000e+00,0.000000000000000000e+00,1.823726460593372289e-01
-5.643387315483122668e-01,2.376300295553279152e-01,1.000000000000000000e+00,9.830778015990280227e-01,0.000000000000000000e+00,0.000000000000000000e+00,1.831885258503438973e-01
-5.638359949061815257e-01,2.365610248119611736e-01,1.000000000000000000e+00,9.829254423052955492e-01,0.000000000000000000e+00,0.000000000000000000e+00,1.840042794853943564e-01
-5.633314847090488131e-01,2.354928559425071011e-01,1.000000000000000000e+00,9.827724061029059488e-01,0.000000000000000000e+00,0.000000000000000000e+00,1.848199064027057636e-01
-5.628252023466727705e-01,2.344255258894173966e-01,1.000000000000000000e+00,9.826186930972502509e-01,0.000000000000000000e+00,0.000000000000000000e+00,1.856354060405824569e-01
-5.623171492136935790e-01,2.333590375928329685e-01,9.999999999999998890e-01,9.824643033941855563e-01,0.000000000000000000e+00,0.000000000000000000e+00,1.864507778374164815e-01
-5.618073267096294066e-01,2.322933939905759693e-01,1.000000000000000000e+00,9.823092371000351486e-01,0.000000000000000000e+00,0.000000000000000000e+00,1.872660212316878681e-01
-5.612957362388725224e-01,2.312285980181416900e-01,1.000000000000000000e+00,9.821534943215879387e-01,0.000000000000000000e+00,0.000000000000000000e+00,1.880811356619651875e-01
-5.607823792106853000e-01,2.301646526086904565e-01,1.000000000000000000e+00,9.819970751660990205e-01,0.000000000000000000e+00,0.000000000000000000e+00,1.888961205669056620e-01
-5.602672570391963314e-01,2.291015606930397186e-01,1.000000000000000000e+00,9.818399797412890040e-01,0.000000000000000000e+00,0.000000000000000000e+00,1.897109753852558589e-01
-5.597503711433966522e-01,2.280393251996555848e-01,1.000000000000000000e+00,9.816822081553445711e-01,0.000000000000000000e+00,0.000000000000000000e+00,1.905256995558518296e-01
-5.592317229471357454e-01,2.269779490546453282e-01,1.000000000000000000e+00,9.815237605169178092e-01,0.000000000000000000e+00,0.000000000000000000e+00,1.913402925176196645e-01
-5.587113138791177658e-01,2.259174351817486714e-01,1.000000000000000000e+00,9.813646369351263221e-01,0.000000000000000000e+00,0.000000000000000000e+00,1.921547537095757707e-01
-5.581891453728973218e-01,2.248577865023302647e-01,1.000000000000000000e+00,9.812048375195534522e-01,0.000000000000000000e+00,0.000000000000000000e+00,1.929690825708273716e-01
-5.576652188668758114e-01,2.237990059353714700e-01,1.000000000000000000e+00,9.810443623802477253e-01,0.000000000000000000e+00,0.000000000000000000e+00,1.937832785405727010e-01
-5.571395358042973145e-01,2.227410963974620350e-01,9.999999999999998890e-01,9.808832116277232949e-01,0.000000000000000000e+00,0.000000000000000000e+00,1.945973410581015861e-01
-5.566120976332444847e-01,2.216840608027926263e-01,1.000000000000000000e+00,9.807213853729591646e-01,0.000000000000000000e+00,0.000000000000000000e+00,1.954112695627958363e-01
-5.560829058066351083e-01,2.206279020631463361e-01,1.000000000000000000e+00,9.805588837274000769e-01,0.000000000000000000e+00,0.000000000000000000e+00,1.962250634941293814e-01
-5.555519617822172185e-01,2.195726230878907725e-01,1.000000000000000000e+00,9.803957068029554023e-01,0.000000000000000000e+00,0.000000000000000000e+00,1.970387222916689662e-01
-5.550192670225659874e-01,2.185182267839699821e-01,1.000000000000000000e+00,9.802318547119999170e-01,0.000000000000000000e+00,0.000000000000000000e+00,1.978522453950742888e-01
-5.544848229950790630e-01,2.174647160558969283e-01,1.000000000000000000e+00,9.800673275673731366e-01,0.000000000000000000e+00,0.000000000000000000e+00,1.986656322440985556e-01
-5.539486311719725720e-01,2.164120938057447763e-01,1.000000000000000000e+00,9.799021254823794269e-01,0.000000000000000000e+00,0.000000000000000000e+00,1.994788822785888704e-01
-5.534106930302777894e-01,2.153603629331392599e-01,1.000000000000000000e+00,9.797362485707882263e-01,0.000000000000000000e+00,0.000000000000000000e+00,2.002919949384864284e-01
-5.528710100518361426e-01,2.143095263352507440e-01,1.000000000000000000e+00,9.795696969468334903e-01,0.000000000000000000e+00,0.000000000000000000e+00,2.011049696638271267e-01
-5.523295837232953254e-01,2.132595869067863137e-01,9.999999999999998890e-01,9.794024707252139139e-01,0.000000000000000000e+00,0.000000000000000000e+00,2.019178058947417587e-01
-5.517864155361058565e-01,2.122105475399811980e-01,1.000000000000000000e+00,9.792345700210925985e-01,0.000000000000000000e+00,0.000000000000000000e+00,2.027305030714566525e-01
-5.512415069865159722e-01,2.111624111245916091e-01,1.000000000000000222e+00,9.790659949500974957e-01,0.000000000000000000e+00,0.000000000000000000e+00,2.035430606342937265e-01
-5.506948595755687403e-01,2.101151805478864987e-01,1.000000000000000000e+00,9.788967456283205193e-01,0.000000000000000000e+00,0.000000000000000000e+00,2.043554780236711277e-01
-5.501464748090965085e-01,2.090688586946392591e-01,1.000000000000000000e+00,9.787268221723183226e-01,0.000000000000000000e+00,0.000000000000000000e+00,2.051677546801035368e-01
-5.495963541977177957e-01,2.080234484471202849e-01,1.000000000000000000e+00,9.785562246991116320e-01,0.000000000000000000e+00,0.000000000000000000e+00,2.059798900442025016e-01
-5.490444992568327409e-01,2.069789526850884798e-01,1.000000000000000000e+00,9.783849533261852471e-01,0.000000000000000000e+00,0.000000000000000000e+00,2.067918835566769920e-01
-5.484909115066189944e-01,2.059353742857840674e-01,1.000000000000000000e+00,9.782130081714882630e-01,0.000000000000000000e+00,0.000000000000000000e+00,2.076037346583335663e-01
-5.479355924720274995e-01,2.048927161239198491e-01,1.000000000000000000e+00,9.780403893534337367e-01,0.000000000000000000e+00,0.000000000000000000e+00,2.084154427900768436e-01
-5.473785436827783846e-01,2.038509810716740422e-01,1.000000000000000000e+00,9.778670969908984656e-01,0.000000000000000000e+00,0.000000000000000000e+00,2.092270073929099472e-01
-5.468197666733566331e-01,2.028101719986816487e-01,1.000000000000000000e+00,9.776931312032233201e-01,0.000000000000000000e+00,0.000000000000000000e+00,2.100384279079348659e-01
-5.462592629830078650e-01,2.017702917720271272e-01,1.000000000000000000e+00,9.775184921102129110e-01,0.000000000000000000e+00,0.000000000000000000e+00,2.108497037763527593e-01
-5.456970341557343396e-01,2.007313432562362332e-01,1.000000000000000222e+00,9.773431798321353670e-01,0.000000000000000000e+00,0.000000000000000000e+00,2.116608344394644570e-01
-5.451330817402899598e-01,1.996933293132681086e-01,1.000000000000000000e+00,9.771671944897225570e-01,0.000000000000000000e+00,0.000000000000000000e+00,2.124718193386707366e-01
-5.445674072901773854e-01,1.986562528025076213e-01,9.999999999999998890e-01,9.769905362041698682e-01,0.000000000000000000e+00,0.000000000000000000e+00,2.132826579154727120e-01
-5.440000123636421492e-01,1.976201165807569271e-01,1.000000000000000000e+00,9.768132050971362057e-01,0.000000000000000000e+00,0.000000000000000000e+00,2.140933496114724721e-01
-5.434308985236693257e-01,1.965849235022286423e-01,1.000000000000000000e+00,9.766352012907435487e-01,0.000000000000000000e+00,0.000000000000000000e+00,2.149038938683729971e-01
-5.428600673379794239e-01,1.955506764185366841e-01,1.000000000000000000e+00,9.764565249075772835e-01,0.000000000000000000e+00,0.000000000000000000e+00,2.157142901279789915e-01
-5.422875203790231691e-01,1.945173781786893596e-01,9.999999999999998890e-01,9.762771760706860924e-01,0.000000000000000000e+00,0.000000000000000000e+00,2.165245378321969671e-01
-5.417132592239779498e-01,1.934850316290812888e-01,1.000000000000000000e+00,9.760971549035817318e-01,0.000000000000000000e+00,0.000000000000000000e+00,2.173346364230358263e-01
-5.411372854547429334e-01,1.924536396134854110e-01,1.000000000000000000e+00,9.759164615302386991e-01,0.000000000000000000e+00,0.000000000000000000e+00,2.181445853426071391e-01
-5.405596006579354018e-01,1.914232049730452689e-01,1.000000000000000000e+00,9.757350960750948987e-01,0.000000000000000000e+00,0.000000000000000000e+00,2.189543840331254210e-01
-5.399802064248856448e-01,1.903937305462671259e-01,1.000000000000000000e+00,9.755530586630505319e-01,0.000000000000000000e+00,0.000000000000000000e+00,2.197640319369088824e-01
-5.393991043516329631e-01,1.893652191690121112e-01,1.000000000000000000e+00,9.753703494194689849e-01,0.000000000000000000e+00,0.000000000000000000e+00,2.205735284963793452e-01
-5.388162960389210054e-01,1.883376736744887259e-01,9.999999999999998890e-01,9.751869684701759411e-01,0.000000000000000000e+00,0.000000000000000000e+00,2.213828731540630479e-01
-5.382317830921938828e-01,1.873110968932444054e-01,9.999999999999998890e-01,9.750029159414601576e-01,0.000000000000000000e+00,0.000000000000000000e+00,2.221920653525907285e-01
-5.376455671215911725e-01,1.862854916531583582e-01,1.000000000000000000e+00,9.748181919600724665e-01,0.000000000000000000e+00,0.000000000000000000e+00,2.230011045346981247e-01
-5.370576497419438100e-01,1.852608607794335172e-01,1.000000000000000000e+00,9.746327966532261078e-01,0.000000000000000000e+00,0.000000000000000000e+00,2.238099901432263894e-01
-5.364680325727696486e-01,1.842372070945887119e-01,1.000000000000000000e+00,9.744467301485970623e-01,0.000000000000000000e+00,0.000000000000000000e+00,2.246187216211223414e-01
-5.358767172382684629e-01,1.832145334184507313e-01,1.000000000000000000e+00,9.742599925743230527e-01,0.000000000000000000e+00,0.000000000000000000e+00,2.254272984114391309e-01
-5.352837053673185075e-01,1.821928425681471619e-01,1.000000000000000222e+00,9.740725840590042095e-01,0.000000000000000000e+00,0.000000000000000000e+00,2.262357199573362676e-01
-5.346889985934709655e-01,1.811721373580980621e-01,1.000000000000000000e+00,9.738845047317025161e-01,0.000000000000000000e+00,0.000000000000000000e+00,2.270439857020802588e-01
-5.340925985549462851e-01,1.801524206000081896e-01,1.000000000000000000e+00,9.736957547219423637e-01,0.000000000000000000e+00,0.000000000000000000e+00,2.278520950890447760e-01
-5.334945068946290725e-01,1.791336951028596469e-01,1.000000000000000000e+00,9.735063341597094411e-01,0.000000000000000000e+00,0.000000000000000000e+00,2.286600475617114048e-01
-5.328947252600637619e-01,1.781159636729039153e-01,1.000000000000000000e+00,9.733162431754516231e-01,0.000000000000000000e+00,0.000000000000000000e+00,2.294678425636696162e-01
-5.322932553034500636e-01,1.770992291136541941e-01,1.000000000000000000e+00,9.731254819000784151e-01,0.000000000000000000e+00,0.000000000000000000e+00,2.302754795386173226e-01
-5.316900986816387453e-01,1.760834942258775460e-01,9.999999999999998890e-01,9.729340504649608423e-01,0.000000000000000000e+00,0.000000000000000000e+00,2.310829579303613213e-01
-5.310852570561266361e-01,1.750687618075871810e-01,1.000000000000000000e+00,9.727419490019313386e-01,0.000000000000000000e+00,0.000000000000000000e+00,2.318902771828176834e-01
-5.304787320930519634e-01,1.740550346540350179e-01,1.000000000000000000e+00,9.725491776432840796e-01,0.000000000000000000e+00,0.000000000000000000e+00,2.326974367400119481e-01
-5.298705254631904671e-01,1.730423155577038574e-01,1.000000000000000000e+00,9.723557365217743165e-01,0.000000000000000000e+00,0.000000000000000000e+00,2.335044360460796775e-01
-5.292606388419498487e-01,1.720306073082992770e-01,9.999999999999998890e-01,9.721616257706188202e-01,0.000000000000000000e+00,0.000000000000000000e+00,2.343112745452667900e-01
-5.286490739093658853e-01,1.710199126927426094e-01,1.000000000000000000e+00,9.719668455234949933e-01,0.000000000000000000e+00,0.000000000000000000e+00,2.351179516819300042e-01
-5.280358323500973228e-01,1.700102344951630318e-01,9.999999999999998890e-01,9.717713959145418690e-01,0.000000000000000000e+00,0.000000000000000000e+00,2.359244669005370887e-01
-5.274209158534218789e-01,1.690015754968896000e-01,1.000000000000000000e+00,9.715752770783592229e-01,0.000000000000000000e+00,0.000000000000000000e+00,2.367308196456673342e-01
-5.268043261132308031e-01,1.679939384764439492e-01,1.000000000000000000e+00,9.713784891500075735e-01,0.000000000000000000e+00,0.000000000000000000e+00,2.375370093620119416e-01
-5.261860648280246577e-01,1.669873262095323829e-01,9.999999999999998890e-01,9.711810322650084037e-01,0.000000000000000000e+00,0.000000000000000000e+00,2.383430354943743557e-01
-5.255661337009086553e-01,1.659817414690385184e-01,9.999999999999998890e-01,9.709829065593439390e-01,0.000000000000000000e+00,0.000000000000000000e+00,2.391488974876707363e-01
-5.249445344395876623e-01,1.649771870250152095e-01,1.000000000000000000e+00,9.707841121694565922e-01,0.000000000000000000e+00,0.000000000000000000e+00,2.399545947869302920e-01
-5.243212687563619800e-01,1.639736656446774965e-01,1.000000000000000222e+00,9.705846492322498520e-01,0.000000000000000000e+00,0.000000000000000000e+00,2.407601268372955017e-01
-5.236963383681223494e-01,1.629711800923945575e-01,1.000000000000000000e+00,9.703845178850870612e-01,0.000000000000000000e+00,0.000000000000000000e+00,2.415654930840227810e-01
-5.230697449963447321e-01,1.619697331296821863e-01,9.999999999999998890e-01,9.701837182657924163e-01,0.000000000000000000e+00,0.000000000000000000e+00,2.423706929724826764e-01
-5.224414903670866472e-01,1.609693275151951042e-01,1.000000000000000000e+00,9.699822505126499683e-01,0.000000000000000000e+00,0.000000000000000000e+00,2.431757259481603373e-01
-5.218115762109815092e-01,1.599699660047195771e-01,9.999999999999998890e-01,9.697801147644038444e-01,0.000000000000000000e+00,0.000000000000000000e+00,2.439805914566558487e-01
-5.211800042632341867e-01,1.589716513511656992e-01,1.000000000000000000e+00,9.695773111602585814e-01,0.000000000000000000e+00,0.000000000000000000e+00,2.447852889436846202e-01
-5.205467762636164508e-01,1.579743863045598717e-01,1.000000000000000000e+00,9.693738398398781264e-01,0.000000000000000000e+00,0.000000000000000000e+00,2.455898178550777189e-01
-5.199118939564618680e-01,1.569781736120370863e-01,9.999999999999998890e-01,9.691697009433867249e-01,0.000000000000000000e+00,0.000000000000000000e+00,2.463941776367823966e-01
-5.192753590906606931e-01,1.559830160178335146e-01,1.000000000000000000e+00,9.689648946113681438e-01,0.000000000000000000e+00,0.000000000000000000e+00,2.471983677348623398e-01
-5.186371734196559835e-01,1.549889162632786532e-01,1.000000000000000000e+00,9.687594209848657822e-01,0.000000000000000000e+00,0.000000000000000000e+00,2.480023875954980306e-01
-5.179973387014378261e-01,1.539958770867884685e-01,1.000000000000000000e+00,9.685532802053825607e-01,0.000000000000000000e+00,0.000000000000000000e+00,2.488062366649873569e-01
-5.173558566985391183e-01,1.530039012238569862e-01,1.000000000000000000e+00,9.683464724148810321e-01,0.000000000000000000e+00,0.000000000000000000e+00,2.496099143897455852e-01
-5.167127291780304610e-01,1.520129914070493249e-01,1.000000000000000000e+00,9.681389977557828264e-01,0.000000000000000000e+00,0.000000000000000000e+00,2.504134202163061929e-01
-5.160679579115150517e-01,1.510231503659938690e-01,1.000000000000000000e+00,9.679308563709690949e-01,0.000000000000000000e+00,0.000000000000000000e+00,2.512167535913208960e-01
-5.154215446751243546e-01,1.500343808273750246e-01,1.000000000000000000e+00,9.677220484037799553e-01,0.000000000000000000e+00,0.000000000000000000e+00,2.520199139615602602e-01
-5.147734912495128823e-01,1.490466855149255310e-01,1.000000000000000000e+00,9.675125739980146022e-01,0.000000000000000000e+00,0.000000000000000000e+00,2.528229007739140055e-01
-5.141237994198530892e-01,1.480600671494189946e-01,9.999999999999998890e-01,9.673024332979311968e-01,0.000000000000000000e+00,0.000000000000000000e+00,2.536257134753912568e-01
-5.134724709758311523e-01,1.470745284486622007e-01,1.000000000000000000e+00,9.670916264482469771e-01,0.000000000000000000e+00,0.000000000000000000e+00,2.544283515131211537e-01
-5.128195077116409761e-01,1.460900721274879799e-01,9.999999999999998890e-01,9.668801535941374814e-01,0.000000000000000000e+00,0.000000000000000000e+00,2.552308143343531288e-01
-5.121649114259803071e-01,1.451067008977478534e-01,9.999999999999998890e-01,9.666680148812373252e-01,0.000000000000000000e+00,0.000000000000000000e+00,2.560331013864571292e-01
-5.115086839220450710e-01,1.441244174683035117e-01,1.000000000000000000e+00,9.664552104556395351e-01,0.000000000000000000e+00,0.000000000000000000e+00,2.568352121169244495e-01
-5.108508270075250435e-01,1.431432245450210139e-01,1.000000000000000222e+00,9.662417404638954377e-01,0.000000000000000000e+00,0.000000000000000000e+00,2.576371459733673985e-01
-5.101913424945980768e-01,1.421631248307619055e-01,1.000000000000000000e+00,9.660276050530148817e-01,0.000000000000000000e+00,0.000000000000000000e+00,2.584389024035204097e-01
-5.095302321999255479e-01,1.411841210253762524e-01,9.999999999999998890e-01,9.658128043704659049e-01,0.000000000000000000e+00,0.000000000000000000e+00,2.592404808552400963e-01
-5.088674979446475843e-01,1.402062158256954794e-01,1.000000000000000000e+00,9.655973385641748452e-01,0.000000000000000000e+00,0.000000000000000000e+00,2.600418807765053630e-01
-5.082031415543775132e-01,1.392294119255245710e-01,9.999999999999998890e-01,9.653812077825258964e-01,0.000000000000000000e+00,0.000000000000000000e+00,2.608431016154184601e-01
-5.075371648591973095e-01,1.382537120156350774e-01,1.000000000000000000e+00,9.651644121743613303e-01,0.000000000000000000e+00,0.000000000000000000e+00,2.616441428202045949e-01
-5.068695696936523776e-01,1.372791187837570925e-01,1.000000000000000000e+00,9.649469518889810526e-01,0.000000000000000000e+00,0.000000000000000000e+00,2.624450038392129314e-01
-5.062003578967461115e-01,1.363056349145722046e-01,1.000000000000000000e+00,9.647288270761429363e-01,0.000000000000000000e+00,0.000000000000000000e+00,2.632456841209166454e-01
-5.055295313119356759e-01,1.353332630897063349e-01,9.999999999999998890e-01,9.645100378860625989e-01,0.000000000000000000e+00,0.000000000000000000e+00,2.640461831139132576e-01
-5.048570917871261221e-01,1.343620059877217443e-01,9.999999999999998890e-01,9.642905844694126261e-01,0.000000000000000000e+00,0.000000000000000000e+00,2.648465002669254109e-01
-5.041830411746657248e-01,1.333918662841103164e-01,1.000000000000000000e+00,9.640704669773237923e-01,0.000000000000000000e+00,0.000000000000000000e+00,2.656466350288007039e-01
-5.035073813313406532e-01,1.324228466512856472e-01,1.000000000000000000e+00,9.638496855613836178e-01,0.000000000000000000e+00,0.000000000000000000e+00,2.664465868485125233e-01
-5.028301141183700862e-01,1.314549497585761340e-01,1.000000000000000000e+00,9.636282403736371460e-01,0.000000000000000000e+00,0.000000000000000000e+00,2.672463551751600441e-01
-5.021512414014012160e-01,1.304881782722172034e-01,1.000000000000000000e+00,9.634061315665863878e-01,0.000000000000000000e+00,0.000000000000000000e+00,2.680459394579691179e-01
-5.014707650505033643e-01,1.295225348553441236e-01,9.999999999999998890e-01,9.631833592931904331e-01,0.000000000000000000e+00,0.000000000000000000e+00,2.688453391462919395e-01
-5.007886869401636520e-01,1.285580221679847868e-01,9.999999999999998890e-01,9.629599237068653395e-01,0.000000000000000000e+00,0.000000000000000000e+00,2.696445536896082129e-01
-5.001050089492815598e-01,1.275946428670524657e-01,1.000000000000000000e+00,9.627358249614839103e-01,0.000000000000000000e+00,0.000000000000000000e+00,2.704435825375249847e-01
-4.994197329611632097e-01,1.266323996063380697e-01,1.000000000000000000e+00,9.625110632113754727e-01,0.000000000000000000e+00,0.000000000000000000e+00,2.712424251397771435e-01
-4.987328608635176463e-01,1.256712950365032888e-01,1.000000000000000000e+00,9.622856386113262106e-01,0.000000000000000000e+00,0.000000000000000000e+00,2.720410809462278090e-01
-4.980443945484495649e-01,1.247113318050729475e-01,1.000000000000000000e+00,9.620595513165787205e-01,0.000000000000000000e+00,0.000000000000000000e+00,2.728395494068688309e-01
-4.973543359124560359e-01,1.237525125564278572e-01,1.000000000000000000e+00,9.618328014828319006e-01,0.000000000000000000e+00,0.000000000000000000e+00,2.736378299718211227e-01
-4.966626868564200104e-01,1.227948399317976003e-01,1.000000000000000000e+00,9.616053892662409508e-01,0.000000000000000000e+00,0.000000000000000000e+00,2.744359220913348829e-01
-4.959694492856057124e-01,1.218383165692532716e-01,1.000000000000000000e+00,9.613773148234172616e-01,0.000000000000000000e+00,0.000000000000000000e+00,2.752338252157900955e-01
-4.952746251096530328e-01,1.208829451037001790e-01,1.000000000000000000e+00,9.611485783114281922e-01,0.000000000000000000e+00,0.000000000000000000e+00,2.760315387956969180e-01
-4.945782162425726436e-01,1.199287281668701965e-01,9.999999999999998890e-01,9.609191798877971813e-01,0.000000000000000000e+00,0.000000000000000000e+00,2.768290622816961255e-01
-4.938802246027402809e-01,1.189756683873148951e-01,9.999999999999998890e-01,9.606891197105034141e-01,0.000000000000000000e+00,0.000000000000000000e+00,2.776263951245593331e-01
-4.931806521128919707e-01,1.180237683903987977e-01,1.000000000000000000e+00,9.604583979379819336e-01,0.000000000000000000e+00,0.000000000000000000e+00,2.784235367751893842e-01
-4.924795007001182001e-01,1.170730307982909418e-01,1.000000000000000000e+00,9.602270147291229740e-01,0.000000000000000000e+00,0.000000000000000000e+00,2.792204866846209610e-01
-4.917767722958589216e-01,1.161234582299588702e-01,1.000000000000000000e+00,9.599949702432729604e-01,0.000000000000000000e+00,0.000000000000000000e+00,2.800172443040205295e-01
-4.910724688358983347e-01,1.151750533011604988e-01,1.000000000000000000e+00,9.597622646402330648e-01,0.000000000000000000e+00,0.000000000000000000e+00,2.808138090846872270e-01
-4.903665922603591687e-01,1.142278186244373439e-01,1.000000000000000000e+00,9.595288980802602063e-01,0.000000000000000000e+00,0.000000000000000000e+00,2.816101804780529183e-01
-4.896591445136978527e-01,1.132817568091074589e-01,1.000000000000000000e+00,9.592948707240663841e-01,0.000000000000000000e+00,0.000000000000000000e+00,2.824063579356825282e-01
-4.889501275446986317e-01,1.123368704612578012e-01,1.000000000000000000e+00,9.590601827328183449e-01,0.000000000000000000e+00,0.000000000000000000e+00,2.832023409092747634e-01
-4.882395433064685708e-01,1.113931621837374042e-01,1.000000000000000000e+00,9.588248342681382486e-01,0.000000000000000000e+00,0.000000000000000000e+00,2.839981288506620571e-01
-4.875273937564317261e-01,1.104506345761502445e-01,1.000000000000000000e+00,9.585888254921027807e-01,0.000000000000000000e+00,0.000000000000000000e+00,2.847937212118112904e-01
-4.868136808563245377e-01,1.095092902348477337e-01,1.000000000000000000e+00,9.583521565672435960e-01,0.000000000000000000e+00,0.000000000000000000e+00,2.855891174448239589e-01
-4.860984065721897784e-01,1.085691317529219185e-01,1.000000000000000000e+00,9.581148276565467636e-01,0.000000000000000000e+00,0.000000000000000000e+00,2.863843170019366169e-01
-4.853815728743711699e-01,1.076301617201981392e-01,1.000000000000000000e+00,9.578768389234529890e-01,0.000000000000000000e+00,0.000000000000000000e+00,2.871793193355213214e-01
-4.846631817375083306e-01,1.066923827232279520e-01,1.000000000000000000e+00,9.576381905318572807e-01,0.000000000000000000e+00,0.000000000000000000e+00,2.879741238980859652e-01
-4.839432351405309474e-01,1.057557973452819960e-01,1.000000000000000000e+00,9.573988826461091728e-01,0.000000000000000000e+00,0.000000000000000000e+00,2.887687301422744990e-01
-4.832217350666534461e-01,1.048204081663429155e-01,1.000000000000000000e+00,9.571589154310119474e-01,0.000000000000000000e+00,0.000000000000000000e+00,2.895631375208676528e-01
-4.824986835033697186e-01,1.038862177630982264e-01,1.000000000000000000e+00,9.569182890518234119e-01,0.000000000000000000e+00,0.000000000000000000e+00,2.903573454867829362e-01
-4.817740824424474599e-01,1.029532287089330450e-01,1.000000000000000000e+00,9.566770036742548999e-01,0.000000000000000000e+00,0.000000000000000000e+00,2.911513534930753044e-01
-4.810479338799226179e-01,1.020214435739234538e-01,1.000000000000000222e+00,9.564350594644719372e-01,0.000000000000000000e+00,0.000000000000000000e+00,2.919451609929373803e-01
-4.803202398160942299e-01,1.010908649248291324e-01,1.000000000000000000e+00,9.561924565890934646e-01,0.000000000000000000e+00,0.000000000000000000e+00,2.927387674396997319e-01
-4.795910022555183172e-01,1.001614953250858642e-01,1.000000000000000000e+00,9.559491952151922822e-01,0.000000000000000000e+00,0.000000000000000000e+00,2.935321722868317051e-01
-4.788602232070029996e-01,9.923333733479951235e-02,1.000000000000000000e+00,9.557052755102944941e-01,0.000000000000000000e+00,0.000000000000000000e+00,2.943253749879410908e-01
-4.781279046836025559e-01,9.830639351073773569e-02,1.000000000000000000e+00,9.554606976423796194e-01,0.000000000000000000e+00,0.000000000000000000e+00,2.951183749967752346e-01
-4.773940487026121504e-01,9.738066640632390969e-02,1.000000000000000000e+00,9.552154617798804814e-01,0.000000000000000000e+00,0.000000000000000000e+00,2.959111717672208708e-01
-4.766586572855621151e-01,9.645615857163000739e-02,9.999999999999998890e-01,9.549695680916829854e-01,0.000000000000000000e+00,0.000000000000000000e+00,2.967037647533047329e-01
-4.759217324582120656e-01,9.553287255336875838e-02,9.999999999999998890e-01,9.547230167471261186e-01,0.000000000000000000e+00,0.000000000000000000e+00,2.974961534091939974e-01
-4.751832762505461272e-01,9.461081089488745932e-02,1.000000000000000000e+00,9.544758079160017283e-01,0.000000000000000000e+00,0.000000000000000000e+00,2.982883371891963953e-01
-4.744432906967667174e-01,9.368997613616086850e-02,1.000000000000000000e+00,9.542279417685545218e-01,0.000000000000000000e+00,0.000000000000000000e+00,2.990803155477607667e-01
-4.737017778352886621e-01,9.277037081378373962e-02,1.000000000000000222e+00,9.539794184754817330e-01,0.000000000000000000e+00,0.000000000000000000e+00,2.998720879394776162e-01
-4.729587397087346989e-01,9.185199746096428530e-02,1.000000000000000222e+00,9.537302382079332341e-01,0.000000000000000000e+00,0.000000000000000000e+00,3.006636538190790575e-01
-4.722141783639289825e-01,9.093485860751703009e-02,1.000000000000000000e+00,9.534804011375113131e-01,0.000000000000000000e+00,0.000000000000000000e+00,3.014550126414394793e-01
-4.714680958518912557e-01,9.001895677985580213e-02,1.000000000000000000e+00,9.532299074362707847e-01,0.000000000000000000e+00,0.000000000000000000e+00,3.022461638615760449e-01
-4.707204942278317983e-01,8.910429450098711346e-02,1.000000000000000000e+00,9.529787572767183246e-01,0.000000000000000000e+00,0.000000000000000000e+00,3.030371069346486368e-01
-4.699713755511457647e-01,8.819087429050243010e-02,1.000000000000000000e+00,9.527269508318128022e-01,0.000000000000000000e+00,0.000000000000000000e+00,3.038278413159606894e-01
-4.692207418854069667e-01,8.727869866457238501e-02,1.000000000000000000e+00,9.524744882749652808e-01,0.000000000000000000e+00,0.000000000000000000e+00,3.046183664609589670e-01
-4.684685952983626001e-01,8.636777013593849306e-02,1.000000000000000000e+00,9.522213697800383514e-01,0.000000000000000000e+00,0.000000000000000000e+00,3.054086818252348956e-01
-4.677149378619276376e-01,8.545809121390732233e-02,9.999999999999998890e-01,9.519675955213464658e-01,0.000000000000000000e+00,0.000000000000000000e+00,3.061987868645240085e-01
-4.669597716521786124e-01,8.454966440434309727e-02,1.000000000000000000e+00,9.517131656736556033e-01,0.000000000000000000e+00,0.000000000000000000e+00,3.069886810347068895e-01
-4.662030987493485101e-01,8.364249220966109288e-02,1.000000000000000000e+00,9.514580804121833824e-01,0.000000000000000000e+00,0.000000000000000000e+00,3.077783637918090065e-01
-4.654449212378207745e-01,8.273657712882019621e-02,1.000000000000000000e+00,9.512023399125987266e-01,0.000000000000000000e+00,0.000000000000000000e+00,3.085678345920017107e-01
-4.646852412061232007e-01,8.183192165731653644e-02,1.000000000000000000e+00,9.509459443510217547e-01,0.000000000000000000e+00,0.000000000000000000e+00,3.093570928916022367e-01
-4.639240607469227173e-01,8.092852828717639335e-02,1.000000000000000000e+00,9.506888939040236686e-01,0.000000000000000000e+00,0.000000000000000000e+00,3.101461381470742018e-01
-4.631613819570197244e-01,8.002639950694942494e-02,1.000000000000000000e+00,9.504311887486267540e-01,0.000000000000000000e+00,0.000000000000000000e+00,3.109349698150278840e-01
-4.623972069373416538e-01,7.912553780170197837e-02,1.000000000000000000e+00,9.501728290623040474e-01,0.000000000000000000e+00,0.000000000000000000e+00,3.117235873522206102e-01
-4.616315377929377517e-01,7.822594565300947100e-02,1.000000000000000000e+00,9.499138150229795574e-01,0.000000000000000000e+00,0.000000000000000000e+00,3.125119902155573670e-01
-4.608643766329728608e-01,7.732762553895053403e-02,1.000000000000000000e+00,9.496541468090277105e-01,0.000000000000000000e+00,0.000000000000000000e+00,3.133001778620906896e-01
-4.600957255707219806e-01,7.643057993409965722e-02,1.000000000000000000e+00,9.493938245992735725e-01,0.000000000000000000e+00,0.000000000000000000e+00,3.140881497490216057e-01
-4.593255867235645495e-01,7.553481130952041656e-02,1.000000000000000000e+00,9.491328485729925157e-01,0.000000000000000000e+00,0.000000000000000000e+00,3.148759053336995239e-01
-4.585539622129778392e-01,7.464032213275892391e-02,1.000000000000000000e+00,9.488712189099102190e-01,0.000000000000000000e+00,0.000000000000000000e+00,3.156634440736229008e-01
-4.577808541645320140e-01,7.374711486783663839e-02,1.000000000000000000e+00,9.486089357902024455e-01,0.000000000000000000e+00,0.000000000000000000e+00,3.164507654264396841e-01
-4.570062647078837470e-01,7.285519197524394086e-02,1.000000000000000000e+00,9.483459993944951538e-01,0.000000000000000000e+00,0.000000000000000000e+00,3.172378688499470911e-01
-4.562301959767706139e-01,7.196455591193297308e-02,1.000000000000000000e+00,9.480824099038638320e-01,0.000000000000000000e+00,0.000000000000000000e+00,3.180247538020929410e-01
-4.554526501090049861e-01,7.107520913131121221e-02,1.000000000000000000e+00,9.478181674998342743e-01,0.000000000000000000e+00,0.000000000000000000e+00,3.188114197409750994e-01
-4.546736292464683138e-01,7.018715408323494831e-02,1.000000000000000000e+00,9.475532723643812494e-01,0.000000000000000000e+00,0.000000000000000000e+00,3.195978661248424224e-01
-4.538931355351050745e-01,6.930039321400119356e-02,1.000000000000000000e+00,9.472877246799296103e-01,0.000000000000000000e+00,0.000000000000000000e+00,3.203840924120951450e-01
-4.531111711249171115e-01,6.841492896634300547e-02,1.000000000000000000e+00,9.470215246293532951e-01,0.000000000000000000e+00,0.000000000000000000e+00,3.211700980612846590e-01
-4.523277381699573052e-01,6.753076377942102138e-02,9.999999999999998890e-01,9.467546723959755495e-01,0.000000000000000000e+00,0.000000000000000000e+00,3.219558825311147898e-01
-4.515428388283244110e-01,6.664790008881779637e-02,1.000000000000000000e+00,9.464871681635689260e-01,0.000000000000000000e+00,0.000000000000000000e+00,3.227414452804411304e-01
-4.507564752621560089e-01,6.576634032653015660e-02,1.000000000000000000e+00,9.462190121163547296e-01,0.000000000000000000e+00,0.000000000000000000e+00,3.235267857682724846e-01
-4.499686496376233968e-01,6.488608692096375918e-02,1.000000000000000000e+00,9.459502044390033504e-01,0.000000000000000000e+00,0.000000000000000000e+00,3.243119034537704781e-01
-4.491793641249252067e-01,6.400714229692515411e-02,1.000000000000000000e+00,9.456807453166338195e-01,0.000000000000000000e+00,0.000000000000000000e+00,3.250967977962501143e-01
-4.483886208982820198e-01,6.312950887561558089e-02,1.000000000000000222e+00,9.454106349348139204e-01,0.000000000000000000e+00,0.000000000000000000e+00,3.258814682551803288e-01
-4.475964221359293171e-01,6.225318907462481371e-02,1.000000000000000000e+00,9.451398734795596335e-01,0.000000000000000000e+00,0.000000000000000000e+00,3.266659142901842672e-01
-4.468027700201127050e-01,6.137818530792366750e-02,1.000000000000000000e+00,9.448684611373356912e-01,0.000000000000000000e+00,0.000000000000000000e+00,3.274501353610395071e-01
-4.460076667370806436e-01,6.050449998585778061e-02,1.000000000000000000e+00,9.445963980950550232e-01,0.000000000000000000e+00,0.000000000000000000e+00,3.282341309276785024e-01
-4.452111144770796725e-01,5.963213551514105065e-02,1.000000000000000000e+00,9.443236845400783119e-01,0.000000000000000000e+00,0.000000000000000000e+00,3.290179004501892490e-01
-4.444131154343475276e-01,5.876109429884868868e-02,1.000000000000000000e+00,9.440503206602146591e-01,0.000000000000000000e+00,0.000000000000000000e+00,3.298014433888151742e-01
-4.436136718071073126e-01,5.789137873641080761e-02,1.000000000000000000e+00,9.437763066437208082e-01,0.000000000000000000e+00,0.000000000000000000e+00,3.305847592039559690e-01
-4.428127857975616144e-01,5.702299122360598993e-02,9.999999999999998890e-01,9.435016426793011446e-01,0.000000000000000000e+00,0.000000000000000000e+00,3.313678473561673665e-01
-4.420104596118858975e-01,5.615593415255416831e-02,1.000000000000000000e+00,9.432263289561079178e-01,0.000000000000000000e+00,0.000000000000000000e+00,3.321507073061625293e-01
-4.412066954602236746e-01,5.529020991171062355e-02,1.000000000000000000e+00,9.429503656637406861e-01,0.000000000000000000e+00,0.000000000000000000e+00,3.329333385148109392e-01
-4.404014955566787903e-01,5.442582088585897621e-02,1.000000000000000000e+00,9.426737529922463166e-01,0.000000000000000000e+00,0.000000000000000000e+00,3.337157404431402852e-01
-4.395948621193103700e-01,5.356276945610476820e-02,1.000000000000000000e+00,9.423964911321188742e-01,0.000000000000000000e+00,0.000000000000000000e+00,3.344979125523359076e-01
-4.387867973701266022e-01,5.270105799986891937e-02,1.000000000000000000e+00,9.421185802742997328e-01,0.000000000000000000e+00,0.000000000000000000e+00,3.352798543037411871e-01
-4.379773035350781885e-01,5.184068889088122578e-02,1.000000000000000000e+00,9.418400206101767980e-01,0.000000000000000000e+00,0.000000000000000000e+00,3.360615651588587105e-01
-4.371663828440527921e-01,5.098166449917375387e-02,1.000000000000000000e+00,9.415608123315850619e-01,0.000000000000000000e+00,0.000000000000000000e+00,3.368430445793494377e-01
-4.363540375308682662e-01,5.012398719107436645e-02,1.000000000000000000e+00,9.412809556308062708e-01,0.000000000000000000e+00,0.000000000000000000e+00,3.376242920270342007e-01
-4.355402698332670464e-01,4.926765932919999896e-02,1.000000000000000222e+00,9.410004507005685914e-01,0.000000000000000000e+00,0.000000000000000000e+00,3.384053069638933153e-01
-4.347250819929097121e-01,4.841268327245037278e-02,1.000000000000000000e+00,9.407192977340463891e-01,0.000000000000000000e+00,0.000000000000000000e+00,3.391860888520673023e-01
-4.339084762553690466e-01,4.755906137600143802e-02,9.999999999999998890e-01,9.404374969248608940e-01,0.000000000000000000e+00,0.000000000000000000e+00,3.399666371538571097e-01
-4.330904548701230983e-01,4.670679599129879539e-02,1.000000000000000000e+00,9.401550484670787577e-01,0.000000000000000000e+00,0.000000000000000000e+00,3.407469513317248344e-01
-4.322710200905504618e-01,4.585588946605187455e-02,9.999999999999998890e-01,9.398719525552131637e-01,0.000000000000000000e+00,0.000000000000000000e+00,3.415270308482932782e-01
-4.314501741739221741e-01,4.500634414422588492e-02,1.000000000000000000e+00,9.395882093842230498e-01,0.000000000000000000e+00,0.000000000000000000e+00,3.423068751663473908e-01
-4.306279193813972728e-01,4.415816236603705564e-02,1.000000000000000000e+00,9.393038191495131084e-01,0.000000000000000000e+00,0.000000000000000000e+00,3.430864837488337149e-01
-4.298042579780153027e-01,4.331134646794562726e-02,1.000000000000000000e+00,9.390187820469335644e-01,0.000000000000000000e+00,0.000000000000000000e+00,3.438658560588612745e-01
-4.289791922326908202e-01,4.246589878264881573e-02,1.000000000000000000e+00,9.387330982727800643e-01,0.000000000000000000e+00,0.000000000000000000e+00,3.446449915597019631e-01
-4.281527244182067871e-01,4.162182163907520577e-02,9.999999999999998890e-01,9.384467680237938980e-01,0.000000000000000000e+00,0.000000000000000000e+00,3.454238897147903775e-01
-4.273248568112083534e-01,4.077911736237753437e-02,1.000000000000000000e+00,9.381597914971611107e-01,0.000000000000000000e+00,0.000000000000000000e+00,3.462025499877249834e-01
-4.264955916921969181e-01,3.993778827392756997e-02,1.000000000000000000e+00,9.378721688905132803e-01,0.000000000000000000e+00,0.000000000000000000e+00,3.469809718422677269e-01
-4.256649313455228012e-01,3.909783669130796613e-02,9.999999999999998890e-01,9.375839004019265177e-01,0.000000000000000000e+00,0.000000000000000000e+00,3.477591547423450336e-01
-4.248328780593807474e-01,3.825926492830747372e-02,1.000000000000000000e+00,9.372949862299221335e-01,0.000000000000000000e+00,0.000000000000000000e+00,3.485370981520476419e-01
-4.239994341258018773e-01,3.742207529491356488e-02,1.000000000000000000e+00,9.370054265734657495e-01,0.000000000000000000e+00,0.000000000000000000e+00,3.493148015356313807e-01
-4.231646018406481913e-01,3.658627009730665985e-02,1.000000000000000000e+00,9.367152216319676317e-01,0.000000000000000000e+00,0.000000000000000000e+00,3.500922643575173354e-01
-4.223283835036064637e-01,3.575185163785327830e-02,1.000000000000000000e+00,9.364243716052824684e-01,0.000000000000000000e+00,0.000000000000000000e+00,3.508694860822921258e-01
-4.214907814181812484e-01,3.491882221509992612e-02,1.000000000000000000e+00,9.361328766937092594e-01,0.000000000000000000e+00,0.000000000000000000e+00,3.516464661747086828e-01
-4.206517978916888834e-01,3.408718412376686435e-02,9.999999999999998890e-01,9.358407370979908713e-01,0.000000000000000000e+00,0.000000000000000000e+00,3.524232040996861381e-01
-4.198114352352513845e-01,3.325693965474160740e-02,1.000000000000000000e+00,9.355479530193144821e-01,0.000000000000000000e+00,0.000000000000000000e+00,3.531996993223104342e-01
-4.189696957637895625e-01,3.242809109507318460e-02,9.999999999999998890e-01,9.352545246593109152e-01,0.000000000000000000e+00,0.000000000000000000e+00,3.539759513078345465e-01
-4.181265817960168052e-01,3.160064072796463230e-02,9.999999999999998890e-01,9.349604522200544165e-01,0.000000000000000000e+00,0.000000000000000000e+00,3.547519595216793720e-01
-4.172820956544330828e-01,3.077459083276763707e-02,1.000000000000000000e+00,9.346657359040634327e-01,0.000000000000000000e+00,0.000000000000000000e+00,3.555277234294331734e-01
-4.164362396653182863e-01,2.994994368497658210e-02,9.999999999999998890e-01,9.343703759142992782e-01,0.000000000000000000e+00,0.000000000000000000e+00,3.563032424968526901e-01
-4.155890161587254550e-01,2.912670155622095608e-02,1.000000000000000000e+00,9.340743724541668014e-01,0.000000000000000000e+00,0.000000000000000000e+00,3.570785161898633042e-01
-4.147404274684748371e-01,2.830486671426050288e-02,9.999999999999998890e-01,9.337777257275139409e-01,0.000000000000000000e+00,0.000000000000000000e+00,3.578535439745592628e-01
-4.138904759321473392e-01,2.748444142297790799e-02,1.000000000000000000e+00,9.334804359386313921e-01,0.000000000000000000e+00,0.000000000000000000e+00,3.586283253172044549e-01
-4.130391638910779206e-01,2.666542794237340003e-02,1.000000000000000000e+00,9.331825032922532737e-01,0.000000000000000000e+00,0.000000000000000000e+00,3.594028596842320233e-01
-4.121864936903496535e-01,2.584782852855773555e-02,1.000000000000000000e+00,9.328839279935557949e-01,0.000000000000000000e+00,0.000000000000000000e+00,3.601771465422455853e-01
-4.113324676787864509e-01,2.503164543374691159e-02,1.000000000000000000e+00,9.325847102481581441e-01,0.000000000000000000e+00,0.000000000000000000e+00,3.609511853580189555e-01
-4.104770882089474604e-01,2.421688090625497003e-02,9.999999999999998890e-01,9.322848502621217115e-01,0.000000000000000000e+00,0.000000000000000000e+00,3.617249755984969228e-01
-4.096203576371195143e-01,2.340353719048825221e-02,1.000000000000000000e+00,9.319843482419504221e-01,0.000000000000000000e+00,0.000000000000000000e+00,3.624985167307954725e-01
-4.087622783233119117e-01,2.259161652693968819e-02,1.000000000000000000e+00,9.316832043945901809e-01,0.000000000000000000e+00,0.000000000000000000e+00,3.632718082222020084e-01
-4.079028526312490355e-01,2.178112115218189260e-02,1.000000000000000000e+00,9.313814189274287614e-01,0.000000000000000000e+00,0.000000000000000000e+00,3.640448495401760187e-01
-4.070420829283642461e-01,2.097205329886101671e-02,1.000000000000000000e+00,9.310789920482961390e-01,0.000000000000000000e+00,0.000000000000000000e+00,3.648176401523490764e-01
-4.061799715857929427e-01,2.016441519569136392e-02,1.000000000000000000e+00,9.307759239654638250e-01,0.000000000000000000e+00,0.000000000000000000e+00,3.655901795265255605e-01
-4.053165209783664569e-01,1.935820906744834674e-02,1.000000000000000000e+00,9.304722148876447552e-01,0.000000000000000000e+00,0.000000000000000000e+00,3.663624671306828784e-01
-4.044517334846054468e-01,1.855343713496326874e-02,9.999999999999998890e-01,9.301678650239935120e-01,0.000000000000000000e+00,0.000000000000000000e+00,3.671345024329717432e-01
-4.035856114867130695e-01,1.775010161511587220e-02,1.000000000000000222e+00,9.298628745841061027e-01,0.000000000000000000e+00,0.000000000000000000e+00,3.679062849017166181e-01
-4.027181573705685413e-01,1.694820472082981394e-02,1.000000000000000000e+00,9.295572437780191821e-01,0.000000000000000000e+00,0.000000000000000000e+00,3.686778140054161601e-01
-4.018493735257209765e-01,1.614774866106557377e-02,1.000000000000000000e+00,9.292509728162109406e-01,0.000000000000000000e+00,0.000000000000000000e+00,3.694490892127434423e-01
-4.009792623453821703e-01,1.534873564081445235e-02,1.000000000000000000e+00,9.289440619095999940e-01,0.000000000000000000e+00,0.000000000000000000e+00,3.702201099925464534e-01
-4.001078262264201602e-01,1.455116786109269394e-02,1.000000000000000000e+00,9.286365112695460500e-01,0.000000000000000000e+00,0.000000000000000000e+00,3.709908758138483198e-01
-3.992350675693531747e-01,1.375504751893583122e-02,9.999999999999998890e-01,9.283283211078491304e-01,0.000000000000000000e+00,0.000000000000000000e+00,3.717613861458477498e-01
-3.983609887783421399e-01,1.296037680739151043e-02,1.000000000000000000e+00,9.280194916367496827e-01,0.000000000000000000e+00,0.000000000000000000e+00,3.725316404579195884e-01
-3.974855922611849057e-01,1.216715791551450238e-02,1.000000000000000000e+00,9.277100230689285798e-01,0.000000000000000000e+00,0.000000000000000000e+00,3.733016382196146510e-01
-3.966088804293089187e-01,1.137539302836032551e-02,1.000000000000000000e+00,9.273999156175065650e-01,0.000000000000000000e+00,0.000000000000000000e+00,3.740713789006607781e-01
-3.957308556977651715e-01,1.058508432697894547e-02,1.000000000000000000e+00,9.270891694960446960e-01,0.000000000000000000e+00,0.000000000000000000e+00,3.748408619709625578e-01
-3.948515204852210969e-01,9.796233988409279447e-03,9.999999999999998890e-01,9.267777849185434569e-01,0.000000000000000000e+00,0.000000000000000000e+00,3.756100869006022136e-01
-3.939708772139537962e-01,9.008844185672902627e-03,1.000000000000000000e+00,9.264657620994434239e-01,0.000000000000000000e+00,0.000000000000000000e+00,3.763790531598396605e-01
-3.930889283098443210e-01,8.222917087767928068e-03,9.999999999999998890e-01,9.261531012536244889e-01,0.000000000000000000e+00,0.000000000000000000e+00,3.771477602191128931e-01
-3.922056762023693466e-01,7.438454859663268248e-03,1.000000000000000000e+00,9.258398025964059697e-01,0.000000000000000000e+00,0.000000000000000000e+00,3.779162075490385408e-01
-3.913211233245965648e-01,6.655459662292632916e-03,1.000000000000000000e+00,9.255258663435463884e-01,0.000000000000000000e+00,0.000000000000000000e+00,3.786843946204119238e-01
-3.904352721131761350e-01,5.873933652548707363e-03,1.000000000000000000e+00,9.252112927112434715e-01,0.000000000000000000e+00,0.000000000000000000e+00,3.794523209042076628e-01
-3.895481250083345781e-01,5.093878983276706185e-03,9.999999999999998890e-01,9.248960819161335944e-01,0.000000000000000000e+00,0.000000000000000000e+00,3.802199858715801795e-01
-3.886596844538686146e-01,4.315297803269113608e-03,1.000000000000000000e+00,9.245802341752924480e-01,0.000000000000000000e+00,0.000000000000000000e+00,3.809873889938635294e-01
-3.877699528971380594e-01,3.538192257259348272e-03,1.000000000000000000e+00,9.242637497062337060e-01,0.000000000000000000e+00,0.000000000000000000e+00,3.817545297425722906e-01
-3.868789327890584384e-01,2.762564485915733337e-03,1.000000000000000000e+00,9.239466287269102462e-01,0.000000000000000000e+00,0.000000000000000000e+00,3.825214075894016186e-01
-3.859866265840953270e-01,1.988416625836250673e-03,1.000000000000000000e+00,9.236288714557127077e-01,0.000000000000000000e+00,0.000000000000000000e+00,3.832880220062278021e-01
-3.850930367402567445e-01,1.215750809541449318e-03,1.000000000000000000e+00,9.233104781114701565e-01,0.000000000000000000e+00,0.000000000000000000e+00,3.840543724651086510e-01
-3.841981657190871591e-01,4.445691654704209128e-04,9.999999999999998890e-01,9.229914489134497524e-01,0.000000000000000000e+00,0.000000000000000000e+00,3.848204584382834414e-01
-3.833020159856596054e-01,-3.251261820271869607e-04,1.000000000000000000e+00,9.226717840813565275e-01,0.000000000000000000e+00,0.000000000000000000e+00,3.855862793981738590e-01
-3.824045900085700778e-01,-1.093333112695292486e-03,1.000000000000000000e+00,9.223514838353331635e-01,0.000000000000000000e+00,0.000000000000000000e+00,3.863518348173840544e-01
-3.815058902599300361e-01,-1.860049510378075643e-03,1.000000000000000000e+00,9.220305483959598813e-01,0.000000000000000000e+00,0.000000000000000000e+00,3.871171241687009212e-01
-3.806059192153595783e-01,-2.625273263026049742e-03,1.000000000000000222e+00,9.217089779842546626e-01,0.000000000000000000e+00,0.000000000000000000e+00,3.878821469250948173e-01
-3.797046793539811116e-01,-3.389002262700696599e-03,1.000000000000000000e+00,9.213867728216723618e-01,0.000000000000000000e+00,0.000000000000000000e+00,3.886469025597193983e-01
-3.788021731584122476e-01,-4.151234405581641362e-03,1.000000000000000000e+00,9.210639331301051502e-01,0.000000000000000000e+00,0.000000000000000000e+00,3.894113905459124503e-01
-3.778984031147582523e-01,-4.911967591971981573e-03,1.000000000000000000e+00,9.207404591318822940e-01,0.000000000000000000e+00,0.000000000000000000e+00,3.901756103571961676e-01
-3.769933717126067729e-01,-5.671199726303283173e-03,1.000000000000000000e+00,9.204163510497698208e-01,0.000000000000000000e+00,0.000000000000000000e+00,3.909395614672771524e-01
-3.760870814450195665e-01,-6.428928717142595728e-03,1.000000000000000000e+00,9.200916091069701874e-01,0.000000000000000000e+00,0.000000000000000000e+00,3.917032433500474142e-01
-3.751795348085262827e-01,-7.185152477197198628e-03,9.999999999999998890e-01,9.197662335271226119e-01,0.000000000000000000e+00,0.000000000000000000e+00,3.924666554795840367e-01
-3.742707343031173028e-01,-7.939868923321262428e-03,1.000000000000000000e+00,9.194402245343028524e-01,0.000000000000000000e+00,0.000000000000000000e+00,3.932297973301500105e-01
-3.733606824322373563e-01,-8.693075976520747705e-03,1.000000000000000000e+00,9.191135823530223181e-01,0.000000000000000000e+00,0.000000000000000000e+00,3.939926683761945658e-01
-3.724493817027778597e-01,-9.444771561959552919e-03,1.000000000000000000e+00,9.187863072082290694e-01,0.000000000000000000e+00,0.000000000000000000e+00,3.947552680923532287e-01
-3.715368346250708109e-01,-1.019495360896526676e-02,1.000000000000000000e+00,9.184583993253068179e-01,0.000000000000000000e+00,0.000000000000000000e+00,3.955175959534484864e-01
-3.706230437128809063e-01,-1.094362005103480945e-02,1.000000000000000000e+00,9.181298589300748159e-01,0.000000000000000000e+00,0.000000000000000000e+00,3.962796514344901211e-01
-3.697080114834000453e-01,-1.169076882583972715e-02,1.000000000000000000e+00,9.178006862487881889e-01,0.000000000000000000e+00,0.000000000000000000e+00,3.970414340106752649e-01
-3.687917404572386149e-01,-1.243639787523280471e-02,1.000000000000000000e+00,9.174708815081374924e-01,0.000000000000000000e+00,0.000000000000000000e+00,3.978029431573892327e-01
-3.678742331584202718e-01,-1.318050514525280492e-02,1.000000000000000000e+00,9.171404449352484889e-01,0.000000000000000000e+00,0.000000000000000000e+00,3.985641783502055779e-01
-3.669554921143736159e-01,-1.392308858613037353e-02,1.000000000000000000e+00,9.168093767576819264e-01,0.000000000000000000e+00,0.000000000000000000e+00,3.993251390648863697e-01
-3.660355198559261947e-01,-1.466414615229428425e-02,1.000000000000000000e+00,9.164776772034337604e-01,0.000000000000000000e+00,0.000000000000000000e+00,4.000858247773828591e-01
-3.651143189172968984e-01,-1.540367580237610168e-02,1.000000000000000000e+00,9.161453465009345987e-01,0.000000000000000000e+00,0.000000000000000000e+00,4.008462349638356459e-01
-3.641918918360894097e-01,-1.614167549921648875e-02,1.000000000000000000e+00,9.158123848790497012e-01,0.000000000000000000e+00,0.000000000000000000e+00,4.016063691005750114e-01
-3.632682411532849320e-01,-1.687814320987069544e-02,1.000000000000000000e+00,9.154787925670789805e-01,0.000000000000000000e+00,0.000000000000000000e+00,4.023662266641214735e-01
-3.623433694132351390e-01,-1.761307690561392247e-02,9.999999999999998890e-01,9.151445697947564462e-01,0.000000000000000000e+00,0.000000000000000000e+00,4.031258071311858426e-01
-3.614172791636555693e-01,-1.834647456194734433e-02,1.000000000000000000e+00,9.148097167922505379e-01,0.000000000000000000e+00,0.000000000000000000e+00,4.038851099786699983e-01
-3.604899729556182986e-01,-1.907833415860301501e-02,9.999999999999998890e-01,9.144742337901634599e-01,0.000000000000000000e+00,0.000000000000000000e+00,4.046441346836667230e-01
-3.595614533435448346e-01,-1.980865367955026574e-02,1.000000000000000000e+00,9.141381210195315132e-01,0.000000000000000000e+00,0.000000000000000000e+00,4.054028807234605902e-01
-3.586317228851992889e-01,-2.053743111300026375e-02,1.000000000000000000e+00,9.138013787118244302e-01,0.000000000000000000e+00,0.000000000000000000e+00,4.061613475755278535e-01
-3.577007841416813272e-01,-2.126466445141302758e-02,1.000000000000000000e+00,9.134640070989458183e-01,0.000000000000000000e+00,0.000000000000000000e+00,4.069195347175372790e-01
-3.567686396774188973e-01,-2.199035169150106300e-02,1.000000000000000000e+00,9.131260064132323828e-01,0.000000000000000000e+00,0.000000000000000000e+00,4.076774416273500901e-01
-3.558352920601614566e-01,-2.271449083423623949e-02,1.000000000000000000e+00,9.127873768874542604e-01,0.000000000000000000e+00,0.000000000000000000e+00,4.084350677830205223e-01
-3.549007438609725895e-01,-2.343707988485529969e-02,1.000000000000000000e+00,9.124481187548144634e-01,0.000000000000000000e+00,0.000000000000000000e+00,4.091924126627962122e-01
-3.539649976542231791e-01,-2.415811685286422400e-02,1.000000000000000000e+00,9.121082322489488803e-01,0.000000000000000000e+00,0.000000000000000000e+00,4.099494757451184745e-01
-3.530280560175842464e-01,-2.487759975204523188e-02,1.000000000000000000e+00,9.117677176039264975e-01,0.000000000000000000e+00,0.000000000000000000e+00,4.107062565086226358e-01
-3.520899215320197895e-01,-2.559552660046120892e-02,1.000000000000000000e+00,9.114265750542485112e-01,0.000000000000000000e+00,0.000000000000000000e+00,4.114627544321385888e-01
-3.511505967817797891e-01,-2.631189542046092483e-02,1.000000000000000000e+00,9.110848048348485495e-01,0.000000000000000000e+00,0.000000000000000000e+00,4.122189689946908486e-01
-3.502100843543928255e-01,-2.702670423868588218e-02,1.000000000000000000e+00,9.107424071810927835e-01,0.000000000000000000e+00,0.000000000000000000e+00,4.129748996754991075e-01
-3.492683868406590841e-01,-2.773995108607442417e-02,1.000000000000000000e+00,9.103993823287792608e-01,0.000000000000000000e+00,0.000000000000000000e+00,4.137305459539786789e-01
-3.483255068346438610e-01,-2.845163399786738295e-02,1.000000000000000000e+00,9.100557305141379061e-01,0.000000000000000000e+00,0.000000000000000000e+00,4.144859073097405533e-01
-3.473814469336690136e-01,-2.916175101361417887e-02,1.000000000000000000e+00,9.097114519738305205e-01,0.000000000000000000e+00,0.000000000000000000e+00,4.152409832225921194e-01
-3.464362097383074102e-01,-2.987030017717738628e-02,9.999999999999998890e-01,9.093665469449505601e-01,0.000000000000000000e+00,0.000000000000000000e+00,4.159957731725370533e-01
-3.454897978523741031e-01,-3.057727953673887444e-02,1.000000000000000000e+00,9.090210156650229134e-01,0.000000000000000000e+00,0.000000000000000000e+00,4.167502766397764846e-01
-3.445422138829207226e-01,-3.128268714480422763e-02,1.000000000000000000e+00,9.086748583720034578e-01,0.000000000000000000e+00,0.000000000000000000e+00,4.175044931047083296e-01
-3.435934604402274828e-01,-3.198652105820922603e-02,1.000000000000000000e+00,9.083280753042796141e-01,0.000000000000000000e+00,0.000000000000000000e+00,4.182584220479282355e-01
-3.426435401377957990e-01,-3.268877933812473768e-02,1.000000000000000000e+00,9.079806667006695697e-01,0.000000000000000000e+00,0.000000000000000000e+00,4.190120629502301353e-01
-3.416924555923417373e-01,-3.338946005006126344e-02,1.000000000000000000e+00,9.076326328004221677e-01,0.000000000000000000e+00,0.000000000000000000e+00,4.197654152926060811e-01
-3.407402094237882428e-01,-3.408856126387573710e-02,1.000000000000000000e+00,9.072839738432170176e-01,0.000000000000000000e+00,0.000000000000000000e+00,4.205184785562469107e-01
-3.397868042552582013e-01,-3.478608105377549442e-02,9.999999999999998890e-01,9.069346900691641622e-01,0.000000000000000000e+00,0.000000000000000000e+00,4.212712522225425804e-01
-3.388322427130673331e-01,-3.548201749832470553e-02,1.000000000000000000e+00,9.065847817188040780e-01,0.000000000000000000e+00,0.000000000000000000e+00,4.220237357730823313e-01
-3.378765274267166996e-01,-3.617636868044883658e-02,1.000000000000000000e+00,9.062342490331070088e-01,0.000000000000000000e+00,0.000000000000000000e+00,4.227759286896554114e-01
-3.369196610288852090e-01,-3.686913268744007599e-02,9.999999999999998890e-01,9.058830922534734098e-01,0.000000000000000000e+00,0.000000000000000000e+00,4.235278304542511307e-01
-3.359616461554232325e-01,-3.756030761096323251e-02,1.000000000000000000e+00,9.055313116217336145e-01,0.000000000000000000e+00,0.000000000000000000e+00,4.242794405490593057e-01
-3.350024854453443890e-01,-3.824989154706008587e-02,1.000000000000000000e+00,9.051789073801473906e-01,0.000000000000000000e+00,0.000000000000000000e+00,4.250307584564704810e-01
-3.340421815408190498e-01,-3.893788259615509756e-02,1.000000000000000000e+00,9.048258797714040513e-01,0.000000000000000000e+00,0.000000000000000000e+00,4.257817836590766514e-01
-3.330807370871664008e-01,-3.962427886306074676e-02,1.000000000000000000e+00,9.044722290386221220e-01,0.000000000000000000e+00,0.000000000000000000e+00,4.265325156396712059e-01
-3.321181547328476702e-01,-4.030907845698271375e-02,1.000000000000000000e+00,9.041179554253492290e-01,0.000000000000000000e+00,0.000000000000000000e+00,4.272829538812497052e-01
-3.311544371294585232e-01,-4.099227949152482037e-02,1.000000000000000000e+00,9.037630591755623222e-01,0.000000000000000000e+00,0.000000000000000000e+00,4.280330978670096598e-01
-3.301895869317218457e-01,-4.167388008469437993e-02,9.999999999999998890e-01,9.034075405336665643e-01,0.000000000000000000e+00,0.000000000000000000e+00,4.287829470803515286e-01
-3.292236067974804170e-01,-4.235387835890744301e-02,1.000000000000000000e+00,9.030513997444962193e-01,0.000000000000000000e+00,0.000000000000000000e+00,4.295325010048786085e-01
-3.282564993876899706e-01,-4.303227244099360610e-02,1.000000000000000000e+00,9.026946370533138753e-01,0.000000000000000000e+00,0.000000000000000000e+00,4.302817591243974227e-01
-3.272882673664108677e-01,-4.370906046220243008e-02,1.000000000000000000e+00,9.023372527058101111e-01,0.000000000000000000e+00,0.000000000000000000e+00,4.310307209229186087e-01
-3.263189134008019909e-01,-4.438424055820625741e-02,1.000000000000000000e+00,9.019792469481040520e-01,0.000000000000000000e+00,0.000000000000000000e+00,4.317793858846565302e-01
-3.253484401611125287e-01,-4.505781086910797678e-02,9.999999999999998890e-01,9.016206200267424808e-01,0.000000000000000000e+00,0.000000000000000000e+00,4.325277534940300539e-01
-3.243768503206749809e-01,-4.572976953944428435e-02,1.000000000000000000e+00,9.012613721887000606e-01,0.000000000000000000e+00,0.000000000000000000e+00,4.332758232356628825e-01
-3.234041465558975537e-01,-4.640011471819120020e-02,9.999999999999998890e-01,9.009015036813791122e-01,0.000000000000000000e+00,0.000000000000000000e+00,4.340235945943837770e-01
-3.224303315462572206e-01,-4.706884455877023005e-02,1.000000000000000000e+00,9.005410147526092812e-01,0.000000000000000000e+00,0.000000000000000000e+00,4.347710670552270562e-01
-3.214554079742917847e-01,-4.773595721905162653e-02,1.000000000000000000e+00,9.001799056506475383e-01,0.000000000000000000e+00,0.000000000000000000e+00,4.355182401034328188e-01
-3.204793785255930505e-01,-4.840145086136121710e-02,1.000000000000000000e+00,8.998181766241778456e-01,0.000000000000000000e+00,0.000000000000000000e+00,4.362651132244473873e-01
-3.195022458887988304e-01,-4.906532365248405386e-02,1.000000000000000000e+00,8.994558279223112685e-01,0.000000000000000000e+00,0.000000000000000000e+00,4.370116859039236967e-01
-3.185240127555862277e-01,-4.972757376367049897e-02,1.000000000000000000e+00,8.990928597945855305e-01,0.000000000000000000e+00,0.000000000000000000e+00,4.377579576277212947e-01
-3.175446818206633659e-01,-5.038819937064065169e-02,1.000000000000000000e+00,8.987292724909647923e-01,0.000000000000000000e+00,0.000000000000000000e+00,4.385039278819075070e-01
-3.165642557817630598e-01,-5.104719865359002434e-02,1.000000000000000000e+00,8.983650662618399840e-01,0.000000000000000000e+00,0.000000000000000000e+00,4.392495961527567716e-01
-3.155827373396342672e-01,-5.170456979719358775e-02,1.000000000000000000e+00,8.980002413580278064e-01,0.000000000000000000e+00,0.000000000000000000e+00,4.399949619267518597e-01
-3.146001291980352055e-01,-5.236031099061136396e-02,1.000000000000000000e+00,8.976347980307713970e-01,0.000000000000000000e+00,0.000000000000000000e+00,4.407400246905835428e-01
-3.136164340637262460e-01,-5.301442042749359568e-02,1.000000000000000000e+00,8.972687365317396635e-01,0.000000000000000000e+00,0.000000000000000000e+00,4.414847839311514810e-01
-3.126316546464616986e-01,-5.366689630598548560e-02,1.000000000000000000e+00,8.969020571130271735e-01,0.000000000000000000e+00,0.000000000000000000e+00,4.422292391355643337e-01
-3.116457936589827615e-01,-5.431773682873162340e-02,1.000000000000000000e+00,8.965347600271540429e-01,0.000000000000000000e+00,0.000000000000000000e+00,4.429733897911400931e-01
-3.106588538170100278e-01,-5.496694020288217519e-02,1.000000000000000000e+00,8.961668455270658251e-01,0.000000000000000000e+00,0.000000000000000000e+00,4.437172353854064721e-01
-3.096708378392361016e-01,-5.561450464009660283e-02,9.999999999999998890e-01,8.957983138661331779e-01,0.000000000000000000e+00,0.000000000000000000e+00,4.444607754061012939e-01
-3.086817484473177164e-01,-5.626042835654958968e-02,1.000000000000000000e+00,8.954291652981517524e-01,0.000000000000000000e+00,0.000000000000000000e+00,4.452040093411729904e-01
-3.076915883658689621e-01,-5.690470957293480153e-02,1.000000000000000000e+00,8.950594000773423042e-01,0.000000000000000000e+00,0.000000000000000000e+00,4.459469366787803812e-01
-3.067003603224527919e-01,-5.754734651447088178e-02,1.000000000000000000e+00,8.946890184583499162e-01,0.000000000000000000e+00,0.000000000000000000e+00,4.466895569072937833e-01
-3.057080670475744166e-01,-5.818833741090596173e-02,1.000000000000000000e+00,8.943180206962443313e-01,0.000000000000000000e+00,0.000000000000000000e+00,4.474318695152948999e-01
-3.047147112746731445e-01,-5.882768049652215003e-02,1.000000000000000000e+00,8.939464070465196199e-01,0.000000000000000000e+00,0.000000000000000000e+00,4.481738739915772651e-01
-3.037202957401153869e-01,-5.946537401014106300e-02,1.000000000000000000e+00,8.935741777650940687e-01,0.000000000000000000e+00,0.000000000000000000e+00,4.489155698251465765e-01
-3.027248231831865533e-01,-6.010141619512836264e-02,1.000000000000000000e+00,8.932013331083097363e-01,0.000000000000000000e+00,0.000000000000000000e+00,4.496569565052211948e-01
-3.017282963460840572e-01,-6.073580529939801714e-02,1.000000000000000000e+00,8.928278733329324535e-01,0.000000000000000000e+00,0.000000000000000000e+00,4.503980335212323105e-01
-3.007307179739093783e-01,-6.136853957541824056e-02,1.000000000000000000e+00,8.924537986961519342e-01,0.000000000000000000e+00,0.000000000000000000e+00,4.511388003628243326e-01
-2.997320908146607343e-01,-6.199961728021574636e-02,9.999999999999998890e-01,8.920791094555811096e-01,0.000000000000000000e+00,0.000000000000000000e+00,4.518792565198554434e-01
-2.987324176192251435e-01,-6.262903667538023689e-02,9.999999999999998890e-01,8.917038058692562386e-01,0.000000000000000000e+00,0.000000000000000000e+00,4.526194014823974876e-01
-2.977317011413714853e-01,-6.325679602706976712e-02,1.000000000000000000e+00,8.913278881956366861e-01,0.000000000000000000e+00,0.000000000000000000e+00,4.533592347407369161e-01
-2.967299441377421187e-01,-6.388289360601506761e-02,1.000000000000000000e+00,8.909513566936045903e-01,0.000000000000000000e+00,0.000000000000000000e+00,4.540987557853747303e-01
-2.957271493678461094e-01,-6.450732768752463764e-02,1.000000000000000000e+00,8.905742116224649729e-01,0.000000000000000000e+00,0.000000000000000000e+00,4.548379641070268153e-01
-2.947233195940508477e-01,-6.513009655148932486e-02,1.000000000000000000e+00,8.901964532419451848e-01,0.000000000000000000e+00,0.000000000000000000e+00,4.555768591966247727e-01
-2.937184575815752208e-01,-6.575119848238714093e-02,1.000000000000000000e+00,8.898180818121952385e-01,0.000000000000000000e+00,0.000000000000000000e+00,4.563154405453155316e-01
-2.927125660984812305e-01,-6.637063176928784114e-02,1.000000000000000000e+00,8.894390975937872534e-01,0.000000000000000000e+00,0.000000000000000000e+00,4.570537076444620705e-01
-2.917056479156670545e-01,-6.698839470585779554e-02,1.000000000000000000e+00,8.890595008477151229e-01,0.000000000000000000e+00,0.000000000000000000e+00,4.577916599856441948e-01
-2.906977058068586084e-01,-6.760448559036472127e-02,1.000000000000000000e+00,8.886792918353947357e-01,0.000000000000000000e+00,0.000000000000000000e+00,4.585292970606581475e-01
-2.896887425486030510e-01,-6.821890272568198466e-02,1.000000000000000000e+00,8.882984708186637546e-01,0.000000000000000000e+00,0.000000000000000000e+00,4.592666183615172759e-01
-2.886787609202596805e-01,-6.883164441929430499e-02,1.000000000000000000e+00,8.879170380597810608e-01,0.000000000000000000e+00,0.000000000000000000e+00,4.600036233804526420e-01
-2.876677637039939395e-01,-6.944270898330050235e-02,1.000000000000000000e+00,8.875349938214269763e-01,0.000000000000000000e+00,0.000000000000000000e+00,4.607403116099128004e-01
-2.866557536847680887e-01,-7.005209473442071400e-02,1.000000000000000000e+00,8.871523383667029305e-01,0.000000000000000000e+00,0.000000000000000000e+00,4.614766825425647423e-01
-2.856427336503349346e-01,-7.065979999399840672e-02,1.000000000000000000e+00,8.867690719591311277e-01,0.000000000000000000e+00,0.000000000000000000e+00,4.622127356712937285e-01
-2.846287063912291138e-01,-7.126582308800713528e-02,1.000000000000000000e+00,8.863851948626547683e-01,0.000000000000000000e+00,0.000000000000000000e+00,4.629484704892041225e-01
-2.836136747007598768e-01,-7.187016234705374818e-02,1.000000000000000000e+00,8.860007073416373835e-01,0.000000000000000000e+00,0.000000000000000000e+00,4.636838864896193346e-01
-2.825976413750038718e-01,-7.247281610638367511e-02,9.999999999999998890e-01,8.856156096608630568e-01,0.000000000000000000e+00,0.000000000000000000e+00,4.644189831660822665e-01
-2.815806092127961513e-01,-7.307378270588538172e-02,1.000000000000000000e+00,8.852299020855358691e-01,0.000000000000000000e+00,0.000000000000000000e+00,4.651537600123560323e-01
-2.805625810157236777e-01,-7.367306049009489377e-02,9.999999999999998890e-01,8.848435848812801208e-01,0.000000000000000000e+00,0.000000000000000000e+00,4.658882165224236815e-01
-2.795435595881172186e-01,-7.427064780820037682e-02,1.000000000000000000e+00,8.844566583141398874e-01,0.000000000000000000e+00,0.000000000000000000e+00,4.666223521904890315e-01
-2.785235477370432977e-01,-7.486654301404632728e-02,1.000000000000000000e+00,8.840691226505787981e-01,0.000000000000000000e+00,0.000000000000000000e+00,4.673561665109768337e-01
-2.775025482722968673e-01,-7.546074446613901254e-02,9.999999999999998890e-01,8.836809781574799239e-01,0.000000000000000000e+00,0.000000000000000000e+00,4.680896589785331074e-01
-2.764805640063933700e-01,-7.605325052765017635e-02,1.000000000000000000e+00,8.832922251021458893e-01,0.000000000000000000e+00,0.000000000000000000e+00,4.688228290880255833e-01
-2.754575977545611898e-01,-7.664405956642160456e-02,1.000000000000000000e+00,8.829028637522980949e-01,0.000000000000000000e+00,0.000000000000000000e+00,4.695556763345438700e-01
-2.744336523347337686e-01,-7.723316995497007953e-02,9.999999999999998890e-01,8.825128943760770506e-01,0.000000000000000000e+00,0.000000000000000000e+00,4.702882002134000095e-01
-2.734087305675415025e-01,-7.782058007049164061e-02,1.000000000000000000e+00,8.821223172420419312e-01,0.000000000000000000e+00,0.000000000000000000e+00,4.710204002201288098e-01
-2.723828352763045801e-01,-7.840628829486588625e-02,1.000000000000000000e+00,8.817311326191704657e-01,0.000000000000000000e+00,0.000000000000000000e+00,4.717522758504879565e-01
-2.713559692870249895e-01,-7.899029301466040098e-02,1.000000000000000000e+00,8.813393407768586041e-01,0.000000000000000000e+00,0.000000000000000000e+00,4.724838266004586229e-01
-2.703281354283783022e-01,-7.957259262113566822e-02,1.000000000000000000e+00,8.809469419849207394e-01,0.000000000000000000e+00,0.000000000000000000e+00,4.732150519662457477e-01
-2.692993365317068455e-01,-8.015318551024908089e-02,1.000000000000000000e+00,8.805539365135891527e-01,0.000000000000000000e+00,0.000000000000000000e+00,4.739459514442780907e-01
-2.682695754310107095e-01,-8.073207008265945173e-02,1.000000000000000000e+00,8.801603246335136799e-01,0.000000000000000000e+00,0.000000000000000000e+00,4.746765245312093984e-01
-2.672388549629408638e-01,-8.130924474373113497e-02,1.000000000000000000e+00,8.797661066157621557e-01,0.000000000000000000e+00,0.000000000000000000e+00,4.754067707239174601e-01
-2.662071779667909421e-01,-8.188470790353968853e-02,1.000000000000000000e+00,8.793712827318195258e-01,0.000000000000000000e+00,0.000000000000000000e+00,4.761366895195058846e-01
-2.651745472844894702e-01,-8.245845797687398337e-02,1.000000000000000000e+00,8.789758532535881796e-01,0.000000000000000000e+00,0.000000000000000000e+00,4.768662804153033230e-01
-2.641409657605920946e-01,-8.303049338324275386e-02,1.000000000000000000e+00,8.785798184533873956e-01,0.000000000000000000e+00,0.000000000000000000e+00,4.775955429088642457e-01
-2.631064362422738112e-01,-8.360081254687815044e-02,9.999999999999998890e-01,8.781831786039535626e-01,0.000000000000000000e+00,0.000000000000000000e+00,4.783244764979694974e-01
-2.620709615793206937e-01,-8.416941389673904261e-02,1.000000000000000000e+00,8.777859339784395143e-01,0.000000000000000000e+00,0.000000000000000000e+00,4.790530806806262420e-01
-2.610345446241229550e-01,-8.473629586651751366e-02,9.999999999999998890e-01,8.773880848504146401e-01,0.000000000000000000e+00,0.000000000000000000e+00,4.797813549550685730e-01
-2.599971882316658989e-01,-8.530145689464134484e-02,1.000000000000000000e+00,8.769896314938646631e-01,0.000000000000000000e+00,0.000000000000000000e+00,4.805092988197578463e-01
-2.589588952595228144e-01,-8.586489542427905297e-02,1.000000000000000000e+00,8.765905741831914177e-01,0.000000000000000000e+00,0.000000000000000000e+00,4.812369117733829582e-01
-2.579196685678474266e-01,-8.642660990334388726e-02,1.000000000000000000e+00,8.761909131932126282e-01,0.000000000000000000e+00,0.000000000000000000e+00,4.819641933148604562e-01
-2.568795110193650699e-01,-8.698659878449828409e-02,1.000000000000000000e+00,8.757906487991616862e-01,0.000000000000000000e+00,0.000000000000000000e+00,4.826911429433353162e-01
-2.558384254793654167e-01,-8.754486052515861316e-02,1.000000000000000000e+00,8.753897812766877617e-01,0.000000000000000000e+00,0.000000000000000000e+00,4.834177601581811645e-01
-2.547964148156942055e-01,-8.810139358749836946e-02,1.000000000000000000e+00,8.749883109018551375e-01,0.000000000000000000e+00,0.000000000000000000e+00,4.841440444590003334e-01
-2.537534818987461360e-01,-8.865619643845348841e-02,1.000000000000000000e+00,8.745862379511433193e-01,0.000000000000000000e+00,0.000000000000000000e+00,4.848699953456247491e-01
-2.527096296014560428e-01,-8.920926754972535733e-02,9.999999999999998890e-01,8.741835627014468146e-01,0.000000000000000000e+00,0.000000000000000000e+00,4.855956123181154882e-01
-2.516648607992912345e-01,-8.976060539778669967e-02,1.000000000000000000e+00,8.737802854300751321e-01,0.000000000000000000e+00,0.000000000000000000e+00,4.863208948767639428e-01
-2.506191783702440001e-01,-9.031020846388385093e-02,1.000000000000000000e+00,8.733764064147518935e-01,0.000000000000000000e+00,0.000000000000000000e+00,4.870458425220916543e-01
-2.495725851948232821e-01,-9.085807523404260122e-02,1.000000000000000000e+00,8.729719259336155002e-01,0.000000000000000000e+00,0.000000000000000000e+00,4.877704547548509795e-01
-2.485250841560464885e-01,-9.140420419907133165e-02,1.000000000000000222e+00,8.725668442652184664e-01,0.000000000000000000e+00,0.000000000000000000e+00,4.884947310760250905e-01
-2.474766781394325266e-01,-9.194859385456524703e-02,9.999999999999998890e-01,8.721611616885271978e-01,0.000000000000000000e+00,0.000000000000000000e+00,4.892186709868283634e-01
-2.464273700329926153e-01,-9.249124270091184374e-02,1.000000000000000000e+00,8.717548784829222130e-01,0.000000000000000000e+00,0.000000000000000000e+00,4.899422739887072664e-01
-2.453771627272232914e-01,-9.303214924329239466e-02,1.000000000000000000e+00,8.713479949281974779e-01,0.000000000000000000e+00,0.000000000000000000e+00,4.906655395833397493e-01
-2.443260591150978600e-01,-9.357131199168905455e-02,1.000000000000000000e+00,8.709405113045602942e-01,0.000000000000000000e+00,0.000000000000000000e+00,4.913884672726366865e-01
-2.432740620920589292e-01,-9.410872946088644220e-02,1.000000000000000000e+00,8.705324278926312997e-01,0.000000000000000000e+00,0.000000000000000000e+00,4.921110565587412666e-01
-2.422211745560097218e-01,-9.464440017047769105e-02,1.000000000000000000e+00,8.701237449734443574e-01,0.000000000000000000e+00,0.000000000000000000e+00,4.928333069440299363e-01
-2.411673994073071647e-01,-9.517832264486722482e-02,1.000000000000000000e+00,8.697144628284458889e-01,0.000000000000000000e+00,0.000000000000000000e+00,4.935552179311122889e-01
-2.401127395487526461e-01,-9.571049541327573962e-02,1.000000000000000000e+00,8.693045817394953190e-01,0.000000000000000000e+00,0.000000000000000000e+00,4.942767890228318972e-01
-2.390571978855850765e-01,-9.624091700974293784e-02,1.000000000000000000e+00,8.688941019888642980e-01,0.000000000000000000e+00,0.000000000000000000e+00,4.949980197222662581e-01
-2.380007773254720904e-01,-9.676958597313328747e-02,1.000000000000000000e+00,8.684830238592368135e-01,0.000000000000000000e+00,0.000000000000000000e+00,4.957189095327273476e-01
-2.369434807785025798e-01,-9.729650084713865887e-02,9.999999999999998890e-01,8.680713476337088563e-01,0.000000000000000000e+00,0.000000000000000000e+00,4.964394579577620092e-01
-2.358853111571786454e-01,-9.782166018028298771e-02,9.999999999999998890e-01,8.676590735957886436e-01,0.000000000000000000e+00,0.000000000000000000e+00,4.971596645011518434e-01
-2.348262713764071585e-01,-9.834506252592642439e-02,1.000000000000000000e+00,8.672462020293956186e-01,0.000000000000000000e+00,0.000000000000000000e+00,4.978795286669143727e-01
-2.337663643534920732e-01,-9.886670644226838722e-02,1.000000000000000000e+00,8.668327332188610068e-01,0.000000000000000000e+00,0.000000000000000000e+00,4.985990499593024317e-01
-2.327055930081262658e-01,-9.938659049235307186e-02,9.999999999999998890e-01,8.664186674489272599e-01,0.000000000000000000e+00,0.000000000000000000e+00,4.993182278828053322e-01
-2.316439602623835414e-01,-9.990471324407187992e-02,1.000000000000000000e+00,8.660040050047480564e-01,0.000000000000000000e+00,0.000000000000000000e+00,5.000370619421488083e-01
-2.305814690407108625e-01,-1.004210732701680542e-01,1.000000000000000000e+00,8.655887461718877463e-01,0.000000000000000000e+00,0.000000000000000000e+00,5.007555516422951269e-01
-2.295181222699196888e-01,-1.009356691482406199e-01,1.000000000000000000e+00,8.651728912363216839e-01,0.000000000000000000e+00,0.000000000000000000e+00,5.014736964884437542e-01
-2.284539228791783172e-01,-1.014484994607485341e-01,1.000000000000000000e+00,8.647564404844355623e-01,0.000000000000000000e+00,0.000000000000000000e+00,5.021914959860320771e-01
-2.273888738000033882e-01,-1.019595627950140998e-01,1.000000000000000000e+00,8.643393942030251909e-01,0.000000000000000000e+00,0.000000000000000000e+00,5.029089496407350701e-01
-2.263229779662528918e-01,-1.024688577432267267e-01,1.000000000000000000e+00,8.639217526792969393e-01,0.000000000000000000e+00,0.000000000000000000e+00,5.036260569584656288e-01
-2.252562383141169244e-01,-1.029763829024477606e-01,1.000000000000000000e+00,8.635035162008668497e-01,0.000000000000000000e+00,0.000000000000000000e+00,5.043428174453753465e-01
-2.241886577821098347e-01,-1.034821368746133008e-01,1.000000000000000000e+00,8.630846850557607475e-01,0.000000000000000000e+00,0.000000000000000000e+00,5.050592306078548477e-01
-2.231202393110628401e-01,-1.039861182665384465e-01,1.000000000000000000e+00,8.626652595324139083e-01,0.000000000000000000e+00,0.000000000000000000e+00,5.057752959525335656e-01
-2.220509858441148121e-01,-1.044883256899215573e-01,1.000000000000000000e+00,8.622452399196710582e-01,0.000000000000000000e+00,0.000000000000000000e+00,5.064910129862808530e-01
-2.209809003267048377e-01,-1.049887577613474871e-01,1.000000000000000000e+00,8.618246265067858181e-01,0.000000000000000000e+00,0.000000000000000000e+00,5.072063812162058705e-01
-2.199099857065648644e-01,-1.054874131022912331e-01,1.000000000000000000e+00,8.614034195834211483e-01,0.000000000000000000e+00,0.000000000000000000e+00,5.079214001496574760e-01
-2.188382449337097357e-01,-1.059842903391226832e-01,9.999999999999998890e-01,8.609816194396483491e-01,0.000000000000000000e+00,0.000000000000000000e+00,5.086360692942257788e-01
-2.177656809604305299e-01,-1.064793881031095985e-01,9.999999999999997780e-01,8.605592263659475050e-01,0.000000000000000000e+00,0.000000000000000000e+00,5.093503881577413628e-01
-2.166922967412855949e-01,-1.069727050304215554e-01,1.000000000000000000e+00,8.601362406532069294e-01,0.000000000000000000e+00,0.000000000000000000e+00,5.100643562482762849e-01
-2.156180952330933875e-01,-1.074642397621336509e-01,1.000000000000000000e+00,8.597126625927229426e-01,0.000000000000000000e+00,0.000000000000000000e+00,5.107779730741439650e-01
-2.145430793949233139e-01,-1.079539909442304851e-01,1.000000000000000000e+00,8.592884924761999832e-01,0.000000000000000000e+00,0.000000000000000000e+00,5.114912381438997402e-01
-2.134672521880882634e-01,-1.084419572276094923e-01,9.999999999999998890e-01,8.588637305957502743e-01,0.000000000000000000e+00,0.000000000000000000e+00,5.122041509663411984e-01
-2.123906165761356712e-01,-1.089281372680854787e-01,1.000000000000000000e+00,8.584383772438933802e-01,0.000000000000000000e+00,0.000000000000000000e+00,5.129167110505087335e-01
-2.113131755248404409e-01,-1.094125297263931484e-01,1.000000000000000000e+00,8.580124327135562057e-01,0.000000000000000000e+00,0.000000000000000000e+00,5.136289179056853227e-01
-2.102349320021957291e-01,-1.098951332681918636e-01,1.000000000000000000e+00,8.575858972980727746e-01,0.000000000000000000e+00,0.000000000000000000e+00,5.143407710413976375e-01
-2.091558889784057296e-01,-1.103759465640683918e-01,1.000000000000000000e+00,8.571587712911843404e-01,0.000000000000000000e+00,0.000000000000000000e+00,5.150522699674151550e-01
-2.080760494258767079e-01,-1.108549682895413335e-01,9.999999999999998890e-01,8.567310549870384984e-01,0.000000000000000000e+00,0.000000000000000000e+00,5.157634141937521566e-01
-2.069954163192088137e-01,-1.113321971250646886e-01,1.000000000000000000e+00,8.563027486801895183e-01,0.000000000000000000e+00,0.000000000000000000e+00,5.164742032306668396e-01
-2.059139926351887528e-01,-1.118076317560306732e-01,1.000000000000000000e+00,8.558738526655980117e-01,0.000000000000000000e+00,0.000000000000000000e+00,5.171846365886618724e-01
-2.048317813527804343e-01,-1.122812708727744385e-01,1.000000000000000000e+00,8.554443672386304875e-01,0.000000000000000000e+00,0.000000000000000000e+00,5.178947137784851718e-01
-2.037487854531178089e-01,-1.127531131705773182e-01,1.000000000000000000e+00,8.550142926950596856e-01,0.000000000000000000e+00,0.000000000000000000e+00,5.186044343111296806e-01
-2.026650079194962095e-01,-1.132231573496695481e-01,1.000000000000000000e+00,8.545836293310639098e-01,0.000000000000000000e+00,0.000000000000000000e+00,5.193137976978339232e-01
-2.015804517373638305e-01,-1.136914021152352489e-01,1.000000000000000000e+00,8.541523774432269178e-01,0.000000000000000000e+00,0.000000000000000000e+00,5.200228034500825602e-01
-2.004951198943135116e-01,-1.141578461774151732e-01,1.000000000000000000e+00,8.537205373285378096e-01,0.000000000000000000e+00,0.000000000000000000e+00,5.207314510796066109e-01
-1.994090153800756049e-01,-1.146224882513100507e-01,1.000000000000000000e+00,8.532881092843906945e-01,0.000000000000000000e+00,0.000000000000000000e+00,5.214397400983834530e-01
-1.983221411865080941e-01,-1.150853270569853204e-01,1.000000000000000222e+00,8.528550936085848022e-01,0.000000000000000000e+00,0.000000000000000000e+00,5.221476700186377107e-01
-1.972345003075898773e-01,-1.155463613194729205e-01,1.000000000000000000e+00,8.524214905993237057e-01,0.000000000000000000e+00,0.000000000000000000e+00,5.228552403528409220e-01
-1.961460957394113580e-01,-1.160055897687761878e-01,1.000000000000000000e+00,8.519873005552158762e-01,0.000000000000000000e+00,0.000000000000000000e+00,5.235624506137126488e-01
-1.950569304801667014e-01,-1.164630111398727436e-01,1.000000000000000000e+00,8.515525237752735732e-01,0.000000000000000000e+00,0.000000000000000000e+00,5.242693003142202546e-01
-1.939670075301456187e-01,-1.169186241727182551e-01,9.999999999999998890e-01,8.511171605589135103e-01,0.000000000000000000e+00,0.000000000000000000e+00,5.249757889675794598e-01
-1.928763298917245961e-01,-1.173724276122498078e-01,1.000000000000000000e+00,8.506812112059560782e-01,0.000000000000000000e+00,0.000000000000000000e+00,5.256819160872547858e-01
-1.917849005693601505e-01,-1.178244202083888331e-01,9.999999999999998890e-01,8.502446760166253448e-01,0.000000000000000000e+00,0.000000000000000000e+00,5.263876811869591110e-01
-1.906927225695783934e-01,-1.182746007160455637e-01,1.000000000000000000e+00,8.498075552915489439e-01,0.000000000000000000e+00,0.000000000000000000e+00,5.270930837806553360e-01
-1.895997989009678975e-01,-1.187229678951217948e-01,1.000000000000000222e+00,8.493698493317576315e-01,0.000000000000000000e+00,0.000000000000000000e+00,5.277981233825557172e-01
-1.885061325741719529e-01,-1.191695205105141320e-01,9.999999999999997780e-01,8.489315584386849523e-01,0.000000000000000000e+00,0.000000000000000000e+00,5.285027995071223117e-01
-1.874117266018785755e-01,-1.196142573321183067e-01,1.000000000000000000e+00,8.484926829141677951e-01,0.000000000000000000e+00,0.000000000000000000e+00,5.292071116690680865e-01
-1.863165839988145112e-01,-1.200571771348314248e-01,1.000000000000000000e+00,8.480532230604453936e-01,0.000000000000000000e+00,0.000000000000000000e+00,5.299110593833558092e-01
-1.852207077817346337e-01,-1.204982786985563104e-01,1.000000000000000000e+00,8.476131791801593263e-01,0.000000000000000000e+00,0.000000000000000000e+00,5.306146421651999345e-01
-1.841241009694154218e-01,-1.209375608082036424e-01,9.999999999999998890e-01,8.471725515763534053e-01,0.000000000000000000e+00,0.000000000000000000e+00,5.313178595300658280e-01
-1.830267665826453283e-01,-1.213750222536971735e-01,1.000000000000000000e+00,8.467313405524735659e-01,0.000000000000000000e+00,0.000000000000000000e+00,5.320207109936707646e-01
-1.819287076442171469e-01,-1.218106618299754640e-01,1.000000000000000000e+00,8.462895464123674216e-01,0.000000000000000000e+00,0.000000000000000000e+00,5.327231960719839288e-01
-1.808299271789200469e-01,-1.222444783369953658e-01,9.999999999999997780e-01,8.458471694602840429e-01,0.000000000000000000e+00,0.000000000000000000e+00,5.334253142812266368e-01
-1.797304282135302467e-01,-1.226764705797363658e-01,1.000000000000000000e+00,8.454042100008741789e-01,0.000000000000000000e+00,0.000000000000000000e+00,5.341270651378731138e-01
-1.786302137768034370e-01,-1.231066373682026399e-01,1.000000000000000000e+00,8.449606683391894801e-01,0.000000000000000000e+00,0.000000000000000000e+00,5.348284481586503825e-01
-1.775292868994659545e-01,-1.235349775174270914e-01,1.000000000000000000e+00,8.445165447806826098e-01,0.000000000000000000e+00,0.000000000000000000e+00,5.355294628605389295e-01
-1.764276506142070655e-01,-1.239614898474744875e-01,1.000000000000000000e+00,8.440718396312067995e-01,0.000000000000000000e+00,0.000000000000000000e+00,5.362301087607728167e-01
-1.753253079556698624e-01,-1.243861731834447204e-01,1.000000000000000000e+00,8.436265531970161824e-01,0.000000000000000000e+00,0.000000000000000000e+00,5.369303853768400137e-01
-1.742222619604434919e-01,-1.248090263554757356e-01,9.999999999999998890e-01,8.431806857847649050e-01,0.000000000000000000e+00,0.000000000000000000e+00,5.376302922264829531e-01
-1.731185156670545233e-01,-1.252300481987468350e-01,9.999999999999998890e-01,8.427342377015073493e-01,0.000000000000000000e+00,0.000000000000000000e+00,5.383298288276985311e-01
-1.720140721159583441e-01,-1.256492375534824513e-01,1.000000000000000000e+00,8.422872092546976885e-01,0.000000000000000000e+00,0.000000000000000000e+00,5.390289946987388836e-01
-1.709089343495312496e-01,-1.260665932649546739e-01,1.000000000000000000e+00,8.418396007521896651e-01,0.000000000000000000e+00,0.000000000000000000e+00,5.397277893581113872e-01
-1.698031054120621719e-01,-1.264821141834865381e-01,1.000000000000000000e+00,8.413914125022369239e-01,0.000000000000000000e+00,0.000000000000000000e+00,5.404262123245786587e-01
-1.686965883497437146e-01,-1.268957991644558136e-01,1.000000000000000000e+00,8.409426448134919019e-01,0.000000000000000000e+00,0.000000000000000000e+00,5.411242631171597761e-01
-1.675893862106638266e-01,-1.273076470682968364e-01,9.999999999999997780e-01,8.404932979950062721e-01,0.000000000000000000e+00,0.000000000000000000e+00,5.418219412551299463e-01
-1.664815020447978633e-01,-1.277176567605055046e-01,1.000000000000000000e+00,8.400433723562306110e-01,0.000000000000000000e+00,0.000000000000000000e+00,5.425192462580210595e-01
-1.653729389039999276e-01,-1.281258271116406111e-01,1.000000000000000000e+00,8.395928682070138427e-01,0.000000000000000000e+00,0.000000000000000000e+00,5.432161776456219116e-01
-1.642636998419942373e-01,-1.285321569973280620e-01,1.000000000000000000e+00,8.391417858576035727e-01,0.000000000000000000e+00,0.000000000000000000e+00,5.439127349379786480e-01
-1.631537879143676317e-01,-1.289366452982635414e-01,1.000000000000000000e+00,8.386901256186455322e-01,0.000000000000000000e+00,0.000000000000000000e+00,5.446089176553948752e-01
-1.620432061785597455e-01,-1.293392909002153424e-01,1.000000000000000000e+00,8.382378878011832457e-01,0.000000000000000000e+00,0.000000000000000000e+00,5.453047253184323262e-01
-1.609319576938553487e-01,-1.297400926940287802e-01,1.000000000000000000e+00,8.377850727166582523e-01,0.000000000000000000e+00,0.000000000000000000e+00,5.460001574479110831e-01
-1.598200455213763804e-01,-1.301390495756271637e-01,1.000000000000000000e+00,8.373316806769094400e-01,0.000000000000000000e+00,0.000000000000000000e+00,5.466952135649096878e-01
-1.587074727240726513e-01,-1.305361604460165137e-01,9.999999999999998890e-01,8.368777119941730458e-01,0.000000000000000000e+00,0.000000000000000000e+00,5.473898931907656973e-01
-1.575942423667138770e-01,-1.309314242112880056e-01,1.000000000000000000e+00,8.364231669810827663e-01,0.000000000000000000e+00,0.000000000000000000e+00,5.480841958470759057e-01
-1.564803575158812965e-01,-1.313248397826203839e-01,9.999999999999998890e-01,8.359680459506685368e-01,0.000000000000000000e+00,0.000000000000000000e+00,5.487781210556966771e-01
-1.553658212399585403e-01,-1.317164060762844313e-01,1.000000000000000000e+00,8.355123492163576415e-01,0.000000000000000000e+00,0.000000000000000000e+00,5.494716683387445011e-01
-1.542506366091242476e-01,-1.321061220136446057e-01,1.000000000000000000e+00,8.350560770919733811e-01,0.000000000000000000e+00,0.000000000000000000e+00,5.501648372185959923e-01
-1.531348066953425735e-01,-1.324939865211622325e-01,1.000000000000000000e+00,8.345992298917354058e-01,0.000000000000000000e+00,0.000000000000000000e+00,5.508576272178884459e-01
-1.520183345723560286e-01,-1.328799985303994458e-01,1.000000000000000000e+00,8.341418079302597155e-01,0.000000000000000000e+00,0.000000000000000000e+00,5.515500378595198372e-01
-1.509012233156753480e-01,-1.332641569780204649e-01,1.000000000000000000e+00,8.336838115225576606e-01,0.000000000000000000e+00,0.000000000000000000e+00,5.522420686666495993e-01
-1.497834760025720802e-01,-1.336464608057964520e-01,1.000000000000000000e+00,8.332252409840364971e-01,0.000000000000000000e+00,0.000000000000000000e+00,5.529337191626988446e-01
-1.486650957120702332e-01,-1.340269089606065112e-01,1.000000000000000000e+00,8.327660966304987200e-01,0.000000000000000000e+00,0.000000000000000000e+00,5.536249888713503653e-01
-1.475460855249369485e-01,-1.344055003944422955e-01,1.000000000000000000e+00,8.323063787781421752e-01,0.000000000000000000e+00,0.000000000000000000e+00,5.543158773165492992e-01
-1.464264485236750901e-01,-1.347822340644095340e-01,1.000000000000000000e+00,8.318460877435593925e-01,0.000000000000000000e+00,0.000000000000000000e+00,5.550063840225033518e-01
-1.453061877925138912e-01,-1.351571089327316399e-01,1.000000000000000000e+00,8.313852238437379194e-01,0.000000000000000000e+00,0.000000000000000000e+00,5.556965085136830185e-01
-1.441853064174006549e-01,-1.355301239667525137e-01,9.999999999999997780e-01,8.309237873960595433e-01,0.000000000000000000e+00,0.000000000000000000e+00,5.563862503148221395e-01
-1.430638074859925113e-01,-1.359012781389394575e-01,1.000000000000000000e+00,8.304617787183006250e-01,0.000000000000000000e+00,0.000000000000000000e+00,5.570756089509181219e-01
-1.419416940876473687e-01,-1.362705704268855067e-01,1.000000000000000000e+00,8.299991981286312104e-01,0.000000000000000000e+00,0.000000000000000000e+00,5.577645839472322731e-01
-1.408189693134166975e-01,-1.366379998133124551e-01,1.000000000000000000e+00,8.295360459456158075e-01,0.000000000000000000e+00,0.000000000000000000e+00,5.584531748292896891e-01
-1.396956362560352605e-01,-1.370035652860743247e-01,1.000000000000000000e+00,8.290723224882118325e-01,0.000000000000000000e+00,0.000000000000000000e+00,5.591413811228805875e-01
-1.385716980099137019e-01,-1.373672658381588363e-01,9.999999999999997780e-01,8.286080280757707195e-01,0.000000000000000000e+00,0.000000000000000000e+00,5.598292023540596407e-01
-1.374471576711297494e-01,-1.377291004676919062e-01,1.000000000000000000e+00,8.281431630280369216e-01,0.000000000000000000e+00,0.000000000000000000e+00,5.605166380491468647e-01
-1.363220183374196370e-01,-1.380890681779387008e-01,9.999999999999998890e-01,8.276777276651474669e-01,0.000000000000000000e+00,0.000000000000000000e+00,5.612036877347278407e-01
-1.351962831081699179e-01,-1.384471679773071617e-01,1.000000000000000000e+00,8.272117223076329573e-01,0.000000000000000000e+00,0.000000000000000000e+00,5.618903509376537153e-01
-1.340699550844084986e-01,-1.388033988793509754e-01,1.000000000000000000e+00,8.267451472764156817e-01,0.000000000000000000e+00,0.000000000000000000e+00,5.625766271850419775e-01
-1.329430373687959521e-01,-1.391577599027722378e-01,1.000000000000000000e+00,8.262780028928108367e-01,0.000000000000000000e+00,0.000000000000000000e+00,5.632625160042766810e-01
-1.318155330656174962e-01,-1.395102500714233418e-01,1.000000000000000000e+00,8.258102894785254167e-01,0.000000000000000000e+00,0.000000000000000000e+00,5.639480169230086659e-01
-1.306874452807741949e-01,-1.398608684143108072e-01,1.000000000000000000e+00,8.253420073556585468e-01,0.000000000000000000e+00,0.000000000000000000e+00,5.646331294691555591e-01
-1.295587771217746043e-01,-1.402096139655970020e-01,1.000000000000000000e+00,8.248731568467005948e-01,0.000000000000000000e+00,0.000000000000000000e+00,5.653178531709028842e-01
-1.284295316977256685e-01,-1.405564857646033339e-01,1.000000000000000000e+00,8.244037382745337261e-01,0.000000000000000000e+00,0.000000000000000000e+00,5.660021875567038396e-01
-1.272997121193246151e-01,-1.409014828558129706e-01,9.999999999999998890e-01,8.239337519624312378e-01,0.000000000000000000e+00,0.000000000000000000e+00,5.666861321552794095e-01
-1.261693214988503786e-01,-1.412446042888734210e-01,1.000000000000000000e+00,8.234631982340571144e-01,0.000000000000000000e+00,0.000000000000000000e+00,5.673696864956198072e-01
-1.250383629501548299e-01,-1.415858491185982004e-01,1.000000000000000000e+00,8.229920774134666939e-01,0.000000000000000000e+00,0.000000000000000000e+00,5.680528501069830316e-01
-1.239068395886541163e-01,-1.419252164049714104e-01,1.000000000000000000e+00,8.225203898251051138e-01,0.000000000000000000e+00,0.000000000000000000e+00,5.687356225188968661e-01
-1.227747545313208621e-01,-1.422627052131477943e-01,1.000000000000000000e+00,8.220481357938085321e-01,0.000000000000000000e+00,0.000000000000000000e+00,5.694180032611579900e-01
-1.216421108966745240e-01,-1.425983146134577606e-01,1.000000000000000000e+00,8.215753156448027950e-01,0.000000000000000000e+00,0.000000000000000000e+00,5.700999918638331998e-01
-1.205089118047731750e-01,-1.429320436814087991e-01,1.000000000000000000e+00,8.211019297037036591e-01,0.000000000000000000e+00,0.000000000000000000e+00,5.707815878572591872e-01
-1.193751603772051084e-01,-1.432638914976875066e-01,1.000000000000000000e+00,8.206279782965165692e-01,0.000000000000000000e+00,0.000000000000000000e+00,5.714627907720430944e-01
-1.182408597370802061e-01,-1.435938571481631398e-01,1.000000000000000000e+00,8.201534617496364366e-01,0.000000000000000000e+00,0.000000000000000000e+00,5.721436001390627357e-01
-1.171060130090212092e-01,-1.439219397238894194e-01,1.000000000000000000e+00,8.196783803898471943e-01,0.000000000000000000e+00,0.000000000000000000e+00,5.728240154894668201e-01
-1.159706233191550584e-01,-1.442481383211078327e-01,1.000000000000000000e+00,8.192027345443220199e-01,0.000000000000000000e+00,0.000000000000000000e+00,5.735040363546756170e-01
-1.148346937951044422e-01,-1.445724520412488556e-01,1.000000000000000000e+00,8.187265245406225578e-01,0.000000000000000000e+00,0.000000000000000000e+00,5.741836622663809564e-01
-1.136982275659790820e-01,-1.448948799909356155e-01,1.000000000000000000e+00,8.182497507066991416e-01,0.000000000000000000e+00,0.000000000000000000e+00,5.748628927565465618e-01
-1.125612277623671831e-01,-1.452154212819861956e-01,1.000000000000000000e+00,8.177724133708902388e-01,0.000000000000000000e+00,0.000000000000000000e+00,5.755417273574088277e-01
-1.114236975163269139e-01,-1.455340750314150777e-01,1.000000000000000000e+00,8.172945128619226729e-01,0.000000000000000000e+00,0.000000000000000000e+00,5.762201656014761530e-01
-1.102856399613775240e-01,-1.458508403614367788e-01,1.000000000000000000e+00,8.168160495089107354e-01,0.000000000000000000e+00,0.000000000000000000e+00,5.768982070215304958e-01
-1.091470582324905181e-01,-1.461657163994677378e-01,1.000000000000000000e+00,8.163370236413566294e-01,0.000000000000000000e+00,0.000000000000000000e+00,5.775758511506268178e-01
-1.080079554660814678e-01,-1.464787022781289805e-01,1.000000000000000000e+00,8.158574355891499152e-01,0.000000000000000000e+00,0.000000000000000000e+00,5.782530975220938618e-01
-1.068683348000017963e-01,-1.467897971352474518e-01,1.000000000000000000e+00,8.153772856825669546e-01,0.000000000000000000e+00,0.000000000000000000e+00,5.789299456695340407e-01
-1.057281993735289805e-01,-1.470990001138603454e-01,9.999999999999998890e-01,8.148965742522714661e-01,0.000000000000000000e+00,0.000000000000000000e+00,5.796063951268241032e-01
-1.045875523273584740e-01,-1.474063103622156867e-01,1.000000000000000000e+00,8.144153016293138592e-01,0.000000000000000000e+00,0.000000000000000000e+00,5.802824454281154676e-01
-1.034463968035954085e-01,-1.477117270337753308e-01,1.000000000000000000e+00,8.139334681451305675e-01,0.000000000000000000e+00,0.000000000000000000e+00,5.809580961078343320e-01
-1.023047359457454342e-01,-1.480152492872173764e-01,9.999999999999998890e-01,8.134510741315448268e-01,0.000000000000000000e+00,0.000000000000000000e+00,5.816333467006821190e-01
-1.011625728987060879e-01,-1.483168762864389978e-01,9.999999999999998890e-01,8.129681199207655640e-01,0.000000000000000000e+00,0.000000000000000000e+00,5.823081967416358085e-01
-1.000199108087582722e-01,-1.486166072005574712e-01,1.000000000000000000e+00,8.124846058453875086e-01,0.000000000000000000e+00,0.000000000000000000e+00,5.829826457659484928e-01
-9.887675282355834483e-02,-1.489144412039129228e-01,1.000000000000000000e+00,8.120005322383910817e-01,0.000000000000000000e+00,0.000000000000000000e+00,5.836566933091485998e-01
-9.773310209212751620e-02,-1.492103774760718538e-01,1.000000000000000000e+00,8.115158994331419517e-01,0.000000000000000000e+00,0.000000000000000000e+00,5.843303389070421128e-01
-9.658896176484502161e-02,-1.495044152018274453e-01,1.000000000000000000e+00,8.110307077633910344e-01,0.000000000000000000e+00,0.000000000000000000e+00,5.850035820957107946e-01
-9.544433499343875360e-02,-1.497965535712033058e-01,1.000000000000000000e+00,8.105449575632737158e-01,0.000000000000000000e+00,0.000000000000000000e+00,5.856764224115145190e-01
-9.429922493097653291e-02,-1.500867917794549700e-01,9.999999999999997780e-01,8.100586491673105183e-01,0.000000000000000000e+00,0.000000000000000000e+00,5.863488593910898272e-01
-9.315363473185725440e-02,-1.503751290270721741e-01,1.000000000000000000e+00,8.095717829104062124e-01,0.000000000000000000e+00,0.000000000000000000e+00,5.870208925713514825e-01
-9.200756755180275470e-02,-1.506615645197812159e-01,9.999999999999998890e-01,8.090843591278493729e-01,0.000000000000000000e+00,0.000000000000000000e+00,5.876925214894921368e-01
-9.086102654784870836e-02,-1.509460974685473689e-01,1.000000000000000000e+00,8.085963781553131557e-01,0.000000000000000000e+00,0.000000000000000000e+00,5.883637456829828860e-01
-8.971401487833580157e-02,-1.512287270895764091e-01,1.000000000000000000e+00,8.081078403288539658e-01,0.000000000000000000e+00,0.000000000000000000e+00,5.890345646895736031e-01
-8.856653570290158595e-02,-1.515094526043173351e-01,1.000000000000000000e+00,8.076187459849119010e-01,0.000000000000000000e+00,0.000000000000000000e+00,5.897049780472930491e-01
-8.741859218247126362e-02,-1.517882732394640610e-01,1.000000000000000000e+00,8.071290954603103085e-01,0.000000000000000000e+00,0.000000000000000000e+00,5.903749852944494281e-01
-8.627018747924937447e-02,-1.520651882269584698e-01,1.000000000000000000e+00,8.066388890922554511e-01,0.000000000000000000e+00,0.000000000000000000e+00,5.910445859696306092e-01
-8.512132475671013720e-02,-1.523401968039910237e-01,1.000000000000000000e+00,8.061481272183363966e-01,0.000000000000000000e+00,0.000000000000000000e+00,5.917137796117045712e-01
-8.397200717959060756e-02,-1.526132982130045668e-01,1.000000000000000000e+00,8.056568101765250178e-01,0.000000000000000000e+00,0.000000000000000000e+00,5.923825657598194017e-01
-8.282223791387929857e-02,-1.528844917016948246e-01,1.000000000000000000e+00,8.051649383051749931e-01,0.000000000000000000e+00,0.000000000000000000e+00,5.930509439534041860e-01
-8.167202012681075429e-02,-1.531537765230138182e-01,1.000000000000000000e+00,8.046725119430226947e-01,0.000000000000000000e+00,0.000000000000000000e+00,5.937189137321684518e-01
-8.052135698685410070e-02,-1.534211519351706410e-01,1.000000000000000000e+00,8.041795314291860786e-01,0.000000000000000000e+00,0.000000000000000000e+00,5.943864746361029461e-01
-7.937025166370470508e-02,-1.536866172016347898e-01,1.000000000000000000e+00,8.036859971031646843e-01,0.000000000000000000e+00,0.000000000000000000e+00,5.950536262054807457e-01
-7.821870732827709838e-02,-1.539501715911374413e-01,1.000000000000000000e+00,8.031919093048394132e-01,0.000000000000000000e+00,0.000000000000000000e+00,5.957203679808561469e-01
-7.706672715269440033e-02,-1.542118143776732841e-01,1.000000000000000000e+00,8.026972683744723058e-01,0.000000000000000000e+00,0.000000000000000000e+00,5.963866995030659979e-01
-7.591431431028076993e-02,-1.544715448405030722e-01,1.000000000000000000e+00,8.022020746527066537e-01,0.000000000000000000e+00,0.000000000000000000e+00,5.970526203132293652e-01
-7.476147197555228774e-02,-1.547293622641555122e-01,9.999999999999997780e-01,8.017063284805661105e-01,0.000000000000000000e+00,0.000000000000000000e+00,5.977181299527483116e-01
-7.360820332420729695e-02,-1.549852659384290954e-01,1.000000000000000000e+00,8.012100301994549145e-01,0.000000000000000000e+00,0.000000000000000000e+00,5.983832279633082285e-01
-7.245451153311954773e-02,-1.552392551583935965e-01,1.000000000000000000e+00,8.007131801511574443e-01,0.000000000000000000e+00,0.000000000000000000e+00,5.990479138868777254e-01
-7.130039978032760850e-02,-1.554913292243930156e-01,1.000000000000000000e+00,8.002157786778379966e-01,0.000000000000000000e+00,0.000000000000000000e+00,5.997121872657095176e-01
-7.014587124502769111e-02,-1.557414874420466611e-01,1.000000000000000000e+00,7.997178261220408979e-01,0.000000000000000000e+00,0.000000000000000000e+00,6.003760476423398718e-01
-6.899092910756338126e-02,-1.559897291222514526e-01,1.000000000000000000e+00,7.992193228266897265e-01,0.000000000000000000e+00,0.000000000000000000e+00,6.010394945595900484e-01
-6.783557654941790860e-02,-1.562360535811838369e-01,1.000000000000000000e+00,7.987202691350875350e-01,0.000000000000000000e+00,0.000000000000000000e+00,6.017025275605657475e-01
-6.667981675320508450e-02,-1.564804601403015361e-01,1.000000000000000000e+00,7.982206653909160732e-01,0.000000000000000000e+00,0.000000000000000000e+00,6.023651461886578851e-01
-6.552365290266048969e-02,-1.567229481263452961e-01,1.000000000000000000e+00,7.977205119382363430e-01,0.000000000000000000e+00,0.000000000000000000e+00,6.030273499875425935e-01
-6.436708818263278675e-02,-1.569635168713409690e-01,1.000000000000000000e+00,7.972198091214875992e-01,0.000000000000000000e+00,0.000000000000000000e+00,6.036891385011816658e-01
-6.321012577907485219e-02,-1.572021657126013716e-01,1.000000000000000000e+00,7.967185572854875719e-01,0.000000000000000000e+00,0.000000000000000000e+00,6.043505112738229990e-01
-6.205276887903488081e-02,-1.574388939927279796e-01,1.000000000000000000e+00,7.962167567754320219e-01,0.000000000000000000e+00,0.000000000000000000e+00,6.050114678500008170e-01
-6.089502067064833657e-02,-1.576737010596125366e-01,9.999999999999998890e-01,7.957144079368945189e-01,0.000000000000000000e+00,0.000000000000000000e+00,6.056720077745357811e-01
-5.973688434312771772e-02,-1.579065862664397191e-01,1.000000000000000000e+00,7.952115111158263305e-01,0.000000000000000000e+00,0.000000000000000000e+00,6.063321305925358784e-01
-5.857836308675568038e-02,-1.581375489716874694e-01,1.000000000000000000e+00,7.947080666585562003e-01,0.000000000000000000e+00,0.000000000000000000e+00,6.069918358493957555e-01
-5.741946009287442199e-02,-1.583665885391301598e-01,1.000000000000000000e+00,7.942040749117896814e-01,0.000000000000000000e+00,0.000000000000000000e+00,6.076511230907981620e-01
-5.626017855387784733e-02,-1.585937043378399247e-01,1.000000000000000000e+00,7.936995362226095807e-01,0.000000000000000000e+00,0.000000000000000000e+00,6.083099918627133951e-01
-5.510052166320317246e-02,-1.588188957421875769e-01,1.000000000000000000e+00,7.931944509384751818e-01,0.000000000000000000e+00,0.000000000000000000e+00,6.089684417114000770e-01
-5.394049261532063433e-02,-1.590421621318455214e-01,1.000000000000000000e+00,7.926888194072221339e-01,0.000000000000000000e+00,0.000000000000000000e+00,6.096264721834054878e-01
-5.278009460572702372e-02,-1.592635028917884221e-01,9.999999999999998890e-01,7.921826419770624517e-01,0.000000000000000000e+00,0.000000000000000000e+00,6.102840828255651218e-01
-5.161933083093384056e-02,-1.594829174122963100e-01,1.000000000000000000e+00,7.916759189965840715e-01,0.000000000000000000e+00,0.000000000000000000e+00,6.109412731850043521e-01
-5.045820448846137507e-02,-1.597004050889543614e-01,1.000000000000000000e+00,7.911686508147504071e-01,0.000000000000000000e+00,0.000000000000000000e+00,6.115980428091374321e-01
-4.929671877682832715e-02,-1.599159653226562283e-01,1.000000000000000000e+00,7.906608377809006827e-01,0.000000000000000000e+00,0.000000000000000000e+00,6.122543912456686055e-01
-4.813487689554314664e-02,-1.601295975196048715e-01,9.999999999999998890e-01,7.901524802447489337e-01,0.000000000000000000e+00,0.000000000000000000e+00,6.129103180425922170e-01
-4.697268204509530420e-02,-1.603413010913143089e-01,1.000000000000000000e+00,7.896435785563845622e-01,0.000000000000000000e+00,0.000000000000000000e+00,6.135658227481929350e-01
-4.581013742694743651e-02,-1.605510754546113916e-01,1.000000000000000000e+00,7.891341330662714482e-01,0.000000000000000000e+00,0.000000000000000000e+00,6.142209049110459729e-01
-4.464724624352433419e-02,-1.607589200316370537e-01,1.000000000000000000e+00,7.886241441252481721e-01,0.000000000000000000e+00,0.000000000000000000e+00,6.148755640800176447e-01
-4.348401169820696743e-02,-1.609648342498481433e-01,1.000000000000000000e+00,7.881136120845273485e-01,0.000000000000000000e+00,0.000000000000000000e+00,6.155297998042654761e-01
-4.232043699532075931e-02,-1.611688175420195601e-01,1.000000000000000000e+00,7.876025372956957371e-01,0.000000000000000000e+00,0.000000000000000000e+00,6.161836116332389812e-01
-4.115652534012922970e-02,-1.613708693462443944e-01,1.000000000000000000e+00,7.870909201107139097e-01,0.000000000000000000e+00,0.000000000000000000e+00,6.168369991166788857e-01
-3.999227993882330245e-02,-1.615709891059372016e-01,1.000000000000000000e+00,7.865787608819160281e-01,0.000000000000000000e+00,0.000000000000000000e+00,6.174899618046187921e-01
-3.882770399851345755e-02,-1.617691762698342806e-01,1.000000000000000000e+00,7.860660599620091782e-01,0.000000000000000000e+00,0.000000000000000000e+00,6.181424992473847357e-01
-3.766280072722130723e-02,-1.619654302919954492e-01,1.000000000000000000e+00,7.855528177040739246e-01,0.000000000000000000e+00,0.000000000000000000e+00,6.187946109955952956e-01
-3.649757333386970115e-02,-1.621597506318056825e-01,1.000000000000000000e+00,7.850390344615633120e-01,0.000000000000000000e+00,0.000000000000000000e+00,6.194462966001623716e-01
-3.533202502827360869e-02,-1.623521367539773053e-01,1.000000000000000000e+00,7.845247105883031979e-01,0.000000000000000000e+00,0.000000000000000000e+00,6.200975556122916288e-01
-3.416615902113358250e-02,-1.625425881285499641e-01,1.000000000000000000e+00,7.840098464384916976e-01,0.000000000000000000e+00,0.000000000000000000e+00,6.207483875834819420e-01
-3.299997852402393461e-02,-1.627311042308928757e-01,1.000000000000000000e+00,7.834944423666987401e-01,0.000000000000000000e+00,0.000000000000000000e+00,6.213987920655267283e-01
-3.183348674938592943e-02,-1.629176845417070474e-01,1.000000000000000000e+00,7.829784987278664010e-01,0.000000000000000000e+00,0.000000000000000000e+00,6.220487686105137248e-01
-3.066668691051825657e-02,-1.631023285470254436e-01,1.000000000000000000e+00,7.824620158773082368e-01,0.000000000000000000e+00,0.000000000000000000e+00,6.226983167708252109e-01
-2.949958222156810056e-02,-1.632850357382147344e-01,1.000000000000000000e+00,7.819449941707090623e-01,0.000000000000000000e+00,0.000000000000000000e+00,6.233474360991386742e-01
-2.833217589752259208e-02,-1.634658056119772940e-01,1.000000000000000000e+00,7.814274339641248401e-01,0.000000000000000000e+00,0.000000000000000000e+00,6.239961261484268107e-01
-2.716447115419973884e-02,-1.636446376703519223e-01,1.000000000000000000e+00,7.809093356139825692e-01,0.000000000000000000e+00,0.000000000000000000e+00,6.246443864719576355e-01
-2.599647120823905810e-02,-1.638215314207152606e-01,1.000000000000000000e+00,7.803906994770793970e-01,0.000000000000000000e+00,0.000000000000000000e+00,6.252922166232958157e-01
-2.482817927709414507e-02,-1.639964863757839009e-01,1.000000000000000000e+00,7.798715259105832853e-01,0.000000000000000000e+00,0.000000000000000000e+00,6.259396161563017813e-01
-2.365959857902206337e-02,-1.641695020536148020e-01,1.000000000000000000e+00,7.793518152720319003e-01,0.000000000000000000e+00,0.000000000000000000e+00,6.265865846251327254e-01
-2.249073233307610081e-02,-1.643405779776071496e-01,1.000000000000000000e+00,7.788315679193332786e-01,0.000000000000000000e+00,0.000000000000000000e+00,6.272331215842423813e-01
-2.132158375909574966e-02,-1.645097136765031332e-01,1.000000000000000000e+00,7.783107842107646057e-01,0.000000000000000000e+00,0.000000000000000000e+00,6.278792265883819113e-01
-2.015215607769813011e-02,-1.646769086843901664e-01,1.000000000000000000e+00,7.777894645049726607e-01,0.000000000000000000e+00,0.000000000000000000e+00,6.285248991925999063e-01
-1.898245251026918143e-02,-1.648421625407012758e-01,1.000000000000000000e+00,7.772676091609732607e-01,0.000000000000000000e+00,0.000000000000000000e+00,6.291701389522428300e-01
-1.781247627895504726e-02,-1.650054747902167107e-01,1.000000000000000000e+00,7.767452185381511498e-01,0.000000000000000000e+00,0.000000000000000000e+00,6.298149454229550193e-01
-1.664223060665305162e-02,-1.651668449830653862e-01,1.000000000000000000e+00,7.762222929962597773e-01,0.000000000000000000e+00,0.000000000000000000e+00,6.304593181606793495e-01
-1.547171871700253956e-02,-1.653262726747256606e-01,9.999999999999998890e-01,7.756988328954207423e-01,0.000000000000000000e+00,0.000000000000000000e+00,6.311032567216572353e-01
-1.430094383437615496e-02,-1.654837574260273891e-01,1.000000000000000000e+00,7.751748385961241272e-01,0.000000000000000000e+00,0.000000000000000000e+00,6.317467606624294074e-01
-1.312990918387093794e-02,-1.656392988031519797e-01,1.000000000000000222e+00,7.746503104592276090e-01,0.000000000000000000e+00,0.000000000000000000e+00,6.323898295398356906e-01
-1.195861799129969635e-02,-1.657928963776344466e-01,1.000000000000000000e+00,7.741252488459563486e-01,0.000000000000000000e+00,0.000000000000000000e+00,6.330324629110154477e-01
-1.078707348318214479e-02,-1.659445497263642155e-01,9.999999999999998890e-01,7.735996541179035457e-01,0.000000000000000000e+00,0.000000000000000000e+00,6.336746603334079131e-01
-9.615278886735308117e-03,-1.660942584315868165e-01,1.000000000000000000e+00,7.730735266370287739e-01,0.000000000000000000e+00,0.000000000000000000e+00,6.343164213647531913e-01
-8.443237429865371735e-03,-1.662420220809041893e-01,1.000000000000000000e+00,7.725468667656590904e-01,0.000000000000000000e+00,0.000000000000000000e+00,6.349577455630909251e-01
-7.270952341158373050e-03,-1.663878402672765433e-01,1.000000000000000000e+00,7.720196748664879260e-01,0.000000000000000000e+00,0.000000000000000000e+00,6.355986324867622939e-01
-6.098426849871801947e-03,-1.665317125890226069e-01,1.000000000000000000e+00,7.714919513025749742e-01,0.000000000000000000e+00,0.000000000000000000e+00,6.362390816944093475e-01
-4.925664185924785721e-03,-1.666736386498222089e-01,1.000000000000000222e+00,7.709636964373463019e-01,0.000000000000000000e+00,0.000000000000000000e+00,6.368790927449757833e-01
-3.752667579890796301e-03,-1.668136180587160011e-01,1.000000000000000000e+00,7.704349106345937948e-01,0.000000000000000000e+00,0.000000000000000000e+00,6.375186651977066132e-01
-2.579440262986884558e-03,-1.669516504301068460e-01,1.000000000000000000e+00,7.699055942584749346e-01,0.000000000000000000e+00,0.000000000000000000e+00,6.381577986121493851e-01
-1.405985467065752614e-03,-1.670877353837610102e-01,1.000000000000000000e+00,7.693757476735127998e-01,0.000000000000000000e+00,0.000000000000000000e+00,6.387964925481535161e-01
-2.323064246069900252e-04,-1.672218725448104126e-01,1.000000000000000000e+00,7.688453712445952881e-01,0.000000000000000000e+00,0.000000000000000000e+00,6.394347465658716256e-01
9.415936312927759844e-04,-1.673540615437507650e-01,1.000000000000000222e+00,7.683144653369752275e-01,0.000000000000000000e+00,0.000000000000000000e+00,6.400725602257590907e-01
2.115711466926670226e-03,-1.674843020164453744e-01,1.000000000000000000e+00,7.677830303162702652e-01,0.000000000000000000e+00,0.000000000000000000e+00,6.407099330885741573e-01
3.290043847989219949e-03,-1.676125936041250597e-01,1.000000000000000000e+00,7.672510665484625347e-01,0.000000000000000000e+00,0.000000000000000000e+00,6.413468647153790503e-01
4.464587539583564357e-03,-1.677389359533885127e-01,1.000000000000000000e+00,7.667185743998977676e-01,0.000000000000000000e+00,0.000000000000000000e+00,6.419833546675399738e-01
5.639339306230641696e-03,-1.678633287162049625e-01,1.000000000000000222e+00,7.661855542372862926e-01,0.000000000000000000e+00,0.000000000000000000e+00,6.426194025067267779e-01
6.814295911878241047e-03,-1.679857715499130655e-01,9.999999999999998890e-01,7.656520064277012594e-01,0.000000000000000000e+00,0.000000000000000000e+00,6.432550077949142908e-01
7.989454119910168600e-03,-1.681062641172236805e-01,1.000000000000000000e+00,7.651179313385800818e-01,0.000000000000000000e+00,0.000000000000000000e+00,6.438901700943817641e-01
9.164810693154369636e-03,-1.682248060862197581e-01,1.000000000000000000e+00,7.645833293377225504e-01,0.000000000000000000e+00,0.000000000000000000e+00,6.445248889677137605e-01
1.034036239389246256e-02,-1.683413971303567569e-01,9.999999999999998890e-01,7.640482007932916098e-01,0.000000000000000000e+00,0.000000000000000000e+00,6.451591639778000431e-01
1.151610598386916887e-02,-1.684560369284656134e-01,1.000000000000000000e+00,7.635125460738129144e-01,0.000000000000000000e+00,0.000000000000000000e+00,6.457929946878362415e-01
1.269203822429977591e-02,-1.685687251647512708e-01,9.999999999999998890e-01,7.629763655481743845e-01,0.000000000000000000e+00,0.000000000000000000e+00,6.464263806613236296e-01
1.386815587588064932e-02,-1.686794615287952048e-01,1.000000000000000000e+00,7.624396595856259840e-01,0.000000000000000000e+00,0.000000000000000000e+00,6.470593214620703471e-01
1.504445569879686237e-02,-1.687882457155553406e-01,1.000000000000000000e+00,7.619024285557794984e-01,0.000000000000000000e+00,0.000000000000000000e+00,6.476918166541902888e-01
1.622093445273166748e-02,-1.688950774253670239e-01,1.000000000000000000e+00,7.613646728286086462e-01,0.000000000000000000e+00,0.000000000000000000e+00,6.483238658021048817e-01
1.739758889687586726e-02,-1.689999563639447699e-01,1.000000000000000000e+00,7.608263927744480792e-01,0.000000000000000000e+00,0.000000000000000000e+00,6.489554684705425291e-01
1.857441578993620709e-02,-1.691028822423813471e-01,1.000000000000000000e+00,7.602875887639936048e-01,0.000000000000000000e+00,0.000000000000000000e+00,6.495866242245391664e-01
1.975141189014383014e-02,-1.692038547771500256e-01,1.000000000000000000e+00,7.597482611683020748e-01,0.000000000000000000e+00,0.000000000000000000e+00,6.502173326294382605e-01
2.092857395526417918e-02,-1.693028736901051046e-01,9.999999999999997780e-01,7.592084103587907196e-01,0.000000000000000000e+00,0.000000000000000000e+00,6.508475932508914763e-01
2.210589874260597901e-02,-1.693999387084823005e-01,1.000000000000000000e+00,7.586680367072373699e-01,0.000000000000000000e+00,0.000000000000000000e+00,6.514774056548592318e-01
2.328338300902848060e-02,-1.694950495648997468e-01,1.000000000000000000e+00,7.581271405857794576e-01,0.000000000000000000e+00,0.000000000000000000e+00,6.521067694076099208e-01
2.446102351095314278e-02,-1.695882059973580769e-01,1.000000000000000000e+00,7.575857223669145712e-01,0.000000000000000000e+00,0.000000000000000000e+00,6.527356840757215783e-01
2.563881700436981131e-02,-1.696794077492423114e-01,1.000000000000000000e+00,7.570437824234997892e-01,0.000000000000000000e+00,0.000000000000000000e+00,6.533641492260809924e-01
2.681676024484780721e-02,-1.697686545693224969e-01,1.000000000000000000e+00,7.565013211287514583e-01,0.000000000000000000e+00,0.000000000000000000e+00,6.539921644258849254e-01
2.799484998754254647e-02,-1.698559462117519847e-01,1.000000000000000000e+00,7.559583388562449713e-01,0.000000000000000000e+00,0.000000000000000000e+00,6.546197292426395586e-01
2.917308298720798498e-02,-1.699412824360722607e-01,1.000000000000000000e+00,7.554148359799144341e-01,0.000000000000000000e+00,0.000000000000000000e+00,6.552468432441617141e-01
3.035145599820186432e-02,-1.700246630072095866e-01,1.000000000000000000e+00,7.548708128740524437e-01,0.000000000000000000e+00,0.000000000000000000e+00,6.558735059985784099e-01
3.152996577449625193e-02,-1.701060876954784418e-01,9.999999999999998890e-01,7.543262699133101989e-01,0.000000000000000000e+00,0.000000000000000000e+00,6.564997170743273047e-01
3.270860906968757476e-02,-1.701855562765807461e-01,1.000000000000000000e+00,7.537812074726963907e-01,0.000000000000000000e+00,0.000000000000000000e+00,6.571254760401576966e-01
3.388738263700319386e-02,-1.702630685316066650e-01,1.000000000000000000e+00,7.532356259275779786e-01,0.000000000000000000e+00,0.000000000000000000e+00,6.577507824651293022e-01
3.506628322931284319e-02,-1.703386242470359413e-01,1.000000000000000222e+00,7.526895256536789702e-01,0.000000000000000000e+00,0.000000000000000000e+00,6.583756359186143658e-01
3.624530759913514866e-02,-1.704122232147373128e-01,1.000000000000000222e+00,7.521429070270807538e-01,0.000000000000000000e+00,0.000000000000000000e+00,6.590000359702966604e-01
3.742445249864831402e-02,-1.704838652319699555e-01,9.999999999999997780e-01,7.515957704242218762e-01,0.000000000000000000e+00,0.000000000000000000e+00,6.596239821901719314e-01
3.860371467969903048e-02,-1.705535501013842048e-01,1.000000000000000000e+00,7.510481162218974882e-01,0.000000000000000000e+00,0.000000000000000000e+00,6.602474741485492293e-01
3.978309089381013020e-02,-1.706212776310208623e-01,1.000000000000000000e+00,7.504999447972590110e-01,0.000000000000000000e+00,0.000000000000000000e+00,6.608705114160497995e-01
4.096257789219049511e-02,-1.706870476343131660e-01,1.000000000000000000e+00,7.499512565278142473e-01,0.000000000000000000e+00,0.000000000000000000e+00,6.614930935636081921e-01
4.214217242574400113e-02,-1.707508599300868735e-01,1.000000000000000222e+00,7.494020517914270485e-01,0.000000000000000000e+00,0.000000000000000000e+00,6.621152201624724842e-01
4.332187124507869830e-02,-1.708127143425596794e-01,1.000000000000000000e+00,7.488523309663164262e-01,0.000000000000000000e+00,0.000000000000000000e+00,6.627368907842043910e-01
4.450167110051429092e-02,-1.708726107013434636e-01,1.000000000000000000e+00,7.483020944310575517e-01,0.000000000000000000e+00,0.000000000000000000e+00,6.633581050006795987e-01
4.568156874209318430e-02,-1.709305488414438745e-01,1.000000000000000000e+00,7.477513425645800904e-01,0.000000000000000000e+00,0.000000000000000000e+00,6.639788623840883197e-01
4.686156091958773584e-02,-1.709865286032597465e-01,1.000000000000000000e+00,7.472000757461689791e-01,0.000000000000000000e+00,0.000000000000000000e+00,6.645991625069349595e-01
4.804164438251054547e-02,-1.710405498325859308e-01,9.999999999999998890e-01,7.466482943554637597e-01,0.000000000000000000e+00,0.000000000000000000e+00,6.652190049420391160e-01
4.922181588012215087e-02,-1.710926123806116861e-01,1.000000000000000000e+00,7.460959987724579134e-01,0.000000000000000000e+00,0.000000000000000000e+00,6.658383892625360234e-01
5.040207216144090147e-02,-1.711427161039222322e-01,1.000000000000000000e+00,7.455431893774998597e-01,0.000000000000000000e+00,0.000000000000000000e+00,6.664573150418753311e-01
5.158240997525108396e-02,-1.711908608644977514e-01,1.000000000000000000e+00,7.449898665512910689e-01,0.000000000000000000e+00,0.000000000000000000e+00,6.670757818538232131e-01
5.276282607011320569e-02,-1.712370465297159416e-01,1.000000000000000000e+00,7.444360306748869505e-01,0.000000000000000000e+00,0.000000000000000000e+00,6.676937892724619239e-01
5.394331719437187034e-02,-1.712812729723500738e-01,1.000000000000000000e+00,7.438816821296962978e-01,0.000000000000000000e+00,0.000000000000000000e+00,6.683113368721897984e-01
5.512388009616475681e-02,-1.713235400705715450e-01,1.000000000000000000e+00,7.433268212974806222e-01,0.000000000000000000e+00,0.000000000000000000e+00,6.689284242277220294e-01
5.630451152343179944e-02,-1.713638477079480471e-01,1.000000000000000000e+00,7.427714485603547079e-01,0.000000000000000000e+00,0.000000000000000000e+00,6.695450509140906670e-01
5.748520822392440277e-02,-1.714021957734455093e-01,9.999999999999997780e-01,7.422155643007855019e-01,0.000000000000000000e+00,0.000000000000000000e+00,6.701612165066450633e-01
5.866596694521400424e-02,-1.714385841614280981e-01,9.999999999999998890e-01,7.416591689015924471e-01,0.000000000000000000e+00,0.000000000000000000e+00,6.707769205810520941e-01
5.984678443470155262e-02,-1.714730127716572738e-01,1.000000000000000000e+00,7.411022627459467049e-01,0.000000000000000000e+00,0.000000000000000000e+00,6.713921627132967140e-01
6.102765743962551559e-02,-1.715054815092936780e-01,1.000000000000000000e+00,7.405448462173714885e-01,0.000000000000000000e+00,0.000000000000000000e+00,6.720069424796811797e-01
6.220858270707159410e-02,-1.715359902848970219e-01,1.000000000000000000e+00,7.399869196997413967e-01,0.000000000000000000e+00,0.000000000000000000e+00,6.726212594568272696e-01
6.338955698398168748e-02,-1.715645390144254490e-01,1.000000000000000000e+00,7.394284835772820808e-01,0.000000000000000000e+00,0.000000000000000000e+00,6.732351132216746192e-01
6.457057701716327480e-02,-1.715911276192366997e-01,1.000000000000000000e+00,7.388695382345703555e-01,0.000000000000000000e+00,0.000000000000000000e+00,6.738485033514823863e-01
6.575163955329640930e-02,-1.716157560260880843e-01,1.000000000000000000e+00,7.383100840565336442e-01,0.000000000000000000e+00,0.000000000000000000e+00,6.744614294238286956e-01
6.693274133894540345e-02,-1.716384241671363720e-01,1.000000000000000000e+00,7.377501214284495346e-01,0.000000000000000000e+00,0.000000000000000000e+00,6.750738910166115270e-01
6.811387912056557359e-02,-1.716591319799384008e-01,9.999999999999998890e-01,7.371896507359463335e-01,0.000000000000000000e+00,0.000000000000000000e+00,6.756858877080483827e-01
6.929504964451339843e-02,-1.716778794074512449e-01,1.000000000000000000e+00,7.366286723650018464e-01,0.000000000000000000e+00,0.000000000000000000e+00,6.762974190766772864e-01
7.047624965705535927e-02,-1.716946663980316035e-01,1.000000000000000000e+00,7.360671867019432657e-01,0.000000000000000000e+00,0.000000000000000000e+00,6.769084847013565609e-01
7.165747590437596126e-02,-1.717094929054368280e-01,1.000000000000000000e+00,7.355051941334478371e-01,0.000000000000000000e+00,0.000000000000000000e+00,6.775190841612649395e-01
7.283872513258872472e-02,-1.717223588888250330e-01,1.000000000000000000e+00,7.349426950465411945e-01,0.000000000000000000e+00,0.000000000000000000e+00,6.781292170359028981e-01
7.401999408774258271e-02,-1.717332643127545966e-01,9.999999999999998890e-01,7.343796898285982477e-01,0.000000000000000000e+00,0.000000000000000000e+00,6.787388829050916561e-01
7.520127951583296944e-02,-1.717422091471846879e-01,1.000000000000000000e+00,7.338161788673422947e-01,0.000000000000000000e+00,0.000000000000000000e+00,6.793480813489743975e-01
7.638257816280957790e-02,-1.717491933674754057e-01,1.000000000000000000e+00,7.332521625508449103e-01,0.000000000000000000e+00,0.000000000000000000e+00,6.799568119480158268e-01
7.756388677458538050e-02,-1.717542169543871955e-01,1.000000000000000000e+00,7.326876412675256134e-01,0.000000000000000000e+00,0.000000000000000000e+00,6.805650742830031685e-01
7.874520209704663487e-02,-1.717572798940821266e-01,1.000000000000000000e+00,7.321226154061519775e-01,0.000000000000000000e+00,0.000000000000000000e+00,6.811728679350460558e-01
7.992652087606089140e-02,-1.717583821781226983e-01,1.000000000000000000e+00,7.315570853558386322e-01,0.000000000000000000e+00,0.000000000000000000e+00,6.817801924855768636e-01
8.110783985748579172e-02,-1.717575238034721175e-01,1.000000000000000000e+00,7.309910515060478176e-01,0.000000000000000000e+00,0.000000000000000000e+00,6.823870475163509308e-01
8.228915578717846402e-02,-1.717547047724954368e-01,1.000000000000000000e+00,7.304245142465886076e-01,0.000000000000000000e+00,0.000000000000000000e+00,6.829934326094468933e-01
8.347046541100480721e-02,-1.717499250929578614e-01,1.000000000000000000e+00,7.298574739676165768e-01,0.000000000000000000e+00,0.000000000000000000e+00,6.835993473472673498e-01
8.465176547484815073e-02,-1.717431847780256648e-01,1.000000000000000000e+00,7.292899310596339113e-01,0.000000000000000000e+00,0.000000000000000000e+00,6.842047913125385294e-01
8.583305272461791424e-02,-1.717344838462666612e-01,1.000000000000000000e+00,7.287218859134887428e-01,0.000000000000000000e+00,0.000000000000000000e+00,6.848097640883110682e-01
8.701432390625847557e-02,-1.717238223216488724e-01,9.999999999999998890e-01,7.281533389203754814e-01,0.000000000000000000e+00,0.000000000000000000e+00,6.854142652579596762e-01
8.819557576575885738e-02,-1.717112002335411391e-01,1.000000000000000000e+00,7.275842904718338167e-01,0.000000000000000000e+00,0.000000000000000000e+00,6.860182944051843590e-01
8.937680504916151181e-02,-1.716966176167131208e-01,1.000000000000000000e+00,7.270147409597487176e-01,0.000000000000000000e+00,0.000000000000000000e+00,6.866218511140098624e-01
9.055800850257086920e-02,-1.716800745113353510e-01,1.000000000000000000e+00,7.264446907763503214e-01,0.000000000000000000e+00,0.000000000000000000e+00,6.872249349687864495e-01
9.173918287216230316e-02,-1.716615709629781550e-01,1.000000000000000000e+00,7.258741403142136006e-01,0.000000000000000000e+00,0.000000000000000000e+00,6.878275455541900119e-01
9.292032490419160906e-02,-1.716411070226130930e-01,1.000000000000000000e+00,7.253030899662581410e-01,0.000000000000000000e+00,0.000000000000000000e+00,6.884296824552221805e-01
9.410143134500340012e-02,-1.716186827466114062e-01,1.000000000000000000e+00,7.247315401257475864e-01,0.000000000000000000e+00,0.000000000000000000e+00,6.890313452572109920e-01
9.528249894104086348e-02,-1.715942981967443770e-01,1.000000000000000000e+00,7.241594911862896389e-01,0.000000000000000000e+00,0.000000000000000000e+00,6.896325335458109995e-01
9.646352443885330974e-02,-1.715679534401835238e-01,1.000000000000000000e+00,7.235869435418357254e-01,0.000000000000000000e+00,0.000000000000000000e+00,6.902332469070033838e-01
9.764450458510702535e-02,-1.715396485495002121e-01,1.000000000000000000e+00,7.230138975866806650e-01,0.000000000000000000e+00,0.000000000000000000e+00,6.908334849270965083e-01
9.882543612659211441e-02,-1.715093836026645169e-01,1.000000000000000000e+00,7.224403537154626687e-01,0.000000000000000000e+00,0.000000000000000000e+00,6.914332471927259194e-01
1.000063158102335870e-01,-1.714771586830467487e-01,1.000000000000000000e+00,7.218663123231625622e-01,0.000000000000000000e+00,0.000000000000000000e+00,6.920325332908550120e-01
1.011871403830986726e-01,-1.714429738794155944e-01,1.000000000000000000e+00,7.212917738051038974e-01,0.000000000000000000e+00,0.000000000000000000e+00,6.926313428087750301e-01
1.023679065924069514e-01,-1.714068292859391995e-01,1.000000000000000222e+00,7.207167385569526186e-01,0.000000000000000000e+00,0.000000000000000000e+00,6.932296753341055107e-01
1.035486111855381947e-01,-1.713687250021836417e-01,1.000000000000000000e+00,7.201412069747165079e-01,0.000000000000000000e+00,0.000000000000000000e+00,6.938275304547942834e-01
1.047292509100418989e-01,-1.713286611331139020e-01,1.000000000000000000e+00,7.195651794547458513e-01,0.000000000000000000e+00,0.000000000000000000e+00,6.944249077591179153e-01
1.059098225136470839e-01,-1.712866377890921443e-01,1.000000000000000000e+00,7.189886563937315511e-01,0.000000000000000000e+00,0.000000000000000000e+00,6.950218068356823764e-01
1.070903227442696615e-01,-1.712426550858794361e-01,1.000000000000000000e+00,7.184116381887064584e-01,0.000000000000000000e+00,0.000000000000000000e+00,6.956182272734227068e-01
1.082707483500218865e-01,-1.711967131446332502e-01,1.000000000000000000e+00,7.178341252370441516e-01,0.000000000000000000e+00,0.000000000000000000e+00,6.962141686616034608e-01
1.094510960792229454e-01,-1.711488120919084088e-01,1.000000000000000000e+00,7.172561179364587147e-01,0.000000000000000000e+00,0.000000000000000000e+00,6.968096305898195952e-01
1.106313626804046463e-01,-1.710989520596563618e-01,9.999999999999997780e-01,7.166776166850050700e-01,0.000000000000000000e+00,0.000000000000000000e+00,6.974046126479955809e-01
1.118115449023239644e-01,-1.710471331852251864e-01,1.000000000000000000e+00,7.160986218810783122e-01,0.000000000000000000e+00,0.000000000000000000e+00,6.979991144263869574e-01
1.129916394939691898e-01,-1.709933556113586994e-01,1.000000000000000000e+00,7.155191339234130421e-01,0.000000000000000000e+00,0.000000000000000000e+00,6.985931355155795552e-01
1.141716432045707247e-01,-1.709376194861962350e-01,1.000000000000000000e+00,7.149391532110837000e-01,0.000000000000000000e+00,0.000000000000000000e+00,6.991866755064906069e-01
1.153515527836092014e-01,-1.708799249632723394e-01,1.000000000000000000e+00,7.143586801435040101e-01,0.000000000000000000e+00,0.000000000000000000e+00,6.997797339903685243e-01
1.165313649808236290e-01,-1.708202722015163266e-01,9.999999999999997780e-01,7.137777151204270920e-01,0.000000000000000000e+00,0.000000000000000000e+00,7.003723105587928988e-01
1.177110765462228564e-01,-1.707586613652520846e-01,1.000000000000000000e+00,7.131962585419443501e-01,0.000000000000000000e+00,0.000000000000000000e+00,7.009644048036762776e-01
1.188906842300914979e-01,-1.706950926241965483e-01,1.000000000000000000e+00,7.126143108084859179e-01,0.000000000000000000e+00,0.000000000000000000e+00,7.015560163172621655e-01
1.200701847830012575e-01,-1.706295661534608377e-01,9.999999999999998890e-01,7.120318723208203249e-01,0.000000000000000000e+00,0.000000000000000000e+00,7.021471446921271342e-01
1.212495749558184649e-01,-1.705620821335488979e-01,1.000000000000000000e+00,7.114489434800539414e-01,0.000000000000000000e+00,0.000000000000000000e+00,7.027377895211804892e-01
1.224288514997141225e-01,-1.704926407503565833e-01,1.000000000000000000e+00,7.108655246876307565e-01,0.000000000000000000e+00,0.000000000000000000e+00,7.033279503976643809e-01
1.236080111661711500e-01,-1.704212421951719347e-01,1.000000000000000000e+00,7.102816163453322673e-01,0.000000000000000000e+00,0.000000000000000000e+00,7.039176269151542487e-01
1.247870507069951534e-01,-1.703478866646743750e-01,1.000000000000000000e+00,7.096972188552770344e-01,0.000000000000000000e+00,0.000000000000000000e+00,7.045068186675590427e-01
1.259659668743230987e-01,-1.702725743609340703e-01,1.000000000000000000e+00,7.091123326199206822e-01,0.000000000000000000e+00,0.000000000000000000e+00,7.050955252491217795e-01
1.271447564206308889e-01,-1.701953054914116525e-01,1.000000000000000222e+00,7.085269580420551216e-01,0.000000000000000000e+00,0.000000000000000000e+00,7.056837462544195416e-01
1.283234160987436479e-01,-1.701160802689570817e-01,1.000000000000000000e+00,7.079410955248086612e-01,0.000000000000000000e+00,0.000000000000000000e+00,7.062714812783635887e-01
1.295019426618438385e-01,-1.700348989118096732e-01,1.000000000000000000e+00,7.073547454716457850e-01,0.000000000000000000e+00,0.000000000000000000e+00,7.068587299161999127e-01
1.306803328634814632e-01,-1.699517616435971545e-01,1.000000000000000000e+00,7.067679082863667084e-01,0.000000000000000000e+00,0.000000000000000000e+00,7.074454917635096818e-01
1.318585834575816129e-01,-1.698666686933349990e-01,1.000000000000000000e+00,7.061805843731068233e-01,0.000000000000000000e+00,0.000000000000000000e+00,7.080317664162091296e-01
1.330366911984540157e-01,-1.697796202954264533e-01,1.000000000000000000e+00,7.055927741363371419e-01,0.000000000000000000e+00,0.000000000000000000e+00,7.086175534705501100e-01
1.342146528408017514e-01,-1.696906166896611778e-01,1.000000000000000000e+00,7.050044779808631867e-01,0.000000000000000000e+00,0.000000000000000000e+00,7.092028525231202085e-01
1.353924651397300782e-01,-1.695996581212138310e-01,9.999999999999998890e-01,7.044156963118255455e-01,0.000000000000000000e+00,0.000000000000000000e+00,7.097876631708428530e-01
1.365701248507569521e-01,-1.695067448406461508e-01,1.000000000000000000e+00,7.038264295346987609e-01,0.000000000000000000e+00,0.000000000000000000e+00,7.103719850109784240e-01
1.377476287298193824e-01,-1.694118771039028193e-01,1.000000000000000000e+00,7.032366780552916641e-01,0.000000000000000000e+00,0.000000000000000000e+00,7.109558176411232555e-01
1.389249735332836744e-01,-1.693150551723132669e-01,1.000000000000000000e+00,7.026464422797468190e-01,0.000000000000000000e+00,0.000000000000000000e+00,7.115391606592109675e-01
1.401021560179553371e-01,-1.692162793125897846e-01,1.000000000000000000e+00,7.020557226145403007e-01,0.000000000000000000e+00,0.000000000000000000e+00,7.121220136635123543e-01
1.412791729410858843e-01,-1.691155497968271915e-01,1.000000000000000000e+00,7.014645194664815842e-01,0.000000000000000000e+00,0.000000000000000000e+00,7.127043762526353854e-01
1.424560210603837140e-01,-1.690128669025020569e-01,1.000000000000000000e+00,7.008728332427128782e-01,0.000000000000000000e+00,0.000000000000000000e+00,7.132862480255262039e-01
1.436326971340213532e-01,-1.689082309124714243e-01,1.000000000000000000e+00,7.002806643507091255e-01,0.000000000000000000e+00,0.000000000000000000e+00,7.138676285814684608e-01
1.448091979206464208e-01,-1.688016421149732271e-01,9.999999999999998890e-01,6.996880131982777806e-01,0.000000000000000000e+00,0.000000000000000000e+00,7.144485175200845362e-01
1.459855201793888446e-01,-1.686931008036241519e-01,1.000000000000000222e+00,6.990948801935583656e-01,0.000000000000000000e+00,0.000000000000000000e+00,7.150289144413353171e-01
1.471616606698695207e-01,-1.685826072774191942e-01,9.999999999999997780e-01,6.985012657450220264e-01,0.000000000000000000e+00,0.000000000000000000e+00,7.156088189455199755e-01
1.483376161522112213e-01,-1.684701618407320745e-01,1.000000000000000000e+00,6.979071702614719763e-01,0.000000000000000000e+00,0.000000000000000000e+00,7.161882306332775228e-01
1.495133833870461171e-01,-1.683557648033123799e-01,1.000000000000000000e+00,6.973125941520421645e-01,0.000000000000000000e+00,0.000000000000000000e+00,7.167671491055860322e-01
1.506889591355246860e-01,-1.682394164802862302e-01,1.000000000000000000e+00,6.967175378261977192e-01,0.000000000000000000e+00,0.000000000000000000e+00,7.173455739637631945e-01
1.518643401593246234e-01,-1.681211171921543346e-01,1.000000000000000000e+00,6.961220016937345045e-01,0.000000000000000000e+00,0.000000000000000000e+00,7.179235048094666505e-01
1.530395232206607226e-01,-1.680008672647926027e-01,1.000000000000000000e+00,6.955259861647788977e-01,0.000000000000000000e+00,0.000000000000000000e+00,7.185009412446944355e-01
1.542145050822924246e-01,-1.678786670294497019e-01,1.000000000000000000e+00,6.949294916497873453e-01,0.000000000000000000e+00,0.000000000000000000e+00,7.190778828717847571e-01
1.553892825075339768e-01,-1.677545168227463912e-01,1.000000000000000000e+00,6.943325185595460303e-01,0.000000000000000000e+00,0.000000000000000000e+00,7.196543292934168834e-01
1.565638522602622873e-01,-1.676284169866759655e-01,1.000000000000000000e+00,6.937350673051709826e-01,0.000000000000000000e+00,0.000000000000000000e+00,7.202302801126109211e-01
1.577382111049270008e-01,-1.675003678686011743e-01,1.000000000000000000e+00,6.931371382981070806e-01,0.000000000000000000e+00,0.000000000000000000e+00,7.208057349327284813e-01
1.589123558065579367e-01,-1.673703698212550828e-01,1.000000000000000000e+00,6.925387319501288275e-01,0.000000000000000000e+00,0.000000000000000000e+00,7.213806933574724578e-01
1.600862831307749978e-01,-1.672384232027394058e-01,1.000000000000000000e+00,6.919398486733390197e-01,0.000000000000000000e+00,0.000000000000000000e+00,7.219551549908876931e-01
1.612599898437973023e-01,-1.671045283765234535e-01,9.999999999999998890e-01,6.913404888801689685e-01,0.000000000000000000e+00,0.000000000000000000e+00,7.225291194373614223e-01
1.624334727124518429e-01,-1.669686857114432987e-01,9.999999999999998890e-01,6.907406529833782782e-01,0.000000000000000000e+00,0.000000000000000000e+00,7.231025863016229405e-01
1.636067285041813146e-01,-1.668308955817000561e-01,9.999999999999998890e-01,6.901403413960542910e-01,0.000000000000000000e+00,0.000000000000000000e+00,7.236755551887444904e-01
1.647797539870548833e-01,-1.666911583668601038e-01,1.000000000000000000e+00,6.895395545316119756e-01,0.000000000000000000e+00,0.000000000000000000e+00,7.242480257041410407e-01
1.659525459297752636e-01,-1.665494744518532244e-01,1.000000000000000000e+00,6.889382928037937059e-01,0.000000000000000000e+00,0.000000000000000000e+00,7.248199974535707302e-01
1.671251011016889609e-01,-1.664058442269716886e-01,1.000000000000000000e+00,6.883365566266687052e-01,0.000000000000000000e+00,0.000000000000000000e+00,7.253914700431353113e-01
1.682974162727953749e-01,-1.662602680878692007e-01,1.000000000000000000e+00,6.877343464146330465e-01,0.000000000000000000e+00,0.000000000000000000e+00,7.259624430792804839e-01
1.694694882137534608e-01,-1.661127464355597327e-01,1.000000000000000000e+00,6.871316625824093194e-01,0.000000000000000000e+00,0.000000000000000000e+00,7.265329161687954507e-01
1.706413136958936094e-01,-1.659632796764166640e-01,1.000000000000000000e+00,6.865285055450460749e-01,0.000000000000000000e+00,0.000000000000000000e+00,7.271028889188143607e-01
1.718128894912242521e-01,-1.658118682221716989e-01,1.000000000000000000e+00,6.859248757179180478e-01,0.000000000000000000e+00,0.000000000000000000e+00,7.276723609368151990e-01
1.729842123724423253e-01,-1.656585124899129235e-01,1.000000000000000000e+00,6.853207735167252679e-01,0.000000000000000000e+00,0.000000000000000000e+00,7.282413318306214522e-01
1.741552791129408195e-01,-1.655032129020846399e-01,1.000000000000000000e+00,6.847161993574932826e-01,0.000000000000000000e+00,0.000000000000000000e+00,7.288098012084013311e-01
1.753260864868187441e-01,-1.653459698864859218e-01,9.999999999999997780e-01,6.841111536565722684e-01,0.000000000000000000e+00,0.000000000000000000e+00,7.293777686786687697e-01
1.764966312688896755e-01,-1.651867838762692831e-01,1.000000000000000000e+00,6.835056368306378083e-01,0.000000000000000000e+00,0.000000000000000000e+00,7.299452338502829818e-01
1.776669102346895568e-01,-1.650256553099390122e-01,1.000000000000000000e+00,6.828996492966894483e-01,0.000000000000000000e+00,0.000000000000000000e+00,7.305121963324490153e-01
1.788369201604879111e-01,-1.648625846313516996e-01,1.000000000000000000e+00,6.822931914720510305e-01,0.000000000000000000e+00,0.000000000000000000e+00,7.310786557347185299e-01
1.800066578232943915e-01,-1.646975722897124628e-01,9.999999999999998890e-01,6.816862637743702491e-01,0.000000000000000000e+00,0.000000000000000000e+00,7.316446116669893529e-01
1.811761200008693562e-01,-1.645306187395760844e-01,1.000000000000000000e+00,6.810788666216183174e-01,0.000000000000000000e+00,0.000000000000000000e+00,7.322100637395062561e-01
1.823453034717318622e-01,-1.643617244408437650e-01,1.000000000000000000e+00,6.804710004320898564e-01,0.000000000000000000e+00,0.000000000000000000e+00,7.327750115628608452e-01
1.835142050151676585e-01,-1.641908898587639554e-01,1.000000000000000000e+00,6.798626656244025623e-01,0.000000000000000000e+00,0.000000000000000000e+00,7.333394547479916703e-01
1.846828214112409827e-01,-1.640181154639291927e-01,1.000000000000000000e+00,6.792538626174966510e-01,0.000000000000000000e+00,0.000000000000000000e+00,7.339033929061855588e-01
1.858511494407999176e-01,-1.638434017322756286e-01,1.000000000000000000e+00,6.786445918306349689e-01,0.000000000000000000e+00,0.000000000000000000e+00,7.344668256490765046e-01
1.870191858854875488e-01,-1.636667491450816692e-01,1.000000000000000000e+00,6.780348536834023276e-01,0.000000000000000000e+00,0.000000000000000000e+00,7.350297525886466676e-01
1.881869275277511244e-01,-1.634881581889672253e-01,1.000000000000000000e+00,6.774246485957053920e-01,0.000000000000000000e+00,0.000000000000000000e+00,7.355921733372270399e-01
1.893543711508479666e-01,-1.633076293558906045e-01,1.000000000000000000e+00,6.768139769877726808e-01,0.000000000000000000e+00,0.000000000000000000e+00,7.361540875074964463e-01
1.905215135388579339e-01,-1.631251631431492044e-01,1.000000000000000000e+00,6.762028392801536780e-01,0.000000000000000000e+00,0.000000000000000000e+00,7.367154947124830988e-01
1.916883514766899999e-01,-1.629407600533770706e-01,1.000000000000000000e+00,6.755912358937189444e-01,0.000000000000000000e+00,0.000000000000000000e+00,7.372763945655641526e-01
