1.500000000000000222e-01,4.899999999999999911e-01,1.000000000000000000e+00,1.000000000000000000e+00,0.000000000000000000e+00,0.000000000000000000e+00,0.000000000000000000e+00
1.500840051753848936e-01,4.887718768380077128e-01,9.999999999999998890e-01,9.999996556663262037e-01,0.000000000000000000e+00,0.000000000000000000e+00,8.298597646102930060e-04
1.501700485743612257e-01,4.875438947925339050e-01,1.000000000000000000e+00,9.999986226655421806e-01,0.000000000000000000e+00,0.000000000000000000e+00,1.659718957723263022e-03
1.502581299599072828e-01,4.863160572462624787e-01,1.000000000000000000e+00,9.999969009983591395e-01,0.000000000000000000e+00,0.000000000000000000e+00,2.489577007841980733e-03
1.503482490893884860e-01,4.850883675814794960e-01,1.000000000000000000e+00,9.999944906659626875e-01,0.000000000000000000e+00,0.000000000000000000e+00,3.319433343470304821e-03
1.504404057145566354e-01,4.838608291800634009e-01,1.000000000000000222e+00,9.999913916700130523e-01,0.000000000000000000e+00,0.000000000000000000e+00,4.149287393113271737e-03
1.505345995815500215e-01,4.826334454234760818e-01,1.000000000000000000e+00,9.999876040126440824e-01,0.000000000000000000e+00,0.000000000000000000e+00,4.979138585277496747e-03
1.506308304308962009e-01,4.814062196927535453e-01,1.000000000000000000e+00,9.999831276964642468e-01,0.000000000000000000e+00,0.000000000000000000e+00,5.808986348471560125e-03
1.507290979975112188e-01,4.801791553684962577e-01,1.000000000000000000e+00,9.999779627245565239e-01,0.000000000000000000e+00,0.000000000000000000e+00,6.638830111206401804e-03
1.508294020107001643e-01,4.789522558308600964e-01,1.000000000000000222e+00,9.999721091004776241e-01,0.000000000000000000e+00,0.000000000000000000e+00,7.468669301995721661e-03
1.509317421941587245e-01,4.777255244595473016e-01,1.000000000000000000e+00,9.999655668282586563e-01,0.000000000000000000e+00,0.000000000000000000e+00,8.298503349356362024e-03
1.510361182659737400e-01,4.764989646337963736e-01,1.000000000000000000e+00,9.999583359124053494e-01,0.000000000000000000e+00,0.000000000000000000e+00,9.128331681808715334e-03
1.511425299386233156e-01,4.752725797323738011e-01,1.000000000000000000e+00,9.999504163578971649e-01,0.000000000000000000e+00,0.000000000000000000e+00,9.958153727877101444e-03
1.512509769189789299e-01,4.740463731335637920e-01,9.999999999999998890e-01,9.999418081701881844e-01,0.000000000000000000e+00,0.000000000000000000e+00,1.078796891609017441e-02
1.513614589083049911e-01,4.728203482151595582e-01,1.000000000000000000e+00,9.999325113552065547e-01,0.000000000000000000e+00,0.000000000000000000e+00,1.161777667498130676e-02
1.514739756022600581e-01,4.715945083544538785e-01,1.000000000000000000e+00,9.999225259193545989e-01,0.000000000000000000e+00,0.000000000000000000e+00,1.244757643308899535e-02
1.515885266908980622e-01,4.703688569282297172e-01,9.999999999999998890e-01,9.999118518695090385e-01,0.000000000000000000e+00,0.000000000000000000e+00,1.327736761895723788e-02
1.517051118586684177e-01,4.691433973127508983e-01,9.999999999999998890e-01,9.999004892130207711e-01,0.000000000000000000e+00,0.000000000000000000e+00,1.410714966113594052e-02
1.518237307844179096e-01,4.679181328837530018e-01,1.000000000000000000e+00,9.998884379577148707e-01,0.000000000000000000e+00,0.000000000000000000e+00,1.493692198818130645e-02
1.519443831413902490e-01,4.666930670164338713e-01,1.000000000000000000e+00,9.998756981118905873e-01,0.000000000000000000e+00,0.000000000000000000e+00,1.576668402865622626e-02
1.520670685972286273e-01,4.654682030854442876e-01,1.000000000000000000e+00,9.998622696843214586e-01,0.000000000000000000e+00,0.000000000000000000e+00,1.659643521113067510e-02
1.521917868139748276e-01,4.642435444648789211e-01,1.000000000000000000e+00,9.998481526842551981e-01,0.000000000000000000e+00,0.000000000000000000e+00,1.742617496418211523e-02
1.523185374480717780e-01,4.630190945282667281e-01,1.000000000000000000e+00,9.998333471214138068e-01,0.000000000000000000e+00,0.000000000000000000e+00,1.825590271639586371e-02
1.524473201503631081e-01,4.617948566485620132e-01,9.999999999999998890e-01,9.998178530059932401e-01,0.000000000000000000e+00,0.000000000000000000e+00,1.908561789636551223e-02
1.525781345660955912e-01,4.605708341981346599e-01,1.000000000000000000e+00,9.998016703486639623e-01,0.000000000000000000e+00,0.000000000000000000e+00,1.991531993269330530e-02
1.527109803349180339e-01,4.593470305487613592e-01,1.000000000000000000e+00,9.997847991605702811e-01,0.000000000000000000e+00,0.000000000000000000e+00,2.074500825399054962e-02
1.528458570908851621e-01,4.581234490716160068e-01,9.999999999999998890e-01,9.997672394533309026e-01,0.000000000000000000e+00,0.000000000000000000e+00,2.157468228887798878e-02
1.529827644624558447e-01,4.569000931372603214e-01,1.000000000000000000e+00,9.997489912390387090e-01,0.000000000000000000e+00,0.000000000000000000e+00,2.240434146598619877e-02
1.531217020724953137e-01,4.556769661156350737e-01,1.000000000000000000e+00,9.997300545302605368e-01,0.000000000000000000e+00,0.000000000000000000e+00,2.323398521395600089e-02
1.532626695382769411e-01,4.544540713760500950e-01,1.000000000000000000e+00,9.997104293400375097e-01,0.000000000000000000e+00,0.000000000000000000e+00,2.406361296143883291e-02
1.534056664714820162e-01,4.532314122871756168e-01,1.000000000000000000e+00,9.996901156818848166e-01,0.000000000000000000e+00,0.000000000000000000e+00,2.489322413709715853e-02
1.535506924782007454e-01,4.520089922170325014e-01,9.999999999999998890e-01,9.996691135697918229e-01,0.000000000000000000e+00,0.000000000000000000e+00,2.572281816960484552e-02
1.536977471589350275e-01,4.507868145329834153e-01,1.000000000000000222e+00,9.996474230182221810e-01,0.000000000000000000e+00,0.000000000000000000e+00,2.655239448764757162e-02
1.538468301085976764e-01,4.495648826017231703e-01,1.000000000000000000e+00,9.996250440421131644e-01,0.000000000000000000e+00,0.000000000000000000e+00,2.738195251992322013e-02
1.539979409165147528e-01,4.483431997892697307e-01,1.000000000000000222e+00,9.996019766568766673e-01,0.000000000000000000e+00,0.000000000000000000e+00,2.821149169514225452e-02
1.541510791664256752e-01,4.471217694609547211e-01,1.000000000000000000e+00,9.995782208783983158e-01,0.000000000000000000e+00,0.000000000000000000e+00,2.904101144202813831e-02
1.543062444364856622e-01,4.459005949814143221e-01,1.000000000000000000e+00,9.995537767230379123e-01,0.000000000000000000e+00,0.000000000000000000e+00,2.987051118931770624e-02
1.544634362992651777e-01,4.446796797145799451e-01,1.000000000000000000e+00,9.995286442076295463e-01,0.000000000000000000e+00,0.000000000000000000e+00,3.069999036576155638e-02
1.546226543217533722e-01,4.434590270236688503e-01,1.000000000000000000e+00,9.995028233494810399e-01,0.000000000000000000e+00,0.000000000000000000e+00,3.152944840012447680e-02
1.547838980653569729e-01,4.422386402711750986e-01,9.999999999999998890e-01,9.994763141663742800e-01,0.000000000000000000e+00,0.000000000000000000e+00,3.235888472118580300e-02
1.549471670859027261e-01,4.410185228188602258e-01,1.000000000000000000e+00,9.994491166765654411e-01,0.000000000000000000e+00,0.000000000000000000e+00,3.318829875773982030e-02
1.551124609336390625e-01,4.397986780277437502e-01,1.000000000000000000e+00,9.994212308987845406e-01,0.000000000000000000e+00,0.000000000000000000e+00,3.401768993859616286e-02
1.552797791532355420e-01,4.385791092580941797e-01,1.000000000000000000e+00,9.993926568522354392e-01,0.000000000000000000e+00,0.000000000000000000e+00,3.484705769258020919e-02
1.554491212837861847e-01,4.373598198694196859e-01,1.000000000000000000e+00,9.993633945565962851e-01,0.000000000000000000e+00,0.000000000000000000e+00,3.567640144853347073e-02
1.556204868588092483e-01,4.361408132204590005e-01,9.999999999999998890e-01,9.993334440320189582e-01,0.000000000000000000e+00,0.000000000000000000e+00,3.650572063531397349e-02
1.557938754062495601e-01,4.349220926691717004e-01,9.999999999999998890e-01,9.993028052991295151e-01,0.000000000000000000e+00,0.000000000000000000e+00,3.733501468179667437e-02
1.559692864484789609e-01,4.337036615727294930e-01,9.999999999999998890e-01,9.992714783790278554e-01,0.000000000000000000e+00,0.000000000000000000e+00,3.816428301687384977e-02
1.561467195022979704e-01,4.324855232875065014e-01,1.000000000000000000e+00,9.992394632932877219e-01,0.000000000000000000e+00,0.000000000000000000e+00,3.899352506945547719e-02
1.563261740789377852e-01,4.312676811690705492e-01,9.999999999999998890e-01,9.992067600639569225e-01,0.000000000000000000e+00,0.000000000000000000e+00,3.982274026846961690e-02
1.565076496840599463e-01,4.300501385721734460e-01,1.000000000000000000e+00,9.991733687135571085e-01,0.000000000000000000e+00,0.000000000000000000e+00,4.065192804286284906e-02
1.566911458177594474e-01,4.288328988507418282e-01,1.000000000000000000e+00,9.991392892650837743e-01,0.000000000000000000e+00,0.000000000000000000e+00,4.148108782160062763e-02
1.568766619745651791e-01,4.276159653578682218e-01,1.000000000000000000e+00,9.991045217420062574e-01,0.000000000000000000e+00,0.000000000000000000e+00,4.231021903366768977e-02
1.570641976434414833e-01,4.263993414458014941e-01,1.000000000000000000e+00,9.990690661682679607e-01,0.000000000000000000e+00,0.000000000000000000e+00,4.313932110806843745e-02
1.572537523077895960e-01,4.251830304659376392e-01,1.000000000000000000e+00,9.990329225682859082e-01,0.000000000000000000e+00,0.000000000000000000e+00,4.396839347382733992e-02
1.574453254454495355e-01,4.239670357688107849e-01,1.000000000000000000e+00,9.989960909669509670e-01,0.000000000000000000e+00,0.000000000000000000e+00,4.479743555998933618e-02
1.576389165287002125e-01,4.227513607040837007e-01,1.000000000000000000e+00,9.989585713896279584e-01,0.000000000000000000e+00,0.000000000000000000e+00,4.562644679562020966e-02
1.578345250242626507e-01,4.215360086205386936e-01,1.000000000000000000e+00,9.989203638621553250e-01,0.000000000000000000e+00,0.000000000000000000e+00,4.645542660980699762e-02
1.580321503933003191e-01,4.203209828660683378e-01,9.999999999999998890e-01,9.988814684108453523e-01,0.000000000000000000e+00,0.000000000000000000e+00,4.728437443165835891e-02
1.582317920914204645e-01,4.191062867876663711e-01,1.000000000000000000e+00,9.988418850624841694e-01,0.000000000000000000e+00,0.000000000000000000e+00,4.811328969030501113e-02
1.584334495686763322e-01,4.178919237314182022e-01,9.999999999999998890e-01,9.988016138443313041e-01,0.000000000000000000e+00,0.000000000000000000e+00,4.894217181490007063e-02
1.586371222695687200e-01,4.166778970424921402e-01,1.000000000000000000e+00,9.987606547841204607e-01,0.000000000000000000e+00,0.000000000000000000e+00,4.977102023461948965e-02
1.588428096330463113e-01,4.154642100651297354e-01,1.000000000000000000e+00,9.987190079100587425e-01,0.000000000000000000e+00,0.000000000000000000e+00,5.059983437866241718e-02
1.590505110925084509e-01,4.142508661426367311e-01,1.000000000000000000e+00,9.986766732508268740e-01,0.000000000000000000e+00,0.000000000000000000e+00,5.142861367625162217e-02
1.592602260758070321e-01,4.130378686173739600e-01,1.000000000000000000e+00,9.986336508355795338e-01,0.000000000000000000e+00,0.000000000000000000e+00,5.225735755663386134e-02
1.594719540052459417e-01,4.118252208307479068e-01,1.000000000000000000e+00,9.985899406939446887e-01,0.000000000000000000e+00,0.000000000000000000e+00,5.308606544908028163e-02
1.596856942975852789e-01,4.106129261232018823e-01,1.000000000000000000e+00,9.985455428560241486e-01,0.000000000000000000e+00,0.000000000000000000e+00,5.391473678288682264e-02
1.599014463640413553e-01,4.094009878342063091e-01,1.000000000000000000e+00,9.985004573523933447e-01,0.000000000000000000e+00,0.000000000000000000e+00,5.474337098737459828e-02
1.601192096102884710e-01,4.081894093022500059e-01,1.000000000000000000e+00,9.984546842141011069e-01,0.000000000000000000e+00,0.000000000000000000e+00,5.557196749189027840e-02
1.603389834364609134e-01,4.069781938648306396e-01,1.000000000000000000e+00,9.984082234726698868e-01,0.000000000000000000e+00,0.000000000000000000e+00,5.640052572580651208e-02
1.605607672371545114e-01,4.057673448584457887e-01,1.000000000000000000e+00,9.983610751600956457e-01,0.000000000000000000e+00,0.000000000000000000e+00,5.722904511852230230e-02
1.607845604014287444e-01,4.045568656185834500e-01,9.999999999999998890e-01,9.983132393088479661e-01,0.000000000000000000e+00,0.000000000000000000e+00,5.805752509946338763e-02
1.610103623128071870e-01,4.033467594797132127e-01,9.999999999999998890e-01,9.982647159518698299e-01,0.000000000000000000e+00,0.000000000000000000e+00,5.888596509808266544e-02
1.612381723492805063e-01,4.021370297752769329e-01,1.000000000000000000e+00,9.982155051225777287e-01,0.000000000000000000e+00,0.000000000000000000e+00,5.971436454386054582e-02
1.614679898833072391e-01,4.009276798376793516e-01,1.000000000000000000e+00,9.981656068548614424e-01,0.000000000000000000e+00,0.000000000000000000e+00,6.054272286630539568e-02
1.616998142818163453e-01,3.997187129982791576e-01,9.999999999999998890e-01,9.981150211830843721e-01,0.000000000000000000e+00,0.000000000000000000e+00,6.137103949495387178e-02
1.619336449062085403e-01,3.985101325873796618e-01,1.000000000000000000e+00,9.980637481420830959e-01,0.000000000000000000e+00,0.000000000000000000e+00,6.219931385937137874e-02
1.621694811123572944e-01,3.973019419342198599e-01,1.000000000000000000e+00,9.980117877671678128e-01,0.000000000000000000e+00,0.000000000000000000e+00,6.302754538915238125e-02
1.624073222506127179e-01,3.960941443669648843e-01,1.000000000000000222e+00,9.979591400941218993e-01,0.000000000000000000e+00,0.000000000000000000e+00,6.385573351392090369e-02
1.626471676658004517e-01,3.948867432126972332e-01,1.000000000000000000e+00,9.979058051592020195e-01,0.000000000000000000e+00,0.000000000000000000e+00,6.468387766333077993e-02
1.628890166972263298e-01,3.936797417974073343e-01,1.000000000000000000e+00,9.978517829991382371e-01,0.000000000000000000e+00,0.000000000000000000e+00,6.551197726706622926e-02
1.631328686786758242e-01,3.924731434459844404e-01,1.000000000000000000e+00,9.977970736511340144e-01,0.000000000000000000e+00,0.000000000000000000e+00,6.634003175484202985e-02
1.633787229384182638e-01,3.912669514822075256e-01,9.999999999999998890e-01,9.977416771528656581e-01,0.000000000000000000e+00,0.000000000000000000e+00,6.716804055640415716e-02
1.636265787992059462e-01,3.900611692287360710e-01,1.000000000000000000e+00,9.976855935424830957e-01,0.000000000000000000e+00,0.000000000000000000e+00,6.799600310152995042e-02
1.638764355782781346e-01,3.888558000071009602e-01,1.000000000000000000e+00,9.976288228586090989e-01,0.000000000000000000e+00,0.000000000000000000e+00,6.882391882002865391e-02
1.641282925873621679e-01,3.876508471376953757e-01,1.000000000000000000e+00,9.975713651403399496e-01,0.000000000000000000e+00,0.000000000000000000e+00,6.965178714174173613e-02
1.643821491326754591e-01,3.864463139397655289e-01,1.000000000000000000e+00,9.975132204272448844e-01,0.000000000000000000e+00,0.000000000000000000e+00,7.047960749654330614e-02
1.646380045149270499e-01,3.852422037314015557e-01,1.000000000000000000e+00,9.974543887593662062e-01,0.000000000000000000e+00,0.000000000000000000e+00,7.130737931434054377e-02
1.648958580293203857e-01,3.840385198295284130e-01,9.999999999999998890e-01,9.973948701772192837e-01,0.000000000000000000e+00,0.000000000000000000e+00,7.213510202507400493e-02
1.651557089655540933e-01,3.828352655498967749e-01,9.999999999999998890e-01,9.973346647217927741e-01,0.000000000000000000e+00,0.000000000000000000e+00,7.296277505871810731e-02
1.654175566078249782e-01,3.816324442070737621e-01,9.999999999999998890e-01,9.972737724345481780e-01,0.000000000000000000e+00,0.000000000000000000e+00,7.379039784528143575e-02
1.656814002348298009e-01,3.804300591144338939e-01,1.000000000000000000e+00,9.972121933574200625e-01,0.000000000000000000e+00,0.000000000000000000e+00,7.461796981480721402e-02
1.659472391197663876e-01,3.792281135841500950e-01,1.000000000000000000e+00,9.971499275328158385e-01,0.000000000000000000e+00,0.000000000000000000e+00,7.544549039737363794e-02
1.662150725303362941e-01,3.780266109271843145e-01,9.999999999999998890e-01,9.970869750036158718e-01,0.000000000000000000e+00,0.000000000000000000e+00,7.627295902309431941e-02
1.664848997287479149e-01,3.768255544532785883e-01,1.000000000000000000e+00,9.970233358131737056e-01,0.000000000000000000e+00,0.000000000000000000e+00,7.710037512211863342e-02
1.667567199717160387e-01,3.756249474709458802e-01,1.000000000000000000e+00,9.969590100053155046e-01,0.000000000000000000e+00,0.000000000000000000e+00,7.792773812463209271e-02
1.670305325104662897e-01,3.744247932874607554e-01,1.000000000000000000e+00,9.968939976243402779e-01,0.000000000000000000e+00,0.000000000000000000e+00,7.875504746085687513e-02
1.673063365907354605e-01,3.732250952088509433e-01,9.999999999999998890e-01,9.968282987150199892e-01,0.000000000000000000e+00,0.000000000000000000e+00,7.958230256105199019e-02
1.675841314527750647e-01,3.720258565398871786e-01,9.999999999999998890e-01,9.967619133225993355e-01,0.000000000000000000e+00,0.000000000000000000e+00,8.040950285551391741e-02
1.678639163313516702e-01,3.708270805840749862e-01,9.999999999999998890e-01,9.966948414927957467e-01,0.000000000000000000e+00,0.000000000000000000e+00,8.123664777457678676e-02
1.681456904557511178e-01,3.696287706436453546e-01,1.000000000000000000e+00,9.966270832717994965e-01,0.000000000000000000e+00,0.000000000000000000e+00,8.206373674861293377e-02
1.684294530497784104e-01,3.684309300195452996e-01,9.999999999999998890e-01,9.965586387062732587e-01,0.000000000000000000e+00,0.000000000000000000e+00,8.289076920803314930e-02
1.687152033317619315e-01,3.672335620114293153e-01,9.999999999999998890e-01,9.964895078433527731e-01,0.000000000000000000e+00,0.000000000000000000e+00,8.371774458328720692e-02
1.690029405145544450e-01,3.660366699176496041e-01,1.000000000000000000e+00,9.964196907306461792e-01,0.000000000000000000e+00,0.000000000000000000e+00,8.454466230486418210e-02
1.692926638055347599e-01,3.648402570352478613e-01,9.999999999999998890e-01,9.963491874162340167e-01,0.000000000000000000e+00,0.000000000000000000e+00,8.537152180329279916e-02
1.695843724066112834e-01,3.636443266599452828e-01,9.999999999999998890e-01,9.962779979486698911e-01,0.000000000000000000e+00,0.000000000000000000e+00,8.619832250914195859e-02
1.698780655142239082e-01,3.624488820861341831e-01,1.000000000000000000e+00,9.962061223769795859e-01,0.000000000000000000e+00,0.000000000000000000e+00,8.702506385302098690e-02
1.701737423193445675e-01,3.612539266068685029e-01,1.000000000000000000e+00,9.961335607506613954e-01,0.000000000000000000e+00,0.000000000000000000e+00,8.785174526558015007e-02
1.704714020074823422e-01,3.600594635138550381e-01,1.000000000000000222e+00,9.960603131196862359e-01,0.000000000000000000e+00,0.000000000000000000e+00,8.867836617751090333e-02
1.707710437586824614e-01,3.588654960974441144e-01,1.000000000000000000e+00,9.959863795344972015e-01,0.000000000000000000e+00,0.000000000000000000e+00,8.950492601954646021e-02
1.710726667475319651e-01,3.576720276466205384e-01,1.000000000000000000e+00,9.959117600460101194e-01,0.000000000000000000e+00,0.000000000000000000e+00,9.033142422246201453e-02
1.713762701431588154e-01,3.564790614489949383e-01,1.000000000000000000e+00,9.958364547056128835e-01,0.000000000000000000e+00,0.000000000000000000e+00,9.115786021707526776e-02
1.716818531092366706e-01,3.552866007907941603e-01,1.000000000000000222e+00,9.957604635651658986e-01,0.000000000000000000e+00,0.000000000000000000e+00,9.198423343424672050e-02
1.719894148039847748e-01,3.540946489568524980e-01,9.999999999999998890e-01,9.956837866770016365e-01,0.000000000000000000e+00,0.000000000000000000e+00,9.281054330488011650e-02
1.722989543801733969e-01,3.529032092306025881e-01,1.000000000000000000e+00,9.956064240939251908e-01,0.000000000000000000e+00,0.000000000000000000e+00,9.363678925992284519e-02
1.726104709851231656e-01,3.517122848940664737e-01,1.000000000000000222e+00,9.955283758692134999e-01,0.000000000000000000e+00,0.000000000000000000e+00,9.446297073036627467e-02
1.729239637607089541e-01,3.505218792278462780e-01,9.999999999999998890e-01,9.954496420566157910e-01,0.000000000000000000e+00,0.000000000000000000e+00,9.528908714724622364e-02
1.732394318433618796e-01,3.493319955111156006e-01,1.000000000000000000e+00,9.953702227103535805e-01,0.000000000000000000e+00,0.000000000000000000e+00,9.611513794164328051e-02
1.735568743640719669e-01,3.481426370216101351e-01,1.000000000000000000e+00,9.952901178851203401e-01,0.000000000000000000e+00,0.000000000000000000e+00,9.694112254468324752e-02
1.738762904483899252e-01,3.469538070356186776e-01,1.000000000000000000e+00,9.952093276360816088e-01,0.000000000000000000e+00,0.000000000000000000e+00,9.776704038753747383e-02
1.741976792164303678e-01,3.457655088279742994e-01,1.000000000000000000e+00,9.951278520188749921e-01,0.000000000000000000e+00,0.000000000000000000e+00,9.859289090142334122e-02
1.745210397828736992e-01,3.445777456720450771e-01,9.999999999999998890e-01,9.950456910896101625e-01,0.000000000000000000e+00,0.000000000000000000e+00,9.941867351760454163e-02
1.748463712569687800e-01,3.433905208397252662e-01,1.000000000000000000e+00,9.949628449048686374e-01,0.000000000000000000e+00,0.000000000000000000e+00,1.002443876673915629e-01
1.751736727425345919e-01,3.422038376014262528e-01,1.000000000000000000e+00,9.948793135217038897e-01,0.000000000000000000e+00,0.000000000000000000e+00,1.010700327821420219e-01
1.755029433379644566e-01,3.410176992260675055e-01,9.999999999999998890e-01,9.947950969976411262e-01,0.000000000000000000e+00,0.000000000000000000e+00,1.018956082932610946e-01
1.758341821362265911e-01,3.398321089810673601e-01,1.000000000000000000e+00,9.947101953906777316e-01,0.000000000000000000e+00,0.000000000000000000e+00,1.027211136322018908e-01
1.761673882248675493e-01,3.386470701323346377e-01,1.000000000000000000e+00,9.946246087592824914e-01,0.000000000000000000e+00,0.000000000000000000e+00,1.035465482304658291e-01
1.765025606860155527e-01,3.374625859442587084e-01,1.000000000000000000e+00,9.945383371623962576e-01,0.000000000000000000e+00,0.000000000000000000e+00,1.043719115196030667e-01
1.768396985963807122e-01,3.362786596797017746e-01,1.000000000000000222e+00,9.944513806594313943e-01,0.000000000000000000e+00,0.000000000000000000e+00,1.051972029312128187e-01
1.771788010272600244e-01,3.350952945999883803e-01,9.999999999999998890e-01,9.943637393102718880e-01,0.000000000000000000e+00,0.000000000000000000e+00,1.060224218969438997e-01
1.775198670445387039e-01,3.339124939648975277e-01,1.000000000000000000e+00,9.942754131752736813e-01,0.000000000000000000e+00,0.000000000000000000e+00,1.068475678484949037e-01
1.778628957086926254e-01,3.327302610326535737e-01,9.999999999999998890e-01,9.941864023152640062e-01,0.000000000000000000e+00,0.000000000000000000e+00,1.076726402176147596e-01
1.782078860747917659e-01,3.315485990599167376e-01,1.000000000000000000e+00,9.940967067915418287e-01,0.000000000000000000e+00,0.000000000000000000e+00,1.084976384361031054e-01
1.785548371925013145e-01,3.303675113017744414e-01,9.999999999999998890e-01,9.940063266658772934e-01,0.000000000000000000e+00,0.000000000000000000e+00,1.093225619358105527e-01
1.789037481060861134e-01,3.291870010117324830e-01,1.000000000000000000e+00,9.939152620005125005e-01,0.000000000000000000e+00,0.000000000000000000e+00,1.101474101486392687e-01
1.792546178544121016e-01,3.280070714417058220e-01,1.000000000000000000e+00,9.938235128581606181e-01,0.000000000000000000e+00,0.000000000000000000e+00,1.109721825065431988e-01
1.796074454709492008e-01,3.268277258420098641e-01,1.000000000000000000e+00,9.937310793020062150e-01,0.000000000000000000e+00,0.000000000000000000e+00,1.117968784415285660e-01
1.799622299837739803e-01,3.256489674613512464e-01,1.000000000000000000e+00,9.936379613957052603e-01,0.000000000000000000e+00,0.000000000000000000e+00,1.126214973856541901e-01
1.803189704155728768e-01,3.244707995468188999e-01,1.000000000000000000e+00,9.935441592033851244e-01,0.000000000000000000e+00,0.000000000000000000e+00,1.134460387710319457e-01
1.806776657836441924e-01,3.232932253438755010e-01,9.999999999999998890e-01,9.934496727896442447e-01,0.000000000000000000e+00,0.000000000000000000e+00,1.142705020298271090e-01
1.810383150999004265e-01,3.221162480963481456e-01,9.999999999999998890e-01,9.933545022195523488e-01,0.000000000000000000e+00,0.000000000000000000e+00,1.150948865942587190e-01
1.814009173708727163e-01,3.209398710464193005e-01,1.000000000000000000e+00,9.932586475586503427e-01,0.000000000000000000e+00,0.000000000000000000e+00,1.159191918966000906e-01
1.817654715977117252e-01,3.197640974346183662e-01,9.999999999999998890e-01,9.931621088729500890e-01,0.000000000000000000e+00,0.000000000000000000e+00,1.167434173691790367e-01
1.821319767761909736e-01,3.185889304998122951e-01,9.999999999999998890e-01,9.930648862289347401e-01,0.000000000000000000e+00,0.000000000000000000e+00,1.175675624443784234e-01
1.825004318967101691e-01,3.174143734791970983e-01,9.999999999999998890e-01,9.929669796935582937e-01,0.000000000000000000e+00,0.000000000000000000e+00,1.183916265546364199e-01
1.828708359442974274e-01,3.162404296082882427e-01,9.999999999999998890e-01,9.928683893342458155e-01,0.000000000000000000e+00,0.000000000000000000e+00,1.192156091324469980e-01
1.832431878986124918e-01,3.150671021209126010e-01,1.000000000000000000e+00,9.927691152188933277e-01,0.000000000000000000e+00,0.000000000000000000e+00,1.200395096103602510e-01
1.836174867339487315e-01,3.138943942491987382e-01,9.999999999999998890e-01,9.926691574158674758e-01,0.000000000000000000e+00,0.000000000000000000e+00,1.208633274209828384e-01
1.839937314192366946e-01,3.127223092235688062e-01,9.999999999999998890e-01,9.925685159940060842e-01,0.000000000000000000e+00,0.000000000000000000e+00,1.216870619969783185e-01
1.843719209180469942e-01,3.115508502727288853e-01,1.000000000000000000e+00,9.924671910226176008e-01,0.000000000000000000e+00,0.000000000000000000e+00,1.225107127710675786e-01
1.847520541885929735e-01,3.103800206236604908e-01,9.999999999999998890e-01,9.923651825714812080e-01,0.000000000000000000e+00,0.000000000000000000e+00,1.233342791760292517e-01
1.851341301837330366e-01,3.092098235016117469e-01,1.000000000000000000e+00,9.922624907108468229e-01,0.000000000000000000e+00,0.000000000000000000e+00,1.241577606447000215e-01
1.855181478509743132e-01,3.080402621300882271e-01,9.999999999999998890e-01,9.921591155114348748e-01,0.000000000000000000e+00,0.000000000000000000e+00,1.249811566099750942e-01
1.859041061324752109e-01,3.068713397308442392e-01,1.000000000000000000e+00,9.920550570444366389e-01,0.000000000000000000e+00,0.000000000000000000e+00,1.258044665048085597e-01
1.862920039650487469e-01,3.057030595238741100e-01,1.000000000000000000e+00,9.919503153815136809e-01,0.000000000000000000e+00,0.000000000000000000e+00,1.266276897622138076e-01
1.866818402801647681e-01,3.045354247274029147e-01,9.999999999999998890e-01,9.918448905947983008e-01,0.000000000000000000e+00,0.000000000000000000e+00,1.274508258152637907e-01
1.870736140039533923e-01,3.033684385578779841e-01,1.000000000000000000e+00,9.917387827568928671e-01,0.000000000000000000e+00,0.000000000000000000e+00,1.282738740970916225e-01
1.874673240572072297e-01,3.022021042299598559e-01,9.999999999999998890e-01,9.916319919408704830e-01,0.000000000000000000e+00,0.000000000000000000e+00,1.290968340408908677e-01
1.878629693553858226e-01,3.010364249565133932e-01,1.000000000000000000e+00,9.915245182202746532e-01,0.000000000000000000e+00,0.000000000000000000e+00,1.299197050799158204e-01
1.882605488086173118e-01,2.998714039485991245e-01,1.000000000000000000e+00,9.914163616691188397e-01,0.000000000000000000e+00,0.000000000000000000e+00,1.307424866474820868e-01
1.886600613217017663e-01,2.987070444154640292e-01,1.000000000000000000e+00,9.913075223618869058e-01,0.000000000000000000e+00,0.000000000000000000e+00,1.315651781769668904e-01
1.890615057941146260e-01,2.975433495645334325e-01,1.000000000000000000e+00,9.911980003735331168e-01,0.000000000000000000e+00,0.000000000000000000e+00,1.323877791018093775e-01
1.894648811200093652e-01,2.963803226014010694e-01,9.999999999999998890e-01,9.910877957794814730e-01,0.000000000000000000e+00,0.000000000000000000e+00,1.332102888555112274e-01
1.898701861882203801e-01,2.952179667298212573e-01,1.000000000000000000e+00,9.909769086556264872e-01,0.000000000000000000e+00,0.000000000000000000e+00,1.340327068716367642e-01
1.902774198822665408e-01,2.940562851516996812e-01,1.000000000000000222e+00,9.908653390783324078e-01,0.000000000000000000e+00,0.000000000000000000e+00,1.348550325838136221e-01
1.906865810803537453e-01,2.928952810670844009e-01,1.000000000000000000e+00,9.907530871244334403e-01,0.000000000000000000e+00,0.000000000000000000e+00,1.356772654257328570e-01
1.910976686553784720e-01,2.917349576741572470e-01,1.000000000000000222e+00,9.906401528712340809e-01,0.000000000000000000e+00,0.000000000000000000e+00,1.364994048311496122e-01
1.915106814749300002e-01,2.905753181692251608e-01,1.000000000000000000e+00,9.905265363965082281e-01,0.000000000000000000e+00,0.000000000000000000e+00,1.373214502338833132e-01
1.919256184012955169e-01,2.894163657467108131e-01,1.000000000000000000e+00,9.904122377784999598e-01,0.000000000000000000e+00,0.000000000000000000e+00,1.381434010678181390e-01
1.923424782914606723e-01,2.882581035991444995e-01,9.999999999999998890e-01,9.902972570959229781e-01,0.000000000000000000e+00,0.000000000000000000e+00,1.389652567669033556e-01
1.927612599971149088e-01,2.871005349171550369e-01,1.000000000000000000e+00,9.901815944279607207e-01,0.000000000000000000e+00,0.000000000000000000e+00,1.397870167651537876e-01
1.931819623646529038e-01,2.859436628894608257e-01,9.999999999999998890e-01,9.900652498542663604e-01,0.000000000000000000e+00,0.000000000000000000e+00,1.406086804966502068e-01
1.936045842351790114e-01,2.847874907028612457e-01,1.000000000000000000e+00,9.899482234549625836e-01,0.000000000000000000e+00,0.000000000000000000e+00,1.414302473955395822e-01
1.940291244445100372e-01,2.836320215422278856e-01,9.999999999999998890e-01,9.898305153106414789e-01,0.000000000000000000e+00,0.000000000000000000e+00,1.422517168960356349e-01
1.944555818231782363e-01,2.824772585904958278e-01,1.000000000000000000e+00,9.897121255023650921e-01,0.000000000000000000e+00,0.000000000000000000e+00,1.430730884324191154e-01
1.948839551964345329e-01,2.813232050286545993e-01,9.999999999999998890e-01,9.895930541116643164e-01,0.000000000000000000e+00,0.000000000000000000e+00,1.438943614390383319e-01
1.953142433842521841e-01,2.801698640357396242e-01,9.999999999999998890e-01,9.894733012205398914e-01,0.000000000000000000e+00,0.000000000000000000e+00,1.447155353503093156e-01
1.957464452013299994e-01,2.790172387888235628e-01,1.000000000000000000e+00,9.893528669114618479e-01,0.000000000000000000e+00,0.000000000000000000e+00,1.455366096007164323e-01
1.961805594570944500e-01,2.778653324630073751e-01,1.000000000000000000e+00,9.892317512673690638e-01,0.000000000000000000e+00,0.000000000000000000e+00,1.463575836248126594e-01
1.966165849557052203e-01,2.767141482314114942e-01,1.000000000000000000e+00,9.891099543716701525e-01,0.000000000000000000e+00,0.000000000000000000e+00,1.471784568572199470e-01
1.970545204960556518e-01,2.755636892651675551e-01,1.000000000000000000e+00,9.889874763082425746e-01,0.000000000000000000e+00,0.000000000000000000e+00,1.479992287326297729e-01
1.974943648717790712e-01,2.744139587334089025e-01,1.000000000000000000e+00,9.888643171614330818e-01,0.000000000000000000e+00,0.000000000000000000e+00,1.488198986858033368e-01
1.979361168712494568e-01,2.732649598032625970e-01,1.000000000000000000e+00,9.887404770160571621e-01,0.000000000000000000e+00,0.000000000000000000e+00,1.496404661515720047e-01
1.983797752775864343e-01,2.721166956398401449e-01,1.000000000000000000e+00,9.886159559573995947e-01,0.000000000000000000e+00,0.000000000000000000e+00,1.504609305648377526e-01
1.988253388686576084e-01,2.709691694062292822e-01,1.000000000000000000e+00,9.884907540712140062e-01,0.000000000000000000e+00,0.000000000000000000e+00,1.512812913605735554e-01
1.992728064170832258e-01,2.698223842634848157e-01,1.000000000000000000e+00,9.883648714437227589e-01,0.000000000000000000e+00,0.000000000000000000e+00,1.521015479738237475e-01
1.997221766902385065e-01,2.686763433706200743e-01,1.000000000000000000e+00,9.882383081616171738e-01,0.000000000000000000e+00,0.000000000000000000e+00,1.529216998397043281e-01
2.001734484502566414e-01,2.675310498845985263e-01,1.000000000000000000e+00,9.881110643120571968e-01,0.000000000000000000e+00,0.000000000000000000e+00,1.537417463934034889e-01
2.006266204540333442e-01,2.663865069603242319e-01,9.999999999999998890e-01,9.879831399826715099e-01,0.000000000000000000e+00,0.000000000000000000e+00,1.545616870701819467e-01
2.010816914532301825e-01,2.652427177506341827e-01,1.000000000000000000e+00,9.878545352615575315e-01,0.000000000000000000e+00,0.000000000000000000e+00,1.553815213053733879e-01
2.015386601942771305e-01,2.640996854062888088e-01,9.999999999999998890e-01,9.877252502372809717e-01,0.000000000000000000e+00,0.000000000000000000e+00,1.562012485343847179e-01
2.019975254183761226e-01,2.629574130759639305e-01,1.000000000000000000e+00,9.875952849988763882e-01,0.000000000000000000e+00,0.000000000000000000e+00,1.570208681926965055e-01
2.024582858615059378e-01,2.618159039062415427e-01,9.999999999999998890e-01,9.874646396358464084e-01,0.000000000000000000e+00,0.000000000000000000e+00,1.578403797158634825e-01
2.029209402544240870e-01,2.606751610416014886e-01,1.000000000000000000e+00,9.873333142381623961e-01,0.000000000000000000e+00,0.000000000000000000e+00,1.586597825395148764e-01
2.033854873226705884e-01,2.595351876244127443e-01,1.000000000000000000e+00,9.872013088962636740e-01,0.000000000000000000e+00,0.000000000000000000e+00,1.594790760993546608e-01
2.038519257865722967e-01,2.583959867949244815e-01,9.999999999999998890e-01,9.870686237010581898e-01,0.000000000000000000e+00,0.000000000000000000e+00,1.602982598311621376e-01
2.043202543612453459e-01,2.572575616912579077e-01,1.000000000000000000e+00,9.869352587439218505e-01,0.000000000000000000e+00,0.000000000000000000e+00,1.611173331707922152e-01
2.047904717566000343e-01,2.561199154493974950e-01,1.000000000000000000e+00,9.868012141166987439e-01,0.000000000000000000e+00,0.000000000000000000e+00,1.619362955541757965e-01
2.052625766773427118e-01,2.549830512031816543e-01,1.000000000000000000e+00,9.866664899117009169e-01,0.000000000000000000e+00,0.000000000000000000e+00,1.627551464173202789e-01
2.057365678229811090e-01,2.538469720842951860e-01,1.000000000000000000e+00,9.865310862217087085e-01,0.000000000000000000e+00,0.000000000000000000e+00,1.635738851963097762e-01
2.062124438878260024e-01,2.527116812222596764e-01,9.999999999999998890e-01,9.863950031399700835e-01,0.000000000000000000e+00,0.000000000000000000e+00,1.643925113273056460e-01
2.066902035609967658e-01,2.515771817444258374e-01,1.000000000000000000e+00,9.862582407602011880e-01,0.000000000000000000e+00,0.000000000000000000e+00,1.652110242465467671e-01
2.071698455264234795e-01,2.504434767759640690e-01,1.000000000000000000e+00,9.861207991765855718e-01,0.000000000000000000e+00,0.000000000000000000e+00,1.660294233903500671e-01
2.076513684628515932e-01,2.493105694398560779e-01,1.000000000000000000e+00,9.859826784837749658e-01,0.000000000000000000e+00,0.000000000000000000e+00,1.668477081951107721e-01
2.081347710438444798e-01,2.481784628568864393e-01,1.000000000000000000e+00,9.858438787768885048e-01,0.000000000000000000e+00,0.000000000000000000e+00,1.676658780973028229e-01
2.086200519377884310e-01,2.470471601456343258e-01,1.000000000000000000e+00,9.857044001515129494e-01,0.000000000000000000e+00,0.000000000000000000e+00,1.684839325334793747e-01
2.091072098078948782e-01,2.459166644224639042e-01,1.000000000000000000e+00,9.855642427037027975e-01,0.000000000000000000e+00,0.000000000000000000e+00,1.693018709402729360e-01
2.095962433122053881e-01,2.447869788015164527e-01,1.000000000000000000e+00,9.854234065299798395e-01,0.000000000000000000e+00,0.000000000000000000e+00,1.701196927543961734e-01
2.100871511035945494e-01,2.436581063947020342e-01,1.000000000000000000e+00,9.852818917273332699e-01,0.000000000000000000e+00,0.000000000000000000e+00,1.709373974126418561e-01
2.105799318297739697e-01,2.425300503116905038e-01,1.000000000000000000e+00,9.851396983932199092e-01,0.000000000000000000e+00,0.000000000000000000e+00,1.717549843518834385e-01
2.110745841332958284e-01,2.414028136599025709e-01,1.000000000000000000e+00,9.849968266255635374e-01,0.000000000000000000e+00,0.000000000000000000e+00,1.725724530090755326e-01
2.115711066515568728e-01,2.402763995445022505e-01,9.999999999999998890e-01,9.848532765227552277e-01,0.000000000000000000e+00,0.000000000000000000e+00,1.733898028212541853e-01
2.120694980168019717e-01,2.391508110683873700e-01,1.000000000000000000e+00,9.847090481836533460e-01,0.000000000000000000e+00,0.000000000000000000e+00,1.742070332255372389e-01
2.125697568561278894e-01,2.380260513321814098e-01,1.000000000000000000e+00,9.845641417075832180e-01,0.000000000000000000e+00,0.000000000000000000e+00,1.750241436591248312e-01
2.130718817914871721e-01,2.369021234342254534e-01,1.000000000000000222e+00,9.844185571943372404e-01,0.000000000000000000e+00,0.000000000000000000e+00,1.758411335592996450e-01
2.135758714396914781e-01,2.357790304705683071e-01,9.999999999999998890e-01,9.842722947441745474e-01,0.000000000000000000e+00,0.000000000000000000e+00,1.766580023634274077e-01
2.140817244124171292e-01,2.346567755349594497e-01,1.000000000000000222e+00,9.841253544578215662e-01,0.000000000000000000e+00,0.000000000000000000e+00,1.774747495089572802e-01
2.145894393162054437e-01,2.335353617188395958e-01,1.000000000000000000e+00,9.839777364364710177e-01,0.000000000000000000e+00,0.000000000000000000e+00,1.782913744334221895e-01
2.150990147524709517e-01,2.324147921113326465e-01,1.000000000000000000e+00,9.838294407817828047e-01,0.000000000000000000e+00,0.000000000000000000e+00,1.791078765744391899e-01
2.156104493175018399e-01,2.312950697992368632e-01,1.000000000000000000e+00,9.836804675958832345e-01,0.000000000000000000e+00,0.000000000000000000e+00,1.799242553697098790e-01
2.161237416024648361e-01,2.301761978670162634e-01,1.000000000000000000e+00,9.835308169813652412e-01,0.000000000000000000e+00,0.000000000000000000e+00,1.807405102570208977e-01
2.166388901934098721e-01,2.290581793967927382e-01,1.000000000000000000e+00,9.833804890412883859e-01,0.000000000000000000e+00,0.000000000000000000e+00,1.815566406742441241e-01
2.171558936712729704e-01,2.279410174683371704e-01,1.000000000000000000e+00,9.832294838791785230e-01,0.000000000000000000e+00,0.000000000000000000e+00,1.823726460593372289e-01
2.176747506118811293e-01,2.268247151590603861e-01,1.000000000000000000e+00,9.830778015990280227e-01,0.000000000000000000e+00,0.000000000000000000e+00,1.831885258503438973e-01
2.181954595859548762e-01,2.257092755440061049e-01,1.000000000000000000e+00,9.829254423052955492e-01,0.000000000000000000e+00,0.000000000000000000e+00,1.840042794853943564e-01
2.187180191591133749e-01,2.245947016958408926e-01,1.000000000000000000e+00,9.827724061029059488e-01,0.000000000000000000e+00,0.000000000000000000e+00,1.848199064027057636e-01
2.192424278918784220e-01,2.234809966848468887e-01,1.000000000000000000e+00,9.826186930972502509e-01,0.000000000000000000e+00,0.000000000000000000e+00,1.856354060405824569e-01
2.197686843396770007e-01,2.223681635789124811e-01,9.999999999999998890e-01,9.824643033941855563e-01,0.000000000000000000e+00,0.000000000000000000e+00,1.864507778374164815e-01
2.202967870528473870e-01,2.212562054435243675e-01,1.000000000000000000e+00,9.823092371000351486e-01,0.000000000000000000e+00,0.000000000000000000e+00,1.872660212316878681e-01
2.208267345766411482e-01,2.201451253417593401e-01,1.000000000000000000e+00,9.821534943215879387e-01,0.000000000000000000e+00,0.000000000000000000e+00,1.880811356619651875e-01
2.213585254512283607e-01,2.190349263342748487e-01,1.000000000000000000e+00,9.819970751660990205e-01,0.000000000000000000e+00,0.000000000000000000e+00,1.888961205669056620e-01
2.218921582117011626e-01,2.179256114793020060e-01,1.000000000000000000e+00,9.818399797412890040e-01,0.000000000000000000e+00,0.000000000000000000e+00,1.897109753852558589e-01
2.224276313880781952e-01,2.168171838326355960e-01,1.000000000000000000e+00,9.816822081553445711e-01,0.000000000000000000e+00,0.000000000000000000e+00,1.905256995558518296e-01
2.229649435053080442e-01,2.157096464476271347e-01,1.000000000000000000e+00,9.815237605169178092e-01,0.000000000000000000e+00,0.000000000000000000e+00,1.913402925176196645e-01
2.235040930832734585e-01,2.146030023751752114e-01,1.000000000000000000e+00,9.813646369351263221e-01,0.000000000000000000e+00,0.000000000000000000e+00,1.921547537095757707e-01
2.240450786367964575e-01,2.134972546637177171e-01,1.000000000000000000e+00,9.812048375195534522e-01,0.000000000000000000e+00,0.000000000000000000e+00,1.929690825708273716e-01
2.245878986756402185e-01,2.123924063592239064e-01,1.000000000000000000e+00,9.810443623802477253e-01,0.000000000000000000e+00,0.000000000000000000e+00,1.937832785405727010e-01
2.251325517045155156e-01,2.112884605051847942e-01,9.999999999999998890e-01,9.808832116277232949e-01,0.000000000000000000e+00,0.000000000000000000e+00,1.945973410581015861e-01
2.256790362230839397e-01,2.101854201426057167e-01,1.000000000000000000e+00,9.807213853729591646e-01,0.000000000000000000e+00,0.000000000000000000e+00,1.954112695627958363e-01
2.262273507259615624e-01,2.090832883099977835e-01,1.000000000000000000e+00,9.805588837274000769e-01,0.000000000000000000e+00,0.000000000000000000e+00,1.962250634941293814e-01
2.267774937027224880e-01,2.079820680433691060e-01,1.000000000000000000e+00,9.803957068029554023e-01,0.000000000000000000e+00,0.000000000000000000e+00,1.970387222916689662e-01
2.273294636379062927e-01,2.068817623762170266e-01,1.000000000000000000e+00,9.802318547119999170e-01,0.000000000000000000e+00,0.000000000000000000e+00,1.978522453950742888e-01
2.278832590110179135e-01,2.057823743395195693e-01,1.000000000000000000e+00,9.800673275673731366e-01,0.000000000000000000e+00,0.000000000000000000e+00,1.986656322440985556e-01
2.284388782965343090e-01,2.046839069617262807e-01,1.000000000000000000e+00,9.799021254823794269e-01,0.000000000000000000e+00,0.000000000000000000e+00,1.994788822785888704e-01
2.289963199639084568e-01,2.035863632687516245e-01,1.000000000000000000e+00,9.797362485707882263e-01,0.000000000000000000e+00,0.000000000000000000e+00,2.002919949384864284e-01
2.295555824775731280e-01,2.024897462839649331e-01,1.000000000000000000e+00,9.795696969468334903e-01,0.000000000000000000e+00,0.000000000000000000e+00,2.011049696638271267e-01
2.301166642969453280e-01,2.013940590281826926e-01,9.999999999999998890e-01,9.794024707252139139e-01,0.000000000000000000e+00,0.000000000000000000e+00,2.019178058947417587e-01
2.306795638764305156e-01,2.002993045196608812e-01,1.000000000000000000e+00,9.792345700210925985e-01,0.000000000000000000e+00,0.000000000000000000e+00,2.027305030714566525e-01
2.312442796654265997e-01,1.992054857740853668e-01,1.000000000000000222e+00,9.790659949500974957e-01,0.000000000000000000e+00,0.000000000000000000e+00,2.035430606342937265e-01
2.318108101083282691e-01,1.981126058045649119e-01,1.000000000000000000e+00,9.788967456283205193e-01,0.000000000000000000e+00,0.000000000000000000e+00,2.043554780236711277e-01
2.323791536445317663e-01,1.970206676216219033e-01,1.000000000000000000e+00,9.787268221723183226e-01,0.000000000000000000e+00,0.000000000000000000e+00,2.051677546801035368e-01
2.329493087084394398e-01,1.959296742331845809e-01,1.000000000000000000e+00,9.785562246991116320e-01,0.000000000000000000e+00,0.000000000000000000e+00,2.059798900442025016e-01
2.335212737294622976e-01,1.948396286445784886e-01,1.000000000000000000e+00,9.783849533261852471e-01,0.000000000000000000e+00,0.000000000000000000e+00,2.067918835566769920e-01
2.340950471320263349e-01,1.937505338585180925e-01,1.000000000000000000e+00,9.782130081714882630e-01,0.000000000000000000e+00,0.000000000000000000e+00,2.076037346583335663e-01
2.346706273355755323e-01,1.926623928750992309e-01,1.000000000000000000e+00,9.780403893534337367e-01,0.000000000000000000e+00,0.000000000000000000e+00,2.084154427900768436e-01
2.352480127545770738e-01,1.915752086917900665e-01,1.000000000000000000e+00,9.778670969908984656e-01,0.000000000000000000e+00,0.000000000000000000e+00,2.092270073929099472e-01
2.358272017985256763e-01,1.904889843034228147e-01,1.000000000000000000e+00,9.776931312032233201e-01,0.000000000000000000e+00,0.000000000000000000e+00,2.100384279079348659e-01
2.364081928719465875e-01,1.894037227021862502e-01,1.000000000000000000e+00,9.775184921102129110e-01,0.000000000000000000e+00,0.000000000000000000e+00,2.108497037763527593e-01
2.369909843744023581e-01,1.883194268776168245e-01,1.000000000000000222e+00,9.773431798321353670e-01,0.000000000000000000e+00,0.000000000000000000e+00,2.116608344394644570e-01
2.375755747004950624e-01,1.872360998165903956e-01,1.000000000000000000e+00,9.771671944897225570e-01,0.000000000000000000e+00,0.000000000000000000e+00,2.124718193386707366e-01
2.381619622398718494e-01,1.861537445033142335e-01,9.999999999999998890e-01,9.769905362041698682e-01,0.000000000000000000e+00,0.000000000000000000e+00,2.132826579154727120e-01
2.387501453772296056e-01,1.850723639193190273e-01,1.000000000000000000e+00,9.768132050971362057e-01,0.000000000000000000e+00,0.000000000000000000e+00,2.140933496114724721e-01
2.393401224923179527e-01,1.839919610434502806e-01,1.000000000000000000e+00,9.766352012907435487e-01,0.000000000000000000e+00,0.000000000000000000e+00,2.149038938683729971e-01
2.399318919599455757e-01,1.829125388518601514e-01,1.000000000000000000e+00,9.764565249075772835e-01,0.000000000000000000e+00,0.000000000000000000e+00,2.157142901279789915e-01
2.405254521499834430e-01,1.818341003179995696e-01,9.999999999999998890e-01,9.762771760706860924e-01,0.000000000000000000e+00,0.000000000000000000e+00,2.165245378321969671e-01
2.411208014273701350e-01,1.807566484126093553e-01,1.000000000000000000e+00,9.760971549035817318e-01,0.000000000000000000e+00,0.000000000000000000e+00,2.173346364230358263e-01
2.417179381521149528e-01,1.796801861037129466e-01,1.000000000000000000e+00,9.759164615302386991e-01,0.000000000000000000e+00,0.000000000000000000e+00,2.181445853426071391e-01
2.423168606793042468e-01,1.786047163566076845e-01,1.000000000000000000e+00,9.757350960750948987e-01,0.000000000000000000e+00,0.000000000000000000e+00,2.189543840331254210e-01
2.429175673591043028e-01,1.775302421338564862e-01,1.000000000000000000e+00,9.755530586630505319e-01,0.000000000000000000e+00,0.000000000000000000e+00,2.197640319369088824e-01
2.435200565367677816e-01,1.764567663952801846e-01,1.000000000000000000e+00,9.753703494194689849e-01,0.000000000000000000e+00,0.000000000000000000e+00,2.205735284963793452e-01
2.441243265526356065e-01,1.753842920979488684e-01,9.999999999999998890e-01,9.751869684701759411e-01,0.000000000000000000e+00,0.000000000000000000e+00,2.213828731540630479e-01
2.447303757421449566e-01,1.743128221961744440e-01,9.999999999999998890e-01,9.750029159414601576e-01,0.000000000000000000e+00,0.000000000000000000e+00,2.221920653525907285e-01
2.453382024358305991e-01,1.732423596415014200e-01,1.000000000000000000e+00,9.748181919600724665e-01,0.000000000000000000e+00,0.000000000000000000e+00,2.230011045346981247e-01
2.459478049593306626e-01,1.721729073827000245e-01,1.000000000000000000e+00,9.746327966532261078e-01,0.000000000000000000e+00,0.000000000000000000e+00,2.238099901432263894e-01
2.465591816333928543e-01,1.711044683657569898e-01,1.000000000000000000e+00,9.744467301485970623e-01,0.000000000000000000e+00,0.000000000000000000e+00,2.246187216211223414e-01
2.471723307738763475e-01,1.700370455338679476e-01,1.000000000000000000e+00,9.742599925743230527e-01,0.000000000000000000e+00,0.000000000000000000e+00,2.254272984114391309e-01
2.477872506917584428e-01,1.689706418274295463e-01,1.000000000000000222e+00,9.740725840590042095e-01,0.000000000000000000e+00,0.000000000000000000e+00,2.262357199573362676e-01
2.484039396931380095e-01,1.679052601840310688e-01,1.000000000000000000e+00,9.738845047317025161e-01,0.000000000000000000e+00,0.000000000000000000e+00,2.270439857020802588e-01
2.490223960792418145e-01,1.668409035384458838e-01,1.000000000000000000e+00,9.736957547219423637e-01,0.000000000000000000e+00,0.000000000000000000e+00,2.278520950890447760e-01
2.496426181464264094e-01,1.657775748226242851e-01,1.000000000000000000e+00,9.735063341597094411e-01,0.000000000000000000e+00,0.000000000000000000e+00,2.286600475617114048e-01
2.502646041861857906e-01,1.647152769656850535e-01,1.000000000000000000e+00,9.733162431754516231e-01,0.000000000000000000e+00,0.000000000000000000e+00,2.294678425636696162e-01
2.508883524851542868e-01,1.636540128939067973e-01,1.000000000000000000e+00,9.731254819000784151e-01,0.000000000000000000e+00,0.000000000000000000e+00,2.302754795386173226e-01
2.515138613251117761e-01,1.625937855307207913e-01,9.999999999999998890e-01,9.729340504649608423e-01,0.000000000000000000e+00,0.000000000000000000e+00,2.310829579303613213e-01
2.521411289829887936e-01,1.615345977967023727e-01,1.000000000000000000e+00,9.727419490019313386e-01,0.000000000000000000e+00,0.000000000000000000e+00,2.318902771828176834e-01
2.527701537308703061e-01,1.604764526095630028e-01,1.000000000000000000e+00,9.725491776432840796e-01,0.000000000000000000e+00,0.000000000000000000e+00,2.326974367400119481e-01
2.534009338360012631e-01,1.594193528841424401e-01,1.000000000000000000e+00,9.723557365217743165e-01,0.000000000000000000e+00,0.000000000000000000e+00,2.335044360460796775e-01
2.540334675607917037e-01,1.583633015324004134e-01,9.999999999999998890e-01,9.721616257706188202e-01,0.000000000000000000e+00,0.000000000000000000e+00,2.343112745452667900e-01
2.546677531628204205e-01,1.573083014634086840e-01,1.000000000000000000e+00,9.719668455234949933e-01,0.000000000000000000e+00,0.000000000000000000e+00,2.351179516819300042e-01
2.553037888948406220e-01,1.562543555833431630e-01,9.999999999999998890e-01,9.717713959145418690e-01,0.000000000000000000e+00,0.000000000000000000e+00,2.359244669005370887e-01
2.559415730047847060e-01,1.552014667954760285e-01,1.000000000000000000e+00,9.715752770783592229e-01,0.000000000000000000e+00,0.000000000000000000e+00,2.367308196456673342e-01
2.565811037357680346e-01,1.541496380001668443e-01,1.000000000000000000e+00,9.713784891500075735e-01,0.000000000000000000e+00,0.000000000000000000e+00,2.375370093620119416e-01
2.572223793260957070e-01,1.530988720948562865e-01,9.999999999999998890e-01,9.711810322650084037e-01,0.000000000000000000e+00,0.000000000000000000e+00,2.383430354943743557e-01
2.578653980092654452e-01,1.520491719740559855e-01,9.999999999999998890e-01,9.709829065593439390e-01,0.000000000000000000e+00,0.000000000000000000e+00,2.391488974876707363e-01
2.585101580139739230e-01,1.510005405293423641e-01,1.000000000000000000e+00,9.707841121694565922e-01,0.000000000000000000e+00,0.000000000000000000e+00,2.399545947869302920e-01
2.591566575641207626e-01,1.499529806493481443e-01,1.000000000000000222e+00,9.705846492322498520e-01,0.000000000000000000e+00,0.000000000000000000e+00,2.407601268372955017e-01
2.598048948788131973e-01,1.489064952197537983e-01,1.000000000000000000e+00,9.703845178850870612e-01,0.000000000000000000e+00,0.000000000000000000e+00,2.415654930840227810e-01
2.604548681723729553e-01,1.478610871232800550e-01,9.999999999999998890e-01,9.701837182657924163e-01,0.000000000000000000e+00,0.000000000000000000e+00,2.423706929724826764e-01
2.611065756543383687e-01,1.468167592396803500e-01,1.000000000000000000e+00,9.699822505126499683e-01,0.000000000000000000e+00,0.000000000000000000e+00,2.431757259481603373e-01
2.617600155294709241e-01,1.457735144457321108e-01,9.999999999999998890e-01,9.697801147644038444e-01,0.000000000000000000e+00,0.000000000000000000e+00,2.439805914566558487e-01
2.624151859977602586e-01,1.447313556152292624e-01,1.000000000000000000e+00,9.695773111602585814e-01,0.000000000000000000e+00,0.000000000000000000e+00,2.447852889436846202e-01
2.630720852544288224e-01,1.436902856189745670e-01,1.000000000000000000e+00,9.693738398398781264e-01,0.000000000000000000e+00,0.000000000000000000e+00,2.455898178550777189e-01
2.637307114899365423e-01,1.426503073247710751e-01,9.999999999999998890e-01,9.691697009433867249e-01,0.000000000000000000e+00,0.000000000000000000e+00,2.463941776367823966e-01
2.643910628899861504e-01,1.416114235974145763e-01,1.000000000000000000e+00,9.689648946113681438e-01,0.000000000000000000e+00,0.000000000000000000e+00,2.471983677348623398e-01
2.650531376355281798e-01,1.405736372986858274e-01,1.000000000000000000e+00,9.687594209848657822e-01,0.000000000000000000e+00,0.000000000000000000e+00,2.480023875954980306e-01
2.657169339027658506e-01,1.395369512873426698e-01,1.000000000000000000e+00,9.685532802053825607e-01,0.000000000000000000e+00,0.000000000000000000e+00,2.488062366649873569e-01
2.663824498631602866e-01,1.385013684191115368e-01,1.000000000000000000e+00,9.683464724148810321e-01,0.000000000000000000e+00,0.000000000000000000e+00,2.496099143897455852e-01
2.670496836834352905e-01,1.374668915466804586e-01,1.000000000000000000e+00,9.681389977557828264e-01,0.000000000000000000e+00,0.000000000000000000e+00,2.504134202163061929e-01
2.677186335255827832e-01,1.364335235196908469e-01,1.000000000000000000e+00,9.679308563709690949e-01,0.000000000000000000e+00,0.000000000000000000e+00,2.512167535913208960e-01
2.683892975468671338e-01,1.354012671847295013e-01,1.000000000000000000e+00,9.677220484037799553e-01,0.000000000000000000e+00,0.000000000000000000e+00,2.520199139615602602e-01
2.690616738998313773e-01,1.343701253853206157e-01,1.000000000000000000e+00,9.675125739980146022e-01,0.000000000000000000e+00,0.000000000000000000e+00,2.528229007739140055e-01
2.697357607323008777e-01,1.333401009619187283e-01,9.999999999999998890e-01,9.673024332979311968e-01,0.000000000000000000e+00,0.000000000000000000e+00,2.536257134753912568e-01
2.704115561873898788e-01,1.323111967518998400e-01,1.000000000000000000e+00,9.670916264482469771e-01,0.000000000000000000e+00,0.000000000000000000e+00,2.544283515131211537e-01
2.710890584035056117e-01,1.312834155895545307e-01,9.999999999999998890e-01,9.668801535941374814e-01,0.000000000000000000e+00,0.000000000000000000e+00,2.552308143343531288e-01
2.717682655143536241e-01,1.302567603060797441e-01,9.999999999999998890e-01,9.666680148812373252e-01,0.000000000000000000e+00,0.000000000000000000e+00,2.560331013864571292e-01
2.724491756489436645e-01,1.292312337295706270e-01,1.000000000000000000e+00,9.664552104556395351e-01,0.000000000000000000e+00,0.000000000000000000e+00,2.568352121169244495e-01
2.731317869315932345e-01,1.282068386850134245e-01,1.000000000000000222e+00,9.662417404638954377e-01,0.000000000000000000e+00,0.000000000000000000e+00,2.576371459733673985e-01
2.738160974819341398e-01,1.271835779942776523e-01,1.000000000000000000e+00,9.660276050530148817e-01,0.000000000000000000e+00,0.000000000000000000e+00,2.584389024035204097e-01
2.745021054149178186e-01,1.261614544761072154e-01,9.999999999999998890e-01,9.658128043704659049e-01,0.000000000000000000e+00,0.000000000000000000e+00,2.592404808552400963e-01
2.751898088408193388e-01,1.251404709461144127e-01,1.000000000000000000e+00,9.655973385641748452e-01,0.000000000000000000e+00,0.000000000000000000e+00,2.600418807765053630e-01
2.758792058652436152e-01,1.241206302167706110e-01,9.999999999999998890e-01,9.653812077825258964e-01,0.000000000000000000e+00,0.000000000000000000e+00,2.608431016154184601e-01
2.765702945891299613e-01,1.231019350973993620e-01,1.000000000000000000e+00,9.651644121743613303e-01,0.000000000000000000e+00,0.000000000000000000e+00,2.616441428202045949e-01
2.772630731087575295e-01,1.220843883941684638e-01,1.000000000000000000e+00,9.649469518889810526e-01,0.000000000000000000e+00,0.000000000000000000e+00,2.624450038392129314e-01
2.779575395157511952e-01,1.210679929100823005e-01,1.000000000000000000e+00,9.647288270761429363e-01,0.000000000000000000e+00,0.000000000000000000e+00,2.632456841209166454e-01
2.786536918970858867e-01,1.200527514449740707e-01,9.999999999999998890e-01,9.645100378860625989e-01,0.000000000000000000e+00,0.000000000000000000e+00,2.640461831139132576e-01
2.793515283350921363e-01,1.190386667954973499e-01,9.999999999999998890e-01,9.642905844694126261e-01,0.000000000000000000e+00,0.000000000000000000e+00,2.648465002669254109e-01
2.800510469074617426e-01,1.180257417551199284e-01,1.000000000000000000e+00,9.640704669773237923e-01,0.000000000000000000e+00,0.000000000000000000e+00,2.656466350288007039e-01
2.807522456872526551e-01,1.170139791141151520e-01,1.000000000000000000e+00,9.638496855613836178e-01,0.000000000000000000e+00,0.000000000000000000e+00,2.664465868485125233e-01
2.814551227428943037e-01,1.160033816595535394e-01,1.000000000000000000e+00,9.636282403736371460e-01,0.000000000000000000e+00,0.000000000000000000e+00,2.672463551751600441e-01
2.821596761381930385e-01,1.149939521752970095e-01,1.000000000000000000e+00,9.634061315665863878e-01,0.000000000000000000e+00,0.000000000000000000e+00,2.680459394579691179e-01
2.828659039323375701e-01,1.139856934419893331e-01,9.999999999999998890e-01,9.631833592931904331e-01,0.000000000000000000e+00,0.000000000000000000e+00,2.688453391462919395e-01
2.835738041799045206e-01,1.129786082370495826e-01,9.999999999999998890e-01,9.629599237068653395e-01,0.000000000000000000e+00,0.000000000000000000e+00,2.696445536896082129e-01
2.842833749308625313e-01,1.119726993346643606e-01,1.000000000000000000e+00,9.627358249614839103e-01,0.000000000000000000e+00,0.000000000000000000e+00,2.704435825375249847e-01
2.849946142305792574e-01,1.109679695057788074e-01,1.000000000000000000e+00,9.625110632113754727e-01,0.000000000000000000e+00,0.000000000000000000e+00,2.712424251397771435e-01
2.857075201198258085e-01,1.099644215180918816e-01,1.000000000000000000e+00,9.622856386113262106e-01,0.000000000000000000e+00,0.000000000000000000e+00,2.720410809462278090e-01
2.864220906347830775e-01,1.089620581360454254e-01,1.000000000000000000e+00,9.620595513165787205e-01,0.000000000000000000e+00,0.000000000000000000e+00,2.728395494068688309e-01
2.871383238070449595e-01,1.079608821208190017e-01,1.000000000000000000e+00,9.618328014828319006e-01,0.000000000000000000e+00,0.000000000000000000e+00,2.736378299718211227e-01
2.878562176636273451e-01,1.069608962303208455e-01,1.000000000000000000e+00,9.616053892662409508e-01,0.000000000000000000e+00,0.000000000000000000e+00,2.744359220913348829e-01
2.885757702269694525e-01,1.059621032191812584e-01,1.000000000000000000e+00,9.613773148234172616e-01,0.000000000000000000e+00,0.000000000000000000e+00,2.752338252157900955e-01
2.892969795149420431e-01,1.049645058387441154e-01,1.000000000000000000e+00,9.611485783114281922e-01,0.000000000000000000e+00,0.000000000000000000e+00,2.760315387956969180e-01
2.900198435408529729e-01,1.039681068370599815e-01,9.999999999999998890e-01,9.609191798877971813e-01,0.000000000000000000e+00,0.000000000000000000e+00,2.768290622816961255e-01
2.907443603134509669e-01,1.029729089588781177e-01,9.999999999999998890e-01,9.606891197105034141e-01,0.000000000000000000e+00,0.000000000000000000e+00,2.776263951245593331e-01
2.914705278369325026e-01,1.019789149456392097e-01,1.000000000000000000e+00,9.604583979379819336e-01,0.000000000000000000e+00,0.000000000000000000e+00,2.784235367751893842e-01
2.921983441109455848e-01,1.009861275354676513e-01,1.000000000000000000e+00,9.602270147291229740e-01,0.000000000000000000e+00,0.000000000000000000e+00,2.792204866846209610e-01
2.929278071305981834e-01,9.999454946316427284e-02,1.000000000000000000e+00,9.599949702432729604e-01,0.000000000000000000e+00,0.000000000000000000e+00,2.800172443040205295e-01
2.936589148864606758e-01,9.900418346019823623e-02,1.000000000000000000e+00,9.597622646402330648e-01,0.000000000000000000e+00,0.000000000000000000e+00,2.808138090846872270e-01
2.943916653645737291e-01,9.801503225469992975e-02,1.000000000000000000e+00,9.595288980802602063e-01,0.000000000000000000e+00,0.000000000000000000e+00,2.816101804780529183e-01
2.951260565464519647e-01,9.702709857145330741e-02,1.000000000000000000e+00,9.592948707240663841e-01,0.000000000000000000e+00,0.000000000000000000e+00,2.824063579356825282e-01
2.958620864090907299e-01,9.604038513188895010e-02,1.000000000000000000e+00,9.590601827328183449e-01,0.000000000000000000e+00,0.000000000000000000e+00,2.832023409092747634e-01
2.965997529249720932e-01,9.505489465407540584e-02,1.000000000000000000e+00,9.588248342681382486e-01,0.000000000000000000e+00,0.000000000000000000e+00,2.839981288506620571e-01
2.973390540620685085e-01,9.407062985271280597e-02,1.000000000000000000e+00,9.585888254921027807e-01,0.000000000000000000e+00,0.000000000000000000e+00,2.847937212118112904e-01
2.980799877838502532e-01,9.308759343912464956e-02,1.000000000000000000e+00,9.583521565672435960e-01,0.000000000000000000e+00,0.000000000000000000e+00,2.855891174448239589e-01
2.988225520492902021e-01,9.210578812125097548e-02,1.000000000000000000e+00,9.581148276565467636e-01,0.000000000000000000e+00,0.000000000000000000e+00,2.863843170019366169e-01
2.995667448128694899e-01,9.112521660364020226e-02,1.000000000000000000e+00,9.578768389234529890e-01,0.000000000000000000e+00,0.000000000000000000e+00,2.871793193355213214e-01
3.003125640245837280e-01,9.014588158744224478e-02,1.000000000000000000e+00,9.576381905318572807e-01,0.000000000000000000e+00,0.000000000000000000e+00,2.879741238980859652e-01
3.010600076299478900e-01,8.916778577040096465e-02,1.000000000000000000e+00,9.573988826461091728e-01,0.000000000000000000e+00,0.000000000000000000e+00,2.887687301422744990e-01
3.018090735700024174e-01,8.819093184684634323e-02,1.000000000000000000e+00,9.571589154310119474e-01,0.000000000000000000e+00,0.000000000000000000e+00,2.895631375208676528e-01
3.025597597813183270e-01,8.721532250768765371e-02,1.000000000000000000e+00,9.569182890518234119e-01,0.000000000000000000e+00,0.000000000000000000e+00,2.903573454867829362e-01
3.033120641960035391e-01,8.624096044040541198e-02,1.000000000000000000e+00,9.566770036742548999e-01,0.000000000000000000e+00,0.000000000000000000e+00,2.911513534930753044e-01
3.040659847417089834e-01,8.526784832904460432e-02,1.000000000000000222e+00,9.564350594644719372e-01,0.000000000000000000e+00,0.000000000000000000e+00,2.919451609929373803e-01
3.048215193416325963e-01,8.429598885420724885e-02,1.000000000000000000e+00,9.561924565890934646e-01,0.000000000000000000e+00,0.000000000000000000e+00,2.927387674396997319e-01
3.055786659145273143e-01,8.332538469304395790e-02,1.000000000000000000e+00,9.559491952151922822e-01,0.000000000000000000e+00,0.000000000000000000e+00,2.935321722868317051e-01
3.063374223747046265e-01,8.235603851924805374e-02,1.000000000000000000e+00,9.557052755102944941e-01,0.000000000000000000e+00,0.000000000000000000e+00,2.943253749879410908e-01
3.070977866320417915e-01,8.138795300304735303e-02,1.000000000000000000e+00,9.554606976423796194e-01,0.000000000000000000e+00,0.000000000000000000e+00,2.951183749967752346e-01
3.078597565919868329e-01,8.042113081119667273e-02,1.000000000000000000e+00,9.552154617798804814e-01,0.000000000000000000e+00,0.000000000000000000e+00,2.959111717672208708e-01
3.086233301555649788e-01,7.945557460697139085e-02,9.999999999999998890e-01,9.549695680916829854e-01,0.000000000000000000e+00,0.000000000000000000e+00,2.967037647533047329e-01
3.093885052193838803e-01,7.849128705015911978e-02,9.999999999999998890e-01,9.547230167471261186e-01,0.000000000000000000e+00,0.000000000000000000e+00,2.974961534091939974e-01
3.101552796756397168e-01,7.752827079705271185e-02,1.000000000000000000e+00,9.544758079160017283e-01,0.000000000000000000e+00,0.000000000000000000e+00,2.982883371891963953e-01
3.109236514121221928e-01,7.656652850044298741e-02,1.000000000000000000e+00,9.542279417685545218e-01,0.000000000000000000e+00,0.000000000000000000e+00,2.990803155477607667e-01
3.116936183122221982e-01,7.560606280961168491e-02,1.000000000000000222e+00,9.539794184754817330e-01,0.000000000000000000e+00,0.000000000000000000e+00,2.998720879394776162e-01
3.124651782549358048e-01,7.464687637032385581e-02,1.000000000000000222e+00,9.537302382079332341e-01,0.000000000000000000e+00,0.000000000000000000e+00,3.006636538190790575e-01
3.132383291148698179e-01,7.368897182482053720e-02,1.000000000000000000e+00,9.534804011375113131e-01,0.000000000000000000e+00,0.000000000000000000e+00,3.014550126414394793e-01
3.140130687622511019e-01,7.273235181181142428e-02,1.000000000000000000e+00,9.532299074362707847e-01,0.000000000000000000e+00,0.000000000000000000e+00,3.022461638615760449e-01
3.147893950629275794e-01,7.177701896646820900e-02,1.000000000000000000e+00,9.529787572767183246e-01,0.000000000000000000e+00,0.000000000000000000e+00,3.030371069346486368e-01
3.155673058783774465e-01,7.082297592041647549e-02,1.000000000000000000e+00,9.527269508318128022e-01,0.000000000000000000e+00,0.000000000000000000e+00,3.038278413159606894e-01
3.163467990657137241e-01,6.987022530172876111e-02,1.000000000000000000e+00,9.524744882749652808e-01,0.000000000000000000e+00,0.000000000000000000e+00,3.046183664609589670e-01
3.171278724776910307e-01,6.891876973491795066e-02,1.000000000000000000e+00,9.522213697800383514e-01,0.000000000000000000e+00,0.000000000000000000e+00,3.054086818252348956e-01
3.179105239627105783e-01,6.796861184092878316e-02,9.999999999999998890e-01,9.519675955213464658e-01,0.000000000000000000e+00,0.000000000000000000e+00,3.061987868645240085e-01
3.186947513648270558e-01,6.701975423713185664e-02,1.000000000000000000e+00,9.517131656736556033e-01,0.000000000000000000e+00,0.000000000000000000e+00,3.069886810347068895e-01
3.194805525237530697e-01,6.607219953731563455e-02,1.000000000000000000e+00,9.514580804121833824e-01,0.000000000000000000e+00,0.000000000000000000e+00,3.077783637918090065e-01
3.202679252748671379e-01,6.512595035167945134e-02,1.000000000000000000e+00,9.512023399125987266e-01,0.000000000000000000e+00,0.000000000000000000e+00,3.085678345920017107e-01
3.210568674492174646e-01,6.418100928682707318e-02,1.000000000000000000e+00,9.509459443510217547e-01,0.000000000000000000e+00,0.000000000000000000e+00,3.093570928916022367e-01
3.218473768735298224e-01,6.323737894575742757e-02,1.000000000000000000e+00,9.506888939040236686e-01,0.000000000000000000e+00,0.000000000000000000e+00,3.101461381470742018e-01
3.226394513702127709e-01,6.229506192786049557e-02,1.000000000000000000e+00,9.504311887486267540e-01,0.000000000000000000e+00,0.000000000000000000e+00,3.109349698150278840e-01
3.234330887573624302e-01,6.135406082890720869e-02,1.000000000000000000e+00,9.501728290623040474e-01,0.000000000000000000e+00,0.000000000000000000e+00,3.117235873522206102e-01
3.242282868487716962e-01,6.041437824104428644e-02,1.000000000000000000e+00,9.499138150229795574e-01,0.000000000000000000e+00,0.000000000000000000e+00,3.125119902155573670e-01
3.250250434539321276e-01,5.947601675278607614e-02,1.000000000000000000e+00,9.496541468090277105e-01,0.000000000000000000e+00,0.000000000000000000e+00,3.133001778620906896e-01
3.258233563780439379e-01,5.853897894900733645e-02,1.000000000000000000e+00,9.493938245992735725e-01,0.000000000000000000e+00,0.000000000000000000e+00,3.140881497490216057e-01
3.266232234220186603e-01,5.760326741093801939e-02,1.000000000000000000e+00,9.491328485729925157e-01,0.000000000000000000e+00,0.000000000000000000e+00,3.148759053336995239e-01
3.274246423824875851e-01,5.666888471615239009e-02,1.000000000000000000e+00,9.488712189099102190e-01,0.000000000000000000e+00,0.000000000000000000e+00,3.156634440736229008e-01
3.282276110518067558e-01,5.573583343856647332e-02,1.000000000000000000e+00,9.486089357902024455e-01,0.000000000000000000e+00,0.000000000000000000e+00,3.164507654264396841e-01
3.290321272180636303e-01,5.480411614842695123e-02,1.000000000000000000e+00,9.483459993944951538e-01,0.000000000000000000e+00,0.000000000000000000e+00,3.172378688499470911e-01
3.298381886650822992e-01,5.387373541230655594e-02,1.000000000000000000e+00,9.480824099038638320e-01,0.000000000000000000e+00,0.000000000000000000e+00,3.180247538020929410e-01
3.306457931724304800e-01,5.294469379309663104e-02,1.000000000000000000e+00,9.478181674998342743e-01,0.000000000000000000e+00,0.000000000000000000e+00,3.188114197409750994e-01
3.314549385154249572e-01,5.201699384999869391e-02,1.000000000000000000e+00,9.475532723643812494e-01,0.000000000000000000e+00,0.000000000000000000e+00,3.195978661248424224e-01
3.322656224651382439e-01,5.109063813851932867e-02,1.000000000000000000e+00,9.472877246799296103e-01,0.000000000000000000e+00,0.000000000000000000e+00,3.203840924120951450e-01
3.330778427884045767e-01,5.016562921046152645e-02,1.000000000000000000e+00,9.470215246293532951e-01,0.000000000000000000e+00,0.000000000000000000e+00,3.211700980612846590e-01
3.338915972478259109e-01,4.924196961391891225e-02,9.999999999999998890e-01,9.467546723959755495e-01,0.000000000000000000e+00,0.000000000000000000e+00,3.219558825311147898e-01
3.347068836017780269e-01,4.831966189326764027e-02,1.000000000000000000e+00,9.464871681635689260e-01,0.000000000000000000e+00,0.000000000000000000e+00,3.227414452804411304e-01
3.355236996044170805e-01,4.739870858916017671e-02,1.000000000000000000e+00,9.462190121163547296e-01,0.000000000000000000e+00,0.000000000000000000e+00,3.235267857682724846e-01
3.363420430056850430e-01,4.647911223851808327e-02,1.000000000000000000e+00,9.459502044390033504e-01,0.000000000000000000e+00,0.000000000000000000e+00,3.243119034537704781e-01
3.371619115513173615e-01,4.556087537452446767e-02,1.000000000000000000e+00,9.456807453166338195e-01,0.000000000000000000e+00,0.000000000000000000e+00,3.250967977962501143e-01
3.379833029828471780e-01,4.464400052661843254e-02,1.000000000000000222e+00,9.454106349348139204e-01,0.000000000000000000e+00,0.000000000000000000e+00,3.258814682551803288e-01
3.388062150376131010e-01,4.372849022048630463e-02,1.000000000000000000e+00,9.451398734795596335e-01,0.000000000000000000e+00,0.000000000000000000e+00,3.266659142901842672e-01
3.396306454487652005e-01,4.281434697805586165e-02,1.000000000000000000e+00,9.448684611373356912e-01,0.000000000000000000e+00,0.000000000000000000e+00,3.274501353610395071e-01
3.404565919452703371e-01,4.190157331748922687e-02,1.000000000000000000e+00,9.445963980950550232e-01,0.000000000000000000e+00,0.000000000000000000e+00,3.282341309276785024e-01
3.412840522519193787e-01,4.099017175317520856e-02,1.000000000000000000e+00,9.443236845400783119e-01,0.000000000000000000e+00,0.000000000000000000e+00,3.290179004501892490e-01
3.421130240893330843e-01,4.008014479572397093e-02,1.000000000000000000e+00,9.440503206602146591e-01,0.000000000000000000e+00,0.000000000000000000e+00,3.298014433888151742e-01
3.429435051739689877e-01,3.917149495195793030e-02,1.000000000000000000e+00,9.437763066437208082e-01,0.000000000000000000e+00,0.000000000000000000e+00,3.305847592039559690e-01
3.437754932181259493e-01,3.826422472490709215e-02,9.999999999999998890e-01,9.435016426793011446e-01,0.000000000000000000e+00,0.000000000000000000e+00,3.313678473561673665e-01
3.446089859299529268e-01,3.735833661380016935e-02,1.000000000000000000e+00,9.432263289561079178e-01,0.000000000000000000e+00,0.000000000000000000e+00,3.321507073061625293e-01
3.454439810134534161e-01,3.645383311405936411e-02,1.000000000000000000e+00,9.429503656637406861e-01,0.000000000000000000e+00,0.000000000000000000e+00,3.329333385148109392e-01
3.462804761684920019e-01,3.555071671729170824e-02,1.000000000000000000e+00,9.426737529922463166e-01,0.000000000000000000e+00,0.000000000000000000e+00,3.337157404431402852e-01
3.471184690908017956e-01,3.464898991128440020e-02,1.000000000000000000e+00,9.423964911321188742e-01,0.000000000000000000e+00,0.000000000000000000e+00,3.344979125523359076e-01
3.479579574719898760e-01,3.374865517999614539e-02,1.000000000000000000e+00,9.421185802742997328e-01,0.000000000000000000e+00,0.000000000000000000e+00,3.352798543037411871e-01
3.487989389995431733e-01,3.284971500355071683e-02,1.000000000000000000e+00,9.418400206101767980e-01,0.000000000000000000e+00,0.000000000000000000e+00,3.360615651588587105e-01
3.496414113568362403e-01,3.195217185823129302e-02,1.000000000000000000e+00,9.415608123315850619e-01,0.000000000000000000e+00,0.000000000000000000e+00,3.368430445793494377e-01
3.504853722231371371e-01,3.105602821647124312e-02,1.000000000000000000e+00,9.412809556308062708e-01,0.000000000000000000e+00,0.000000000000000000e+00,3.376242920270342007e-01
3.513308192736125379e-01,3.016128654685068522e-02,1.000000000000000222e+00,9.410004507005685914e-01,0.000000000000000000e+00,0.000000000000000000e+00,3.384053069638933153e-01
3.521777501793359466e-01,2.926794931408582823e-02,1.000000000000000000e+00,9.407192977340463891e-01,0.000000000000000000e+00,0.000000000000000000e+00,3.391860888520673023e-01
3.530261626072932479e-01,2.837601897902519710e-02,9.999999999999998890e-01,9.404374969248608940e-01,0.000000000000000000e+00,0.000000000000000000e+00,3.399666371538571097e-01
3.538760542203888138e-01,2.748549799864163923e-02,1.000000000000000000e+00,9.401550484670787577e-01,0.000000000000000000e+00,0.000000000000000000e+00,3.407469513317248344e-01
3.547274226774524974e-01,2.659638882602544108e-02,9.999999999999998890e-01,9.398719525552131637e-01,0.000000000000000000e+00,0.000000000000000000e+00,3.415270308482932782e-01
3.555802656332466283e-01,2.570869391037833296e-02,1.000000000000000000e+00,9.395882093842230498e-01,0.000000000000000000e+00,0.000000000000000000e+00,3.423068751663473908e-01
3.564345807384710074e-01,2.482241569700549544e-02,1.000000000000000000e+00,9.393038191495131084e-01,0.000000000000000000e+00,0.000000000000000000e+00,3.430864837488337149e-01
3.572903656397702354e-01,2.393755662731056333e-02,1.000000000000000000e+00,9.390187820469335644e-01,0.000000000000000000e+00,0.000000000000000000e+00,3.438658560588612745e-01
3.581476179797404846e-01,2.305411913878652186e-02,1.000000000000000000e+00,9.387330982727800643e-01,0.000000000000000000e+00,0.000000000000000000e+00,3.446449915597019631e-01
3.590063353969350501e-01,2.217210566501204294e-02,9.999999999999998890e-01,9.384467680237938980e-01,0.000000000000000000e+00,0.000000000000000000e+00,3.454238897147903775e-01
3.598665155258717885e-01,2.129151863564116010e-02,1.000000000000000000e+00,9.381597914971611107e-01,0.000000000000000000e+00,0.000000000000000000e+00,3.462025499877249834e-01
3.607281559970393348e-01,2.041236047640060391e-02,1.000000000000000000e+00,9.378721688905132803e-01,0.000000000000000000e+00,0.000000000000000000e+00,3.469809718422677269e-01
3.615912544369037640e-01,1.953463360907947699e-02,9.999999999999998890e-01,9.375839004019265177e-01,0.000000000000000000e+00,0.000000000000000000e+00,3.477591547423450336e-01
3.624558084679144754e-01,1.865834045152492404e-02,1.000000000000000000e+00,9.372949862299221335e-01,0.000000000000000000e+00,0.000000000000000000e+00,3.485370981520476419e-01
3.633218157085106315e-01,1.778348341763447138e-02,1.000000000000000000e+00,9.370054265734657495e-01,0.000000000000000000e+00,0.000000000000000000e+00,3.493148015356313807e-01
3.641892737731302621e-01,1.691006491734914352e-02,1.000000000000000000e+00,9.367152216319676317e-01,0.000000000000000000e+00,0.000000000000000000e+00,3.500922643575173354e-01
3.650581802722124847e-01,1.603808735664835616e-02,1.000000000000000000e+00,9.364243716052824684e-01,0.000000000000000000e+00,0.000000000000000000e+00,3.508694860822921258e-01
3.659285328122083847e-01,1.516755313754136747e-02,1.000000000000000000e+00,9.361328766937092594e-01,0.000000000000000000e+00,0.000000000000000000e+00,3.516464661747086828e-01
3.668003289955842350e-01,1.429846465806172695e-02,9.999999999999998890e-01,9.358407370979908713e-01,0.000000000000000000e+00,0.000000000000000000e+00,3.524232040996861381e-01
3.676735664208307108e-01,1.343082431226005902e-02,1.000000000000000000e+00,9.355479530193144821e-01,0.000000000000000000e+00,0.000000000000000000e+00,3.531996993223104342e-01
3.685482426824676638e-01,1.256463449019884493e-02,9.999999999999998890e-01,9.352545246593109152e-01,0.000000000000000000e+00,0.000000000000000000e+00,3.539759513078345465e-01
3.694243553710513384e-01,1.169989757794442919e-02,9.999999999999998890e-01,9.349604522200544165e-01,0.000000000000000000e+00,0.000000000000000000e+00,3.547519595216793720e-01
3.703019020731818101e-01,1.083661595755947005e-02,1.000000000000000000e+00,9.346657359040634327e-01,0.000000000000000000e+00,0.000000000000000000e+00,3.555277234294331734e-01
3.711808803715079819e-01,9.974792007100274915e-03,9.999999999999998890e-01,9.343703759142992782e-01,0.000000000000000000e+00,0.000000000000000000e+00,3.563032424968526901e-01
3.720612878447357996e-01,9.114428100606253302e-03,1.000000000000000000e+00,9.340743724541668014e-01,0.000000000000000000e+00,0.000000000000000000e+00,3.570785161898633042e-01
3.729431220676341363e-01,8.255526608094698737e-03,9.999999999999998890e-01,9.337777257275139409e-01,0.000000000000000000e+00,0.000000000000000000e+00,3.578535439745592628e-01
3.738263806110420084e-01,7.398089895555237661e-03,1.000000000000000000e+00,9.334804359386313921e-01,0.000000000000000000e+00,0.000000000000000000e+00,3.586283253172044549e-01
3.747110610418744603e-01,6.542120324941835818e-03,1.000000000000000000e+00,9.331825032922532737e-01,0.000000000000000000e+00,0.000000000000000000e+00,3.594028596842320233e-01
3.755971609231293362e-01,5.687620254167358169e-03,1.000000000000000000e+00,9.328839279935557949e-01,0.000000000000000000e+00,0.000000000000000000e+00,3.601771465422455853e-01
3.764846778138952743e-01,4.834592037096574479e-03,1.000000000000000000e+00,9.325847102481581441e-01,0.000000000000000000e+00,0.000000000000000000e+00,3.609511853580189555e-01
3.773736092693562583e-01,3.983038023540164119e-03,9.999999999999998890e-01,9.322848502621217115e-01,0.000000000000000000e+00,0.000000000000000000e+00,3.617249755984969228e-01
3.782639528408021645e-01,3.132960559246722454e-03,1.000000000000000000e+00,9.319843482419504221e-01,0.000000000000000000e+00,0.000000000000000000e+00,3.624985167307954725e-01
3.791557060756298725e-01,2.284361985899097114e-03,1.000000000000000000e+00,9.316832043945901809e-01,0.000000000000000000e+00,0.000000000000000000e+00,3.632718082222020084e-01
3.800488665173545888e-01,1.437244641104618026e-03,1.000000000000000000e+00,9.313814189274287614e-01,0.000000000000000000e+00,0.000000000000000000e+00,3.640448495401760187e-01
3.809434317056156205e-01,5.916108583916557251e-04,1.000000000000000000e+00,9.310789920482961390e-01,0.000000000000000000e+00,0.000000000000000000e+00,3.648176401523490764e-01
3.818393991761812600e-01,-2.525370327987053187e-04,1.000000000000000000e+00,9.307759239654638250e-01,0.000000000000000000e+00,0.000000000000000000e+00,3.655901795265255605e-01
3.827367664609582221e-01,-1.095196707118994972e-03,1.000000000000000000e+00,9.304722148876447552e-01,0.000000000000000000e+00,0.000000000000000000e+00,3.663624671306828784e-01
3.836355310879967506e-01,-1.936365843320242419e-03,9.999999999999998890e-01,9.301678650239935120e-01,0.000000000000000000e+00,0.000000000000000000e+00,3.671345024329717432e-01
3.845356905814981685e-01,-2.776042124260635902e-03,1.000000000000000222e+00,9.298628745841061027e-01,0.000000000000000000e+00,0.000000000000000000e+00,3.679062849017166181e-01
3.854372424618200954e-01,-3.614223236909186454e-03,1.000000000000000000e+00,9.295572437780191821e-01,0.000000000000000000e+00,0.000000000000000000e+00,3.686778140054161601e-01
3.863401842454864399e-01,-4.450906872354831734e-03,1.000000000000000000e+00,9.292509728162109406e-01,0.000000000000000000e+00,0.000000000000000000e+00,3.694490892127434423e-01
3.872445134451915072e-01,-5.286090725811098956e-03,1.000000000000000000e+00,9.289440619095999940e-01,0.000000000000000000e+00,0.000000000000000000e+00,3.702201099925464534e-01
3.881502275698073268e-01,-6.119772496623654412e-03,1.000000000000000000e+00,9.286365112695460500e-01,0.000000000000000000e+00,0.000000000000000000e+00,3.709908758138483198e-01
3.890573241243916458e-01,-6.951949888274300271e-03,9.999999999999998890e-01,9.283283211078491304e-01,0.000000000000000000e+00,0.000000000000000000e+00,3.717613861458477498e-01
3.899658006101940355e-01,-7.782620608390411476e-03,1.000000000000000000e+00,9.280194916367496827e-01,0.000000000000000000e+00,0.000000000000000000e+00,3.725316404579195884e-01
3.908756545246619973e-01,-8.611782368748821526e-03,1.000000000000000000e+00,9.277100230689285798e-01,0.000000000000000000e+00,0.000000000000000000e+00,3.733016382196146510e-01
3.917868833614495117e-01,-9.439432885283594032e-03,1.000000000000000000e+00,9.273999156175065650e-01,0.000000000000000000e+00,0.000000000000000000e+00,3.740713789006607781e-01
3.926994846104229220e-01,-1.026556987809146282e-02,1.000000000000000000e+00,9.270891694960446960e-01,0.000000000000000000e+00,0.000000000000000000e+00,3.748408619709625578e-01
3.936134557576674853e-01,-1.109019107143882632e-02,9.999999999999998890e-01,9.267777849185434569e-01,0.000000000000000000e+00,0.000000000000000000e+00,3.756100869006022136e-01
3.945287942854958096e-01,-1.191329419376685461e-02,1.000000000000000000e+00,9.264657620994434239e-01,0.000000000000000000e+00,0.000000000000000000e+00,3.763790531598396605e-01
3.954454976724531834e-01,-1.273487697769948301e-02,9.999999999999998890e-01,9.261531012536244889e-01,0.000000000000000000e+00,0.000000000000000000e+00,3.771477602191128931e-01
3.963635633933255686e-01,-1.355493716004807503e-02,1.000000000000000000e+00,9.258398025964059697e-01,0.000000000000000000e+00,0.000000000000000000e+00,3.779162075490385408e-01
3.972829889191450414e-01,-1.437347248181763959e-02,1.000000000000000000e+00,9.255258663435463884e-01,0.000000000000000000e+00,0.000000000000000000e+00,3.786843946204119238e-01
3.982037717171992286e-01,-1.519048068821537978e-02,1.000000000000000000e+00,9.252112927112434715e-01,0.000000000000000000e+00,0.000000000000000000e+00,3.794523209042076628e-01
3.991259092510363038e-01,-1.600595952865324634e-02,9.999999999999998890e-01,9.248960819161335944e-01,0.000000000000000000e+00,0.000000000000000000e+00,3.802199858715801795e-01
4.000493989804732031e-01,-1.681990675675759661e-02,1.000000000000000000e+00,9.245802341752924480e-01,0.000000000000000000e+00,0.000000000000000000e+00,3.809873889938635294e-01
4.009742383616003991e-01,-1.763232013037319135e-02,1.000000000000000000e+00,9.242637497062337060e-01,0.000000000000000000e+00,0.000000000000000000e+00,3.817545297425722906e-01
4.019004248467922258e-01,-1.844319741157007808e-02,1.000000000000000000e+00,9.239466287269102462e-01,0.000000000000000000e+00,0.000000000000000000e+00,3.825214075894016186e-01
4.028279558847114306e-01,-1.925253636665014145e-02,1.000000000000000000e+00,9.236288714557127077e-01,0.000000000000000000e+00,0.000000000000000000e+00,3.832880220062278021e-01
4.037568289203172789e-01,-2.006033476615209921e-02,1.000000000000000000e+00,9.233104781114701565e-01,0.000000000000000000e+00,0.000000000000000000e+00,3.840543724651086510e-01
4.046870413948717715e-01,-2.086659038485905171e-02,9.999999999999998890e-01,9.229914489134497524e-01,0.000000000000000000e+00,0.000000000000000000e+00,3.848204584382834414e-01
4.056185907459478601e-01,-2.167130100180336694e-02,1.000000000000000000e+00,9.226717840813565275e-01,0.000000000000000000e+00,0.000000000000000000e+00,3.855862793981738590e-01
4.065514744074354425e-01,-2.247446440027456305e-02,1.000000000000000000e+00,9.223514838353331635e-01,0.000000000000000000e+00,0.000000000000000000e+00,3.863518348173840544e-01
4.074856898095489122e-01,-2.327607836782219497e-02,1.000000000000000000e+00,9.220305483959598813e-01,0.000000000000000000e+00,0.000000000000000000e+00,3.871171241687009212e-01
4.084212343788338195e-01,-2.407614069626606845e-02,1.000000000000000222e+00,9.217089779842546626e-01,0.000000000000000000e+00,0.000000000000000000e+00,3.878821469250948173e-01
4.093581055381747547e-01,-2.487464918169901562e-02,1.000000000000000000e+00,9.213867728216723618e-01,0.000000000000000000e+00,0.000000000000000000e+00,3.886469025597193983e-01
4.102963007068018975e-01,-2.567160162449477756e-02,1.000000000000000000e+00,9.210639331301051502e-01,0.000000000000000000e+00,0.000000000000000000e+00,3.894113905459124503e-01
4.112358173002983452e-01,-2.646699582931288930e-02,1.000000000000000000e+00,9.207404591318822940e-01,0.000000000000000000e+00,0.000000000000000000e+00,3.901756103571961676e-01
4.121766527306068850e-01,-2.726082960510578523e-02,1.000000000000000000e+00,9.204163510497698208e-01,0.000000000000000000e+00,0.000000000000000000e+00,3.909395614672771524e-01
4.131188044060374320e-01,-2.805310076512446127e-02,1.000000000000000000e+00,9.200916091069701874e-01,0.000000000000000000e+00,0.000000000000000000e+00,3.917032433500474142e-01
4.140622697312734690e-01,-2.884380712692402593e-02,9.999999999999998890e-01,9.197662335271226119e-01,0.000000000000000000e+00,0.000000000000000000e+00,3.924666554795840367e-01
4.150070461073813721e-01,-2.963294651237002864e-02,1.000000000000000000e+00,9.194402245343028524e-01,0.000000000000000000e+00,0.000000000000000000e+00,3.932297973301500105e-01
4.159531309318140746e-01,-3.042051674764523206e-02,1.000000000000000000e+00,9.191135823530223181e-01,0.000000000000000000e+00,0.000000000000000000e+00,3.939926683761945658e-01
4.169005215984219470e-01,-3.120651566325371995e-02,1.000000000000000000e+00,9.187863072082290694e-01,0.000000000000000000e+00,0.000000000000000000e+00,3.947552680923532287e-01
4.178492154974569051e-01,-3.199094109402911279e-02,1.000000000000000000e+00,9.184583993253068179e-01,0.000000000000000000e+00,0.000000000000000000e+00,3.955175959534484864e-01
4.187992100155815134e-01,-3.277379087913923073e-02,1.000000000000000000e+00,9.181298589300748159e-01,0.000000000000000000e+00,0.000000000000000000e+00,3.962796514344901211e-01
4.197505025358749808e-01,-3.355506286209175570e-02,1.000000000000000000e+00,9.178006862487881889e-01,0.000000000000000000e+00,0.000000000000000000e+00,3.970414340106752649e-01
4.207030904378421532e-01,-3.433475489074155895e-02,1.000000000000000000e+00,9.174708815081374924e-01,0.000000000000000000e+00,0.000000000000000000e+00,3.978029431573892327e-01
4.216569710974181762e-01,-3.511286481729436471e-02,1.000000000000000000e+00,9.171404449352484889e-01,0.000000000000000000e+00,0.000000000000000000e+00,3.985641783502055779e-01
4.226121418869775992e-01,-3.588939049831552097e-02,1.000000000000000000e+00,9.168093767576819264e-01,0.000000000000000000e+00,0.000000000000000000e+00,3.993251390648863697e-01
4.235686001753417029e-01,-3.666432979473410736e-02,1.000000000000000000e+00,9.164776772034337604e-01,0.000000000000000000e+00,0.000000000000000000e+00,4.000858247773828591e-01
4.245263433277841614e-01,-3.743768057184848619e-02,1.000000000000000000e+00,9.161453465009345987e-01,0.000000000000000000e+00,0.000000000000000000e+00,4.008462349638356459e-01
4.254853687060392575e-01,-3.820944069933329690e-02,1.000000000000000000e+00,9.158123848790497012e-01,0.000000000000000000e+00,0.000000000000000000e+00,4.016063691005750114e-01
4.264456736683105431e-01,-3.897960805124534023e-02,1.000000000000000000e+00,9.154787925670789805e-01,0.000000000000000000e+00,0.000000000000000000e+00,4.023662266641214735e-01
4.274072555692749464e-01,-3.974818050602779707e-02,9.999999999999998890e-01,9.151445697947564462e-01,0.000000000000000000e+00,0.000000000000000000e+00,4.031258071311858426e-01
4.283701117600932085e-01,-4.051515594651911023e-02,1.000000000000000000e+00,9.148097167922505379e-01,0.000000000000000000e+00,0.000000000000000000e+00,4.038851099786699983e-01
4.293342395884151008e-01,-4.128053225995476083e-02,9.999999999999998890e-01,9.144742337901634599e-01,0.000000000000000000e+00,0.000000000000000000e+00,4.046441346836667230e-01
4.302996363983880856e-01,-4.204430733797726027e-02,1.000000000000000000e+00,9.141381210195315132e-01,0.000000000000000000e+00,0.000000000000000000e+00,4.054028807234605902e-01
4.312662995306626446e-01,-4.280647907663870377e-02,1.000000000000000000e+00,9.138013787118244302e-01,0.000000000000000000e+00,0.000000000000000000e+00,4.061613475755278535e-01
4.322342263224029368e-01,-4.356704537640831987e-02,1.000000000000000000e+00,9.134640070989458183e-01,0.000000000000000000e+00,0.000000000000000000e+00,4.069195347175372790e-01
4.332034141072902411e-01,-4.432600414217779949e-02,1.000000000000000000e+00,9.131260064132323828e-01,0.000000000000000000e+00,0.000000000000000000e+00,4.076774416273500901e-01
4.341738602155340576e-01,-4.508335328326706914e-02,1.000000000000000000e+00,9.127873768874542604e-01,0.000000000000000000e+00,0.000000000000000000e+00,4.084350677830205223e-01
4.351455619738755498e-01,-4.583909071342984198e-02,1.000000000000000000e+00,9.124481187548144634e-01,0.000000000000000000e+00,0.000000000000000000e+00,4.091924126627962122e-01
4.361185167055986467e-01,-4.659321435086005714e-02,1.000000000000000000e+00,9.121082322489488803e-01,0.000000000000000000e+00,0.000000000000000000e+00,4.099494757451184745e-01
4.370927217305353718e-01,-4.734572211819643162e-02,1.000000000000000000e+00,9.117677176039264975e-01,0.000000000000000000e+00,0.000000000000000000e+00,4.107062565086226358e-01
4.380681743650731708e-01,-4.809661194252945471e-02,1.000000000000000000e+00,9.114265750542485112e-01,0.000000000000000000e+00,0.000000000000000000e+00,4.114627544321385888e-01
4.390448719221631269e-01,-4.884588175540593991e-02,1.000000000000000000e+00,9.110848048348485495e-01,0.000000000000000000e+00,0.000000000000000000e+00,4.122189689946908486e-01
4.400228117113264004e-01,-4.959352949283579726e-02,1.000000000000000000e+00,9.107424071810927835e-01,0.000000000000000000e+00,0.000000000000000000e+00,4.129748996754991075e-01
4.410019910386636655e-01,-5.033955309529769551e-02,1.000000000000000000e+00,9.103993823287792608e-01,0.000000000000000000e+00,0.000000000000000000e+00,4.137305459539786789e-01
4.419824072068586629e-01,-5.108395050774228174e-02,1.000000000000000000e+00,9.100557305141379061e-01,0.000000000000000000e+00,0.000000000000000000e+00,4.144859073097405533e-01
4.429640575151907456e-01,-5.182671967960217341e-02,1.000000000000000000e+00,9.097114519738305205e-01,0.000000000000000000e+00,0.000000000000000000e+00,4.152409832225921194e-01
4.439469392595375430e-01,-5.256785856479362362e-02,9.999999999999998890e-01,9.093665469449505601e-01,0.000000000000000000e+00,0.000000000000000000e+00,4.159957731725370533e-01
4.449310497323857305e-01,-5.330736512172495889e-02,1.000000000000000000e+00,9.090210156650229134e-01,0.000000000000000000e+00,0.000000000000000000e+00,4.167502766397764846e-01
4.459163862228363584e-01,-5.404523731330013181e-02,1.000000000000000000e+00,9.086748583720034578e-01,0.000000000000000000e+00,0.000000000000000000e+00,4.175044931047083296e-01
4.469029460166138445e-01,-5.478147310692538241e-02,1.000000000000000000e+00,9.083280753042796141e-01,0.000000000000000000e+00,0.000000000000000000e+00,4.182584220479282355e-01
4.478907263960727470e-01,-5.551607047451523336e-02,1.000000000000000000e+00,9.079806667006695697e-01,0.000000000000000000e+00,0.000000000000000000e+00,4.190120629502301353e-01
4.488797246402047580e-01,-5.624902739249693084e-02,1.000000000000000000e+00,9.076326328004221677e-01,0.000000000000000000e+00,0.000000000000000000e+00,4.197654152926060811e-01
4.498699380246473645e-01,-5.698034184181655082e-02,1.000000000000000000e+00,9.072839738432170176e-01,0.000000000000000000e+00,0.000000000000000000e+00,4.205184785562469107e-01
4.508613638216906194e-01,-5.771001180794554930e-02,9.999999999999998890e-01,9.069346900691641622e-01,0.000000000000000000e+00,0.000000000000000000e+00,4.212712522225425804e-01
4.518539993002848032e-01,-5.843803528088442611e-02,1.000000000000000000e+00,9.065847817188040780e-01,0.000000000000000000e+00,0.000000000000000000e+00,4.220237357730823313e-01
4.528478417260474176e-01,-5.916441025516971930e-02,1.000000000000000000e+00,9.062342490331070088e-01,0.000000000000000000e+00,0.000000000000000000e+00,4.227759286896554114e-01
4.538428883612717346e-01,-5.988913472987833497e-02,9.999999999999998890e-01,9.058830922534734098e-01,0.000000000000000000e+00,0.000000000000000000e+00,4.235278304542511307e-01
4.548391364649341240e-01,-6.061220670863476379e-02,1.000000000000000000e+00,9.055313116217336145e-01,0.000000000000000000e+00,0.000000000000000000e+00,4.242794405490593057e-01
4.558365832927003813e-01,-6.133362419961529977e-02,1.000000000000000000e+00,9.051789073801473906e-01,0.000000000000000000e+00,0.000000000000000000e+00,4.250307584564704810e-01
4.568352260969353873e-01,-6.205338521555281428e-02,1.000000000000000000e+00,9.048258797714040513e-01,0.000000000000000000e+00,0.000000000000000000e+00,4.257817836590766514e-01
4.578350621267079923e-01,-6.277148777374474964e-02,1.000000000000000000e+00,9.044722290386221220e-01,0.000000000000000000e+00,0.000000000000000000e+00,4.265325156396712059e-01
4.588360886278013417e-01,-6.348792989605611670e-02,1.000000000000000000e+00,9.041179554253492290e-01,0.000000000000000000e+00,0.000000000000000000e+00,4.272829538812497052e-01
4.598383028427193153e-01,-6.420270960892593415e-02,1.000000000000000000e+00,9.037630591755623222e-01,0.000000000000000000e+00,0.000000000000000000e+00,4.280330978670096598e-01
4.608417020106927442e-01,-6.491582494337266862e-02,9.999999999999998890e-01,9.034075405336665643e-01,0.000000000000000000e+00,0.000000000000000000e+00,4.287829470803515286e-01
4.618462833676899582e-01,-6.562727393499989681e-02,1.000000000000000000e+00,9.030513997444962193e-01,0.000000000000000000e+00,0.000000000000000000e+00,4.295325010048786085e-01
4.628520441464213375e-01,-6.633705462400141251e-02,1.000000000000000000e+00,9.026946370533138753e-01,0.000000000000000000e+00,0.000000000000000000e+00,4.302817591243974227e-01
4.638589815763488611e-01,-6.704516505516588953e-02,1.000000000000000000e+00,9.023372527058101111e-01,0.000000000000000000e+00,0.000000000000000000e+00,4.310307209229186087e-01
4.648670928836937666e-01,-6.775160327788387615e-02,1.000000000000000000e+00,9.019792469481040520e-01,0.000000000000000000e+00,0.000000000000000000e+00,4.317793858846565302e-01
4.658763752914429901e-01,-6.845636734615168084e-02,9.999999999999998890e-01,9.016206200267424808e-01,0.000000000000000000e+00,0.000000000000000000e+00,4.325277534940300539e-01
4.668868260193574926e-01,-6.915945531857792261e-02,1.000000000000000000e+00,9.012613721887000606e-01,0.000000000000000000e+00,0.000000000000000000e+00,4.332758232356628825e-01
4.678984422839802537e-01,-6.986086525838808292e-02,9.999999999999998890e-01,9.009015036813791122e-01,0.000000000000000000e+00,0.000000000000000000e+00,4.340235945943837770e-01
4.689112212986433770e-01,-7.056059523342972373e-02,1.000000000000000000e+00,9.005410147526092812e-01,0.000000000000000000e+00,0.000000000000000000e+00,4.347710670552270562e-01
4.699251602734756394e-01,-7.125864331617826064e-02,1.000000000000000000e+00,9.001799056506475383e-01,0.000000000000000000e+00,0.000000000000000000e+00,4.355182401034328188e-01
4.709402564154113735e-01,-7.195500758374273609e-02,1.000000000000000000e+00,8.998181766241778456e-01,0.000000000000000000e+00,0.000000000000000000e+00,4.362651132244473873e-01
4.719565069281965730e-01,-7.264968611787014918e-02,1.000000000000000000e+00,8.994558279223112685e-01,0.000000000000000000e+00,0.000000000000000000e+00,4.370116859039236967e-01
4.729739090123975531e-01,-7.334267700495111786e-02,1.000000000000000000e+00,8.990928597945855305e-01,0.000000000000000000e+00,0.000000000000000000e+00,4.377579576277212947e-01
4.739924598654081667e-01,-7.403397833602509692e-02,1.000000000000000000e+00,8.987292724909647923e-01,0.000000000000000000e+00,0.000000000000000000e+00,4.385039278819075070e-01
4.750121566814585750e-01,-7.472358820678548508e-02,1.000000000000000000e+00,8.983650662618399840e-01,0.000000000000000000e+00,0.000000000000000000e+00,4.392495961527567716e-01
4.760329966516211320e-01,-7.541150471758584217e-02,1.000000000000000000e+00,8.980002413580278064e-01,0.000000000000000000e+00,0.000000000000000000e+00,4.399949619267518597e-01
4.770549769638200432e-01,-7.609772597344399703e-02,1.000000000000000000e+00,8.976347980307713970e-01,0.000000000000000000e+00,0.000000000000000000e+00,4.407400246905835428e-01
4.780780948028378052e-01,-7.678225008404726548e-02,1.000000000000000000e+00,8.972687365317396635e-01,0.000000000000000000e+00,0.000000000000000000e+00,4.414847839311514810e-01
4.791023473503235319e-01,-7.746507516375844560e-02,1.000000000000000000e+00,8.969020571130271735e-01,0.000000000000000000e+00,0.000000000000000000e+00,4.422292391355643337e-01
4.801277317848006154e-01,-7.814619933162059162e-02,1.000000000000000000e+00,8.965347600271540429e-01,0.000000000000000000e+00,0.000000000000000000e+00,4.429733897911400931e-01
4.811542452816740534e-01,-7.882562071136212101e-02,1.000000000000000000e+00,8.961668455270658251e-01,0.000000000000000000e+00,0.000000000000000000e+00,4.437172353854064721e-01
4.821818850132394418e-01,-7.950333743140192144e-02,9.999999999999998890e-01,8.957983138661331779e-01,0.000000000000000000e+00,0.000000000000000000e+00,4.444607754061012939e-01
4.832106481486896365e-01,-8.017934762485523503e-02,1.000000000000000000e+00,8.954291652981517524e-01,0.000000000000000000e+00,0.000000000000000000e+00,4.452040093411729904e-01
4.842405318541223025e-01,-8.085364942953698897e-02,1.000000000000000000e+00,8.950594000773423042e-01,0.000000000000000000e+00,0.000000000000000000e+00,4.459469366787803812e-01
4.852715332925492397e-01,-8.152624098797001118e-02,1.000000000000000000e+00,8.946890184583499162e-01,0.000000000000000000e+00,0.000000000000000000e+00,4.466895569072937833e-01
4.863036496239028228e-01,-8.219712044738636259e-02,1.000000000000000000e+00,8.943180206962443313e-01,0.000000000000000000e+00,0.000000000000000000e+00,4.474318695152948999e-01
4.873368780050438831e-01,-8.286628595973588585e-02,1.000000000000000000e+00,8.939464070465196199e-01,0.000000000000000000e+00,0.000000000000000000e+00,4.481738739915772651e-01
4.883712155897707019e-01,-8.353373568168842578e-02,1.000000000000000000e+00,8.935741777650940687e-01,0.000000000000000000e+00,0.000000000000000000e+00,4.489155698251465765e-01
4.894066595288257826e-01,-8.419946777464160093e-02,1.000000000000000000e+00,8.932013331083097363e-01,0.000000000000000000e+00,0.000000000000000000e+00,4.496569565052211948e-01
4.904432069699035113e-01,-8.486348040472380116e-02,1.000000000000000000e+00,8.928278733329324535e-01,0.000000000000000000e+00,0.000000000000000000e+00,4.503980335212323105e-01
4.914808550576590385e-01,-8.552577174279984984e-02,1.000000000000000000e+00,8.924537986961519342e-01,0.000000000000000000e+00,0.000000000000000000e+00,4.511388003628243326e-01
4.925196009337156067e-01,-8.618633996447688794e-02,9.999999999999998890e-01,8.920791094555811096e-01,0.000000000000000000e+00,0.000000000000000000e+00,4.518792565198554434e-01
4.935594417366718778e-01,-8.684518325010748274e-02,9.999999999999998890e-01,8.917038058692562386e-01,0.000000000000000000e+00,0.000000000000000000e+00,4.526194014823974876e-01
4.946003746021109260e-01,-8.750229978479684423e-02,1.000000000000000000e+00,8.913278881956366861e-01,0.000000000000000000e+00,0.000000000000000000e+00,4.533592347407369161e-01
4.956423966626073430e-01,-8.815768775840671090e-02,1.000000000000000000e+00,8.909513566936045903e-01,0.000000000000000000e+00,0.000000000000000000e+00,4.540987557853747303e-01
4.966855050477355649e-01,-8.881134536555990167e-02,1.000000000000000000e+00,8.905742116224649729e-01,0.000000000000000000e+00,0.000000000000000000e+00,4.548379641070268153e-01
4.977296968840767555e-01,-8.946327080564564493e-02,1.000000000000000000e+00,8.901964532419451848e-01,0.000000000000000000e+00,0.000000000000000000e+00,4.555768591966247727e-01
4.987749692952287983e-01,-9.011346228282668402e-02,1.000000000000000000e+00,8.898180818121952385e-01,0.000000000000000000e+00,0.000000000000000000e+00,4.563154405453155316e-01
4.998213194018117367e-01,-9.076191800603905513e-02,1.000000000000000000e+00,8.894390975937872534e-01,0.000000000000000000e+00,0.000000000000000000e+00,4.570537076444620705e-01
5.008687443214778767e-01,-9.140863618900285648e-02,1.000000000000000000e+00,8.890595008477151229e-01,0.000000000000000000e+00,0.000000000000000000e+00,4.577916599856441948e-01
5.019172411689178936e-01,-9.205361505022369162e-02,1.000000000000000000e+00,8.886792918353947357e-01,0.000000000000000000e+00,0.000000000000000000e+00,4.585292970606581475e-01
5.029668070558701576e-01,-9.269685281299788748e-02,1.000000000000000000e+00,8.882984708186637546e-01,0.000000000000000000e+00,0.000000000000000000e+00,4.592666183615172759e-01
5.040174390911290603e-01,-9.333834770541871162e-02,1.000000000000000000e+00,8.879170380597810608e-01,0.000000000000000000e+00,0.000000000000000000e+00,4.600036233804526420e-01
5.050691343805497890e-01,-9.397809796037970287e-02,1.000000000000000000e+00,8.875349938214269763e-01,0.000000000000000000e+00,0.000000000000000000e+00,4.607403116099128004e-01
5.061218900270613164e-01,-9.461610181558144372e-02,1.000000000000000000e+00,8.871523383667029305e-01,0.000000000000000000e+00,0.000000000000000000e+00,4.614766825425647423e-01
5.071757031306693975e-01,-9.525235751353400282e-02,1.000000000000000000e+00,8.867690719591311277e-01,0.000000000000000000e+00,0.000000000000000000e+00,4.622127356712937285e-01
5.082305707884684498e-01,-9.588686330156359627e-02,1.000000000000000000e+00,8.863851948626547683e-01,0.000000000000000000e+00,0.000000000000000000e+00,4.629484704892041225e-01
5.092864900946472151e-01,-9.651961743181736164e-02,1.000000000000000000e+00,8.860007073416373835e-01,0.000000000000000000e+00,0.000000000000000000e+00,4.636838864896193346e-01
5.103434581404971970e-01,-9.715061816126613348e-02,9.999999999999998890e-01,8.856156096608630568e-01,0.000000000000000000e+00,0.000000000000000000e+00,4.644189831660822665e-01
5.114014720144217652e-01,-9.777986375171299205e-02,1.000000000000000000e+00,8.852299020855358691e-01,0.000000000000000000e+00,0.000000000000000000e+00,4.651537600123560323e-01
5.124605288019430382e-01,-9.840735246979348538e-02,9.999999999999998890e-01,8.848435848812801208e-01,0.000000000000000000e+00,0.000000000000000000e+00,4.658882165224236815e-01
5.135206255857098778e-01,-9.903308258698528821e-02,1.000000000000000000e+00,8.844566583141398874e-01,0.000000000000000000e+00,0.000000000000000000e+00,4.666223521904890315e-01
5.145817594455071031e-01,-9.965705237960820195e-02,1.000000000000000000e+00,8.840691226505787981e-01,0.000000000000000000e+00,0.000000000000000000e+00,4.673561665109768337e-01
5.156439274582613752e-01,-1.002792601288322594e-01,9.999999999999998890e-01,8.836809781574799239e-01,0.000000000000000000e+00,0.000000000000000000e+00,4.680896589785331074e-01
5.167071266980525213e-01,-1.008997041206806111e-01,1.000000000000000000e+00,8.832922251021458893e-01,0.000000000000000000e+00,0.000000000000000000e+00,4.688228290880255833e-01
5.177713542361181975e-01,-1.015183826460367422e-01,1.000000000000000000e+00,8.829028637522980949e-01,0.000000000000000000e+00,0.000000000000000000e+00,4.695556763345438700e-01
5.188366071408637703e-01,-1.021352940006448051e-01,9.999999999999998890e-01,8.825128943760770506e-01,0.000000000000000000e+00,0.000000000000000000e+00,4.702882002134000095e-01
5.199028824778704205e-01,-1.027504364851188345e-01,1.000000000000000000e+00,8.821223172420419312e-01,0.000000000000000000e+00,0.000000000000000000e+00,4.710204002201288098e-01
5.209701773099024713e-01,-1.033638084049453010e-01,1.000000000000000000e+00,8.817311326191704657e-01,0.000000000000000000e+00,0.000000000000000000e+00,4.717522758504879565e-01
5.220384886969158256e-01,-1.039754080704872186e-01,1.000000000000000000e+00,8.813393407768586041e-01,0.000000000000000000e+00,0.000000000000000000e+00,4.724838266004586229e-01
5.231078136960665148e-01,-1.045852337969895851e-01,1.000000000000000000e+00,8.809469419849207394e-01,0.000000000000000000e+00,0.000000000000000000e+00,4.732150519662457477e-01
5.241781493617185816e-01,-1.051932839045854884e-01,1.000000000000000000e+00,8.805539365135891527e-01,0.000000000000000000e+00,0.000000000000000000e+00,4.739459514442780907e-01
5.252494927454509632e-01,-1.057995567182973273e-01,1.000000000000000000e+00,8.801603246335136799e-01,0.000000000000000000e+00,0.000000000000000000e+00,4.746765245312093984e-01
5.263218408960677053e-01,-1.064040505680446946e-01,1.000000000000000000e+00,8.797661066157621557e-01,0.000000000000000000e+00,0.000000000000000000e+00,4.754067707239174601e-01
5.273951908596047344e-01,-1.070067637886464862e-01,1.000000000000000000e+00,8.793712827318195258e-01,0.000000000000000000e+00,0.000000000000000000e+00,4.761366895195058846e-01
5.284695396793381850e-01,-1.076076947198284506e-01,1.000000000000000000e+00,8.789758532535881796e-01,0.000000000000000000e+00,0.000000000000000000e+00,4.768662804153033230e-01
5.295448843957926144e-01,-1.082068417062238552e-01,1.000000000000000000e+00,8.785798184533873956e-01,0.000000000000000000e+00,0.000000000000000000e+00,4.775955429088642457e-01
5.306212220467496632e-01,-1.088042030973817020e-01,9.999999999999998890e-01,8.781831786039535626e-01,0.000000000000000000e+00,0.000000000000000000e+00,4.783244764979694974e-01
5.316985496672551603e-01,-1.093997772477687258e-01,1.000000000000000000e+00,8.777859339784395143e-01,0.000000000000000000e+00,0.000000000000000000e+00,4.790530806806262420e-01
5.327768642896282270e-01,-1.099935625167757225e-01,9.999999999999998890e-01,8.773880848504146401e-01,0.000000000000000000e+00,0.000000000000000000e+00,4.797813549550685730e-01
5.338561629434692701e-01,-1.105855572687203248e-01,1.000000000000000000e+00,8.769896314938646631e-01,0.000000000000000000e+00,0.000000000000000000e+00,4.805092988197578463e-01
5.349364426556681984e-01,-1.111757598728536633e-01,1.000000000000000000e+00,8.765905741831914177e-01,0.000000000000000000e+00,0.000000000000000000e+00,4.812369117733829582e-01
5.360177004504111942e-01,-1.117641687033628095e-01,1.000000000000000000e+00,8.761909131932126282e-01,0.000000000000000000e+00,0.000000000000000000e+00,4.819641933148604562e-01
5.370999333491913719e-01,-1.123507821393753270e-01,1.000000000000000000e+00,8.757906487991616862e-01,0.000000000000000000e+00,0.000000000000000000e+00,4.826911429433353162e-01
5.381831383708157723e-01,-1.129355985649668215e-01,1.000000000000000000e+00,8.753897812766877617e-01,0.000000000000000000e+00,0.000000000000000000e+00,4.834177601581811645e-01
5.392673125314129123e-01,-1.135186163691609407e-01,1.000000000000000000e+00,8.749883109018551375e-01,0.000000000000000000e+00,0.000000000000000000e+00,4.841440444590003334e-01
5.403524528444419994e-01,-1.140998339459365907e-01,1.000000000000000000e+00,8.745862379511433193e-01,0.000000000000000000e+00,0.000000000000000000e+00,4.848699953456247491e-01
5.414385563207002594e-01,-1.146792496942318218e-01,9.999999999999998890e-01,8.741835627014468146e-01,0.000000000000000000e+00,0.000000000000000000e+00,4.855956123181154882e-01
5.425256199683330394e-01,-1.152568620179484915e-01,1.000000000000000000e+00,8.737802854300751321e-01,0.000000000000000000e+00,0.000000000000000000e+00,4.863208948767639428e-01
5.436136407928391368e-01,-1.158326693259551510e-01,1.000000000000000000e+00,8.733764064147518935e-01,0.000000000000000000e+00,0.000000000000000000e+00,4.870458425220916543e-01
5.447026157970820126e-01,-1.164066700320942616e-01,1.000000000000000000e+00,8.729719259336155002e-01,0.000000000000000000e+00,0.000000000000000000e+00,4.877704547548509795e-01
5.457925419812958978e-01,-1.169788625551829719e-01,1.000000000000000222e+00,8.725668442652184664e-01,0.000000000000000000e+00,0.000000000000000000e+00,4.884947310760250905e-01
5.468834163430944528e-01,-1.175492453190208897e-01,9.999999999999998890e-01,8.721611616885271978e-01,0.000000000000000000e+00,0.000000000000000000e+00,4.892186709868283634e-01
5.479752358774809817e-01,-1.181178167523920797e-01,1.000000000000000000e+00,8.717548784829222130e-01,0.000000000000000000e+00,0.000000000000000000e+00,4.899422739887072664e-01
5.490679975768534282e-01,-1.186845752890708372e-01,1.000000000000000000e+00,8.713479949281974779e-01,0.000000000000000000e+00,0.000000000000000000e+00,4.906655395833397493e-01
5.501616984310152558e-01,-1.192495193678246856e-01,1.000000000000000000e+00,8.709405113045602942e-01,0.000000000000000000e+00,0.000000000000000000e+00,4.913884672726366865e-01
5.512563354271826643e-01,-1.198126474324198165e-01,1.000000000000000000e+00,8.705324278926312997e-01,0.000000000000000000e+00,0.000000000000000000e+00,4.921110565587412666e-01
5.523519055499935826e-01,-1.203739579316249753e-01,1.000000000000000000e+00,8.701237449734443574e-01,0.000000000000000000e+00,0.000000000000000000e+00,4.928333069440299363e-01
5.534484057815145519e-01,-1.209334493192154580e-01,1.000000000000000000e+00,8.697144628284458889e-01,0.000000000000000000e+00,0.000000000000000000e+00,4.935552179311122889e-01
5.545458331012503850e-01,-1.214911200539777747e-01,1.000000000000000000e+00,8.693045817394953190e-01,0.000000000000000000e+00,0.000000000000000000e+00,4.942767890228318972e-01
5.556441844861528256e-01,-1.220469685997137566e-01,1.000000000000000000e+00,8.688941019888642980e-01,0.000000000000000000e+00,0.000000000000000000e+00,4.949980197222662581e-01
5.567434569106268771e-01,-1.226009934252445532e-01,1.000000000000000000e+00,8.684830238592368135e-01,0.000000000000000000e+00,0.000000000000000000e+00,4.957189095327273476e-01
5.578436473465411272e-01,-1.231531930044150736e-01,9.999999999999998890e-01,8.680713476337088563e-01,0.000000000000000000e+00,0.000000000000000000e+00,4.964394579577620092e-01
5.589447527632351864e-01,-1.237035658160987595e-01,9.999999999999998890e-01,8.676590735957886436e-01,0.000000000000000000e+00,0.000000000000000000e+00,4.971596645011518434e-01
5.600467701275282373e-01,-1.242521103442004726e-01,1.000000000000000000e+00,8.672462020293956186e-01,0.000000000000000000e+00,0.000000000000000000e+00,4.978795286669143727e-01
5.611496964037270274e-01,-1.247988250776614905e-01,1.000000000000000000e+00,8.668327332188610068e-01,0.000000000000000000e+00,0.000000000000000000e+00,4.985990499593024317e-01
5.622535285536350846e-01,-1.253437085104640580e-01,9.999999999999998890e-01,8.664186674489272599e-01,0.000000000000000000e+00,0.000000000000000000e+00,4.993182278828053322e-01
5.633582635365608215e-01,-1.258867591416346077e-01,1.000000000000000000e+00,8.660040050047480564e-01,0.000000000000000000e+00,0.000000000000000000e+00,5.000370619421488083e-01
5.644638983093239748e-01,-1.264279754752481999e-01,1.000000000000000000e+00,8.655887461718877463e-01,0.000000000000000000e+00,0.000000000000000000e+00,5.007555516422951269e-01
5.655704298262672625e-01,-1.269673560204332974e-01,1.000000000000000000e+00,8.651728912363216839e-01,0.000000000000000000e+00,0.000000000000000000e+00,5.014736964884437542e-01
5.666778550392631564e-01,-1.275048992913747625e-01,1.000000000000000000e+00,8.647564404844355623e-01,0.000000000000000000e+00,0.000000000000000000e+00,5.021914959860320771e-01
5.677861708977216537e-01,-1.280406038073192976e-01,1.000000000000000000e+00,8.643393942030251909e-01,0.000000000000000000e+00,0.000000000000000000e+00,5.029089496407350701e-01
5.688953743485990477e-01,-1.285744680925779981e-01,1.000000000000000000e+00,8.639217526792969393e-01,0.000000000000000000e+00,0.000000000000000000e+00,5.036260569584656288e-01
5.700054623364073647e-01,-1.291064906765316822e-01,1.000000000000000000e+00,8.635035162008668497e-01,0.000000000000000000e+00,0.000000000000000000e+00,5.043428174453753465e-01
5.711164318032220244e-01,-1.296366700936342209e-01,1.000000000000000000e+00,8.630846850557607475e-01,0.000000000000000000e+00,0.000000000000000000e+00,5.050592306078548477e-01
5.722282796886895007e-01,-1.301650048834169793e-01,1.000000000000000000e+00,8.626652595324139083e-01,0.000000000000000000e+00,0.000000000000000000e+00,5.057752959525335656e-01
5.733410029300373134e-01,-1.306914935904922581e-01,1.000000000000000000e+00,8.622452399196710582e-01,0.000000000000000000e+00,0.000000000000000000e+00,5.064910129862808530e-01
5.744545984620815782e-01,-1.312161347645586229e-01,1.000000000000000000e+00,8.618246265067858181e-01,0.000000000000000000e+00,0.000000000000000000e+00,5.072063812162058705e-01
5.755690632172343335e-01,-1.317389269604021251e-01,1.000000000000000000e+00,8.614034195834211483e-01,0.000000000000000000e+00,0.000000000000000000e+00,5.079214001496574760e-01
5.766843941255150874e-01,-1.322598687379042959e-01,9.999999999999998890e-01,8.609816194396483491e-01,0.000000000000000000e+00,0.000000000000000000e+00,5.086360692942257788e-01
5.778005881145560352e-01,-1.327789586620431450e-01,9.999999999999997780e-01,8.605592263659475050e-01,0.000000000000000000e+00,0.000000000000000000e+00,5.093503881577413628e-01
5.789176421096123848e-01,-1.332961953028971580e-01,1.000000000000000000e+00,8.601362406532069294e-01,0.000000000000000000e+00,0.000000000000000000e+00,5.100643562482762849e-01
5.800355530335704612e-01,-1.338115772356509581e-01,1.000000000000000000e+00,8.597126625927229426e-01,0.000000000000000000e+00,0.000000000000000000e+00,5.107779730741439650e-01
5.811543178069553672e-01,-1.343251030405979707e-01,1.000000000000000000e+00,8.592884924761999832e-01,0.000000000000000000e+00,0.000000000000000000e+00,5.114912381438997402e-01
5.822739333479407531e-01,-1.348367713031445314e-01,9.999999999999998890e-01,8.588637305957502743e-01,0.000000000000000000e+00,0.000000000000000000e+00,5.122041509663411984e-01
5.833943965723566993e-01,-1.353465806138138827e-01,1.000000000000000000e+00,8.584383772438933802e-01,0.000000000000000000e+00,0.000000000000000000e+00,5.129167110505087335e-01
5.845157043936974883e-01,-1.358545295682506149e-01,1.000000000000000000e+00,8.580124327135562057e-01,0.000000000000000000e+00,0.000000000000000000e+00,5.136289179056853227e-01
5.856378537231317072e-01,-1.363606167672229974e-01,1.000000000000000000e+00,8.575858972980727746e-01,0.000000000000000000e+00,0.000000000000000000e+00,5.143407710413976375e-01
5.867608414695094643e-01,-1.368648408166287522e-01,1.000000000000000000e+00,8.571587712911843404e-01,0.000000000000000000e+00,0.000000000000000000e+00,5.150522699674151550e-01
5.878846645393709380e-01,-1.373672003274970521e-01,9.999999999999998890e-01,8.567310549870384984e-01,0.000000000000000000e+00,0.000000000000000000e+00,5.157634141937521566e-01
5.890093198369563687e-01,-1.378676939159946269e-01,1.000000000000000000e+00,8.563027486801895183e-01,0.000000000000000000e+00,0.000000000000000000e+00,5.164742032306668396e-01
5.901348042642120539e-01,-1.383663202034263184e-01,1.000000000000000000e+00,8.558738526655980117e-01,0.000000000000000000e+00,0.000000000000000000e+00,5.171846365886618724e-01
5.912611147208014506e-01,-1.388630778162428525e-01,1.000000000000000000e+00,8.554443672386304875e-01,0.000000000000000000e+00,0.000000000000000000e+00,5.178947137784851718e-01
5.923882481041122805e-01,-1.393579653860406165e-01,1.000000000000000000e+00,8.550142926950596856e-01,0.000000000000000000e+00,0.000000000000000000e+00,5.186044343111296806e-01
5.935162013092645239e-01,-1.398509815495684316e-01,1.000000000000000000e+00,8.545836293310639098e-01,0.000000000000000000e+00,0.000000000000000000e+00,5.193137976978339232e-01
5.946449712291210776e-01,-1.403421249487301070e-01,1.000000000000000000e+00,8.541523774432269178e-01,0.000000000000000000e+00,0.000000000000000000e+00,5.200228034500825602e-01
5.957745547542948605e-01,-1.408313942305881028e-01,1.000000000000000000e+00,8.537205373285378096e-01,0.000000000000000000e+00,0.000000000000000000e+00,5.207314510796066109e-01
5.969049487731565851e-01,-1.413187880473677493e-01,1.000000000000000000e+00,8.532881092843906945e-01,0.000000000000000000e+00,0.000000000000000000e+00,5.214397400983834530e-01
5.980361501718456374e-01,-1.418043050564605778e-01,1.000000000000000222e+00,8.528550936085848022e-01,0.000000000000000000e+00,0.000000000000000000e+00,5.221476700186377107e-01
5.991681558342756286e-01,-1.422879439204270957e-01,1.000000000000000000e+00,8.524214905993237057e-01,0.000000000000000000e+00,0.000000000000000000e+00,5.228552403528409220e-01
6.003009626421468292e-01,-1.427697033070033372e-01,1.000000000000000000e+00,8.519873005552158762e-01,0.000000000000000000e+00,0.000000000000000000e+00,5.235624506137126488e-01
6.014345674749510540e-01,-1.432495818891008632e-01,1.000000000000000000e+00,8.515525237752735732e-01,0.000000000000000000e+00,0.000000000000000000e+00,5.242693003142202546e-01
6.025689672099823202e-01,-1.437275783448140887e-01,9.999999999999998890e-01,8.511171605589135103e-01,0.000000000000000000e+00,0.000000000000000000e+00,5.249757889675794598e-01
6.037041587223456185e-01,-1.442036913574205048e-01,1.000000000000000000e+00,8.506812112059560782e-01,0.000000000000000000e+00,0.000000000000000000e+00,5.256819160872547858e-01
6.048401388849626859e-01,-1.446779196153858971e-01,9.999999999999998890e-01,8.502446760166253448e-01,0.000000000000000000e+00,0.000000000000000000e+00,5.263876811869591110e-01
6.059769045685857725e-01,-1.451502618123690080e-01,1.000000000000000000e+00,8.498075552915489439e-01,0.000000000000000000e+00,0.000000000000000000e+00,5.270930837806553360e-01
6.071144526418010834e-01,-1.456207166472236469e-01,1.000000000000000222e+00,8.493698493317576315e-01,0.000000000000000000e+00,0.000000000000000000e+00,5.277981233825557172e-01
6.082527799710397698e-01,-1.460892828240014651e-01,9.999999999999997780e-01,8.489315584386849523e-01,0.000000000000000000e+00,0.000000000000000000e+00,5.285027995071223117e-01
6.093918834205885871e-01,-1.465559590519592836e-01,1.000000000000000000e+00,8.484926829141677951e-01,0.000000000000000000e+00,0.000000000000000000e+00,5.292071116690680865e-01
6.105317598525928924e-01,-1.470207440455575387e-01,1.000000000000000000e+00,8.480532230604453936e-01,0.000000000000000000e+00,0.000000000000000000e+00,5.299110593833558092e-01
6.116724061270716328e-01,-1.474836365244678316e-01,1.000000000000000000e+00,8.476131791801593263e-01,0.000000000000000000e+00,0.000000000000000000e+00,5.306146421651999345e-01
6.128138191019212311e-01,-1.479446352135743714e-01,9.999999999999998890e-01,8.471725515763534053e-01,0.000000000000000000e+00,0.000000000000000000e+00,5.313178595300658280e-01
6.139559956329273538e-01,-1.484037388429785276e-01,1.000000000000000000e+00,8.467313405524735659e-01,0.000000000000000000e+00,0.000000000000000000e+00,5.320207109936707646e-01
6.150989325737719060e-01,-1.488609461480020490e-01,1.000000000000000000e+00,8.462895464123674216e-01,0.000000000000000000e+00,0.000000000000000000e+00,5.327231960719839288e-01
6.162426267760413579e-01,-1.493162558691897290e-01,9.999999999999997780e-01,8.458471694602840429e-01,0.000000000000000000e+00,0.000000000000000000e+00,5.334253142812266368e-01
6.173870750892376247e-01,-1.497696667523145120e-01,1.000000000000000000e+00,8.454042100008741789e-01,0.000000000000000000e+00,0.000000000000000000e+00,5.341270651378731138e-01
6.185322743607840623e-01,-1.502211775483792700e-01,1.000000000000000000e+00,8.449606683391894801e-01,0.000000000000000000e+00,0.000000000000000000e+00,5.348284481586503825e-01
6.196782214360359031e-01,-1.506707870136213545e-01,1.000000000000000000e+00,8.445165447806826098e-01,0.000000000000000000e+00,0.000000000000000000e+00,5.355294628605389295e-01
6.208249131582883606e-01,-1.511184939095157054e-01,1.000000000000000000e+00,8.440718396312067995e-01,0.000000000000000000e+00,0.000000000000000000e+00,5.362301087607728167e-01
6.219723463687854004e-01,-1.515642970027776260e-01,1.000000000000000000e+00,8.436265531970161824e-01,0.000000000000000000e+00,0.000000000000000000e+00,5.369303853768400137e-01
6.231205179067282884e-01,-1.520081950653672243e-01,9.999999999999998890e-01,8.431806857847649050e-01,0.000000000000000000e+00,0.000000000000000000e+00,5.376302922264829531e-01
6.242694246092848065e-01,-1.524501868744925215e-01,9.999999999999998890e-01,8.427342377015073493e-01,0.000000000000000000e+00,0.000000000000000000e+00,5.383298288276985311e-01
6.254190633115975784e-01,-1.528902712126125607e-01,1.000000000000000000e+00,8.422872092546976885e-01,0.000000000000000000e+00,0.000000000000000000e+00,5.390289946987388836e-01
6.265694308467923967e-01,-1.533284468674402934e-01,1.000000000000000000e+00,8.418396007521896651e-01,0.000000000000000000e+00,0.000000000000000000e+00,5.397277893581113872e-01
6.277205240459873270e-01,-1.537647126319471313e-01,1.000000000000000000e+00,8.413914125022369239e-01,0.000000000000000000e+00,0.000000000000000000e+00,5.404262123245786587e-01
6.288723397383015890e-01,-1.541990673043656113e-01,1.000000000000000000e+00,8.409426448134919019e-01,0.000000000000000000e+00,0.000000000000000000e+00,5.411242631171597761e-01
6.300248747508647718e-01,-1.546315096881918372e-01,9.999999999999997780e-01,8.404932979950062721e-01,0.000000000000000000e+00,0.000000000000000000e+00,5.418219412551299463e-01
6.311781259088244944e-01,-1.550620385921906985e-01,1.000000000000000000e+00,8.400433723562306110e-01,0.000000000000000000e+00,0.000000000000000000e+00,5.425192462580210595e-01
6.323320900353552876e-01,-1.554906528303972024e-01,1.000000000000000000e+00,8.395928682070138427e-01,0.000000000000000000e+00,0.000000000000000000e+00,5.432161776456219116e-01
6.334867639516685855e-01,-1.559173512221211366e-01,1.000000000000000000e+00,8.391417858576035727e-01,0.000000000000000000e+00,0.000000000000000000e+00,5.439127349379786480e-01
6.346421444770192766e-01,-1.563421325919499560e-01,1.000000000000000000e+00,8.386901256186455322e-01,0.000000000000000000e+00,0.000000000000000000e+00,5.446089176553948752e-01
6.357982284287169161e-01,-1.567649957697511143e-01,1.000000000000000000e+00,8.382378878011832457e-01,0.000000000000000000e+00,0.000000000000000000e+00,5.453047253184323262e-01
6.369550126221331654e-01,-1.571859395906771706e-01,1.000000000000000000e+00,8.377850727166582523e-01,0.000000000000000000e+00,0.000000000000000000e+00,5.460001574479110831e-01
6.381124938707105620e-01,-1.576049628951671222e-01,1.000000000000000000e+00,8.373316806769094400e-01,0.000000000000000000e+00,0.000000000000000000e+00,5.466952135649096878e-01
6.392706689859710689e-01,-1.580220645289500681e-01,9.999999999999998890e-01,8.368777119941730458e-01,0.000000000000000000e+00,0.000000000000000000e+00,5.473898931907656973e-01
6.404295347775262881e-01,-1.584372433430495386e-01,1.000000000000000000e+00,8.364231669810827663e-01,0.000000000000000000e+00,0.000000000000000000e+00,5.480841958470759057e-01
6.415890880530839002e-01,-1.588504981937851612e-01,9.999999999999998890e-01,8.359680459506685368e-01,0.000000000000000000e+00,0.000000000000000000e+00,5.487781210556966771e-01
6.427493256184593218e-01,-1.592618279427767680e-01,1.000000000000000000e+00,8.355123492163576415e-01,0.000000000000000000e+00,0.000000000000000000e+00,5.494716683387445011e-01
6.439102442775817003e-01,-1.596712314569469493e-01,1.000000000000000000e+00,8.350560770919733811e-01,0.000000000000000000e+00,0.000000000000000000e+00,5.501648372185959923e-01
6.450718408325046838e-01,-1.600787076085246063e-01,1.000000000000000000e+00,8.345992298917354058e-01,0.000000000000000000e+00,0.000000000000000000e+00,5.508576272178884459e-01
6.462341120834143027e-01,-1.604842552750479490e-01,1.000000000000000000e+00,8.341418079302597155e-01,0.000000000000000000e+00,0.000000000000000000e+00,5.515500378595198372e-01
6.473970548286378524e-01,-1.608878733393674931e-01,1.000000000000000000e+00,8.336838115225576606e-01,0.000000000000000000e+00,0.000000000000000000e+00,5.522420686666495993e-01
6.485606658646536626e-01,-1.612895606896486145e-01,1.000000000000000000e+00,8.332252409840364971e-01,0.000000000000000000e+00,0.000000000000000000e+00,5.529337191626988446e-01
6.497249419860979813e-01,-1.616893162193766553e-01,1.000000000000000000e+00,8.327660966304987200e-01,0.000000000000000000e+00,0.000000000000000000e+00,5.536249888713503653e-01
6.508898799857760764e-01,-1.620871388273564806e-01,1.000000000000000000e+00,8.323063787781421752e-01,0.000000000000000000e+00,0.000000000000000000e+00,5.543158773165492992e-01
6.520554766546688974e-01,-1.624830274177186951e-01,1.000000000000000000e+00,8.318460877435593925e-01,0.000000000000000000e+00,0.000000000000000000e+00,5.550063840225033518e-01
6.532217287819439555e-01,-1.628769808999217528e-01,1.000000000000000000e+00,8.313852238437379194e-01,0.000000000000000000e+00,0.000000000000000000e+00,5.556965085136830185e-01
6.543886331549624291e-01,-1.632689981887537334e-01,9.999999999999997780e-01,8.309237873960595433e-01,0.000000000000000000e+00,0.000000000000000000e+00,5.563862503148221395e-01
6.555561865592895998e-01,-1.636590782043370051e-01,1.000000000000000000e+00,8.304617787183006250e-01,0.000000000000000000e+00,0.000000000000000000e+00,5.570756089509181219e-01
6.567243857787024020e-01,-1.640472198721306674e-01,1.000000000000000000e+00,8.299991981286312104e-01,0.000000000000000000e+00,0.000000000000000000e+00,5.577645839472322731e-01
6.578932275951983044e-01,-1.644334221229326598e-01,1.000000000000000000e+00,8.295360459456158075e-01,0.000000000000000000e+00,0.000000000000000000e+00,5.584531748292896891e-01
6.590627087890048585e-01,-1.648176838928832044e-01,1.000000000000000000e+00,8.290723224882118325e-01,0.000000000000000000e+00,0.000000000000000000e+00,5.591413811228805875e-01
6.602328261385892461e-01,-1.652000041234685801e-01,9.999999999999997780e-01,8.286080280757707195e-01,0.000000000000000000e+00,0.000000000000000000e+00,5.598292023540596407e-01
6.614035764206656065e-01,-1.655803817615237872e-01,1.000000000000000000e+00,8.281431630280369216e-01,0.000000000000000000e+00,0.000000000000000000e+00,5.605166380491468647e-01
6.625749564102036970e-01,-1.659588157592334356e-01,9.999999999999998890e-01,8.276777276651474669e-01,0.000000000000000000e+00,0.000000000000000000e+00,5.612036877347278407e-01
6.637469628804404387e-01,-1.663353050741377404e-01,1.000000000000000000e+00,8.272117223076329573e-01,0.000000000000000000e+00,0.000000000000000000e+00,5.618903509376537153e-01
6.649195926028852455e-01,-1.667098486691330761e-01,1.000000000000000000e+00,8.267451472764156817e-01,0.000000000000000000e+00,0.000000000000000000e+00,5.625766271850419775e-01
6.660928423473321258e-01,-1.670824455124758634e-01,1.000000000000000000e+00,8.262780028928108367e-01,0.000000000000000000e+00,0.000000000000000000e+00,5.632625160042766810e-01
6.672667088818662329e-01,-1.674530945777851221e-01,1.000000000000000000e+00,8.258102894785254167e-01,0.000000000000000000e+00,0.000000000000000000e+00,5.639480169230086659e-01
6.684411889728738565e-01,-1.678217948440456908e-01,1.000000000000000000e+00,8.253420073556585468e-01,0.000000000000000000e+00,0.000000000000000000e+00,5.646331294691555591e-01
6.696162793850507500e-01,-1.681885452956100035e-01,1.000000000000000000e+00,8.248731568467005948e-01,0.000000000000000000e+00,0.000000000000000000e+00,5.653178531709028842e-01
6.707919768814131212e-01,-1.685533449222020863e-01,1.000000000000000000e+00,8.244037382745337261e-01,0.000000000000000000e+00,0.000000000000000000e+00,5.660021875567038396e-01
6.719682782233018514e-01,-1.689161927189196666e-01,9.999999999999998890e-01,8.239337519624312378e-01,0.000000000000000000e+00,0.000000000000000000e+00,5.666861321552794095e-01
6.731451801703979276e-01,-1.692770876862377261e-01,1.000000000000000000e+00,8.234631982340571144e-01,0.000000000000000000e+00,0.000000000000000000e+00,5.673696864956198072e-01
6.743226794807253288e-01,-1.696360288300097219e-01,1.000000000000000000e+00,8.229920774134666939e-01,0.000000000000000000e+00,0.000000000000000000e+00,5.680528501069830316e-01
6.755007729106632386e-01,-1.699930151614714724e-01,1.000000000000000000e+00,8.225203898251051138e-01,0.000000000000000000e+00,0.000000000000000000e+00,5.687356225188968661e-01
6.766794572149545939e-01,-1.703480456972438217e-01,1.000000000000000000e+00,8.220481357938085321e-01,0.000000000000000000e+00,0.000000000000000000e+00,5.694180032611579900e-01
6.778587291467139675e-01,-1.707011194593356374e-01,1.000000000000000000e+00,8.215753156448027950e-01,0.000000000000000000e+00,0.000000000000000000e+00,5.700999918638331998e-01
6.790385854574381153e-01,-1.710522354751450314e-01,1.000000000000000000e+00,8.211019297037036591e-01,0.000000000000000000e+00,0.000000000000000000e+00,5.707815878572591872e-01
6.802190228970130814e-01,-1.714013927774643564e-01,1.000000000000000000e+00,8.206279782965165692e-01,0.000000000000000000e+00,0.000000000000000000e+00,5.714627907720430944e-01
6.814000382137251899e-01,-1.717485904044802059e-01,1.000000000000000000e+00,8.201534617496364366e-01,0.000000000000000000e+00,0.000000000000000000e+00,5.721436001390627357e-01
6.825816281542673725e-01,-1.720938273997786316e-01,1.000000000000000000e+00,8.196783803898471943e-01,0.000000000000000000e+00,0.000000000000000000e+00,5.728240154894668201e-01
6.837637894637513813e-01,-1.724371028123450333e-01,1.000000000000000000e+00,8.192027345443220199e-01,0.000000000000000000e+00,0.000000000000000000e+00,5.735040363546756170e-01
6.849465188857136733e-01,-1.727784156965705975e-01,1.000000000000000000e+00,8.187265245406225578e-01,0.000000000000000000e+00,0.000000000000000000e+00,5.741836622663809564e-01
6.861298131621262897e-01,-1.731177651122505212e-01,1.000000000000000000e+00,8.182497507066991416e-01,0.000000000000000000e+00,0.000000000000000000e+00,5.748628927565465618e-01
6.873136690334060717e-01,-1.734551501245892302e-01,1.000000000000000000e+00,8.177724133708902388e-01,0.000000000000000000e+00,0.000000000000000000e+00,5.755417273574088277e-01
6.884980832384206551e-01,-1.737905698042037095e-01,1.000000000000000000e+00,8.172945128619226729e-01,0.000000000000000000e+00,0.000000000000000000e+00,5.762201656014761530e-01
6.896830525145019042e-01,-1.741240232271228372e-01,1.000000000000000000e+00,8.168160495089107354e-01,0.000000000000000000e+00,0.000000000000000000e+00,5.768982070215304958e-01
6.908685735974515740e-01,-1.744555094747933799e-01,1.000000000000000000e+00,8.163370236413566294e-01,0.000000000000000000e+00,0.000000000000000000e+00,5.775758511506268178e-01
6.920546432215525234e-01,-1.747850276340805475e-01,1.000000000000000000e+00,8.158574355891499152e-01,0.000000000000000000e+00,0.000000000000000000e+00,5.782530975220938618e-01
6.932412581195741552e-01,-1.751125767972705471e-01,1.000000000000000000e+00,8.153772856825669546e-01,0.000000000000000000e+00,0.000000000000000000e+00,5.789299456695340407e-01
6.944284150227857388e-01,-1.754381560620738023e-01,9.999999999999998890e-01,8.148965742522714661e-01,0.000000000000000000e+00,0.000000000000000000e+00,5.796063951268241032e-01
6.956161106609637379e-01,-1.757617645316278399e-01,1.000000000000000000e+00,8.144153016293138592e-01,0.000000000000000000e+00,0.000000000000000000e+00,5.802824454281154676e-01
6.968043417623990265e-01,-1.760834013144977339e-01,1.000000000000000000e+00,8.139334681451305675e-01,0.000000000000000000e+00,0.000000000000000000e+00,5.809580961078343320e-01
6.979931050539085469e-01,-1.764030655246812129e-01,9.999999999999998890e-01,8.134510741315448268e-01,0.000000000000000000e+00,0.000000000000000000e+00,5.816333467006821190e-01
6.991823972608434135e-01,-1.767207562816089927e-01,9.999999999999998890e-01,8.129681199207655640e-01,0.000000000000000000e+00,0.000000000000000000e+00,5.823081967416358085e-01
7.003722151070974622e-01,-1.770364727101481073e-01,1.000000000000000000e+00,8.124846058453875086e-01,0.000000000000000000e+00,0.000000000000000000e+00,5.829826457659484928e-01
7.015625553151157989e-01,-1.773502139406049061e-01,1.000000000000000000e+00,8.120005322383910817e-01,0.000000000000000000e+00,0.000000000000000000e+00,5.836566933091485998e-01
7.027534146059057907e-01,-1.776619791087251654e-01,1.000000000000000000e+00,8.115158994331419517e-01,0.000000000000000000e+00,0.000000000000000000e+00,5.843303389070421128e-01
7.039447896990437270e-01,-1.779717673556998614e-01,1.000000000000000000e+00,8.110307077633910344e-01,0.000000000000000000e+00,0.000000000000000000e+00,5.850035820957107946e-01
7.051366773126863663e-01,-1.782795778281646148e-01,1.000000000000000000e+00,8.105449575632737158e-01,0.000000000000000000e+00,0.000000000000000000e+00,5.856764224115145190e-01
7.063290741635774861e-01,-1.785854096782034661e-01,9.999999999999997780e-01,8.100586491673105183e-01,0.000000000000000000e+00,0.000000000000000000e+00,5.863488593910898272e-01
7.075219769670587633e-01,-1.788892620633510955e-01,1.000000000000000000e+00,8.095717829104062124e-01,0.000000000000000000e+00,0.000000000000000000e+00,5.870208925713514825e-01
7.087153824370775457e-01,-1.791911341465945995e-01,9.999999999999998890e-01,8.090843591278493729e-01,0.000000000000000000e+00,0.000000000000000000e+00,5.876925214894921368e-01
7.099092872861979542e-01,-1.794910250963765996e-01,1.000000000000000000e+00,8.085963781553131557e-01,0.000000000000000000e+00,0.000000000000000000e+00,5.883637456829828860e-01
7.111036882256065450e-01,-1.797889340865969077e-01,1.000000000000000000e+00,8.081078403288539658e-01,0.000000000000000000e+00,0.000000000000000000e+00,5.890345646895736031e-01
7.122985819651239670e-01,-1.800848602966140799e-01,1.000000000000000000e+00,8.076187459849119010e-01,0.000000000000000000e+00,0.000000000000000000e+00,5.897049780472930491e-01
7.134939652132141763e-01,-1.803788029112503022e-01,1.000000000000000000e+00,8.071290954603103085e-01,0.000000000000000000e+00,0.000000000000000000e+00,5.903749852944494281e-01
7.146898346769915422e-01,-1.806707611207906128e-01,1.000000000000000000e+00,8.066388890922554511e-01,0.000000000000000000e+00,0.000000000000000000e+00,5.910445859696306092e-01
7.158861870622320600e-01,-1.809607341209868991e-01,1.000000000000000000e+00,8.061481272183363966e-01,0.000000000000000000e+00,0.000000000000000000e+00,5.917137796117045712e-01
7.170830190733807896e-01,-1.812487211130591191e-01,1.000000000000000000e+00,8.056568101765250178e-01,0.000000000000000000e+00,0.000000000000000000e+00,5.923825657598194017e-01
7.182803274135620697e-01,-1.815347213036990759e-01,1.000000000000000000e+00,8.051649383051749931e-01,0.000000000000000000e+00,0.000000000000000000e+00,5.930509439534041860e-01
7.194781087845876222e-01,-1.818187339050707507e-01,1.000000000000000000e+00,8.046725119430226947e-01,0.000000000000000000e+00,0.000000000000000000e+00,5.937189137321684518e-01
7.206763598869661003e-01,-1.821007581348130788e-01,1.000000000000000000e+00,8.041795314291860786e-01,0.000000000000000000e+00,0.000000000000000000e+00,5.943864746361029461e-01
7.218750774199129694e-01,-1.823807932160431688e-01,1.000000000000000000e+00,8.036859971031646843e-01,0.000000000000000000e+00,0.000000000000000000e+00,5.950536262054807457e-01
7.230742580813578346e-01,-1.826588383773570801e-01,1.000000000000000000e+00,8.031919093048394132e-01,0.000000000000000000e+00,0.000000000000000000e+00,5.957203679808561469e-01
7.242738985679550989e-01,-1.829348928528321538e-01,1.000000000000000000e+00,8.026972683744723058e-01,0.000000000000000000e+00,0.000000000000000000e+00,5.963866995030659979e-01
7.254739955750926228e-01,-1.832089558820293451e-01,1.000000000000000000e+00,8.022020746527066537e-01,0.000000000000000000e+00,0.000000000000000000e+00,5.970526203132293652e-01
7.266745457969003841e-01,-1.834810267099967751e-01,9.999999999999997780e-01,8.017063284805661105e-01,0.000000000000000000e+00,0.000000000000000000e+00,5.977181299527483116e-01
7.278755459262600258e-01,-1.837511045872689541e-01,1.000000000000000000e+00,8.012100301994549145e-01,0.000000000000000000e+00,0.000000000000000000e+00,5.983832279633082285e-01
7.290769926548137381e-01,-1.840191887698701123e-01,1.000000000000000000e+00,8.007131801511574443e-01,0.000000000000000000e+00,0.000000000000000000e+00,5.990479138868777254e-01
7.302788826729738059e-01,-1.842852785193181964e-01,1.000000000000000000e+00,8.002157786778379966e-01,0.000000000000000000e+00,0.000000000000000000e+00,5.997121872657095176e-01
7.314812126699306027e-01,-1.845493731026230932e-01,1.000000000000000000e+00,7.997178261220408979e-01,0.000000000000000000e+00,0.000000000000000000e+00,6.003760476423398718e-01
7.326839793336634710e-01,-1.848114717922920702e-01,1.000000000000000000e+00,7.992193228266897265e-01,0.000000000000000000e+00,0.000000000000000000e+00,6.010394945595900484e-01
7.338871793509483821e-01,-1.850715738663303300e-01,1.000000000000000000e+00,7.987202691350875350e-01,0.000000000000000000e+00,0.000000000000000000e+00,6.017025275605657475e-01
7.350908094073679289e-01,-1.853296786082417880e-01,1.000000000000000000e+00,7.982206653909160732e-01,0.000000000000000000e+00,0.000000000000000000e+00,6.023651461886578851e-01
7.362948661873194300e-01,-1.855857853070345120e-01,1.000000000000000000e+00,7.977205119382363430e-01,0.000000000000000000e+00,0.000000000000000000e+00,6.030273499875425935e-01
7.374993463740251443e-01,-1.858398932572183915e-01,1.000000000000000000e+00,7.972198091214875992e-01,0.000000000000000000e+00,0.000000000000000000e+00,6.036891385011816658e-01
7.387042466495409299e-01,-1.860920017588112430e-01,1.000000000000000000e+00,7.967185572854875719e-01,0.000000000000000000e+00,0.000000000000000000e+00,6.043505112738229990e-01
7.399095636947657928e-01,-1.863421101173359240e-01,1.000000000000000000e+00,7.962167567754320219e-01,0.000000000000000000e+00,0.000000000000000000e+00,6.050114678500008170e-01
7.411152941894496582e-01,-1.865902176438283266e-01,9.999999999999998890e-01,7.957144079368945189e-01,0.000000000000000000e+00,0.000000000000000000e+00,6.056720077745357811e-01
7.423214348122051387e-01,-1.868363236548339357e-01,1.000000000000000000e+00,7.952115111158263305e-01,0.000000000000000000e+00,0.000000000000000000e+00,6.063321305925358784e-01
7.435279822405134187e-01,-1.870804274724114924e-01,1.000000000000000000e+00,7.947080666585562003e-01,0.000000000000000000e+00,0.000000000000000000e+00,6.069918358493957555e-01
7.447349331507362447e-01,-1.873225284241366584e-01,1.000000000000000000e+00,7.942040749117896814e-01,0.000000000000000000e+00,0.000000000000000000e+00,6.076511230907981620e-01
7.459422842181230306e-01,-1.875626258431006832e-01,1.000000000000000000e+00,7.936995362226095807e-01,0.000000000000000000e+00,0.000000000000000000e+00,6.083099918627133951e-01
7.471500321168216274e-01,-1.878007190679157334e-01,1.000000000000000000e+00,7.931944509384751818e-01,0.000000000000000000e+00,0.000000000000000000e+00,6.089684417114000770e-01
7.483581735198863161e-01,-1.880368074427125613e-01,1.000000000000000000e+00,7.926888194072221339e-01,0.000000000000000000e+00,0.000000000000000000e+00,6.096264721834054878e-01
7.495667050992872449e-01,-1.882708903171468329e-01,9.999999999999998890e-01,7.921826419770624517e-01,0.000000000000000000e+00,0.000000000000000000e+00,6.102840828255651218e-01
7.507756235259209765e-01,-1.885029670463971296e-01,1.000000000000000000e+00,7.916759189965840715e-01,0.000000000000000000e+00,0.000000000000000000e+00,6.109412731850043521e-01
7.519849254696169272e-01,-1.887330369911692785e-01,1.000000000000000000e+00,7.911686508147504071e-01,0.000000000000000000e+00,0.000000000000000000e+00,6.115980428091374321e-01
7.531946075991479139e-01,-1.889610995176964625e-01,1.000000000000000000e+00,7.906608377809006827e-01,0.000000000000000000e+00,0.000000000000000000e+00,6.122543912456686055e-01
7.544046665822409237e-01,-1.891871539977421079e-01,9.999999999999998890e-01,7.901524802447489337e-01,0.000000000000000000e+00,0.000000000000000000e+00,6.129103180425922170e-01
7.556150990855845517e-01,-1.894111998086009940e-01,1.000000000000000000e+00,7.896435785563845622e-01,0.000000000000000000e+00,0.000000000000000000e+00,6.135658227481929350e-01
7.568259017748373285e-01,-1.896332363331009185e-01,1.000000000000000000e+00,7.891341330662714482e-01,0.000000000000000000e+00,0.000000000000000000e+00,6.142209049110459729e-01
7.580370713146391548e-01,-1.898532629596049182e-01,1.000000000000000000e+00,7.886241441252481721e-01,0.000000000000000000e+00,0.000000000000000000e+00,6.148755640800176447e-01
7.592486043686176300e-01,-1.900712790820124898e-01,1.000000000000000000e+00,7.881136120845273485e-01,0.000000000000000000e+00,0.000000000000000000e+00,6.155297998042654761e-01
7.604604975994020410e-01,-1.902872840997616999e-01,1.000000000000000000e+00,7.876025372956957371e-01,0.000000000000000000e+00,0.000000000000000000e+00,6.161836116332389812e-01
7.616727476686269149e-01,-1.905012774178290735e-01,1.000000000000000000e+00,7.870909201107139097e-01,0.000000000000000000e+00,0.000000000000000000e+00,6.168369991166788857e-01
7.628853512369448975e-01,-1.907132584467350345e-01,1.000000000000000000e+00,7.865787608819160281e-01,0.000000000000000000e+00,0.000000000000000000e+00,6.174899618046187921e-01
7.640983049640346358e-01,-1.909232266025420177e-01,1.000000000000000000e+00,7.860660599620091782e-01,0.000000000000000000e+00,0.000000000000000000e+00,6.181424992473847357e-01
7.653116055086103264e-01,-1.911311813068569121e-01,1.000000000000000000e+00,7.855528177040739246e-01,0.000000000000000000e+00,0.000000000000000000e+00,6.187946109955952956e-01
7.665252495284298195e-01,-1.913371219868327255e-01,1.000000000000000000e+00,7.850390344615633120e-01,0.000000000000000000e+00,0.000000000000000000e+00,6.194462966001623716e-01
7.677392336803067208e-01,-1.915410480751723599e-01,1.000000000000000000e+00,7.845247105883031979e-01,0.000000000000000000e+00,0.000000000000000000e+00,6.200975556122916288e-01
7.689535546201161642e-01,-1.917429590101260573e-01,1.000000000000000000e+00,7.840098464384916976e-01,0.000000000000000000e+00,0.000000000000000000e+00,6.207483875834819420e-01
7.701682090028058036e-01,-1.919428542354960632e-01,1.000000000000000000e+00,7.834944423666987401e-01,0.000000000000000000e+00,0.000000000000000000e+00,6.213987920655267283e-01
7.713831934824053604e-01,-1.921407332006379587e-01,1.000000000000000000e+00,7.829784987278664010e-01,0.000000000000000000e+00,0.000000000000000000e+00,6.220487686105137248e-01
7.725985047120348392e-01,-1.923365953604597722e-01,1.000000000000000000e+00,7.824620158773082368e-01,0.000000000000000000e+00,0.000000000000000000e+00,6.226983167708252109e-01
7.738141393439139648e-01,-1.925304401754269756e-01,1.000000000000000000e+00,7.819449941707090623e-01,0.000000000000000000e+00,0.000000000000000000e+00,6.233474360991386742e-01
7.750300940293721741e-01,-1.927222671115603747e-01,1.000000000000000000e+00,7.814274339641248401e-01,0.000000000000000000e+00,0.000000000000000000e+00,6.239961261484268107e-01
7.762463654188560547e-01,-1.929120756404412163e-01,1.000000000000000000e+00,7.809093356139825692e-01,0.000000000000000000e+00,0.000000000000000000e+00,6.246443864719576355e-01
7.774629501619413352e-01,-1.930998652392088566e-01,1.000000000000000000e+00,7.803906994770793970e-01,0.000000000000000000e+00,0.000000000000000000e+00,6.252922166232958157e-01
7.786798449073398798e-01,-1.932856353905658686e-01,1.000000000000000000e+00,7.798715259105832853e-01,0.000000000000000000e+00,0.000000000000000000e+00,6.259396161563017813e-01
7.798970463029091249e-01,-1.934693855827769315e-01,1.000000000000000000e+00,7.793518152720319003e-01,0.000000000000000000e+00,0.000000000000000000e+00,6.265865846251327254e-01
7.811145509956627375e-01,-1.936511153096710514e-01,1.000000000000000000e+00,7.788315679193332786e-01,0.000000000000000000e+00,0.000000000000000000e+00,6.272331215842423813e-01
7.823323556317778316e-01,-1.938308240706426711e-01,1.000000000000000000e+00,7.783107842107646057e-01,0.000000000000000000e+00,0.000000000000000000e+00,6.278792265883819113e-01
7.835504568566060701e-01,-1.940085113706533360e-01,1.000000000000000000e+00,7.777894645049726607e-01,0.000000000000000000e+00,0.000000000000000000e+00,6.285248991925999063e-01
7.847688513146821032e-01,-1.941841767202344693e-01,1.000000000000000000e+00,7.772676091609732607e-01,0.000000000000000000e+00,0.000000000000000000e+00,6.291701389522428300e-01
7.859875356497321164e-01,-1.943578196354854848e-01,1.000000000000000000e+00,7.767452185381511498e-01,0.000000000000000000e+00,0.000000000000000000e+00,6.298149454229550193e-01
7.872065065046846000e-01,-1.945294396380778945e-01,1.000000000000000000e+00,7.762222929962597773e-01,0.000000000000000000e+00,0.000000000000000000e+00,6.304593181606793495e-01
7.884257605216783427e-01,-1.946990362552553089e-01,9.999999999999998890e-01,7.756988328954207423e-01,0.000000000000000000e+00,0.000000000000000000e+00,6.311032567216572353e-01
7.896452943420724235e-01,-1.948666090198348799e-01,1.000000000000000000e+00,7.751748385961241272e-01,0.000000000000000000e+00,0.000000000000000000e+00,6.317467606624294074e-01
7.908651046064547607e-01,-1.950321574702097438e-01,1.000000000000000222e+00,7.746503104592276090e-01,0.000000000000000000e+00,0.000000000000000000e+00,6.323898295398356906e-01
7.920851879546515484e-01,-1.951956811503479106e-01,1.000000000000000000e+00,7.741252488459563486e-01,0.000000000000000000e+00,0.000000000000000000e+00,6.330324629110154477e-01
7.933055410257373596e-01,-1.953571796097965940e-01,9.999999999999998890e-01,7.735996541179035457e-01,0.000000000000000000e+00,0.000000000000000000e+00,6.336746603334079131e-01
7.945261604580440284e-01,-1.955166524036805464e-01,1.000000000000000000e+00,7.730735266370287739e-01,0.000000000000000000e+00,0.000000000000000000e+00,6.343164213647531913e-01
7.957470428891684211e-01,-1.956740990927053891e-01,1.000000000000000000e+00,7.725468667656590904e-01,0.000000000000000000e+00,0.000000000000000000e+00,6.349577455630909251e-01
7.969681849559842046e-01,-1.958295192431577236e-01,1.000000000000000000e+00,7.720196748664879260e-01,0.000000000000000000e+00,0.000000000000000000e+00,6.355986324867622939e-01
7.981895832946491742e-01,-1.959829124269054645e-01,1.000000000000000000e+00,7.714919513025749742e-01,0.000000000000000000e+00,0.000000000000000000e+00,6.362390816944093475e-01
7.994112345406152453e-01,-1.961342782214021696e-01,1.000000000000000222e+00,7.709636964373463019e-01,0.000000000000000000e+00,0.000000000000000000e+00,6.368790927449757833e-01
8.006331353286371133e-01,-1.962836162096848192e-01,1.000000000000000000e+00,7.704349106345937948e-01,0.000000000000000000e+00,0.000000000000000000e+00,6.375186651977066132e-01
8.018552822927834667e-01,-1.964309259803770358e-01,1.000000000000000000e+00,7.699055942584749346e-01,0.000000000000000000e+00,0.000000000000000000e+00,6.381577986121493851e-01
8.030776720664435375e-01,-1.965762071276883072e-01,1.000000000000000000e+00,7.693757476735127998e-01,0.000000000000000000e+00,0.000000000000000000e+00,6.387964925481535161e-01
8.043003012823387587e-01,-1.967194592514182050e-01,1.000000000000000000e+00,7.688453712445952881e-01,0.000000000000000000e+00,0.000000000000000000e+00,6.394347465658716256e-01
8.055231665725304246e-01,-1.968606819569543864e-01,1.000000000000000222e+00,7.683144653369752275e-01,0.000000000000000000e+00,0.000000000000000000e+00,6.400725602257590907e-01
8.067462645684284617e-01,-1.969998748552743706e-01,1.000000000000000000e+00,7.677830303162702652e-01,0.000000000000000000e+00,0.000000000000000000e+00,6.407099330885741573e-01
8.079695919008038629e-01,-1.971370375629483140e-01,1.000000000000000000e+00,7.672510665484625347e-01,0.000000000000000000e+00,0.000000000000000000e+00,6.413468647153790503e-01
8.091931451997952385e-01,-1.972721697021382337e-01,1.000000000000000000e+00,7.667185743998977676e-01,0.000000000000000000e+00,0.000000000000000000e+00,6.419833546675399738e-01
8.104169210949171420e-01,-1.974052709006001161e-01,1.000000000000000222e+00,7.661855542372862926e-01,0.000000000000000000e+00,0.000000000000000000e+00,6.426194025067267779e-01
8.116409162150726164e-01,-1.975363407916836955e-01,9.999999999999998890e-01,7.656520064277012594e-01,0.000000000000000000e+00,0.000000000000000000e+00,6.432550077949142908e-01
8.128651271885605212e-01,-1.976653790143356737e-01,1.000000000000000000e+00,7.651179313385800818e-01,0.000000000000000000e+00,0.000000000000000000e+00,6.438901700943817641e-01
8.140895506430849693e-01,-1.977923852130971660e-01,1.000000000000000000e+00,7.645833293377225504e-01,0.000000000000000000e+00,0.000000000000000000e+00,6.445248889677137605e-01
8.153141832057644312e-01,-1.979173590381093639e-01,9.999999999999998890e-01,7.640482007932916098e-01,0.000000000000000000e+00,0.000000000000000000e+00,6.451591639778000431e-01
8.165390215031422816e-01,-1.980403001451100931e-01,1.000000000000000000e+00,7.635125460738129144e-01,0.000000000000000000e+00,0.000000000000000000e+00,6.457929946878362415e-01
8.177640621611936833e-01,-1.981612081954375881e-01,9.999999999999998890e-01,7.629763655481743845e-01,0.000000000000000000e+00,0.000000000000000000e+00,6.464263806613236296e-01
8.189893018053383544e-01,-1.982800828560302708e-01,1.000000000000000000e+00,7.624396595856259840e-01,0.000000000000000000e+00,0.000000000000000000e+00,6.470593214620703471e-01
8.202147370604451204e-01,-1.983969237994274160e-01,1.000000000000000000e+00,7.619024285557794984e-01,0.000000000000000000e+00,0.000000000000000000e+00,6.476918166541902888e-01
8.214403645508465690e-01,-1.985117307037713719e-01,1.000000000000000000e+00,7.613646728286086462e-01,0.000000000000000000e+00,0.000000000000000000e+00,6.483238658021048817e-01
8.226661809003452674e-01,-1.986245032528067833e-01,1.000000000000000000e+00,7.608263927744480792e-01,0.000000000000000000e+00,0.000000000000000000e+00,6.489554684705425291e-01
8.238921827322220892e-01,-1.987352411358824789e-01,1.000000000000000000e+00,7.602875887639936048e-01,0.000000000000000000e+00,0.000000000000000000e+00,6.495866242245391664e-01
8.251183666692484264e-01,-1.988439440479526921e-01,1.000000000000000000e+00,7.597482611683020748e-01,0.000000000000000000e+00,0.000000000000000000e+00,6.502173326294382605e-01
8.263447293336927402e-01,-1.989506116895766175e-01,9.999999999999997780e-01,7.592084103587907196e-01,0.000000000000000000e+00,0.000000000000000000e+00,6.508475932508914763e-01
8.275712673473329950e-01,-1.990552437669202979e-01,1.000000000000000000e+00,7.586680367072373699e-01,0.000000000000000000e+00,0.000000000000000000e+00,6.514774056548592318e-01
8.287979773314620990e-01,-1.991578399917567355e-01,1.000000000000000000e+00,7.581271405857794576e-01,0.000000000000000000e+00,0.000000000000000000e+00,6.521067694076099208e-01
8.300248559069014487e-01,-1.992584000814681122e-01,1.000000000000000000e+00,7.575857223669145712e-01,0.000000000000000000e+00,0.000000000000000000e+00,6.527356840757215783e-01
8.312518996940048144e-01,-1.993569237590439025e-01,1.000000000000000000e+00,7.570437824234997892e-01,0.000000000000000000e+00,0.000000000000000000e+00,6.533641492260809924e-01
8.324791053126749940e-01,-1.994534107530844258e-01,1.000000000000000000e+00,7.565013211287514583e-01,0.000000000000000000e+00,0.000000000000000000e+00,6.539921644258849254e-01
8.337064693823648120e-01,-1.995478607977997365e-01,1.000000000000000000e+00,7.559583388562449713e-01,0.000000000000000000e+00,0.000000000000000000e+00,6.546197292426395586e-01
8.349339885220943280e-01,-1.996402736330110672e-01,1.000000000000000000e+00,7.554148359799144341e-01,0.000000000000000000e+00,0.000000000000000000e+00,6.552468432441617141e-01
8.361616593504539452e-01,-1.997306490041517169e-01,1.000000000000000000e+00,7.548708128740524437e-01,0.000000000000000000e+00,0.000000000000000000e+00,6.558735059985784099e-01
8.373894784856166229e-01,-1.998189866622678279e-01,9.999999999999998890e-01,7.543262699133101989e-01,0.000000000000000000e+00,0.000000000000000000e+00,6.564997170743273047e-01
8.386174425453478687e-01,-1.999052863640178312e-01,1.000000000000000000e+00,7.537812074726963907e-01,0.000000000000000000e+00,0.000000000000000000e+00,6.571254760401576966e-01
8.398455481470128436e-01,-1.999895478716754438e-01,1.000000000000000000e+00,7.532356259275779786e-01,0.000000000000000000e+00,0.000000000000000000e+00,6.577507824651293022e-01
8.410737919075870206e-01,-2.000717709531275590e-01,1.000000000000000222e+00,7.526895256536789702e-01,0.000000000000000000e+00,0.000000000000000000e+00,6.583756359186143658e-01
8.423021704436663981e-01,-2.001519553818763564e-01,1.000000000000000222e+00,7.521429070270807538e-01,0.000000000000000000e+00,0.000000000000000000e+00,6.590000359702966604e-01
8.435306803714736068e-01,-2.002301009370410778e-01,9.999999999999997780e-01,7.515957704242218762e-01,0.000000000000000000e+00,0.000000000000000000e+00,6.596239821901719314e-01
8.447593183068714540e-01,-2.003062074033562512e-01,1.000000000000000000e+00,7.510481162218974882e-01,0.000000000000000000e+00,0.000000000000000000e+00,6.602474741485492293e-01
8.459880808653690298e-01,-2.003802745711740219e-01,1.000000000000000000e+00,7.504999447972590110e-01,0.000000000000000000e+00,0.000000000000000000e+00,6.608705114160497995e-01
8.472169646621316996e-01,-2.004523022364630425e-01,1.000000000000000000e+00,7.499512565278142473e-01,0.000000000000000000e+00,0.000000000000000000e+00,6.614930935636081921e-01
8.484459663119922057e-01,-2.005222902008120256e-01,1.000000000000000222e+00,7.494020517914270485e-01,0.000000000000000000e+00,0.000000000000000000e+00,6.621152201624724842e-01
8.496750824294574400e-01,-2.005902382714269683e-01,1.000000000000000000e+00,7.488523309663164262e-01,0.000000000000000000e+00,0.000000000000000000e+00,6.627368907842043910e-01
8.509043096287198793e-01,-2.006561462611334834e-01,1.000000000000000000e+00,7.483020944310575517e-01,0.000000000000000000e+00,0.000000000000000000e+00,6.633581050006795987e-01
8.521336445236652457e-01,-2.007200139883761336e-01,1.000000000000000000e+00,7.477513425645800904e-01,0.000000000000000000e+00,0.000000000000000000e+00,6.639788623840883197e-01
8.533630837278828318e-01,-2.007818412772213179e-01,1.000000000000000000e+00,7.472000757461689791e-01,0.000000000000000000e+00,0.000000000000000000e+00,6.645991625069349595e-01
8.545926238546748266e-01,-2.008416279573544960e-01,9.999999999999998890e-01,7.466482943554637597e-01,0.000000000000000000e+00,0.000000000000000000e+00,6.652190049420391160e-01
8.558222615170658631e-01,-2.008993738640845184e-01,1.000000000000000000e+00,7.460959987724579134e-01,0.000000000000000000e+00,0.000000000000000000e+00,6.658383892625360234e-01
8.570519933278104574e-01,-2.009550788383391851e-01,1.000000000000000000e+00,7.455431893774998597e-01,0.000000000000000000e+00,0.000000000000000000e+00,6.664573150418753311e-01
8.582818158994043323e-01,-2.010087427266704641e-01,1.000000000000000000e+00,7.449898665512910689e-01,0.000000000000000000e+00,0.000000000000000000e+00,6.670757818538232131e-01
8.595117258440946317e-01,-2.010603653812520486e-01,1.000000000000000000e+00,7.444360306748869505e-01,0.000000000000000000e+00,0.000000000000000000e+00,6.676937892724619239e-01
8.607417197738860271e-01,-2.011099466598802454e-01,1.000000000000000000e+00,7.438816821296962978e-01,0.000000000000000000e+00,0.000000000000000000e+00,6.683113368721897984e-01
8.619717943005514860e-01,-2.011574864259751960e-01,1.000000000000000000e+00,7.433268212974806222e-01,0.000000000000000000e+00,0.000000000000000000e+00,6.689284242277220294e-01
8.632019460356448182e-01,-2.012029845485808766e-01,1.000000000000000000e+00,7.427714485603547079e-01,0.000000000000000000e+00,0.000000000000000000e+00,6.695450509140906670e-01
8.644321715905042280e-01,-2.012464409023646539e-01,9.999999999999997780e-01,7.422155643007855019e-01,0.000000000000000000e+00,0.000000000000000000e+00,6.701612165066450633e-01
8.656624675762658594e-01,-2.012878553676190618e-01,9.999999999999998890e-01,7.416591689015924471e-01,0.000000000000000000e+00,0.000000000000000000e+00,6.707769205810520941e-01
8.668928306038719001e-01,-2.013272278302603580e-01,1.000000000000000000e+00,7.411022627459467049e-01,0.000000000000000000e+00,0.000000000000000000e+00,6.713921627132967140e-01
8.681232572840786865e-01,-2.013645581818308550e-01,1.000000000000000000e+00,7.405448462173714885e-01,0.000000000000000000e+00,0.000000000000000000e+00,6.720069424796811797e-01
8.693537442274689164e-01,-2.013998463194981436e-01,1.000000000000000000e+00,7.399869196997413967e-01,0.000000000000000000e+00,0.000000000000000000e+00,6.726212594568272696e-01
8.705842880444579768e-01,-2.014330921460542045e-01,1.000000000000000000e+00,7.394284835772820808e-01,0.000000000000000000e+00,0.000000000000000000e+00,6.732351132216746192e-01
8.718148853453050462e-01,-2.014642955699184057e-01,1.000000000000000000e+00,7.388695382345703555e-01,0.000000000000000000e+00,0.000000000000000000e+00,6.738485033514823863e-01
8.730455327401224208e-01,-2.014934565051361703e-01,1.000000000000000000e+00,7.383100840565336442e-01,0.000000000000000000e+00,0.000000000000000000e+00,6.744614294238286956e-01
8.742762268388838409e-01,-2.015205748713772005e-01,1.000000000000000000e+00,7.377501214284495346e-01,0.000000000000000000e+00,0.000000000000000000e+00,6.750738910166115270e-01
8.755069642514343720e-01,-2.015456505939408061e-01,9.999999999999998890e-01,7.371896507359463335e-01,0.000000000000000000e+00,0.000000000000000000e+00,6.756858877080483827e-01
8.767377415875001745e-01,-2.015686836037512419e-01,1.000000000000000000e+00,7.366286723650018464e-01,0.000000000000000000e+00,0.000000000000000000e+00,6.762974190766772864e-01
8.779685554566963868e-01,-2.015896738373597064e-01,1.000000000000000000e+00,7.360671867019432657e-01,0.000000000000000000e+00,0.000000000000000000e+00,6.769084847013565609e-01
8.791994024685393372e-01,-2.016086212369456732e-01,1.000000000000000000e+00,7.355051941334478371e-01,0.000000000000000000e+00,0.000000000000000000e+00,6.775190841612649395e-01
8.804302792324522065e-01,-2.016255257503147824e-01,1.000000000000000000e+00,7.349426950465411945e-01,0.000000000000000000e+00,0.000000000000000000e+00,6.781292170359028981e-01
8.816611823577775731e-01,-2.016403873309016159e-01,9.999999999999998890e-01,7.343796898285982477e-01,0.000000000000000000e+00,0.000000000000000000e+00,6.787388829050916561e-01
8.828921084537850739e-01,-2.016532059377669217e-01,1.000000000000000000e+00,7.338161788673422947e-01,0.000000000000000000e+00,0.000000000000000000e+00,6.793480813489743975e-01
8.841230541296800638e-01,-2.016639815355990573e-01,1.000000000000000000e+00,7.332521625508449103e-01,0.000000000000000000e+00,0.000000000000000000e+00,6.799568119480158268e-01
8.853540159946150512e-01,-2.016727140947157659e-01,1.000000000000000000e+00,7.326876412675256134e-01,0.000000000000000000e+00,0.000000000000000000e+00,6.805650742830031685e-01
8.865849906576976913e-01,-2.016794035910610683e-01,1.000000000000000000e+00,7.321226154061519775e-01,0.000000000000000000e+00,0.000000000000000000e+00,6.811728679350460558e-01
8.878159747280010006e-01,-2.016840500062082597e-01,1.000000000000000000e+00,7.315570853558386322e-01,0.000000000000000000e+00,0.000000000000000000e+00,6.817801924855768636e-01
8.890469648145706838e-01,-2.016866533273572459e-01,1.000000000000000000e+00,7.309910515060478176e-01,0.000000000000000000e+00,0.000000000000000000e+00,6.823870475163509308e-01
8.902779575264365697e-01,-2.016872135473373184e-01,1.000000000000000000e+00,7.304245142465886076e-01,0.000000000000000000e+00,0.000000000000000000e+00,6.829934326094468933e-01
8.915089494726214925e-01,-2.016857306646050452e-01,1.000000000000000000e+00,7.298574739676165768e-01,0.000000000000000000e+00,0.000000000000000000e+00,6.835993473472673498e-01
8.927399372621502849e-01,-2.016822046832454918e-01,1.000000000000000000e+00,7.292899310596339113e-01,0.000000000000000000e+00,0.000000000000000000e+00,6.842047913125385294e-01
8.939709175040594369e-01,-2.016766356129713333e-01,1.000000000000000000e+00,7.287218859134887428e-01,0.000000000000000000e+00,0.000000000000000000e+00,6.848097640883110682e-01
8.952018868074048674e-01,-2.016690234691230765e-01,9.999999999999998890e-01,7.281533389203754814e-01,0.000000000000000000e+00,0.000000000000000000e+00,6.854142652579596762e-01
8.964328417812746919e-01,-2.016593682726708359e-01,1.000000000000000000e+00,7.275842904718338167e-01,0.000000000000000000e+00,0.000000000000000000e+00,6.860182944051843590e-01
8.976637790347952173e-01,-2.016476700502105590e-01,1.000000000000000000e+00,7.270147409597487176e-01,0.000000000000000000e+00,0.000000000000000000e+00,6.866218511140098624e-01
8.988946951771420446e-01,-2.016339288339670244e-01,1.000000000000000000e+00,7.264446907763503214e-01,0.000000000000000000e+00,0.000000000000000000e+00,6.872249349687864495e-01
9.001255868175483954e-01,-2.016181446617931750e-01,1.000000000000000000e+00,7.258741403142136006e-01,0.000000000000000000e+00,0.000000000000000000e+00,6.878275455541900119e-01
9.013564505653153258e-01,-2.016003175771688971e-01,1.000000000000000000e+00,7.253030899662581410e-01,0.000000000000000000e+00,0.000000000000000000e+00,6.884296824552221805e-01
9.025872830298211635e-01,-2.015804476292016867e-01,1.000000000000000000e+00,7.247315401257475864e-01,0.000000000000000000e+00,0.000000000000000000e+00,6.890313452572109920e-01
9.038180808205296124e-01,-2.015585348726274262e-01,1.000000000000000000e+00,7.241594911862896389e-01,0.000000000000000000e+00,0.000000000000000000e+00,6.896325335458109995e-01
9.050488405470005215e-01,-2.015345793678078312e-01,1.000000000000000000e+00,7.235869435418357254e-01,0.000000000000000000e+00,0.000000000000000000e+00,6.902332469070033838e-01
9.062795588188983231e-01,-2.015085811807321159e-01,1.000000000000000000e+00,7.230138975866806650e-01,0.000000000000000000e+00,0.000000000000000000e+00,6.908334849270965083e-01
9.075102322460009141e-01,-2.014805403830174368e-01,1.000000000000000000e+00,7.224403537154626687e-01,0.000000000000000000e+00,0.000000000000000000e+00,6.914332471927259194e-01
9.087408574382110915e-01,-2.014504570519064508e-01,1.000000000000000000e+00,7.218663123231625622e-01,0.000000000000000000e+00,0.000000000000000000e+00,6.920325332908550120e-01
9.099714310055639910e-01,-2.014183312702689799e-01,1.000000000000000000e+00,7.212917738051038974e-01,0.000000000000000000e+00,0.000000000000000000e+00,6.926313428087750301e-01
9.112019495582370787e-01,-2.013841631266006793e-01,1.000000000000000222e+00,7.207167385569526186e-01,0.000000000000000000e+00,0.000000000000000000e+00,6.932296753341055107e-01
9.124324097065581451e-01,-2.013479527150240367e-01,1.000000000000000000e+00,7.201412069747165079e-01,0.000000000000000000e+00,0.000000000000000000e+00,6.938275304547942834e-01
9.136628080610176283e-01,-2.013097001352859294e-01,1.000000000000000000e+00,7.195651794547458513e-01,0.000000000000000000e+00,0.000000000000000000e+00,6.944249077591179153e-01
9.148931412322754975e-01,-2.012694054927600673e-01,1.000000000000000000e+00,7.189886563937315511e-01,0.000000000000000000e+00,0.000000000000000000e+00,6.950218068356823764e-01
9.161234058311709116e-01,-2.012270688984451050e-01,1.000000000000000000e+00,7.184116381887064584e-01,0.000000000000000000e+00,0.000000000000000000e+00,6.956182272734227068e-01
9.173535984687321010e-01,-2.011826904689635320e-01,1.000000000000000000e+00,7.178341252370441516e-01,0.000000000000000000e+00,0.000000000000000000e+00,6.962141686616034608e-01
9.185837157561863586e-01,-2.011362703265641150e-01,1.000000000000000000e+00,7.172561179364587147e-01,0.000000000000000000e+00,0.000000000000000000e+00,6.968096305898195952e-01
9.198137543049667020e-01,-2.010878085991182340e-01,9.999999999999997780e-01,7.166776166850050700e-01,0.000000000000000000e+00,0.000000000000000000e+00,6.974046126479955809e-01
9.210437107267251955e-01,-2.010373054201223253e-01,1.000000000000000000e+00,7.160986218810783122e-01,0.000000000000000000e+00,0.000000000000000000e+00,6.979991144263869574e-01
9.222735816333389458e-01,-2.009847609286958825e-01,1.000000000000000000e+00,7.155191339234130421e-01,0.000000000000000000e+00,0.000000000000000000e+00,6.985931355155795552e-01
9.235033636369200938e-01,-2.009301752695811238e-01,1.000000000000000000e+00,7.149391532110837000e-01,0.000000000000000000e+00,0.000000000000000000e+00,6.991866755064906069e-01
9.247330533498270277e-01,-2.008735485931443243e-01,1.000000000000000000e+00,7.143586801435040101e-01,0.000000000000000000e+00,0.000000000000000000e+00,6.997797339903685243e-01
9.259626473846713779e-01,-2.008148810553722630e-01,9.999999999999997780e-01,7.137777151204270920e-01,0.000000000000000000e+00,0.000000000000000000e+00,7.003723105587928988e-01
9.271921423543292295e-01,-2.007541728178758866e-01,1.000000000000000000e+00,7.131962585419443501e-01,0.000000000000000000e+00,0.000000000000000000e+00,7.009644048036762776e-01
9.284215348719483396e-01,-2.006914240478848699e-01,1.000000000000000000e+00,7.126143108084859179e-01,0.000000000000000000e+00,0.000000000000000000e+00,7.015560163172621655e-01
9.296508215509596829e-01,-2.006266349182518338e-01,9.999999999999998890e-01,7.120318723208203249e-01,0.000000000000000000e+00,0.000000000000000000e+00,7.021471446921271342e-01
9.308799990050855566e-01,-2.005598056074502367e-01,1.000000000000000000e+00,7.114489434800539414e-01,0.000000000000000000e+00,0.000000000000000000e+00,7.027377895211804892e-01
9.321090638483489066e-01,-2.004909362995712652e-01,1.000000000000000000e+00,7.108655246876307565e-01,0.000000000000000000e+00,0.000000000000000000e+00,7.033279503976643809e-01
9.333380126950829858e-01,-2.004200271843278314e-01,1.000000000000000000e+00,7.102816163453322673e-01,0.000000000000000000e+00,0.000000000000000000e+00,7.039176269151542487e-01
9.345668421599401254e-01,-2.003470784570511309e-01,1.000000000000000000e+00,7.096972188552770344e-01,0.000000000000000000e+00,0.000000000000000000e+00,7.045068186675590427e-01
9.357955488579030590e-01,-2.002720903186905321e-01,1.000000000000000000e+00,7.091123326199206822e-01,0.000000000000000000e+00,0.000000000000000000e+00,7.050955252491217795e-01
9.370241294042912505e-01,-2.001950629758137978e-01,1.000000000000000222e+00,7.085269580420551216e-01,0.000000000000000000e+00,0.000000000000000000e+00,7.056837462544195416e-01
9.382525804147719972e-01,-2.001159966406051982e-01,1.000000000000000000e+00,7.079410955248086612e-01,0.000000000000000000e+00,0.000000000000000000e+00,7.062714812783635887e-01
9.394808985053685335e-01,-2.000348915308667319e-01,1.000000000000000000e+00,7.073547454716457850e-01,0.000000000000000000e+00,0.000000000000000000e+00,7.068587299161999127e-01
9.407090802924725770e-01,-1.999517478700161277e-01,1.000000000000000000e+00,7.067679082863667084e-01,0.000000000000000000e+00,0.000000000000000000e+00,7.074454917635096818e-01
9.419371223928491021e-01,-1.998665658870860673e-01,1.000000000000000000e+00,7.061805843731068233e-01,0.000000000000000000e+00,0.000000000000000000e+00,7.080317664162091296e-01
9.431650214236494412e-01,-1.997793458167261837e-01,1.000000000000000000e+00,7.055927741363371419e-01,0.000000000000000000e+00,0.000000000000000000e+00,7.086175534705501100e-01
9.443927740024175010e-01,-1.996900878991970663e-01,1.000000000000000000e+00,7.050044779808631867e-01,0.000000000000000000e+00,0.000000000000000000e+00,7.092028525231202085e-01
9.456203767471015320e-01,-1.995987923803761444e-01,9.999999999999998890e-01,7.044156963118255455e-01,0.000000000000000000e+00,0.000000000000000000e+00,7.097876631708428530e-01
9.468478262760635644e-01,-1.995054595117515817e-01,1.000000000000000000e+00,7.038264295346987609e-01,0.000000000000000000e+00,0.000000000000000000e+00,7.103719850109784240e-01
9.480751192080848488e-01,-1.994100895504246074e-01,1.000000000000000000e+00,7.032366780552916641e-01,0.000000000000000000e+00,0.000000000000000000e+00,7.109558176411232555e-01
9.493022521623807330e-01,-1.993126827591081840e-01,1.000000000000000000e+00,7.026464422797468190e-01,0.000000000000000000e+00,0.000000000000000000e+00,7.115391606592109675e-01
9.505292217586057690e-01,-1.992132394061252310e-01,1.000000000000000000e+00,7.020557226145403007e-01,0.000000000000000000e+00,0.000000000000000000e+00,7.121220136635123543e-01
9.517560246168653704e-01,-1.991117597654099569e-01,1.000000000000000000e+00,7.014645194664815842e-01,0.000000000000000000e+00,0.000000000000000000e+00,7.127043762526353854e-01
9.529826573577236948e-01,-1.990082441165050842e-01,1.000000000000000000e+00,7.008728332427128782e-01,0.000000000000000000e+00,0.000000000000000000e+00,7.132862480255262039e-01
9.542091166022131921e-01,-1.989026927445611825e-01,1.000000000000000000e+00,7.002806643507091255e-01,0.000000000000000000e+00,0.000000000000000000e+00,7.138676285814684608e-01
9.554353989718451512e-01,-1.987951059403383347e-01,9.999999999999998890e-01,6.996880131982777806e-01,0.000000000000000000e+00,0.000000000000000000e+00,7.144485175200845362e-01
9.566615010886182491e-01,-1.986854840002020284e-01,1.000000000000000222e+00,6.990948801935583656e-01,0.000000000000000000e+00,0.000000000000000000e+00,7.150289144413353171e-01
9.578874195750257670e-01,-1.985738272261242665e-01,9.999999999999997780e-01,6.985012657450220264e-01,0.000000000000000000e+00,0.000000000000000000e+00,7.156088189455199755e-01
9.591131510540688021e-01,-1.984601359256825681e-01,1.000000000000000000e+00,6.979071702614719763e-01,0.000000000000000000e+00,0.000000000000000000e+00,7.161882306332775228e-01
9.603386921492633732e-01,-1.983444104120594131e-01,1.000000000000000000e+00,6.973125941520421645e-01,0.000000000000000000e+00,0.000000000000000000e+00,7.167671491055860322e-01
9.615640394846487471e-01,-1.982266510040394669e-01,1.000000000000000000e+00,6.967175378261977192e-01,0.000000000000000000e+00,0.000000000000000000e+00,7.173455739637631945e-01
9.627891896847989850e-01,-1.981068580260116896e-01,1.000000000000000000e+00,6.961220016937345045e-01,0.000000000000000000e+00,0.000000000000000000e+00,7.179235048094666505e-01
9.640141393748314913e-01,-1.979850318079651172e-01,1.000000000000000000e+00,6.955259861647788977e-01,0.000000000000000000e+00,0.000000000000000000e+00,7.185009412446944355e-01
9.652388851804145631e-01,-1.978611726854916375e-01,1.000000000000000000e+00,6.949294916497873453e-01,0.000000000000000000e+00,0.000000000000000000e+00,7.190778828717847571e-01
9.664634237277797135e-01,-1.977352809997814376e-01,1.000000000000000000e+00,6.943325185595460303e-01,0.000000000000000000e+00,0.000000000000000000e+00,7.196543292934168834e-01
9.676877516437278892e-01,-1.976073570976248917e-01,1.000000000000000000e+00,6.937350673051709826e-01,0.000000000000000000e+00,0.000000000000000000e+00,7.202302801126109211e-01
9.689118655556416826e-01,-1.974774013314092302e-01,1.000000000000000000e+00,6.931371382981070806e-01,0.000000000000000000e+00,0.000000000000000000e+00,7.208057349327284813e-01
9.701357620914923263e-01,-1.973454140591205386e-01,1.000000000000000000e+00,6.925387319501288275e-01,0.000000000000000000e+00,0.000000000000000000e+00,7.213806933574724578e-01
9.713594378798499074e-01,-1.972113956443395377e-01,1.000000000000000000e+00,6.919398486733390197e-01,0.000000000000000000e+00,0.000000000000000000e+00,7.219551549908876931e-01
9.725828895498935811e-01,-1.970753464562426949e-01,9.999999999999998890e-01,6.913404888801689685e-01,0.000000000000000000e+00,0.000000000000000000e+00,7.225291194373614223e-01
9.738061137314175664e-01,-1.969372668696004469e-01,9.999999999999998890e-01,6.907406529833782782e-01,0.000000000000000000e+00,0.000000000000000000e+00,7.231025863016229405e-01
9.750291070548458006e-01,-1.967971572647762013e-01,9.999999999999998890e-01,6.901403413960542910e-01,0.000000000000000000e+00,0.000000000000000000e+00,7.236755551887444904e-01
9.762518661512357143e-01,-1.966550180277261139e-01,1.000000000000000000e+00,6.895395545316119756e-01,0.000000000000000000e+00,0.000000000000000000e+00,7.242480257041410407e-01
9.774743876522908881e-01,-1.965108495499964247e-01,1.000000000000000000e+00,6.889382928037937059e-01,0.000000000000000000e+00,0.000000000000000000e+00,7.248199974535707302e-01
9.786966681903692677e-01,-1.963646522287223473e-01,1.000000000000000000e+00,6.883365566266687052e-01,0.000000000000000000e+00,0.000000000000000000e+00,7.253914700431353113e-01
9.799187043984934897e-01,-1.962164264666312885e-01,1.000000000000000000e+00,6.877343464146330465e-01,0.000000000000000000e+00,0.000000000000000000e+00,7.259624430792804839e-01
9.811404929103575423e-01,-1.960661726720347442e-01,1.000000000000000000e+00,6.871316625824093194e-01,0.000000000000000000e+00,0.000000000000000000e+00,7.265329161687954507e-01
9.823620303603390891e-01,-1.959138912588320736e-01,1.000000000000000000e+00,6.865285055450460749e-01,0.000000000000000000e+00,0.000000000000000000e+00,7.271028889188143607e-01
9.835833133835060194e-01,-1.957595826465088340e-01,1.000000000000000000e+00,6.859248757179180478e-01,0.000000000000000000e+00,0.000000000000000000e+00,7.276723609368151990e-01
9.848043386156283274e-01,-1.956032472601337835e-01,1.000000000000000000e+00,6.853207735167252679e-01,0.000000000000000000e+00,0.000000000000000000e+00,7.282413318306214522e-01
9.860251026931866614e-01,-1.954448855303591026e-01,1.000000000000000000e+00,6.847161993574932826e-01,0.000000000000000000e+00,0.000000000000000000e+00,7.288098012084013311e-01
9.872456022533794284e-01,-1.952844978934190623e-01,9.999999999999997780e-01,6.841111536565722684e-01,0.000000000000000000e+00,0.000000000000000000e+00,7.293777686786687697e-01
9.884658339341346744e-01,-1.951220847911290246e-01,1.000000000000000000e+00,6.835056368306378083e-01,0.000000000000000000e+00,0.000000000000000000e+00,7.299452338502829818e-01
9.896857943741173003e-01,-1.949576466708822231e-01,1.000000000000000000e+00,6.828996492966894483e-01,0.000000000000000000e+00,0.000000000000000000e+00,7.305121963324490153e-01
9.909054802127409411e-01,-1.947911839856518723e-01,1.000000000000000000e+00,6.822931914720510305e-01,0.000000000000000000e+00,0.000000000000000000e+00,7.310786557347185299e-01
9.921248880901750722e-01,-1.946226971939878370e-01,9.999999999999998890e-01,6.816862637743702491e-01,0.000000000000000000e+00,0.000000000000000000e+00,7.316446116669893529e-01
9.933440146473544452e-01,-1.944521867600146336e-01,1.000000000000000000e+00,6.810788666216183174e-01,0.000000000000000000e+00,0.000000000000000000e+00,7.322100637395062561e-01
9.945628565259891918e-01,-1.942796531534329851e-01,1.000000000000000000e+00,6.804710004320898564e-01,0.000000000000000000e+00,0.000000000000000000e+00,7.327750115628608452e-01
9.957814103685727058e-01,-1.941050968495149354e-01,1.000000000000000000e+00,6.798626656244025623e-01,0.000000000000000000e+00,0.000000000000000000e+00,7.333394547479916703e-01
9.969996728183936341e-01,-1.939285183291059589e-01,1.000000000000000000e+00,6.792538626174966510e-01,0.000000000000000000e+00,0.000000000000000000e+00,7.339033929061855588e-01
9.982176405195419822e-01,-1.937499180786212971e-01,1.000000000000000000e+00,6.786445918306349689e-01,0.000000000000000000e+00,0.000000000000000000e+00,7.344668256490765046e-01
9.994353101169193287e-01,-1.935692965900452922e-01,1.000000000000000000e+00,6.780348536834023276e-01,0.000000000000000000e+00,0.000000000000000000e+00,7.350297525886466676e-01
1.000652678256250150e+00,-1.933866543609303879e-01,1.000000000000000000e+00,6.774246485957053920e-01,0.000000000000000000e+00,0.000000000000000000e+00,7.355921733372270399e-01
1.001869741584087814e+00,-1.932019918943959080e-01,1.000000000000000000e+00,6.768139769877726808e-01,0.000000000000000000e+00,0.000000000000000000e+00,7.361540875074964463e-01
1.003086496747825462e+00,-1.930153096991253925e-01,1.000000000000000000e+00,6.762028392801536780e-01,0.000000000000000000e+00,0.000000000000000000e+00,7.367154947124830988e-01
1.004302940395705779e+00,-1.928266082893659306e-01,1.000000000000000000e+00,6.755912358937189444e-01,0.000000000000000000e+00,0.000000000000000000e+00,7.372763945655641526e-01
